     shots,    errors,  discards, seconds,decoder,strong_id,json_metadata
       100,         0,         0,   0.107,pymatching,075ddcc8ac27b33885d5af63af335190b313d2250433eea0b1ab8d31fdad4d83,"{""code"":""rotated_surface_code"",""d"":5,""noise_model"":""SI1000"",""p"":0.0007250000000000001,""rounds"":1}"
       100,         0,         0,   0.104,pymatching,dc94d2c23111088fe7a86808296f25e89d5e880e2fb628cd3ef0776856694125,"{""code"":""rotated_surface_code"",""d"":5,""noise_model"":""SI1000"",""p"":0.0016250000000000001,""rounds"":1}"
       100,         0,         0,   0.120,pymatching,43c552c0036505720ddefcb0e6e0bde379297ee8e21e4bed1325ca9f31e2cdc0,"{""code"":""rotated_surface_code"",""d"":5,""noise_model"":""SI1000"",""p"":0.0005,""rounds"":1}"
       200,         0,         0,   0.005,pymatching,075ddcc8ac27b33885d5af63af335190b313d2250433eea0b1ab8d31fdad4d83,"{""code"":""rotated_surface_code"",""d"":5,""noise_model"":""SI1000"",""p"":0.0007250000000000001,""rounds"":1}"
       200,         0,         0,   0.005,pymatching,43c552c0036505720ddefcb0e6e0bde379297ee8e21e4bed1325ca9f31e2cdc0,"{""code"":""rotated_surface_code"",""d"":5,""noise_model"":""SI1000"",""p"":0.0005,""rounds"":1}"
       100,         0,         0,   0.105,pymatching,e0815ff8ad4fa4d0ff528f90b3ca078b097763104b35f51d4713f412ec98f2ab,"{""code"":""rotated_surface_code"",""d"":5,""noise_model"":""SI1000"",""p"":0.001175,""rounds"":1}"
       200,         0,         0,   0.007,pymatching,075ddcc8ac27b33885d5af63af335190b313d2250433eea0b1ab8d31fdad4d83,"{""code"":""rotated_surface_code"",""d"":5,""noise_model"":""SI1000"",""p"":0.0007250000000000001,""rounds"":1}"
       200,         0,         0,   0.005,pymatching,43c552c0036505720ddefcb0e6e0bde379297ee8e21e4bed1325ca9f31e2cdc0,"{""code"":""rotated_surface_code"",""d"":5,""noise_model"":""SI1000"",""p"":0.0005,""rounds"":1}"
       100,         0,         0,   0.105,pymatching,6864bd61ef996c953eb8d87decee6aabc96225d5fef42f75688e921278097880,"{""code"":""rotated_surface_code"",""d"":5,""noise_model"":""SI1000"",""p"":0.0014000000000000002,""rounds"":1}"
       600,         0,         0,   0.005,pymatching,43c552c0036505720ddefcb0e6e0bde379297ee8e21e4bed1325ca9f31e2cdc0,"{""code"":""rotated_surface_code"",""d"":5,""noise_model"":""SI1000"",""p"":0.0005,""rounds"":1}"
       600,         0,         0,   0.006,pymatching,43c552c0036505720ddefcb0e6e0bde379297ee8e21e4bed1325ca9f31e2cdc0,"{""code"":""rotated_surface_code"",""d"":5,""noise_model"":""SI1000"",""p"":0.0005,""rounds"":1}"
       100,         0,         0,   0.007,pymatching,43c552c0036505720ddefcb0e6e0bde379297ee8e21e4bed1325ca9f31e2cdc0,"{""code"":""rotated_surface_code"",""d"":5,""noise_model"":""SI1000"",""p"":0.0005,""rounds"":1}"
      1000,         0,         0,   0.006,pymatching,43c552c0036505720ddefcb0e6e0bde379297ee8e21e4bed1325ca9f31e2cdc0,"{""code"":""rotated_surface_code"",""d"":5,""noise_model"":""SI1000"",""p"":0.0005,""rounds"":1}"
       200,         0,         0,   0.005,pymatching,43c552c0036505720ddefcb0e6e0bde379297ee8e21e4bed1325ca9f31e2cdc0,"{""code"":""rotated_surface_code"",""d"":5,""noise_model"":""SI1000"",""p"":0.0005,""rounds"":1}"
      2200,         0,         0,   0.008,pymatching,43c552c0036505720ddefcb0e6e0bde379297ee8e21e4bed1325ca9f31e2cdc0,"{""code"":""rotated_surface_code"",""d"":5,""noise_model"":""SI1000"",""p"":0.0005,""rounds"":1}"
      3400,         2,         0,   0.011,pymatching,43c552c0036505720ddefcb0e6e0bde379297ee8e21e4bed1325ca9f31e2cdc0,"{""code"":""rotated_surface_code"",""d"":5,""noise_model"":""SI1000"",""p"":0.0005,""rounds"":1}"
      1600,         0,         0,   0.008,pymatching,43c552c0036505720ddefcb0e6e0bde379297ee8e21e4bed1325ca9f31e2cdc0,"{""code"":""rotated_surface_code"",""d"":5,""noise_model"":""SI1000"",""p"":0.0005,""rounds"":1}"
      2200,         0,         0,   0.012,pymatching,43c552c0036505720ddefcb0e6e0bde379297ee8e21e4bed1325ca9f31e2cdc0,"{""code"":""rotated_surface_code"",""d"":5,""noise_model"":""SI1000"",""p"":0.0005,""rounds"":1}"
       100,         0,         0,   0.137,pymatching,524eda419c74c02aac5751043b46d17eb75c4cd6c74b67bd2ad1e8c2d0c8b62a,"{""code"":""rotated_surface_code"",""d"":5,""noise_model"":""SI1000"",""p"":0.0009500000000000001,""rounds"":1}"
      5600,         3,         0,   0.015,pymatching,43c552c0036505720ddefcb0e6e0bde379297ee8e21e4bed1325ca9f31e2cdc0,"{""code"":""rotated_surface_code"",""d"":5,""noise_model"":""SI1000"",""p"":0.0005,""rounds"":1}"
      1000,         0,         0,   0.007,pymatching,075ddcc8ac27b33885d5af63af335190b313d2250433eea0b1ab8d31fdad4d83,"{""code"":""rotated_surface_code"",""d"":5,""noise_model"":""SI1000"",""p"":0.0007250000000000001,""rounds"":1}"
      3000,         2,         0,   0.010,pymatching,075ddcc8ac27b33885d5af63af335190b313d2250433eea0b1ab8d31fdad4d83,"{""code"":""rotated_surface_code"",""d"":5,""noise_model"":""SI1000"",""p"":0.0007250000000000001,""rounds"":1}"
     10400,         0,         0,   0.027,pymatching,43c552c0036505720ddefcb0e6e0bde379297ee8e21e4bed1325ca9f31e2cdc0,"{""code"":""rotated_surface_code"",""d"":5,""noise_model"":""SI1000"",""p"":0.0005,""rounds"":1}"
     13200,         1,         0,   0.028,pymatching,43c552c0036505720ddefcb0e6e0bde379297ee8e21e4bed1325ca9f31e2cdc0,"{""code"":""rotated_surface_code"",""d"":5,""noise_model"":""SI1000"",""p"":0.0005,""rounds"":1}"
     15600,         2,         0,   0.033,pymatching,43c552c0036505720ddefcb0e6e0bde379297ee8e21e4bed1325ca9f31e2cdc0,"{""code"":""rotated_surface_code"",""d"":5,""noise_model"":""SI1000"",""p"":0.0005,""rounds"":1}"
     17200,         3,         0,   0.038,pymatching,43c552c0036505720ddefcb0e6e0bde379297ee8e21e4bed1325ca9f31e2cdc0,"{""code"":""rotated_surface_code"",""d"":5,""noise_model"":""SI1000"",""p"":0.0005,""rounds"":1}"
      9000,         6,         0,   0.023,pymatching,075ddcc8ac27b33885d5af63af335190b313d2250433eea0b1ab8d31fdad4d83,"{""code"":""rotated_surface_code"",""d"":5,""noise_model"":""SI1000"",""p"":0.0007250000000000001,""rounds"":1}"
     33600,         5,         0,   0.067,pymatching,43c552c0036505720ddefcb0e6e0bde379297ee8e21e4bed1325ca9f31e2cdc0,"{""code"":""rotated_surface_code"",""d"":5,""noise_model"":""SI1000"",""p"":0.0005,""rounds"":1}"
     27000,        16,         0,   0.062,pymatching,075ddcc8ac27b33885d5af63af335190b313d2250433eea0b1ab8d31fdad4d83,"{""code"":""rotated_surface_code"",""d"":5,""noise_model"":""SI1000"",""p"":0.0007250000000000001,""rounds"":1}"
     56800,         5,         0,   0.108,pymatching,43c552c0036505720ddefcb0e6e0bde379297ee8e21e4bed1325ca9f31e2cdc0,"{""code"":""rotated_surface_code"",""d"":5,""noise_model"":""SI1000"",""p"":0.0005,""rounds"":1}"
     83200,        15,         0,   0.156,pymatching,43c552c0036505720ddefcb0e6e0bde379297ee8e21e4bed1325ca9f31e2cdc0,"{""code"":""rotated_surface_code"",""d"":5,""noise_model"":""SI1000"",""p"":0.0005,""rounds"":1}"
     95200,        14,         0,   0.182,pymatching,43c552c0036505720ddefcb0e6e0bde379297ee8e21e4bed1325ca9f31e2cdc0,"{""code"":""rotated_surface_code"",""d"":5,""noise_model"":""SI1000"",""p"":0.0005,""rounds"":1}"
     22400,         2,         0,   0.050,pymatching,43c552c0036505720ddefcb0e6e0bde379297ee8e21e4bed1325ca9f31e2cdc0,"{""code"":""rotated_surface_code"",""d"":5,""noise_model"":""SI1000"",""p"":0.0005,""rounds"":1}"
    103200,        10,         0,   0.200,pymatching,43c552c0036505720ddefcb0e6e0bde379297ee8e21e4bed1325ca9f31e2cdc0,"{""code"":""rotated_surface_code"",""d"":5,""noise_model"":""SI1000"",""p"":0.0005,""rounds"":1}"
       200,         0,         0,   0.006,pymatching,524eda419c74c02aac5751043b46d17eb75c4cd6c74b67bd2ad1e8c2d0c8b62a,"{""code"":""rotated_surface_code"",""d"":5,""noise_model"":""SI1000"",""p"":0.0009500000000000001,""rounds"":1}"
       600,         0,         0,   0.006,pymatching,524eda419c74c02aac5751043b46d17eb75c4cd6c74b67bd2ad1e8c2d0c8b62a,"{""code"":""rotated_surface_code"",""d"":5,""noise_model"":""SI1000"",""p"":0.0009500000000000001,""rounds"":1}"
      1800,         1,         0,   0.009,pymatching,524eda419c74c02aac5751043b46d17eb75c4cd6c74b67bd2ad1e8c2d0c8b62a,"{""code"":""rotated_surface_code"",""d"":5,""noise_model"":""SI1000"",""p"":0.0009500000000000001,""rounds"":1}"
      5400,         4,         0,   0.019,pymatching,524eda419c74c02aac5751043b46d17eb75c4cd6c74b67bd2ad1e8c2d0c8b62a,"{""code"":""rotated_surface_code"",""d"":5,""noise_model"":""SI1000"",""p"":0.0009500000000000001,""rounds"":1}"
     81000,        30,         0,   0.179,pymatching,075ddcc8ac27b33885d5af63af335190b313d2250433eea0b1ab8d31fdad4d83,"{""code"":""rotated_surface_code"",""d"":5,""noise_model"":""SI1000"",""p"":0.0007250000000000001,""rounds"":1}"
     16200,        12,         0,   0.042,pymatching,524eda419c74c02aac5751043b46d17eb75c4cd6c74b67bd2ad1e8c2d0c8b62a,"{""code"":""rotated_surface_code"",""d"":5,""noise_model"":""SI1000"",""p"":0.0009500000000000001,""rounds"":1}"
     40500,        22,         0,   0.090,pymatching,075ddcc8ac27b33885d5af63af335190b313d2250433eea0b1ab8d31fdad4d83,"{""code"":""rotated_surface_code"",""d"":5,""noise_model"":""SI1000"",""p"":0.0007250000000000001,""rounds"":1}"
     81000,        27,         0,   0.183,pymatching,075ddcc8ac27b33885d5af63af335190b313d2250433eea0b1ab8d31fdad4d83,"{""code"":""rotated_surface_code"",""d"":5,""noise_model"":""SI1000"",""p"":0.0007250000000000001,""rounds"":1}"
    201600,        21,         0,   0.380,pymatching,43c552c0036505720ddefcb0e6e0bde379297ee8e21e4bed1325ca9f31e2cdc0,"{""code"":""rotated_surface_code"",""d"":5,""noise_model"":""SI1000"",""p"":0.0005,""rounds"":1}"
     28000,         6,         0,   0.065,pymatching,075ddcc8ac27b33885d5af63af335190b313d2250433eea0b1ab8d31fdad4d83,"{""code"":""rotated_surface_code"",""d"":5,""noise_model"":""SI1000"",""p"":0.0007250000000000001,""rounds"":1}"
     48600,        51,         0,   0.117,pymatching,524eda419c74c02aac5751043b46d17eb75c4cd6c74b67bd2ad1e8c2d0c8b62a,"{""code"":""rotated_surface_code"",""d"":5,""noise_model"":""SI1000"",""p"":0.0009500000000000001,""rounds"":1}"
     48600,        51,         0,   0.120,pymatching,524eda419c74c02aac5751043b46d17eb75c4cd6c74b67bd2ad1e8c2d0c8b62a,"{""code"":""rotated_surface_code"",""d"":5,""noise_model"":""SI1000"",""p"":0.0009500000000000001,""rounds"":1}"
    329600,        34,         0,   0.611,pymatching,43c552c0036505720ddefcb0e6e0bde379297ee8e21e4bed1325ca9f31e2cdc0,"{""code"":""rotated_surface_code"",""d"":5,""noise_model"":""SI1000"",""p"":0.0005,""rounds"":1}"
    243000,        79,         0,   0.512,pymatching,075ddcc8ac27b33885d5af63af335190b313d2250433eea0b1ab8d31fdad4d83,"{""code"":""rotated_surface_code"",""d"":5,""noise_model"":""SI1000"",""p"":0.0007250000000000001,""rounds"":1}"
       200,         0,         0,   0.005,pymatching,e0815ff8ad4fa4d0ff528f90b3ca078b097763104b35f51d4713f412ec98f2ab,"{""code"":""rotated_surface_code"",""d"":5,""noise_model"":""SI1000"",""p"":0.001175,""rounds"":1}"
       600,         0,         0,   0.006,pymatching,e0815ff8ad4fa4d0ff528f90b3ca078b097763104b35f51d4713f412ec98f2ab,"{""code"":""rotated_surface_code"",""d"":5,""noise_model"":""SI1000"",""p"":0.001175,""rounds"":1}"
      1800,         0,         0,   0.010,pymatching,e0815ff8ad4fa4d0ff528f90b3ca078b097763104b35f51d4713f412ec98f2ab,"{""code"":""rotated_surface_code"",""d"":5,""noise_model"":""SI1000"",""p"":0.001175,""rounds"":1}"
    243000,       101,         0,   0.508,pymatching,075ddcc8ac27b33885d5af63af335190b313d2250433eea0b1ab8d31fdad4d83,"{""code"":""rotated_surface_code"",""d"":5,""noise_model"":""SI1000"",""p"":0.0007250000000000001,""rounds"":1}"
    243000,       115,         0,   0.515,pymatching,075ddcc8ac27b33885d5af63af335190b313d2250433eea0b1ab8d31fdad4d83,"{""code"":""rotated_surface_code"",""d"":5,""noise_model"":""SI1000"",""p"":0.0007250000000000001,""rounds"":1}"
      5400,         8,         0,   0.019,pymatching,e0815ff8ad4fa4d0ff528f90b3ca078b097763104b35f51d4713f412ec98f2ab,"{""code"":""rotated_surface_code"",""d"":5,""noise_model"":""SI1000"",""p"":0.001175,""rounds"":1}"
      2700,         1,         0,   0.012,pymatching,e0815ff8ad4fa4d0ff528f90b3ca078b097763104b35f51d4713f412ec98f2ab,"{""code"":""rotated_surface_code"",""d"":5,""noise_model"":""SI1000"",""p"":0.001175,""rounds"":1}"
      5400,         2,         0,   0.020,pymatching,e0815ff8ad4fa4d0ff528f90b3ca078b097763104b35f51d4713f412ec98f2ab,"{""code"":""rotated_surface_code"",""d"":5,""noise_model"":""SI1000"",""p"":0.001175,""rounds"":1}"
     16200,        29,         0,   0.046,pymatching,e0815ff8ad4fa4d0ff528f90b3ca078b097763104b35f51d4713f412ec98f2ab,"{""code"":""rotated_surface_code"",""d"":5,""noise_model"":""SI1000"",""p"":0.001175,""rounds"":1}"
     21600,        34,         0,   0.060,pymatching,e0815ff8ad4fa4d0ff528f90b3ca078b097763104b35f51d4713f412ec98f2ab,"{""code"":""rotated_surface_code"",""d"":5,""noise_model"":""SI1000"",""p"":0.001175,""rounds"":1}"
    145800,       121,         0,   0.343,pymatching,524eda419c74c02aac5751043b46d17eb75c4cd6c74b67bd2ad1e8c2d0c8b62a,"{""code"":""rotated_surface_code"",""d"":5,""noise_model"":""SI1000"",""p"":0.0009500000000000001,""rounds"":1}"
     32400,        49,         0,   0.088,pymatching,e0815ff8ad4fa4d0ff528f90b3ca078b097763104b35f51d4713f412ec98f2ab,"{""code"":""rotated_surface_code"",""d"":5,""noise_model"":""SI1000"",""p"":0.001175,""rounds"":1}"
     64800,        85,         0,   0.175,pymatching,e0815ff8ad4fa4d0ff528f90b3ca078b097763104b35f51d4713f412ec98f2ab,"{""code"":""rotated_surface_code"",""d"":5,""noise_model"":""SI1000"",""p"":0.001175,""rounds"":1}"
    243000,       183,         0,   0.580,pymatching,524eda419c74c02aac5751043b46d17eb75c4cd6c74b67bd2ad1e8c2d0c8b62a,"{""code"":""rotated_surface_code"",""d"":5,""noise_model"":""SI1000"",""p"":0.0009500000000000001,""rounds"":1}"
       200,         1,         0,   0.005,pymatching,6864bd61ef996c953eb8d87decee6aabc96225d5fef42f75688e921278097880,"{""code"":""rotated_surface_code"",""d"":5,""noise_model"":""SI1000"",""p"":0.0014000000000000002,""rounds"":1}"
       600,         1,         0,   0.006,pymatching,6864bd61ef996c953eb8d87decee6aabc96225d5fef42f75688e921278097880,"{""code"":""rotated_surface_code"",""d"":5,""noise_model"":""SI1000"",""p"":0.0014000000000000002,""rounds"":1}"
      1800,         6,         0,   0.010,pymatching,6864bd61ef996c953eb8d87decee6aabc96225d5fef42f75688e921278097880,"{""code"":""rotated_surface_code"",""d"":5,""noise_model"":""SI1000"",""p"":0.0014000000000000002,""rounds"":1}"
    108000,       176,         0,   0.289,pymatching,e0815ff8ad4fa4d0ff528f90b3ca078b097763104b35f51d4713f412ec98f2ab,"{""code"":""rotated_surface_code"",""d"":5,""noise_model"":""SI1000"",""p"":0.001175,""rounds"":1}"
      5400,        17,         0,   0.022,pymatching,6864bd61ef996c953eb8d87decee6aabc96225d5fef42f75688e921278097880,"{""code"":""rotated_surface_code"",""d"":5,""noise_model"":""SI1000"",""p"":0.0014000000000000002,""rounds"":1}"
      5400,        11,         0,   0.024,pymatching,6864bd61ef996c953eb8d87decee6aabc96225d5fef42f75688e921278097880,"{""code"":""rotated_surface_code"",""d"":5,""noise_model"":""SI1000"",""p"":0.0014000000000000002,""rounds"":1}"
    218700,       199,         0,   0.521,pymatching,524eda419c74c02aac5751043b46d17eb75c4cd6c74b67bd2ad1e8c2d0c8b62a,"{""code"":""rotated_surface_code"",""d"":5,""noise_model"":""SI1000"",""p"":0.0009500000000000001,""rounds"":1}"
     16200,        47,         0,   0.056,pymatching,6864bd61ef996c953eb8d87decee6aabc96225d5fef42f75688e921278097880,"{""code"":""rotated_surface_code"",""d"":5,""noise_model"":""SI1000"",""p"":0.0014000000000000002,""rounds"":1}"
     27000,        66,         0,   0.084,pymatching,6864bd61ef996c953eb8d87decee6aabc96225d5fef42f75688e921278097880,"{""code"":""rotated_surface_code"",""d"":5,""noise_model"":""SI1000"",""p"":0.0014000000000000002,""rounds"":1}"
     24300,        61,         0,   0.087,pymatching,6864bd61ef996c953eb8d87decee6aabc96225d5fef42f75688e921278097880,"{""code"":""rotated_surface_code"",""d"":5,""noise_model"":""SI1000"",""p"":0.0014000000000000002,""rounds"":1}"
    172800,       247,         0,   0.475,pymatching,e0815ff8ad4fa4d0ff528f90b3ca078b097763104b35f51d4713f412ec98f2ab,"{""code"":""rotated_surface_code"",""d"":5,""noise_model"":""SI1000"",""p"":0.001175,""rounds"":1}"
       200,         0,         0,   0.006,pymatching,dc94d2c23111088fe7a86808296f25e89d5e880e2fb628cd3ef0776856694125,"{""code"":""rotated_surface_code"",""d"":5,""noise_model"":""SI1000"",""p"":0.0016250000000000001,""rounds"":1}"
       600,         1,         0,   0.006,pymatching,dc94d2c23111088fe7a86808296f25e89d5e880e2fb628cd3ef0776856694125,"{""code"":""rotated_surface_code"",""d"":5,""noise_model"":""SI1000"",""p"":0.0016250000000000001,""rounds"":1}"
      1800,         5,         0,   0.010,pymatching,dc94d2c23111088fe7a86808296f25e89d5e880e2fb628cd3ef0776856694125,"{""code"":""rotated_surface_code"",""d"":5,""noise_model"":""SI1000"",""p"":0.0016250000000000001,""rounds"":1}"
      5400,        20,         0,   0.022,pymatching,dc94d2c23111088fe7a86808296f25e89d5e880e2fb628cd3ef0776856694125,"{""code"":""rotated_surface_code"",""d"":5,""noise_model"":""SI1000"",""p"":0.0016250000000000001,""rounds"":1}"
     59400,       162,         0,   0.198,pymatching,6864bd61ef996c953eb8d87decee6aabc96225d5fef42f75688e921278097880,"{""code"":""rotated_surface_code"",""d"":5,""noise_model"":""SI1000"",""p"":0.0014000000000000002,""rounds"":1}"
     16200,        64,         0,   0.056,pymatching,dc94d2c23111088fe7a86808296f25e89d5e880e2fb628cd3ef0776856694125,"{""code"":""rotated_surface_code"",""d"":5,""noise_model"":""SI1000"",""p"":0.0016250000000000001,""rounds"":1}"
     16200,        65,         0,   0.058,pymatching,dc94d2c23111088fe7a86808296f25e89d5e880e2fb628cd3ef0776856694125,"{""code"":""rotated_surface_code"",""d"":5,""noise_model"":""SI1000"",""p"":0.0016250000000000001,""rounds"":1}"
    271000,       219,         0,   0.660,pymatching,524eda419c74c02aac5751043b46d17eb75c4cd6c74b67bd2ad1e8c2d0c8b62a,"{""code"":""rotated_surface_code"",""d"":5,""noise_model"":""SI1000"",""p"":0.0009500000000000001,""rounds"":1}"
    113400,       302,         0,   0.392,pymatching,6864bd61ef996c953eb8d87decee6aabc96225d5fef42f75688e921278097880,"{""code"":""rotated_surface_code"",""d"":5,""noise_model"":""SI1000"",""p"":0.0014000000000000002,""rounds"":1}"
     48600,       197,         0,   0.209,pymatching,dc94d2c23111088fe7a86808296f25e89d5e880e2fb628cd3ef0776856694125,"{""code"":""rotated_surface_code"",""d"":5,""noise_model"":""SI1000"",""p"":0.0016250000000000001,""rounds"":1}"
       100,         1,         0,   0.005,pymatching,393383f6205a47bc6df96b06c2bd354328021338fec837e6a3c8786064372e26,"{""code"":""rotated_surface_code"",""d"":5,""noise_model"":""SI1000"",""p"":0.00185,""rounds"":1}"
       200,         2,         0,   0.005,pymatching,393383f6205a47bc6df96b06c2bd354328021338fec837e6a3c8786064372e26,"{""code"":""rotated_surface_code"",""d"":5,""noise_model"":""SI1000"",""p"":0.00185,""rounds"":1}"
       600,         1,         0,   0.006,pymatching,393383f6205a47bc6df96b06c2bd354328021338fec837e6a3c8786064372e26,"{""code"":""rotated_surface_code"",""d"":5,""noise_model"":""SI1000"",""p"":0.00185,""rounds"":1}"
     10167,        44,         0,   0.038,pymatching,dc94d2c23111088fe7a86808296f25e89d5e880e2fb628cd3ef0776856694125,"{""code"":""rotated_surface_code"",""d"":5,""noise_model"":""SI1000"",""p"":0.0016250000000000001,""rounds"":1}"
      1800,        12,         0,   0.010,pymatching,393383f6205a47bc6df96b06c2bd354328021338fec837e6a3c8786064372e26,"{""code"":""rotated_surface_code"",""d"":5,""noise_model"":""SI1000"",""p"":0.00185,""rounds"":1}"
      1800,        11,         0,   0.010,pymatching,393383f6205a47bc6df96b06c2bd354328021338fec837e6a3c8786064372e26,"{""code"":""rotated_surface_code"",""d"":5,""noise_model"":""SI1000"",""p"":0.00185,""rounds"":1}"
    131242,       348,         0,   0.448,pymatching,6864bd61ef996c953eb8d87decee6aabc96225d5fef42f75688e921278097880,"{""code"":""rotated_surface_code"",""d"":5,""noise_model"":""SI1000"",""p"":0.0014000000000000002,""rounds"":1}"
      5400,        24,         0,   0.024,pymatching,393383f6205a47bc6df96b06c2bd354328021338fec837e6a3c8786064372e26,"{""code"":""rotated_surface_code"",""d"":5,""noise_model"":""SI1000"",""p"":0.00185,""rounds"":1}"
      9000,        39,         0,   0.036,pymatching,393383f6205a47bc6df96b06c2bd354328021338fec837e6a3c8786064372e26,"{""code"":""rotated_surface_code"",""d"":5,""noise_model"":""SI1000"",""p"":0.00185,""rounds"":1}"
      8100,        37,         0,   0.033,pymatching,393383f6205a47bc6df96b06c2bd354328021338fec837e6a3c8786064372e26,"{""code"":""rotated_surface_code"",""d"":5,""noise_model"":""SI1000"",""p"":0.00185,""rounds"":1}"
     81000,       323,         0,   0.319,pymatching,dc94d2c23111088fe7a86808296f25e89d5e880e2fb628cd3ef0776856694125,"{""code"":""rotated_surface_code"",""d"":5,""noise_model"":""SI1000"",""p"":0.0016250000000000001,""rounds"":1}"
     72900,       289,         0,   0.302,pymatching,dc94d2c23111088fe7a86808296f25e89d5e880e2fb628cd3ef0776856694125,"{""code"":""rotated_surface_code"",""d"":5,""noise_model"":""SI1000"",""p"":0.0016250000000000001,""rounds"":1}"
     19800,       136,         0,   0.075,pymatching,393383f6205a47bc6df96b06c2bd354328021338fec837e6a3c8786064372e26,"{""code"":""rotated_surface_code"",""d"":5,""noise_model"":""SI1000"",""p"":0.00185,""rounds"":1}"
     23400,       178,         0,   0.083,pymatching,393383f6205a47bc6df96b06c2bd354328021338fec837e6a3c8786064372e26,"{""code"":""rotated_surface_code"",""d"":5,""noise_model"":""SI1000"",""p"":0.00185,""rounds"":1}"
       100,         2,         0,   0.005,pymatching,7d6effa5a5a5be7108c3ed53fe6c872eaab2e17d221d9ca0427db9fd8333b6fa,"{""code"":""rotated_surface_code"",""d"":5,""noise_model"":""SI1000"",""p"":0.0020750000000000005,""rounds"":1}"
    293620,       466,         0,   0.894,pymatching,e0815ff8ad4fa4d0ff528f90b3ca078b097763104b35f51d4713f412ec98f2ab,"{""code"":""rotated_surface_code"",""d"":5,""noise_model"":""SI1000"",""p"":0.001175,""rounds"":1}"
     37800,       264,         0,   0.130,pymatching,393383f6205a47bc6df96b06c2bd354328021338fec837e6a3c8786064372e26,"{""code"":""rotated_surface_code"",""d"":5,""noise_model"":""SI1000"",""p"":0.00185,""rounds"":1}"
       100,         2,         0,   0.005,pymatching,7d6effa5a5a5be7108c3ed53fe6c872eaab2e17d221d9ca0427db9fd8333b6fa,"{""code"":""rotated_surface_code"",""d"":5,""noise_model"":""SI1000"",""p"":0.0020750000000000005,""rounds"":1}"
       200,         3,         0,   0.006,pymatching,7d6effa5a5a5be7108c3ed53fe6c872eaab2e17d221d9ca0427db9fd8333b6fa,"{""code"":""rotated_surface_code"",""d"":5,""noise_model"":""SI1000"",""p"":0.0020750000000000005,""rounds"":1}"
     15808,        75,         0,   0.056,pymatching,393383f6205a47bc6df96b06c2bd354328021338fec837e6a3c8786064372e26,"{""code"":""rotated_surface_code"",""d"":5,""noise_model"":""SI1000"",""p"":0.00185,""rounds"":1}"
       200,         4,         0,   0.007,pymatching,7d6effa5a5a5be7108c3ed53fe6c872eaab2e17d221d9ca0427db9fd8333b6fa,"{""code"":""rotated_surface_code"",""d"":5,""noise_model"":""SI1000"",""p"":0.0020750000000000005,""rounds"":1}"
       400,         0,         0,   0.006,pymatching,7d6effa5a5a5be7108c3ed53fe6c872eaab2e17d221d9ca0427db9fd8333b6fa,"{""code"":""rotated_surface_code"",""d"":5,""noise_model"":""SI1000"",""p"":0.0020750000000000005,""rounds"":1}"
       600,         5,         0,   0.006,pymatching,7d6effa5a5a5be7108c3ed53fe6c872eaab2e17d221d9ca0427db9fd8333b6fa,"{""code"":""rotated_surface_code"",""d"":5,""noise_model"":""SI1000"",""p"":0.0020750000000000005,""rounds"":1}"
      1200,        17,         0,   0.008,pymatching,7d6effa5a5a5be7108c3ed53fe6c872eaab2e17d221d9ca0427db9fd8333b6fa,"{""code"":""rotated_surface_code"",""d"":5,""noise_model"":""SI1000"",""p"":0.0020750000000000005,""rounds"":1}"
       800,         9,         0,   0.012,pymatching,7d6effa5a5a5be7108c3ed53fe6c872eaab2e17d221d9ca0427db9fd8333b6fa,"{""code"":""rotated_surface_code"",""d"":5,""noise_model"":""SI1000"",""p"":0.0020750000000000005,""rounds"":1}"
       800,        12,         0,   0.008,pymatching,7d6effa5a5a5be7108c3ed53fe6c872eaab2e17d221d9ca0427db9fd8333b6fa,"{""code"":""rotated_surface_code"",""d"":5,""noise_model"":""SI1000"",""p"":0.0020750000000000005,""rounds"":1}"
      2000,        15,         0,   0.011,pymatching,7d6effa5a5a5be7108c3ed53fe6c872eaab2e17d221d9ca0427db9fd8333b6fa,"{""code"":""rotated_surface_code"",""d"":5,""noise_model"":""SI1000"",""p"":0.0020750000000000005,""rounds"":1}"
      3200,        30,         0,   0.017,pymatching,7d6effa5a5a5be7108c3ed53fe6c872eaab2e17d221d9ca0427db9fd8333b6fa,"{""code"":""rotated_surface_code"",""d"":5,""noise_model"":""SI1000"",""p"":0.0020750000000000005,""rounds"":1}"
      5600,        46,         0,   0.025,pymatching,7d6effa5a5a5be7108c3ed53fe6c872eaab2e17d221d9ca0427db9fd8333b6fa,"{""code"":""rotated_surface_code"",""d"":5,""noise_model"":""SI1000"",""p"":0.0020750000000000005,""rounds"":1}"
      4800,        45,         0,   0.023,pymatching,7d6effa5a5a5be7108c3ed53fe6c872eaab2e17d221d9ca0427db9fd8333b6fa,"{""code"":""rotated_surface_code"",""d"":5,""noise_model"":""SI1000"",""p"":0.0020750000000000005,""rounds"":1}"
      6400,        48,         0,   0.028,pymatching,7d6effa5a5a5be7108c3ed53fe6c872eaab2e17d221d9ca0427db9fd8333b6fa,"{""code"":""rotated_surface_code"",""d"":5,""noise_model"":""SI1000"",""p"":0.0020750000000000005,""rounds"":1}"
     54000,       325,         0,   0.183,pymatching,393383f6205a47bc6df96b06c2bd354328021338fec837e6a3c8786064372e26,"{""code"":""rotated_surface_code"",""d"":5,""noise_model"":""SI1000"",""p"":0.00185,""rounds"":1}"
       100,         2,         0,   0.005,pymatching,973a3aedff2fbc469d0ebe5ac18983dc68df0513116ec3904687fdeaf9cb6823,"{""code"":""rotated_surface_code"",""d"":5,""noise_model"":""SI1000"",""p"":0.0023,""rounds"":1}"
       200,         1,         0,   0.005,pymatching,973a3aedff2fbc469d0ebe5ac18983dc68df0513116ec3904687fdeaf9cb6823,"{""code"":""rotated_surface_code"",""d"":5,""noise_model"":""SI1000"",""p"":0.0023,""rounds"":1}"
       600,         3,         0,   0.007,pymatching,973a3aedff2fbc469d0ebe5ac18983dc68df0513116ec3904687fdeaf9cb6823,"{""code"":""rotated_surface_code"",""d"":5,""noise_model"":""SI1000"",""p"":0.0023,""rounds"":1}"
      5764,        51,         0,   0.027,pymatching,7d6effa5a5a5be7108c3ed53fe6c872eaab2e17d221d9ca0427db9fd8333b6fa,"{""code"":""rotated_surface_code"",""d"":5,""noise_model"":""SI1000"",""p"":0.0020750000000000005,""rounds"":1}"
     12000,       121,         0,   0.052,pymatching,7d6effa5a5a5be7108c3ed53fe6c872eaab2e17d221d9ca0427db9fd8333b6fa,"{""code"":""rotated_surface_code"",""d"":5,""noise_model"":""SI1000"",""p"":0.0020750000000000005,""rounds"":1}"
       451,         5,         0,   0.006,pymatching,7d6effa5a5a5be7108c3ed53fe6c872eaab2e17d221d9ca0427db9fd8333b6fa,"{""code"":""rotated_surface_code"",""d"":5,""noise_model"":""SI1000"",""p"":0.0020750000000000005,""rounds"":1}"
      1800,        25,         0,   0.012,pymatching,973a3aedff2fbc469d0ebe5ac18983dc68df0513116ec3904687fdeaf9cb6823,"{""code"":""rotated_surface_code"",""d"":5,""noise_model"":""SI1000"",""p"":0.0023,""rounds"":1}"
      1800,        21,         0,   0.012,pymatching,973a3aedff2fbc469d0ebe5ac18983dc68df0513116ec3904687fdeaf9cb6823,"{""code"":""rotated_surface_code"",""d"":5,""noise_model"":""SI1000"",""p"":0.0023,""rounds"":1}"
       900,        10,         0,   0.008,pymatching,973a3aedff2fbc469d0ebe5ac18983dc68df0513116ec3904687fdeaf9cb6823,"{""code"":""rotated_surface_code"",""d"":5,""noise_model"":""SI1000"",""p"":0.0023,""rounds"":1}"
     19200,       155,         0,   0.079,pymatching,7d6effa5a5a5be7108c3ed53fe6c872eaab2e17d221d9ca0427db9fd8333b6fa,"{""code"":""rotated_surface_code"",""d"":5,""noise_model"":""SI1000"",""p"":0.0020750000000000005,""rounds"":1}"
      5400,        60,         0,   0.027,pymatching,973a3aedff2fbc469d0ebe5ac18983dc68df0513116ec3904687fdeaf9cb6823,"{""code"":""rotated_surface_code"",""d"":5,""noise_model"":""SI1000"",""p"":0.0023,""rounds"":1}"
     17031,       149,         0,   0.071,pymatching,7d6effa5a5a5be7108c3ed53fe6c872eaab2e17d221d9ca0427db9fd8333b6fa,"{""code"":""rotated_surface_code"",""d"":5,""noise_model"":""SI1000"",""p"":0.0020750000000000005,""rounds"":1}"
       851,         8,         0,   0.008,pymatching,7d6effa5a5a5be7108c3ed53fe6c872eaab2e17d221d9ca0427db9fd8333b6fa,"{""code"":""rotated_surface_code"",""d"":5,""noise_model"":""SI1000"",""p"":0.0020750000000000005,""rounds"":1}"
       527,         7,         0,   0.006,pymatching,7d6effa5a5a5be7108c3ed53fe6c872eaab2e17d221d9ca0427db9fd8333b6fa,"{""code"":""rotated_surface_code"",""d"":5,""noise_model"":""SI1000"",""p"":0.0020750000000000005,""rounds"":1}"
      9000,        97,         0,   0.041,pymatching,973a3aedff2fbc469d0ebe5ac18983dc68df0513116ec3904687fdeaf9cb6823,"{""code"":""rotated_surface_code"",""d"":5,""noise_model"":""SI1000"",""p"":0.0023,""rounds"":1}"
     10800,       127,         0,   0.048,pymatching,973a3aedff2fbc469d0ebe5ac18983dc68df0513116ec3904687fdeaf9cb6823,"{""code"":""rotated_surface_code"",""d"":5,""noise_model"":""SI1000"",""p"":0.0023,""rounds"":1}"
     30400,       261,         0,   0.119,pymatching,7d6effa5a5a5be7108c3ed53fe6c872eaab2e17d221d9ca0427db9fd8333b6fa,"{""code"":""rotated_surface_code"",""d"":5,""noise_model"":""SI1000"",""p"":0.0020750000000000005,""rounds"":1}"
       100,         4,         0,   0.005,pymatching,743e6530645d9c3428b7e25b29dee91de8453d5d0400858c6bdcdbffd9c559e5,"{""code"":""rotated_surface_code"",""d"":5,""noise_model"":""SI1000"",""p"":0.0025250000000000003,""rounds"":1}"
     12600,       148,         0,   0.081,pymatching,973a3aedff2fbc469d0ebe5ac18983dc68df0513116ec3904687fdeaf9cb6823,"{""code"":""rotated_surface_code"",""d"":5,""noise_model"":""SI1000"",""p"":0.0023,""rounds"":1}"
       792,        10,         0,   0.007,pymatching,7d6effa5a5a5be7108c3ed53fe6c872eaab2e17d221d9ca0427db9fd8333b6fa,"{""code"":""rotated_surface_code"",""d"":5,""noise_model"":""SI1000"",""p"":0.0020750000000000005,""rounds"":1}"
       200,         4,         0,   0.005,pymatching,743e6530645d9c3428b7e25b29dee91de8453d5d0400858c6bdcdbffd9c559e5,"{""code"":""rotated_surface_code"",""d"":5,""noise_model"":""SI1000"",""p"":0.0025250000000000003,""rounds"":1}"
     21600,       238,         0,   0.092,pymatching,973a3aedff2fbc469d0ebe5ac18983dc68df0513116ec3904687fdeaf9cb6823,"{""code"":""rotated_surface_code"",""d"":5,""noise_model"":""SI1000"",""p"":0.0023,""rounds"":1}"
       200,         3,         0,   0.006,pymatching,743e6530645d9c3428b7e25b29dee91de8453d5d0400858c6bdcdbffd9c559e5,"{""code"":""rotated_surface_code"",""d"":5,""noise_model"":""SI1000"",""p"":0.0025250000000000003,""rounds"":1}"
       100,         1,         0,   0.005,pymatching,743e6530645d9c3428b7e25b29dee91de8453d5d0400858c6bdcdbffd9c559e5,"{""code"":""rotated_surface_code"",""d"":5,""noise_model"":""SI1000"",""p"":0.0025250000000000003,""rounds"":1}"
       600,         6,         0,   0.008,pymatching,743e6530645d9c3428b7e25b29dee91de8453d5d0400858c6bdcdbffd9c559e5,"{""code"":""rotated_surface_code"",""d"":5,""noise_model"":""SI1000"",""p"":0.0025250000000000003,""rounds"":1}"
       600,        10,         0,   0.007,pymatching,743e6530645d9c3428b7e25b29dee91de8453d5d0400858c6bdcdbffd9c559e5,"{""code"":""rotated_surface_code"",""d"":5,""noise_model"":""SI1000"",""p"":0.0025250000000000003,""rounds"":1}"
       100,         3,         0,   0.005,pymatching,46f92f5d8078cf10f97fa8967dcb9f6faaec8fee2299d6f004431851f6bebbaf,"{""code"":""rotated_surface_code"",""d"":5,""noise_model"":""SI1000"",""p"":0.0027500000000000003,""rounds"":1}"
       800,        16,         0,   0.009,pymatching,743e6530645d9c3428b7e25b29dee91de8453d5d0400858c6bdcdbffd9c559e5,"{""code"":""rotated_surface_code"",""d"":5,""noise_model"":""SI1000"",""p"":0.0025250000000000003,""rounds"":1}"
      1000,        10,         0,   0.012,pymatching,743e6530645d9c3428b7e25b29dee91de8453d5d0400858c6bdcdbffd9c559e5,"{""code"":""rotated_surface_code"",""d"":5,""noise_model"":""SI1000"",""p"":0.0025250000000000003,""rounds"":1}"
      1200,        17,         0,   0.009,pymatching,743e6530645d9c3428b7e25b29dee91de8453d5d0400858c6bdcdbffd9c559e5,"{""code"":""rotated_surface_code"",""d"":5,""noise_model"":""SI1000"",""p"":0.0025250000000000003,""rounds"":1}"
      2400,        37,         0,   0.016,pymatching,743e6530645d9c3428b7e25b29dee91de8453d5d0400858c6bdcdbffd9c559e5,"{""code"":""rotated_surface_code"",""d"":5,""noise_model"":""SI1000"",""p"":0.0025250000000000003,""rounds"":1}"
      3600,        53,         0,   0.020,pymatching,743e6530645d9c3428b7e25b29dee91de8453d5d0400858c6bdcdbffd9c559e5,"{""code"":""rotated_surface_code"",""d"":5,""noise_model"":""SI1000"",""p"":0.0025250000000000003,""rounds"":1}"
      4800,        52,         0,   0.026,pymatching,743e6530645d9c3428b7e25b29dee91de8453d5d0400858c6bdcdbffd9c559e5,"{""code"":""rotated_surface_code"",""d"":5,""noise_model"":""SI1000"",""p"":0.0025250000000000003,""rounds"":1}"
      6000,        88,         0,   0.034,pymatching,743e6530645d9c3428b7e25b29dee91de8453d5d0400858c6bdcdbffd9c559e5,"{""code"":""rotated_surface_code"",""d"":5,""noise_model"":""SI1000"",""p"":0.0025250000000000003,""rounds"":1}"
       200,         4,         0,   0.005,pymatching,46f92f5d8078cf10f97fa8967dcb9f6faaec8fee2299d6f004431851f6bebbaf,"{""code"":""rotated_surface_code"",""d"":5,""noise_model"":""SI1000"",""p"":0.0027500000000000003,""rounds"":1}"
      7200,       126,         0,   0.038,pymatching,743e6530645d9c3428b7e25b29dee91de8453d5d0400858c6bdcdbffd9c559e5,"{""code"":""rotated_surface_code"",""d"":5,""noise_model"":""SI1000"",""p"":0.0025250000000000003,""rounds"":1}"
       600,        11,         0,   0.008,pymatching,46f92f5d8078cf10f97fa8967dcb9f6faaec8fee2299d6f004431851f6bebbaf,"{""code"":""rotated_surface_code"",""d"":5,""noise_model"":""SI1000"",""p"":0.0027500000000000003,""rounds"":1}"
       600,         8,         0,   0.008,pymatching,46f92f5d8078cf10f97fa8967dcb9f6faaec8fee2299d6f004431851f6bebbaf,"{""code"":""rotated_surface_code"",""d"":5,""noise_model"":""SI1000"",""p"":0.0027500000000000003,""rounds"":1}"
     25474,       343,         0,   0.113,pymatching,973a3aedff2fbc469d0ebe5ac18983dc68df0513116ec3904687fdeaf9cb6823,"{""code"":""rotated_surface_code"",""d"":5,""noise_model"":""SI1000"",""p"":0.0023,""rounds"":1}"
      8320,       131,         0,   0.047,pymatching,743e6530645d9c3428b7e25b29dee91de8453d5d0400858c6bdcdbffd9c559e5,"{""code"":""rotated_surface_code"",""d"":5,""noise_model"":""SI1000"",""p"":0.0025250000000000003,""rounds"":1}"
      3000,        47,         0,   0.020,pymatching,46f92f5d8078cf10f97fa8967dcb9f6faaec8fee2299d6f004431851f6bebbaf,"{""code"":""rotated_surface_code"",""d"":5,""noise_model"":""SI1000"",""p"":0.0027500000000000003,""rounds"":1}"
      1800,        40,         0,   0.023,pymatching,46f92f5d8078cf10f97fa8967dcb9f6faaec8fee2299d6f004431851f6bebbaf,"{""code"":""rotated_surface_code"",""d"":5,""noise_model"":""SI1000"",""p"":0.0027500000000000003,""rounds"":1}"
      2700,        55,         0,   0.020,pymatching,46f92f5d8078cf10f97fa8967dcb9f6faaec8fee2299d6f004431851f6bebbaf,"{""code"":""rotated_surface_code"",""d"":5,""noise_model"":""SI1000"",""p"":0.0027500000000000003,""rounds"":1}"
     14400,       198,         0,   0.075,pymatching,743e6530645d9c3428b7e25b29dee91de8453d5d0400858c6bdcdbffd9c559e5,"{""code"":""rotated_surface_code"",""d"":5,""noise_model"":""SI1000"",""p"":0.0025250000000000003,""rounds"":1}"
       100,         2,         0,   0.005,pymatching,605c630bda530b5ac86b11f32e613c62ac287c246c040fc8911c0dc63d68a4a5,"{""code"":""rotated_surface_code"",""d"":5,""noise_model"":""SI1000"",""p"":0.002975,""rounds"":1}"
       200,         5,         0,   0.005,pymatching,605c630bda530b5ac86b11f32e613c62ac287c246c040fc8911c0dc63d68a4a5,"{""code"":""rotated_surface_code"",""d"":5,""noise_model"":""SI1000"",""p"":0.002975,""rounds"":1}"
     21600,       318,         0,   0.107,pymatching,743e6530645d9c3428b7e25b29dee91de8453d5d0400858c6bdcdbffd9c559e5,"{""code"":""rotated_surface_code"",""d"":5,""noise_model"":""SI1000"",""p"":0.0025250000000000003,""rounds"":1}"
      4820,        73,         0,   0.030,pymatching,46f92f5d8078cf10f97fa8967dcb9f6faaec8fee2299d6f004431851f6bebbaf,"{""code"":""rotated_surface_code"",""d"":5,""noise_model"":""SI1000"",""p"":0.0027500000000000003,""rounds"":1}"
       600,        19,         0,   0.007,pymatching,605c630bda530b5ac86b11f32e613c62ac287c246c040fc8911c0dc63d68a4a5,"{""code"":""rotated_surface_code"",""d"":5,""noise_model"":""SI1000"",""p"":0.002975,""rounds"":1}"
       600,        16,         0,   0.008,pymatching,605c630bda530b5ac86b11f32e613c62ac287c246c040fc8911c0dc63d68a4a5,"{""code"":""rotated_surface_code"",""d"":5,""noise_model"":""SI1000"",""p"":0.002975,""rounds"":1}"
      1800,        44,         0,   0.020,pymatching,605c630bda530b5ac86b11f32e613c62ac287c246c040fc8911c0dc63d68a4a5,"{""code"":""rotated_surface_code"",""d"":5,""noise_model"":""SI1000"",""p"":0.002975,""rounds"":1}"
      9000,       154,         0,   0.057,pymatching,46f92f5d8078cf10f97fa8967dcb9f6faaec8fee2299d6f004431851f6bebbaf,"{""code"":""rotated_surface_code"",""d"":5,""noise_model"":""SI1000"",""p"":0.0027500000000000003,""rounds"":1}"
      3862,        78,         0,   0.033,pymatching,46f92f5d8078cf10f97fa8967dcb9f6faaec8fee2299d6f004431851f6bebbaf,"{""code"":""rotated_surface_code"",""d"":5,""noise_model"":""SI1000"",""p"":0.0027500000000000003,""rounds"":1}"
       519,         3,         0,   0.011,pymatching,46f92f5d8078cf10f97fa8967dcb9f6faaec8fee2299d6f004431851f6bebbaf,"{""code"":""rotated_surface_code"",""d"":5,""noise_model"":""SI1000"",""p"":0.0027500000000000003,""rounds"":1}"
     12600,       214,         0,   0.082,pymatching,46f92f5d8078cf10f97fa8967dcb9f6faaec8fee2299d6f004431851f6bebbaf,"{""code"":""rotated_surface_code"",""d"":5,""noise_model"":""SI1000"",""p"":0.0027500000000000003,""rounds"":1}"
      3000,        72,         0,   0.037,pymatching,605c630bda530b5ac86b11f32e613c62ac287c246c040fc8911c0dc63d68a4a5,"{""code"":""rotated_surface_code"",""d"":5,""noise_model"":""SI1000"",""p"":0.002975,""rounds"":1}"
       300,         8,         0,   0.025,pymatching,605c630bda530b5ac86b11f32e613c62ac287c246c040fc8911c0dc63d68a4a5,"{""code"":""rotated_surface_code"",""d"":5,""noise_model"":""SI1000"",""p"":0.002975,""rounds"":1}"
     18000,       312,         0,   0.122,pymatching,46f92f5d8078cf10f97fa8967dcb9f6faaec8fee2299d6f004431851f6bebbaf,"{""code"":""rotated_surface_code"",""d"":5,""noise_model"":""SI1000"",""p"":0.0027500000000000003,""rounds"":1}"
      6600,       160,         0,   0.060,pymatching,605c630bda530b5ac86b11f32e613c62ac287c246c040fc8911c0dc63d68a4a5,"{""code"":""rotated_surface_code"",""d"":5,""noise_model"":""SI1000"",""p"":0.002975,""rounds"":1}"
      6600,       160,         0,   0.065,pymatching,605c630bda530b5ac86b11f32e613c62ac287c246c040fc8911c0dc63d68a4a5,"{""code"":""rotated_surface_code"",""d"":5,""noise_model"":""SI1000"",""p"":0.002975,""rounds"":1}"
       100,         1,         0,   0.005,pymatching,2a649334de3eed47a3d1d0497abf56fd4f1b9260929d3ac0eff0101d9a2c51ca,"{""code"":""rotated_surface_code"",""d"":5,""noise_model"":""SI1000"",""p"":0.0032,""rounds"":1}"
       290,         3,         0,   0.005,pymatching,605c630bda530b5ac86b11f32e613c62ac287c246c040fc8911c0dc63d68a4a5,"{""code"":""rotated_surface_code"",""d"":5,""noise_model"":""SI1000"",""p"":0.002975,""rounds"":1}"
       891,        26,         0,   0.008,pymatching,605c630bda530b5ac86b11f32e613c62ac287c246c040fc8911c0dc63d68a4a5,"{""code"":""rotated_surface_code"",""d"":5,""noise_model"":""SI1000"",""p"":0.002975,""rounds"":1}"
       200,         5,         0,   0.006,pymatching,2a649334de3eed47a3d1d0497abf56fd4f1b9260929d3ac0eff0101d9a2c51ca,"{""code"":""rotated_surface_code"",""d"":5,""noise_model"":""SI1000"",""p"":0.0032,""rounds"":1}"
       344,         6,         0,   0.006,pymatching,605c630bda530b5ac86b11f32e613c62ac287c246c040fc8911c0dc63d68a4a5,"{""code"":""rotated_surface_code"",""d"":5,""noise_model"":""SI1000"",""p"":0.002975,""rounds"":1}"
       200,         4,         0,   0.005,pymatching,2a649334de3eed47a3d1d0497abf56fd4f1b9260929d3ac0eff0101d9a2c51ca,"{""code"":""rotated_surface_code"",""d"":5,""noise_model"":""SI1000"",""p"":0.0032,""rounds"":1}"
      7200,       151,         0,   0.051,pymatching,605c630bda530b5ac86b11f32e613c62ac287c246c040fc8911c0dc63d68a4a5,"{""code"":""rotated_surface_code"",""d"":5,""noise_model"":""SI1000"",""p"":0.002975,""rounds"":1}"
       600,        21,         0,   0.007,pymatching,2a649334de3eed47a3d1d0497abf56fd4f1b9260929d3ac0eff0101d9a2c51ca,"{""code"":""rotated_surface_code"",""d"":5,""noise_model"":""SI1000"",""p"":0.0032,""rounds"":1}"
       100,         1,         0,   0.005,pymatching,2a649334de3eed47a3d1d0497abf56fd4f1b9260929d3ac0eff0101d9a2c51ca,"{""code"":""rotated_surface_code"",""d"":5,""noise_model"":""SI1000"",""p"":0.0032,""rounds"":1}"
       600,        18,         0,   0.009,pymatching,2a649334de3eed47a3d1d0497abf56fd4f1b9260929d3ac0eff0101d9a2c51ca,"{""code"":""rotated_surface_code"",""d"":5,""noise_model"":""SI1000"",""p"":0.0032,""rounds"":1}"
      1000,        21,         0,   0.010,pymatching,2a649334de3eed47a3d1d0497abf56fd4f1b9260929d3ac0eff0101d9a2c51ca,"{""code"":""rotated_surface_code"",""d"":5,""noise_model"":""SI1000"",""p"":0.0032,""rounds"":1}"
      1388,        26,         0,   0.011,pymatching,605c630bda530b5ac86b11f32e613c62ac287c246c040fc8911c0dc63d68a4a5,"{""code"":""rotated_surface_code"",""d"":5,""noise_model"":""SI1000"",""p"":0.002975,""rounds"":1}"
       410,        11,         0,   0.006,pymatching,605c630bda530b5ac86b11f32e613c62ac287c246c040fc8911c0dc63d68a4a5,"{""code"":""rotated_surface_code"",""d"":5,""noise_model"":""SI1000"",""p"":0.002975,""rounds"":1}"
      2200,        72,         0,   0.017,pymatching,2a649334de3eed47a3d1d0497abf56fd4f1b9260929d3ac0eff0101d9a2c51ca,"{""code"":""rotated_surface_code"",""d"":5,""noise_model"":""SI1000"",""p"":0.0032,""rounds"":1}"
      2200,        56,         0,   0.017,pymatching,2a649334de3eed47a3d1d0497abf56fd4f1b9260929d3ac0eff0101d9a2c51ca,"{""code"":""rotated_surface_code"",""d"":5,""noise_model"":""SI1000"",""p"":0.0032,""rounds"":1}"
       400,        14,         0,   0.006,pymatching,2a649334de3eed47a3d1d0497abf56fd4f1b9260929d3ac0eff0101d9a2c51ca,"{""code"":""rotated_surface_code"",""d"":5,""noise_model"":""SI1000"",""p"":0.0032,""rounds"":1}"
      3600,       103,         0,   0.025,pymatching,2a649334de3eed47a3d1d0497abf56fd4f1b9260929d3ac0eff0101d9a2c51ca,"{""code"":""rotated_surface_code"",""d"":5,""noise_model"":""SI1000"",""p"":0.0032,""rounds"":1}"
       100,         4,         0,   0.005,pymatching,30fff7e38bc371d96d5184672e2f8963f38f6a86b1542009335ab5ad34be2c2f,"{""code"":""rotated_surface_code"",""d"":5,""noise_model"":""SI1000"",""p"":0.003425,""rounds"":1}"
     12600,       286,         0,   0.088,pymatching,605c630bda530b5ac86b11f32e613c62ac287c246c040fc8911c0dc63d68a4a5,"{""code"":""rotated_surface_code"",""d"":5,""noise_model"":""SI1000"",""p"":0.002975,""rounds"":1}"
      5600,       167,         0,   0.035,pymatching,2a649334de3eed47a3d1d0497abf56fd4f1b9260929d3ac0eff0101d9a2c51ca,"{""code"":""rotated_surface_code"",""d"":5,""noise_model"":""SI1000"",""p"":0.0032,""rounds"":1}"
       200,         6,         0,   0.005,pymatching,30fff7e38bc371d96d5184672e2f8963f38f6a86b1542009335ab5ad34be2c2f,"{""code"":""rotated_surface_code"",""d"":5,""noise_model"":""SI1000"",""p"":0.003425,""rounds"":1}"
       302,         2,         0,   0.005,pymatching,605c630bda530b5ac86b11f32e613c62ac287c246c040fc8911c0dc63d68a4a5,"{""code"":""rotated_surface_code"",""d"":5,""noise_model"":""SI1000"",""p"":0.002975,""rounds"":1}"
       200,         6,         0,   0.005,pymatching,30fff7e38bc371d96d5184672e2f8963f38f6a86b1542009335ab5ad34be2c2f,"{""code"":""rotated_surface_code"",""d"":5,""noise_model"":""SI1000"",""p"":0.003425,""rounds"":1}"
       217,         5,         0,   0.005,pymatching,605c630bda530b5ac86b11f32e613c62ac287c246c040fc8911c0dc63d68a4a5,"{""code"":""rotated_surface_code"",""d"":5,""noise_model"":""SI1000"",""p"":0.002975,""rounds"":1}"
       600,        24,         0,   0.008,pymatching,30fff7e38bc371d96d5184672e2f8963f38f6a86b1542009335ab5ad34be2c2f,"{""code"":""rotated_surface_code"",""d"":5,""noise_model"":""SI1000"",""p"":0.003425,""rounds"":1}"
      1000,        27,         0,   0.011,pymatching,30fff7e38bc371d96d5184672e2f8963f38f6a86b1542009335ab5ad34be2c2f,"{""code"":""rotated_surface_code"",""d"":5,""noise_model"":""SI1000"",""p"":0.003425,""rounds"":1}"
       900,        34,         0,   0.011,pymatching,30fff7e38bc371d96d5184672e2f8963f38f6a86b1542009335ab5ad34be2c2f,"{""code"":""rotated_surface_code"",""d"":5,""noise_model"":""SI1000"",""p"":0.003425,""rounds"":1}"
      9313,       261,         0,   0.058,pymatching,2a649334de3eed47a3d1d0497abf56fd4f1b9260929d3ac0eff0101d9a2c51ca,"{""code"":""rotated_surface_code"",""d"":5,""noise_model"":""SI1000"",""p"":0.0032,""rounds"":1}"
      1400,        42,         0,   0.013,pymatching,30fff7e38bc371d96d5184672e2f8963f38f6a86b1542009335ab5ad34be2c2f,"{""code"":""rotated_surface_code"",""d"":5,""noise_model"":""SI1000"",""p"":0.003425,""rounds"":1}"
     10000,       245,         0,   0.061,pymatching,2a649334de3eed47a3d1d0497abf56fd4f1b9260929d3ac0eff0101d9a2c51ca,"{""code"":""rotated_surface_code"",""d"":5,""noise_model"":""SI1000"",""p"":0.0032,""rounds"":1}"
      2200,        76,         0,   0.018,pymatching,30fff7e38bc371d96d5184672e2f8963f38f6a86b1542009335ab5ad34be2c2f,"{""code"":""rotated_surface_code"",""d"":5,""noise_model"":""SI1000"",""p"":0.003425,""rounds"":1}"
       475,        10,         0,   0.007,pymatching,2a649334de3eed47a3d1d0497abf56fd4f1b9260929d3ac0eff0101d9a2c51ca,"{""code"":""rotated_surface_code"",""d"":5,""noise_model"":""SI1000"",""p"":0.0032,""rounds"":1}"
      1200,        38,         0,   0.011,pymatching,30fff7e38bc371d96d5184672e2f8963f38f6a86b1542009335ab5ad34be2c2f,"{""code"":""rotated_surface_code"",""d"":5,""noise_model"":""SI1000"",""p"":0.003425,""rounds"":1}"
       233,        10,         0,   0.006,pymatching,30fff7e38bc371d96d5184672e2f8963f38f6a86b1542009335ab5ad34be2c2f,"{""code"":""rotated_surface_code"",""d"":5,""noise_model"":""SI1000"",""p"":0.003425,""rounds"":1}"
       110,         4,         0,   0.007,pymatching,2a649334de3eed47a3d1d0497abf56fd4f1b9260929d3ac0eff0101d9a2c51ca,"{""code"":""rotated_surface_code"",""d"":5,""noise_model"":""SI1000"",""p"":0.0032,""rounds"":1}"
      4200,       136,         0,   0.034,pymatching,30fff7e38bc371d96d5184672e2f8963f38f6a86b1542009335ab5ad34be2c2f,"{""code"":""rotated_surface_code"",""d"":5,""noise_model"":""SI1000"",""p"":0.003425,""rounds"":1}"
       100,         5,         0,   0.005,pymatching,79429a0a9fc85c7b16f31474b8044a17a4627dfaf6c186c5312de6e47af40b64,"{""code"":""rotated_surface_code"",""d"":5,""noise_model"":""SI1000"",""p"":0.0036500000000000005,""rounds"":1}"
      3694,       133,         0,   0.028,pymatching,30fff7e38bc371d96d5184672e2f8963f38f6a86b1542009335ab5ad34be2c2f,"{""code"":""rotated_surface_code"",""d"":5,""noise_model"":""SI1000"",""p"":0.003425,""rounds"":1}"
      6000,       210,         0,   0.040,pymatching,30fff7e38bc371d96d5184672e2f8963f38f6a86b1542009335ab5ad34be2c2f,"{""code"":""rotated_surface_code"",""d"":5,""noise_model"":""SI1000"",""p"":0.003425,""rounds"":1}"
       100,         1,         0,   0.005,pymatching,79429a0a9fc85c7b16f31474b8044a17a4627dfaf6c186c5312de6e47af40b64,"{""code"":""rotated_surface_code"",""d"":5,""noise_model"":""SI1000"",""p"":0.0036500000000000005,""rounds"":1}"
       200,        13,         0,   0.006,pymatching,79429a0a9fc85c7b16f31474b8044a17a4627dfaf6c186c5312de6e47af40b64,"{""code"":""rotated_surface_code"",""d"":5,""noise_model"":""SI1000"",""p"":0.0036500000000000005,""rounds"":1}"
        46,         3,         0,   0.006,pymatching,30fff7e38bc371d96d5184672e2f8963f38f6a86b1542009335ab5ad34be2c2f,"{""code"":""rotated_surface_code"",""d"":5,""noise_model"":""SI1000"",""p"":0.003425,""rounds"":1}"
       200,        11,         0,   0.007,pymatching,79429a0a9fc85c7b16f31474b8044a17a4627dfaf6c186c5312de6e47af40b64,"{""code"":""rotated_surface_code"",""d"":5,""noise_model"":""SI1000"",""p"":0.0036500000000000005,""rounds"":1}"
       400,        20,         0,   0.007,pymatching,79429a0a9fc85c7b16f31474b8044a17a4627dfaf6c186c5312de6e47af40b64,"{""code"":""rotated_surface_code"",""d"":5,""noise_model"":""SI1000"",""p"":0.0036500000000000005,""rounds"":1}"
      8400,       256,         0,   0.054,pymatching,30fff7e38bc371d96d5184672e2f8963f38f6a86b1542009335ab5ad34be2c2f,"{""code"":""rotated_surface_code"",""d"":5,""noise_model"":""SI1000"",""p"":0.003425,""rounds"":1}"
       800,        34,         0,   0.010,pymatching,79429a0a9fc85c7b16f31474b8044a17a4627dfaf6c186c5312de6e47af40b64,"{""code"":""rotated_surface_code"",""d"":5,""noise_model"":""SI1000"",""p"":0.0036500000000000005,""rounds"":1}"
       600,        26,         0,   0.010,pymatching,79429a0a9fc85c7b16f31474b8044a17a4627dfaf6c186c5312de6e47af40b64,"{""code"":""rotated_surface_code"",""d"":5,""noise_model"":""SI1000"",""p"":0.0036500000000000005,""rounds"":1}"
       400,        12,         0,   0.007,pymatching,79429a0a9fc85c7b16f31474b8044a17a4627dfaf6c186c5312de6e47af40b64,"{""code"":""rotated_surface_code"",""d"":5,""noise_model"":""SI1000"",""p"":0.0036500000000000005,""rounds"":1}"
      1200,        45,         0,   0.014,pymatching,79429a0a9fc85c7b16f31474b8044a17a4627dfaf6c186c5312de6e47af40b64,"{""code"":""rotated_surface_code"",""d"":5,""noise_model"":""SI1000"",""p"":0.0036500000000000005,""rounds"":1}"
       100,         6,         0,   0.006,pymatching,84653c3046e58b51a0f22cf9aa34b7da2100fdb0020748ce92d697d653dece11,"{""code"":""rotated_surface_code"",""d"":5,""noise_model"":""SI1000"",""p"":0.0038750000000000004,""rounds"":1}"
       200,         7,         0,   0.006,pymatching,84653c3046e58b51a0f22cf9aa34b7da2100fdb0020748ce92d697d653dece11,"{""code"":""rotated_surface_code"",""d"":5,""noise_model"":""SI1000"",""p"":0.0038750000000000004,""rounds"":1}"
      2000,        82,         0,   0.020,pymatching,79429a0a9fc85c7b16f31474b8044a17a4627dfaf6c186c5312de6e47af40b64,"{""code"":""rotated_surface_code"",""d"":5,""noise_model"":""SI1000"",""p"":0.0036500000000000005,""rounds"":1}"
       600,        31,         0,   0.008,pymatching,84653c3046e58b51a0f22cf9aa34b7da2100fdb0020748ce92d697d653dece11,"{""code"":""rotated_surface_code"",""d"":5,""noise_model"":""SI1000"",""p"":0.0038750000000000004,""rounds"":1}"
       190,         9,         0,   0.005,pymatching,79429a0a9fc85c7b16f31474b8044a17a4627dfaf6c186c5312de6e47af40b64,"{""code"":""rotated_surface_code"",""d"":5,""noise_model"":""SI1000"",""p"":0.0036500000000000005,""rounds"":1}"
      2400,        97,         0,   0.021,pymatching,79429a0a9fc85c7b16f31474b8044a17a4627dfaf6c186c5312de6e47af40b64,"{""code"":""rotated_surface_code"",""d"":5,""noise_model"":""SI1000"",""p"":0.0036500000000000005,""rounds"":1}"
      3600,       138,         0,   0.028,pymatching,79429a0a9fc85c7b16f31474b8044a17a4627dfaf6c186c5312de6e47af40b64,"{""code"":""rotated_surface_code"",""d"":5,""noise_model"":""SI1000"",""p"":0.0036500000000000005,""rounds"":1}"
       128,         5,         0,   0.005,pymatching,79429a0a9fc85c7b16f31474b8044a17a4627dfaf6c186c5312de6e47af40b64,"{""code"":""rotated_surface_code"",""d"":5,""noise_model"":""SI1000"",""p"":0.0036500000000000005,""rounds"":1}"
         9,         0,         0,   0.005,pymatching,79429a0a9fc85c7b16f31474b8044a17a4627dfaf6c186c5312de6e47af40b64,"{""code"":""rotated_surface_code"",""d"":5,""noise_model"":""SI1000"",""p"":0.0036500000000000005,""rounds"":1}"
       548,        20,         0,   0.008,pymatching,79429a0a9fc85c7b16f31474b8044a17a4627dfaf6c186c5312de6e47af40b64,"{""code"":""rotated_surface_code"",""d"":5,""noise_model"":""SI1000"",""p"":0.0036500000000000005,""rounds"":1}"
      4800,       186,         0,   0.037,pymatching,79429a0a9fc85c7b16f31474b8044a17a4627dfaf6c186c5312de6e47af40b64,"{""code"":""rotated_surface_code"",""d"":5,""noise_model"":""SI1000"",""p"":0.0036500000000000005,""rounds"":1}"
      1800,        93,         0,   0.017,pymatching,84653c3046e58b51a0f22cf9aa34b7da2100fdb0020748ce92d697d653dece11,"{""code"":""rotated_surface_code"",""d"":5,""noise_model"":""SI1000"",""p"":0.0038750000000000004,""rounds"":1}"
      1800,        99,         0,   0.017,pymatching,84653c3046e58b51a0f22cf9aa34b7da2100fdb0020748ce92d697d653dece11,"{""code"":""rotated_surface_code"",""d"":5,""noise_model"":""SI1000"",""p"":0.0038750000000000004,""rounds"":1}"
        18,         2,         0,   0.005,pymatching,79429a0a9fc85c7b16f31474b8044a17a4627dfaf6c186c5312de6e47af40b64,"{""code"":""rotated_surface_code"",""d"":5,""noise_model"":""SI1000"",""p"":0.0036500000000000005,""rounds"":1}"
       104,         8,         0,   0.005,pymatching,79429a0a9fc85c7b16f31474b8044a17a4627dfaf6c186c5312de6e47af40b64,"{""code"":""rotated_surface_code"",""d"":5,""noise_model"":""SI1000"",""p"":0.0036500000000000005,""rounds"":1}"
       264,        11,         0,   0.009,pymatching,79429a0a9fc85c7b16f31474b8044a17a4627dfaf6c186c5312de6e47af40b64,"{""code"":""rotated_surface_code"",""d"":5,""noise_model"":""SI1000"",""p"":0.0036500000000000005,""rounds"":1}"
       148,         5,         0,   0.006,pymatching,84653c3046e58b51a0f22cf9aa34b7da2100fdb0020748ce92d697d653dece11,"{""code"":""rotated_surface_code"",""d"":5,""noise_model"":""SI1000"",""p"":0.0038750000000000004,""rounds"":1}"
      7086,       276,         0,   0.050,pymatching,79429a0a9fc85c7b16f31474b8044a17a4627dfaf6c186c5312de6e47af40b64,"{""code"":""rotated_surface_code"",""d"":5,""noise_model"":""SI1000"",""p"":0.0036500000000000005,""rounds"":1}"
      5400,       258,         0,   0.037,pymatching,84653c3046e58b51a0f22cf9aa34b7da2100fdb0020748ce92d697d653dece11,"{""code"":""rotated_surface_code"",""d"":5,""noise_model"":""SI1000"",""p"":0.0038750000000000004,""rounds"":1}"
       220,        13,         0,   0.005,pymatching,84653c3046e58b51a0f22cf9aa34b7da2100fdb0020748ce92d697d653dece11,"{""code"":""rotated_surface_code"",""d"":5,""noise_model"":""SI1000"",""p"":0.0038750000000000004,""rounds"":1}"
      9000,       412,         0,   0.059,pymatching,84653c3046e58b51a0f22cf9aa34b7da2100fdb0020748ce92d697d653dece11,"{""code"":""rotated_surface_code"",""d"":5,""noise_model"":""SI1000"",""p"":0.0038750000000000004,""rounds"":1}"
       890,        46,         0,   0.009,pymatching,84653c3046e58b51a0f22cf9aa34b7da2100fdb0020748ce92d697d653dece11,"{""code"":""rotated_surface_code"",""d"":5,""noise_model"":""SI1000"",""p"":0.0038750000000000004,""rounds"":1}"
       100,         4,         0,   0.005,pymatching,d2838e7f2bc3712bd653dd41a6f31bb6ae15b07369780ca913cb2347d09070cd,"{""code"":""rotated_surface_code"",""d"":5,""noise_model"":""SI1000"",""p"":0.0041,""rounds"":1}"
       100,         8,         0,   0.005,pymatching,6b4ef447a0f259a763efde9beaa9d804365c944d3dc061f1539363d2a8619712,"{""code"":""rotated_surface_code"",""d"":5,""noise_model"":""SI1000"",""p"":0.00455,""rounds"":1}"
       100,         6,         0,   0.007,pymatching,8edf5aeb7cb0aafdfb12e8e9e7fce1eaaa3ecc51c2f946b912aac75dd9aa1b00,"{""code"":""rotated_surface_code"",""d"":5,""noise_model"":""SI1000"",""p"":0.004325000000000001,""rounds"":1}"
       735,        38,         0,   0.008,pymatching,84653c3046e58b51a0f22cf9aa34b7da2100fdb0020748ce92d697d653dece11,"{""code"":""rotated_surface_code"",""d"":5,""noise_model"":""SI1000"",""p"":0.0038750000000000004,""rounds"":1}"
       200,        11,         0,   0.006,pymatching,d2838e7f2bc3712bd653dd41a6f31bb6ae15b07369780ca913cb2347d09070cd,"{""code"":""rotated_surface_code"",""d"":5,""noise_model"":""SI1000"",""p"":0.0041,""rounds"":1}"
       200,         8,         0,   0.006,pymatching,d2838e7f2bc3712bd653dd41a6f31bb6ae15b07369780ca913cb2347d09070cd,"{""code"":""rotated_surface_code"",""d"":5,""noise_model"":""SI1000"",""p"":0.0041,""rounds"":1}"
       200,        12,         0,   0.006,pymatching,8edf5aeb7cb0aafdfb12e8e9e7fce1eaaa3ecc51c2f946b912aac75dd9aa1b00,"{""code"":""rotated_surface_code"",""d"":5,""noise_model"":""SI1000"",""p"":0.004325000000000001,""rounds"":1}"
       200,        15,         0,   0.007,pymatching,8edf5aeb7cb0aafdfb12e8e9e7fce1eaaa3ecc51c2f946b912aac75dd9aa1b00,"{""code"":""rotated_surface_code"",""d"":5,""noise_model"":""SI1000"",""p"":0.004325000000000001,""rounds"":1}"
       100,         4,         0,   0.007,pymatching,d2838e7f2bc3712bd653dd41a6f31bb6ae15b07369780ca913cb2347d09070cd,"{""code"":""rotated_surface_code"",""d"":5,""noise_model"":""SI1000"",""p"":0.0041,""rounds"":1}"
       600,        30,         0,   0.009,pymatching,d2838e7f2bc3712bd653dd41a6f31bb6ae15b07369780ca913cb2347d09070cd,"{""code"":""rotated_surface_code"",""d"":5,""noise_model"":""SI1000"",""p"":0.0041,""rounds"":1}"
       800,        42,         0,   0.011,pymatching,d2838e7f2bc3712bd653dd41a6f31bb6ae15b07369780ca913cb2347d09070cd,"{""code"":""rotated_surface_code"",""d"":5,""noise_model"":""SI1000"",""p"":0.0041,""rounds"":1}"
       600,        34,         0,   0.011,pymatching,d2838e7f2bc3712bd653dd41a6f31bb6ae15b07369780ca913cb2347d09070cd,"{""code"":""rotated_surface_code"",""d"":5,""noise_model"":""SI1000"",""p"":0.0041,""rounds"":1}"
      1000,        43,         0,   0.012,pymatching,d2838e7f2bc3712bd653dd41a6f31bb6ae15b07369780ca913cb2347d09070cd,"{""code"":""rotated_surface_code"",""d"":5,""noise_model"":""SI1000"",""p"":0.0041,""rounds"":1}"
      1000,        50,         0,   0.013,pymatching,8edf5aeb7cb0aafdfb12e8e9e7fce1eaaa3ecc51c2f946b912aac75dd9aa1b00,"{""code"":""rotated_surface_code"",""d"":5,""noise_model"":""SI1000"",""p"":0.004325000000000001,""rounds"":1}"
      1000,        64,         0,   0.012,pymatching,8edf5aeb7cb0aafdfb12e8e9e7fce1eaaa3ecc51c2f946b912aac75dd9aa1b00,"{""code"":""rotated_surface_code"",""d"":5,""noise_model"":""SI1000"",""p"":0.004325000000000001,""rounds"":1}"
      2400,       128,         0,   0.022,pymatching,d2838e7f2bc3712bd653dd41a6f31bb6ae15b07369780ca913cb2347d09070cd,"{""code"":""rotated_surface_code"",""d"":5,""noise_model"":""SI1000"",""p"":0.0041,""rounds"":1}"
      3000,       190,         0,   0.028,pymatching,8edf5aeb7cb0aafdfb12e8e9e7fce1eaaa3ecc51c2f946b912aac75dd9aa1b00,"{""code"":""rotated_surface_code"",""d"":5,""noise_model"":""SI1000"",""p"":0.004325000000000001,""rounds"":1}"
      4000,       216,         0,   0.037,pymatching,d2838e7f2bc3712bd653dd41a6f31bb6ae15b07369780ca913cb2347d09070cd,"{""code"":""rotated_surface_code"",""d"":5,""noise_model"":""SI1000"",""p"":0.0041,""rounds"":1}"
      5200,       250,         0,   0.042,pymatching,d2838e7f2bc3712bd653dd41a6f31bb6ae15b07369780ca913cb2347d09070cd,"{""code"":""rotated_surface_code"",""d"":5,""noise_model"":""SI1000"",""p"":0.0041,""rounds"":1}"
       200,        15,         0,   0.006,pymatching,6b4ef447a0f259a763efde9beaa9d804365c944d3dc061f1539363d2a8619712,"{""code"":""rotated_surface_code"",""d"":5,""noise_model"":""SI1000"",""p"":0.00455,""rounds"":1}"
      5205,       266,         0,   0.043,pymatching,d2838e7f2bc3712bd653dd41a6f31bb6ae15b07369780ca913cb2347d09070cd,"{""code"":""rotated_surface_code"",""d"":5,""noise_model"":""SI1000"",""p"":0.0041,""rounds"":1}"
      1323,        66,         0,   0.014,pymatching,8edf5aeb7cb0aafdfb12e8e9e7fce1eaaa3ecc51c2f946b912aac75dd9aa1b00,"{""code"":""rotated_surface_code"",""d"":5,""noise_model"":""SI1000"",""p"":0.004325000000000001,""rounds"":1}"
       200,        19,         0,   0.006,pymatching,6b4ef447a0f259a763efde9beaa9d804365c944d3dc061f1539363d2a8619712,"{""code"":""rotated_surface_code"",""d"":5,""noise_model"":""SI1000"",""p"":0.00455,""rounds"":1}"
       600,        40,         0,   0.009,pymatching,6b4ef447a0f259a763efde9beaa9d804365c944d3dc061f1539363d2a8619712,"{""code"":""rotated_surface_code"",""d"":5,""noise_model"":""SI1000"",""p"":0.00455,""rounds"":1}"
      5000,       294,         0,   0.044,pymatching,8edf5aeb7cb0aafdfb12e8e9e7fce1eaaa3ecc51c2f946b912aac75dd9aa1b00,"{""code"":""rotated_surface_code"",""d"":5,""noise_model"":""SI1000"",""p"":0.004325000000000001,""rounds"":1}"
       600,        44,         0,   0.009,pymatching,6b4ef447a0f259a763efde9beaa9d804365c944d3dc061f1539363d2a8619712,"{""code"":""rotated_surface_code"",""d"":5,""noise_model"":""SI1000"",""p"":0.00455,""rounds"":1}"
       618,        39,         0,   0.009,pymatching,8edf5aeb7cb0aafdfb12e8e9e7fce1eaaa3ecc51c2f946b912aac75dd9aa1b00,"{""code"":""rotated_surface_code"",""d"":5,""noise_model"":""SI1000"",""p"":0.004325000000000001,""rounds"":1}"
        49,         3,         0,   0.005,pymatching,8edf5aeb7cb0aafdfb12e8e9e7fce1eaaa3ecc51c2f946b912aac75dd9aa1b00,"{""code"":""rotated_surface_code"",""d"":5,""noise_model"":""SI1000"",""p"":0.004325000000000001,""rounds"":1}"
      4500,       302,         0,   0.040,pymatching,8edf5aeb7cb0aafdfb12e8e9e7fce1eaaa3ecc51c2f946b912aac75dd9aa1b00,"{""code"":""rotated_surface_code"",""d"":5,""noise_model"":""SI1000"",""p"":0.004325000000000001,""rounds"":1}"
      1000,        73,         0,   0.013,pymatching,6b4ef447a0f259a763efde9beaa9d804365c944d3dc061f1539363d2a8619712,"{""code"":""rotated_surface_code"",""d"":5,""noise_model"":""SI1000"",""p"":0.00455,""rounds"":1}"
       100,         8,         0,   0.005,pymatching,551b21be63a1a4cc4d76f7e3aedb7843da5d5c4237821baa3e8014a60baa20f3,"{""code"":""rotated_surface_code"",""d"":5,""noise_model"":""SI1000"",""p"":0.004775,""rounds"":1}"
       100,         5,         0,   0.005,pymatching,1e3c072d18b039340ee60528249ff81184856b5b8fce2315eb32b7418a2f1669,"{""code"":""rotated_surface_code"",""d"":5,""noise_model"":""SI1000"",""p"":0.005,""rounds"":1}"
       200,        19,         0,   0.006,pymatching,551b21be63a1a4cc4d76f7e3aedb7843da5d5c4237821baa3e8014a60baa20f3,"{""code"":""rotated_surface_code"",""d"":5,""noise_model"":""SI1000"",""p"":0.004775,""rounds"":1}"
       200,        17,         0,   0.006,pymatching,551b21be63a1a4cc4d76f7e3aedb7843da5d5c4237821baa3e8014a60baa20f3,"{""code"":""rotated_surface_code"",""d"":5,""noise_model"":""SI1000"",""p"":0.004775,""rounds"":1}"
      1900,       119,         0,   0.020,pymatching,6b4ef447a0f259a763efde9beaa9d804365c944d3dc061f1539363d2a8619712,"{""code"":""rotated_surface_code"",""d"":5,""noise_model"":""SI1000"",""p"":0.00455,""rounds"":1}"
      2200,       145,         0,   0.024,pymatching,6b4ef447a0f259a763efde9beaa9d804365c944d3dc061f1539363d2a8619712,"{""code"":""rotated_surface_code"",""d"":5,""noise_model"":""SI1000"",""p"":0.00455,""rounds"":1}"
       600,        35,         0,   0.010,pymatching,551b21be63a1a4cc4d76f7e3aedb7843da5d5c4237821baa3e8014a60baa20f3,"{""code"":""rotated_surface_code"",""d"":5,""noise_model"":""SI1000"",""p"":0.004775,""rounds"":1}"
       235,        14,         0,   0.009,pymatching,6b4ef447a0f259a763efde9beaa9d804365c944d3dc061f1539363d2a8619712,"{""code"":""rotated_surface_code"",""d"":5,""noise_model"":""SI1000"",""p"":0.00455,""rounds"":1}"
      1000,        86,         0,   0.014,pymatching,551b21be63a1a4cc4d76f7e3aedb7843da5d5c4237821baa3e8014a60baa20f3,"{""code"":""rotated_surface_code"",""d"":5,""noise_model"":""SI1000"",""p"":0.004775,""rounds"":1}"
      3400,       207,         0,   0.034,pymatching,6b4ef447a0f259a763efde9beaa9d804365c944d3dc061f1539363d2a8619712,"{""code"":""rotated_surface_code"",""d"":5,""noise_model"":""SI1000"",""p"":0.00455,""rounds"":1}"
       921,        57,         0,   0.013,pymatching,6b4ef447a0f259a763efde9beaa9d804365c944d3dc061f1539363d2a8619712,"{""code"":""rotated_surface_code"",""d"":5,""noise_model"":""SI1000"",""p"":0.00455,""rounds"":1}"
        62,         5,         0,   0.005,pymatching,6b4ef447a0f259a763efde9beaa9d804365c944d3dc061f1539363d2a8619712,"{""code"":""rotated_surface_code"",""d"":5,""noise_model"":""SI1000"",""p"":0.00455,""rounds"":1}"
        71,         4,         0,   0.005,pymatching,6b4ef447a0f259a763efde9beaa9d804365c944d3dc061f1539363d2a8619712,"{""code"":""rotated_surface_code"",""d"":5,""noise_model"":""SI1000"",""p"":0.00455,""rounds"":1}"
      3345,       235,         0,   0.033,pymatching,6b4ef447a0f259a763efde9beaa9d804365c944d3dc061f1539363d2a8619712,"{""code"":""rotated_surface_code"",""d"":5,""noise_model"":""SI1000"",""p"":0.00455,""rounds"":1}"
       517,        32,         0,   0.008,pymatching,6b4ef447a0f259a763efde9beaa9d804365c944d3dc061f1539363d2a8619712,"{""code"":""rotated_surface_code"",""d"":5,""noise_model"":""SI1000"",""p"":0.00455,""rounds"":1}"
       200,        19,         0,   0.006,pymatching,1e3c072d18b039340ee60528249ff81184856b5b8fce2315eb32b7418a2f1669,"{""code"":""rotated_surface_code"",""d"":5,""noise_model"":""SI1000"",""p"":0.005,""rounds"":1}"
       200,        17,         0,   0.006,pymatching,1e3c072d18b039340ee60528249ff81184856b5b8fce2315eb32b7418a2f1669,"{""code"":""rotated_surface_code"",""d"":5,""noise_model"":""SI1000"",""p"":0.005,""rounds"":1}"
       100,         8,         0,   0.005,pymatching,1e3c072d18b039340ee60528249ff81184856b5b8fce2315eb32b7418a2f1669,"{""code"":""rotated_surface_code"",""d"":5,""noise_model"":""SI1000"",""p"":0.005,""rounds"":1}"
      2200,       168,         0,   0.023,pymatching,551b21be63a1a4cc4d76f7e3aedb7843da5d5c4237821baa3e8014a60baa20f3,"{""code"":""rotated_surface_code"",""d"":5,""noise_model"":""SI1000"",""p"":0.004775,""rounds"":1}"
       600,        61,         0,   0.010,pymatching,1e3c072d18b039340ee60528249ff81184856b5b8fce2315eb32b7418a2f1669,"{""code"":""rotated_surface_code"",""d"":5,""noise_model"":""SI1000"",""p"":0.005,""rounds"":1}"
       315,        19,         0,   0.007,pymatching,551b21be63a1a4cc4d76f7e3aedb7843da5d5c4237821baa3e8014a60baa20f3,"{""code"":""rotated_surface_code"",""d"":5,""noise_model"":""SI1000"",""p"":0.004775,""rounds"":1}"
      1000,        75,         0,   0.016,pymatching,1e3c072d18b039340ee60528249ff81184856b5b8fce2315eb32b7418a2f1669,"{""code"":""rotated_surface_code"",""d"":5,""noise_model"":""SI1000"",""p"":0.005,""rounds"":1}"
      1200,       109,         0,   0.017,pymatching,1e3c072d18b039340ee60528249ff81184856b5b8fce2315eb32b7418a2f1669,"{""code"":""rotated_surface_code"",""d"":5,""noise_model"":""SI1000"",""p"":0.005,""rounds"":1}"
       200,        16,         0,   0.007,pymatching,551b21be63a1a4cc4d76f7e3aedb7843da5d5c4237821baa3e8014a60baa20f3,"{""code"":""rotated_surface_code"",""d"":5,""noise_model"":""SI1000"",""p"":0.004775,""rounds"":1}"
      4200,       315,         0,   0.041,pymatching,551b21be63a1a4cc4d76f7e3aedb7843da5d5c4237821baa3e8014a60baa20f3,"{""code"":""rotated_surface_code"",""d"":5,""noise_model"":""SI1000"",""p"":0.004775,""rounds"":1}"
      4100,       313,         0,   0.040,pymatching,551b21be63a1a4cc4d76f7e3aedb7843da5d5c4237821baa3e8014a60baa20f3,"{""code"":""rotated_surface_code"",""d"":5,""noise_model"":""SI1000"",""p"":0.004775,""rounds"":1}"
      1363,       123,         0,   0.016,pymatching,1e3c072d18b039340ee60528249ff81184856b5b8fce2315eb32b7418a2f1669,"{""code"":""rotated_surface_code"",""d"":5,""noise_model"":""SI1000"",""p"":0.005,""rounds"":1}"
      2400,       201,         0,   0.026,pymatching,1e3c072d18b039340ee60528249ff81184856b5b8fce2315eb32b7418a2f1669,"{""code"":""rotated_surface_code"",""d"":5,""noise_model"":""SI1000"",""p"":0.005,""rounds"":1}"
      4400,       345,         0,   0.056,pymatching,1e3c072d18b039340ee60528249ff81184856b5b8fce2315eb32b7418a2f1669,"{""code"":""rotated_surface_code"",""d"":5,""noise_model"":""SI1000"",""p"":0.005,""rounds"":1}"
       105,         6,         0,   0.005,pymatching,551b21be63a1a4cc4d76f7e3aedb7843da5d5c4237821baa3e8014a60baa20f3,"{""code"":""rotated_surface_code"",""d"":5,""noise_model"":""SI1000"",""p"":0.004775,""rounds"":1}"
        45,         4,         0,   0.004,pymatching,1e3c072d18b039340ee60528249ff81184856b5b8fce2315eb32b7418a2f1669,"{""code"":""rotated_surface_code"",""d"":5,""noise_model"":""SI1000"",""p"":0.005,""rounds"":1}"
       423,        35,         0,   0.010,pymatching,1e3c072d18b039340ee60528249ff81184856b5b8fce2315eb32b7418a2f1669,"{""code"":""rotated_surface_code"",""d"":5,""noise_model"":""SI1000"",""p"":0.005,""rounds"":1}"
       100,         0,         0,   0.011,pymatching,cc0b3eac867231fae68f61decf3bc2277506b7cf6d195f735329e1646d7462c5,"{""code"":""rotated_surface_code"",""d"":7,""noise_model"":""SI1000"",""p"":0.0005,""rounds"":1}"
       100,         0,         0,   0.012,pymatching,760031b1fd34e1ce1a2d190b352fc6ed5eb3e78a490ff3901b8f4a3b72f91f87,"{""code"":""rotated_surface_code"",""d"":7,""noise_model"":""SI1000"",""p"":0.0007250000000000001,""rounds"":1}"
       200,         0,         0,   0.013,pymatching,cc0b3eac867231fae68f61decf3bc2277506b7cf6d195f735329e1646d7462c5,"{""code"":""rotated_surface_code"",""d"":7,""noise_model"":""SI1000"",""p"":0.0005,""rounds"":1}"
       200,         0,         0,   0.013,pymatching,cc0b3eac867231fae68f61decf3bc2277506b7cf6d195f735329e1646d7462c5,"{""code"":""rotated_surface_code"",""d"":7,""noise_model"":""SI1000"",""p"":0.0005,""rounds"":1}"
       100,         0,         0,   0.012,pymatching,cc0b3eac867231fae68f61decf3bc2277506b7cf6d195f735329e1646d7462c5,"{""code"":""rotated_surface_code"",""d"":7,""noise_model"":""SI1000"",""p"":0.0005,""rounds"":1}"
       100,         1,         0,   0.013,pymatching,2c77c8d8471ec26503b7ee87601ba0d2b18916e54590b984d07e0aac937e8768,"{""code"":""rotated_surface_code"",""d"":7,""noise_model"":""SI1000"",""p"":0.0009500000000000001,""rounds"":1}"
       200,         0,         0,   0.013,pymatching,760031b1fd34e1ce1a2d190b352fc6ed5eb3e78a490ff3901b8f4a3b72f91f87,"{""code"":""rotated_surface_code"",""d"":7,""noise_model"":""SI1000"",""p"":0.0007250000000000001,""rounds"":1}"
       600,         0,         0,   0.014,pymatching,cc0b3eac867231fae68f61decf3bc2277506b7cf6d195f735329e1646d7462c5,"{""code"":""rotated_surface_code"",""d"":7,""noise_model"":""SI1000"",""p"":0.0005,""rounds"":1}"
       200,         0,         0,   0.014,pymatching,cc0b3eac867231fae68f61decf3bc2277506b7cf6d195f735329e1646d7462c5,"{""code"":""rotated_surface_code"",""d"":7,""noise_model"":""SI1000"",""p"":0.0005,""rounds"":1}"
      1000,         0,         0,   0.017,pymatching,cc0b3eac867231fae68f61decf3bc2277506b7cf6d195f735329e1646d7462c5,"{""code"":""rotated_surface_code"",""d"":7,""noise_model"":""SI1000"",""p"":0.0005,""rounds"":1}"
      1200,         0,         0,   0.017,pymatching,cc0b3eac867231fae68f61decf3bc2277506b7cf6d195f735329e1646d7462c5,"{""code"":""rotated_surface_code"",""d"":7,""noise_model"":""SI1000"",""p"":0.0005,""rounds"":1}"
       600,         0,         0,   0.015,pymatching,760031b1fd34e1ce1a2d190b352fc6ed5eb3e78a490ff3901b8f4a3b72f91f87,"{""code"":""rotated_surface_code"",""d"":7,""noise_model"":""SI1000"",""p"":0.0007250000000000001,""rounds"":1}"
      1200,         0,         0,   0.018,pymatching,cc0b3eac867231fae68f61decf3bc2277506b7cf6d195f735329e1646d7462c5,"{""code"":""rotated_surface_code"",""d"":7,""noise_model"":""SI1000"",""p"":0.0005,""rounds"":1}"
      2400,         0,         0,   0.026,pymatching,cc0b3eac867231fae68f61decf3bc2277506b7cf6d195f735329e1646d7462c5,"{""code"":""rotated_surface_code"",""d"":7,""noise_model"":""SI1000"",""p"":0.0005,""rounds"":1}"
      2400,         0,         0,   0.025,pymatching,cc0b3eac867231fae68f61decf3bc2277506b7cf6d195f735329e1646d7462c5,"{""code"":""rotated_surface_code"",""d"":7,""noise_model"":""SI1000"",""p"":0.0005,""rounds"":1}"
      4800,         0,         0,   0.036,pymatching,cc0b3eac867231fae68f61decf3bc2277506b7cf6d195f735329e1646d7462c5,"{""code"":""rotated_surface_code"",""d"":7,""noise_model"":""SI1000"",""p"":0.0005,""rounds"":1}"
      1800,         0,         0,   0.023,pymatching,760031b1fd34e1ce1a2d190b352fc6ed5eb3e78a490ff3901b8f4a3b72f91f87,"{""code"":""rotated_surface_code"",""d"":7,""noise_model"":""SI1000"",""p"":0.0007250000000000001,""rounds"":1}"
      7200,         0,         0,   0.049,pymatching,cc0b3eac867231fae68f61decf3bc2277506b7cf6d195f735329e1646d7462c5,"{""code"":""rotated_surface_code"",""d"":7,""noise_model"":""SI1000"",""p"":0.0005,""rounds"":1}"
      7200,         0,         0,   0.051,pymatching,cc0b3eac867231fae68f61decf3bc2277506b7cf6d195f735329e1646d7462c5,"{""code"":""rotated_surface_code"",""d"":7,""noise_model"":""SI1000"",""p"":0.0005,""rounds"":1}"
      5400,         1,         0,   0.047,pymatching,760031b1fd34e1ce1a2d190b352fc6ed5eb3e78a490ff3901b8f4a3b72f91f87,"{""code"":""rotated_surface_code"",""d"":7,""noise_model"":""SI1000"",""p"":0.0007250000000000001,""rounds"":1}"
     14400,         0,         0,   0.088,pymatching,cc0b3eac867231fae68f61decf3bc2277506b7cf6d195f735329e1646d7462c5,"{""code"":""rotated_surface_code"",""d"":7,""noise_model"":""SI1000"",""p"":0.0005,""rounds"":1}"
     14400,         0,         0,   0.090,pymatching,cc0b3eac867231fae68f61decf3bc2277506b7cf6d195f735329e1646d7462c5,"{""code"":""rotated_surface_code"",""d"":7,""noise_model"":""SI1000"",""p"":0.0005,""rounds"":1}"
     16200,         2,         0,   0.110,pymatching,760031b1fd34e1ce1a2d190b352fc6ed5eb3e78a490ff3901b8f4a3b72f91f87,"{""code"":""rotated_surface_code"",""d"":7,""noise_model"":""SI1000"",""p"":0.0007250000000000001,""rounds"":1}"
     28800,         1,         0,   0.166,pymatching,cc0b3eac867231fae68f61decf3bc2277506b7cf6d195f735329e1646d7462c5,"{""code"":""rotated_surface_code"",""d"":7,""noise_model"":""SI1000"",""p"":0.0005,""rounds"":1}"
     43200,         1,         0,   0.238,pymatching,cc0b3eac867231fae68f61decf3bc2277506b7cf6d195f735329e1646d7462c5,"{""code"":""rotated_surface_code"",""d"":7,""noise_model"":""SI1000"",""p"":0.0005,""rounds"":1}"
     43200,         0,         0,   0.237,pymatching,cc0b3eac867231fae68f61decf3bc2277506b7cf6d195f735329e1646d7462c5,"{""code"":""rotated_surface_code"",""d"":7,""noise_model"":""SI1000"",""p"":0.0005,""rounds"":1}"
     48600,         4,         0,   0.304,pymatching,760031b1fd34e1ce1a2d190b352fc6ed5eb3e78a490ff3901b8f4a3b72f91f87,"{""code"":""rotated_surface_code"",""d"":7,""noise_model"":""SI1000"",""p"":0.0007250000000000001,""rounds"":1}"
     86400,         0,         0,   0.453,pymatching,cc0b3eac867231fae68f61decf3bc2277506b7cf6d195f735329e1646d7462c5,"{""code"":""rotated_surface_code"",""d"":7,""noise_model"":""SI1000"",""p"":0.0005,""rounds"":1}"
     86400,         1,         0,   0.456,pymatching,cc0b3eac867231fae68f61decf3bc2277506b7cf6d195f735329e1646d7462c5,"{""code"":""rotated_surface_code"",""d"":7,""noise_model"":""SI1000"",""p"":0.0005,""rounds"":1}"
     72900,         2,         0,   0.441,pymatching,760031b1fd34e1ce1a2d190b352fc6ed5eb3e78a490ff3901b8f4a3b72f91f87,"{""code"":""rotated_surface_code"",""d"":7,""noise_model"":""SI1000"",""p"":0.0007250000000000001,""rounds"":1}"
    172800,         5,         0,   0.889,pymatching,cc0b3eac867231fae68f61decf3bc2277506b7cf6d195f735329e1646d7462c5,"{""code"":""rotated_surface_code"",""d"":7,""noise_model"":""SI1000"",""p"":0.0005,""rounds"":1}"
    145800,         6,         0,   0.868,pymatching,760031b1fd34e1ce1a2d190b352fc6ed5eb3e78a490ff3901b8f4a3b72f91f87,"{""code"":""rotated_surface_code"",""d"":7,""noise_model"":""SI1000"",""p"":0.0007250000000000001,""rounds"":1}"
    145800,         8,         0,   0.861,pymatching,760031b1fd34e1ce1a2d190b352fc6ed5eb3e78a490ff3901b8f4a3b72f91f87,"{""code"":""rotated_surface_code"",""d"":7,""noise_model"":""SI1000"",""p"":0.0007250000000000001,""rounds"":1}"
       200,         0,         0,   0.014,pymatching,2c77c8d8471ec26503b7ee87601ba0d2b18916e54590b984d07e0aac937e8768,"{""code"":""rotated_surface_code"",""d"":7,""noise_model"":""SI1000"",""p"":0.0009500000000000001,""rounds"":1}"
       600,         0,         0,   0.015,pymatching,2c77c8d8471ec26503b7ee87601ba0d2b18916e54590b984d07e0aac937e8768,"{""code"":""rotated_surface_code"",""d"":7,""noise_model"":""SI1000"",""p"":0.0009500000000000001,""rounds"":1}"
    222400,         3,         0,    1.15,pymatching,cc0b3eac867231fae68f61decf3bc2277506b7cf6d195f735329e1646d7462c5,"{""code"":""rotated_surface_code"",""d"":7,""noise_model"":""SI1000"",""p"":0.0005,""rounds"":1}"
      1800,         0,         0,   0.024,pymatching,2c77c8d8471ec26503b7ee87601ba0d2b18916e54590b984d07e0aac937e8768,"{""code"":""rotated_surface_code"",""d"":7,""noise_model"":""SI1000"",""p"":0.0009500000000000001,""rounds"":1}"
      1800,         0,         0,   0.025,pymatching,2c77c8d8471ec26503b7ee87601ba0d2b18916e54590b984d07e0aac937e8768,"{""code"":""rotated_surface_code"",""d"":7,""noise_model"":""SI1000"",""p"":0.0009500000000000001,""rounds"":1}"
      5400,         2,         0,   0.046,pymatching,2c77c8d8471ec26503b7ee87601ba0d2b18916e54590b984d07e0aac937e8768,"{""code"":""rotated_surface_code"",""d"":7,""noise_model"":""SI1000"",""p"":0.0009500000000000001,""rounds"":1}"
      9000,         1,         0,   0.069,pymatching,2c77c8d8471ec26503b7ee87601ba0d2b18916e54590b984d07e0aac937e8768,"{""code"":""rotated_surface_code"",""d"":7,""noise_model"":""SI1000"",""p"":0.0009500000000000001,""rounds"":1}"
    259200,         3,         0,    1.33,pymatching,cc0b3eac867231fae68f61decf3bc2277506b7cf6d195f735329e1646d7462c5,"{""code"":""rotated_surface_code"",""d"":7,""noise_model"":""SI1000"",""p"":0.0005,""rounds"":1}"
     19800,         1,         0,   0.144,pymatching,2c77c8d8471ec26503b7ee87601ba0d2b18916e54590b984d07e0aac937e8768,"{""code"":""rotated_surface_code"",""d"":7,""noise_model"":""SI1000"",""p"":0.0009500000000000001,""rounds"":1}"
     37800,         9,         0,   0.271,pymatching,2c77c8d8471ec26503b7ee87601ba0d2b18916e54590b984d07e0aac937e8768,"{""code"":""rotated_surface_code"",""d"":7,""noise_model"":""SI1000"",""p"":0.0009500000000000001,""rounds"":1}"
     36900,         7,         0,   0.264,pymatching,2c77c8d8471ec26503b7ee87601ba0d2b18916e54590b984d07e0aac937e8768,"{""code"":""rotated_surface_code"",""d"":7,""noise_model"":""SI1000"",""p"":0.0009500000000000001,""rounds"":1}"
    145800,        10,         0,   0.849,pymatching,760031b1fd34e1ce1a2d190b352fc6ed5eb3e78a490ff3901b8f4a3b72f91f87,"{""code"":""rotated_surface_code"",""d"":7,""noise_model"":""SI1000"",""p"":0.0007250000000000001,""rounds"":1}"
    125200,         8,         0,   0.744,pymatching,760031b1fd34e1ce1a2d190b352fc6ed5eb3e78a490ff3901b8f4a3b72f91f87,"{""code"":""rotated_surface_code"",""d"":7,""noise_model"":""SI1000"",""p"":0.0007250000000000001,""rounds"":1}"
       100,         0,         0,   0.014,pymatching,94bd91bd2c6977374b443a632c84510b6c2b2377d568600c693f49831c12c197,"{""code"":""rotated_surface_code"",""d"":7,""noise_model"":""SI1000"",""p"":0.001175,""rounds"":1}"
       200,         0,         0,   0.014,pymatching,94bd91bd2c6977374b443a632c84510b6c2b2377d568600c693f49831c12c197,"{""code"":""rotated_surface_code"",""d"":7,""noise_model"":""SI1000"",""p"":0.001175,""rounds"":1}"
       600,         0,         0,   0.016,pymatching,94bd91bd2c6977374b443a632c84510b6c2b2377d568600c693f49831c12c197,"{""code"":""rotated_surface_code"",""d"":7,""noise_model"":""SI1000"",""p"":0.001175,""rounds"":1}"
      1800,         0,         0,   0.025,pymatching,94bd91bd2c6977374b443a632c84510b6c2b2377d568600c693f49831c12c197,"{""code"":""rotated_surface_code"",""d"":7,""noise_model"":""SI1000"",""p"":0.001175,""rounds"":1}"
     77400,        13,         0,   0.543,pymatching,2c77c8d8471ec26503b7ee87601ba0d2b18916e54590b984d07e0aac937e8768,"{""code"":""rotated_surface_code"",""d"":7,""noise_model"":""SI1000"",""p"":0.0009500000000000001,""rounds"":1}"
      5400,         6,         0,   0.053,pymatching,94bd91bd2c6977374b443a632c84510b6c2b2377d568600c693f49831c12c197,"{""code"":""rotated_surface_code"",""d"":7,""noise_model"":""SI1000"",""p"":0.001175,""rounds"":1}"
     16200,         9,         0,   0.134,pymatching,94bd91bd2c6977374b443a632c84510b6c2b2377d568600c693f49831c12c197,"{""code"":""rotated_surface_code"",""d"":7,""noise_model"":""SI1000"",""p"":0.001175,""rounds"":1}"
    109800,        16,         0,   0.730,pymatching,2c77c8d8471ec26503b7ee87601ba0d2b18916e54590b984d07e0aac937e8768,"{""code"":""rotated_surface_code"",""d"":7,""noise_model"":""SI1000"",""p"":0.0009500000000000001,""rounds"":1}"
     48600,        19,         0,   0.376,pymatching,94bd91bd2c6977374b443a632c84510b6c2b2377d568600c693f49831c12c197,"{""code"":""rotated_surface_code"",""d"":7,""noise_model"":""SI1000"",""p"":0.001175,""rounds"":1}"
    291600,        26,         0,    1.80,pymatching,760031b1fd34e1ce1a2d190b352fc6ed5eb3e78a490ff3901b8f4a3b72f91f87,"{""code"":""rotated_surface_code"",""d"":7,""noise_model"":""SI1000"",""p"":0.0007250000000000001,""rounds"":1}"
    153000,        33,         0,    1.03,pymatching,2c77c8d8471ec26503b7ee87601ba0d2b18916e54590b984d07e0aac937e8768,"{""code"":""rotated_surface_code"",""d"":7,""noise_model"":""SI1000"",""p"":0.0009500000000000001,""rounds"":1}"
     48600,        16,         0,   0.374,pymatching,94bd91bd2c6977374b443a632c84510b6c2b2377d568600c693f49831c12c197,"{""code"":""rotated_surface_code"",""d"":7,""noise_model"":""SI1000"",""p"":0.001175,""rounds"":1}"
     24300,        10,         0,   0.195,pymatching,94bd91bd2c6977374b443a632c84510b6c2b2377d568600c693f49831c12c197,"{""code"":""rotated_surface_code"",""d"":7,""noise_model"":""SI1000"",""p"":0.001175,""rounds"":1}"
    226800,        42,         0,    1.52,pymatching,2c77c8d8471ec26503b7ee87601ba0d2b18916e54590b984d07e0aac937e8768,"{""code"":""rotated_surface_code"",""d"":7,""noise_model"":""SI1000"",""p"":0.0009500000000000001,""rounds"":1}"
       100,         0,         0,   0.014,pymatching,24a2a48c9f07f568b9bdb2341d21da5a4fc017c3d9488d11e5e024d34fc9705e,"{""code"":""rotated_surface_code"",""d"":7,""noise_model"":""SI1000"",""p"":0.0014000000000000002,""rounds"":1}"
       200,         0,         0,   0.013,pymatching,24a2a48c9f07f568b9bdb2341d21da5a4fc017c3d9488d11e5e024d34fc9705e,"{""code"":""rotated_surface_code"",""d"":7,""noise_model"":""SI1000"",""p"":0.0014000000000000002,""rounds"":1}"
       600,         2,         0,   0.016,pymatching,24a2a48c9f07f568b9bdb2341d21da5a4fc017c3d9488d11e5e024d34fc9705e,"{""code"":""rotated_surface_code"",""d"":7,""noise_model"":""SI1000"",""p"":0.0014000000000000002,""rounds"":1}"
      1800,         3,         0,   0.027,pymatching,24a2a48c9f07f568b9bdb2341d21da5a4fc017c3d9488d11e5e024d34fc9705e,"{""code"":""rotated_surface_code"",""d"":7,""noise_model"":""SI1000"",""p"":0.0014000000000000002,""rounds"":1}"
      5400,         6,         0,   0.057,pymatching,24a2a48c9f07f568b9bdb2341d21da5a4fc017c3d9488d11e5e024d34fc9705e,"{""code"":""rotated_surface_code"",""d"":7,""noise_model"":""SI1000"",""p"":0.0014000000000000002,""rounds"":1}"
     16200,        10,         0,   0.148,pymatching,24a2a48c9f07f568b9bdb2341d21da5a4fc017c3d9488d11e5e024d34fc9705e,"{""code"":""rotated_surface_code"",""d"":7,""noise_model"":""SI1000"",""p"":0.0014000000000000002,""rounds"":1}"
    145800,        77,         0,    1.10,pymatching,94bd91bd2c6977374b443a632c84510b6c2b2377d568600c693f49831c12c197,"{""code"":""rotated_surface_code"",""d"":7,""noise_model"":""SI1000"",""p"":0.001175,""rounds"":1}"
    145800,        75,         0,    1.11,pymatching,94bd91bd2c6977374b443a632c84510b6c2b2377d568600c693f49831c12c197,"{""code"":""rotated_surface_code"",""d"":7,""noise_model"":""SI1000"",""p"":0.001175,""rounds"":1}"
     48600,        45,         0,   0.416,pymatching,24a2a48c9f07f568b9bdb2341d21da5a4fc017c3d9488d11e5e024d34fc9705e,"{""code"":""rotated_surface_code"",""d"":7,""noise_model"":""SI1000"",""p"":0.0014000000000000002,""rounds"":1}"
     48600,        43,         0,   0.430,pymatching,24a2a48c9f07f568b9bdb2341d21da5a4fc017c3d9488d11e5e024d34fc9705e,"{""code"":""rotated_surface_code"",""d"":7,""noise_model"":""SI1000"",""p"":0.0014000000000000002,""rounds"":1}"
    319600,        62,         0,    2.15,pymatching,2c77c8d8471ec26503b7ee87601ba0d2b18916e54590b984d07e0aac937e8768,"{""code"":""rotated_surface_code"",""d"":7,""noise_model"":""SI1000"",""p"":0.0009500000000000001,""rounds"":1}"
    194400,       100,         0,    1.48,pymatching,94bd91bd2c6977374b443a632c84510b6c2b2377d568600c693f49831c12c197,"{""code"":""rotated_surface_code"",""d"":7,""noise_model"":""SI1000"",""p"":0.001175,""rounds"":1}"
       100,         0,         0,   0.014,pymatching,d85270891ba9911a84e6ee0458e16dc7fd04c8ef8740ae7cf5a23aa0ad001e78,"{""code"":""rotated_surface_code"",""d"":7,""noise_model"":""SI1000"",""p"":0.0016250000000000001,""rounds"":1}"
       200,         0,         0,   0.014,pymatching,d85270891ba9911a84e6ee0458e16dc7fd04c8ef8740ae7cf5a23aa0ad001e78,"{""code"":""rotated_surface_code"",""d"":7,""noise_model"":""SI1000"",""p"":0.0016250000000000001,""rounds"":1}"
       600,         1,         0,   0.018,pymatching,d85270891ba9911a84e6ee0458e16dc7fd04c8ef8740ae7cf5a23aa0ad001e78,"{""code"":""rotated_surface_code"",""d"":7,""noise_model"":""SI1000"",""p"":0.0016250000000000001,""rounds"":1}"
      1800,         0,         0,   0.030,pymatching,d85270891ba9911a84e6ee0458e16dc7fd04c8ef8740ae7cf5a23aa0ad001e78,"{""code"":""rotated_surface_code"",""d"":7,""noise_model"":""SI1000"",""p"":0.0016250000000000001,""rounds"":1}"
      5400,         8,         0,   0.064,pymatching,d85270891ba9911a84e6ee0458e16dc7fd04c8ef8740ae7cf5a23aa0ad001e78,"{""code"":""rotated_surface_code"",""d"":7,""noise_model"":""SI1000"",""p"":0.0016250000000000001,""rounds"":1}"
    125200,        69,         0,   0.955,pymatching,94bd91bd2c6977374b443a632c84510b6c2b2377d568600c693f49831c12c197,"{""code"":""rotated_surface_code"",""d"":7,""noise_model"":""SI1000"",""p"":0.001175,""rounds"":1}"
     16200,        21,         0,   0.169,pymatching,d85270891ba9911a84e6ee0458e16dc7fd04c8ef8740ae7cf5a23aa0ad001e78,"{""code"":""rotated_surface_code"",""d"":7,""noise_model"":""SI1000"",""p"":0.0016250000000000001,""rounds"":1}"
    243000,       113,         0,    1.83,pymatching,94bd91bd2c6977374b443a632c84510b6c2b2377d568600c693f49831c12c197,"{""code"":""rotated_surface_code"",""d"":7,""noise_model"":""SI1000"",""p"":0.001175,""rounds"":1}"
     16200,        28,         0,   0.171,pymatching,d85270891ba9911a84e6ee0458e16dc7fd04c8ef8740ae7cf5a23aa0ad001e78,"{""code"":""rotated_surface_code"",""d"":7,""noise_model"":""SI1000"",""p"":0.0016250000000000001,""rounds"":1}"
     48600,        76,         0,   0.474,pymatching,d85270891ba9911a84e6ee0458e16dc7fd04c8ef8740ae7cf5a23aa0ad001e78,"{""code"":""rotated_surface_code"",""d"":7,""noise_model"":""SI1000"",""p"":0.0016250000000000001,""rounds"":1}"
    145800,       147,         0,    1.25,pymatching,24a2a48c9f07f568b9bdb2341d21da5a4fc017c3d9488d11e5e024d34fc9705e,"{""code"":""rotated_surface_code"",""d"":7,""noise_model"":""SI1000"",""p"":0.0014000000000000002,""rounds"":1}"
     48600,        81,         0,   0.469,pymatching,d85270891ba9911a84e6ee0458e16dc7fd04c8ef8740ae7cf5a23aa0ad001e78,"{""code"":""rotated_surface_code"",""d"":7,""noise_model"":""SI1000"",""p"":0.0016250000000000001,""rounds"":1}"
     81000,       135,         0,   0.772,pymatching,d85270891ba9911a84e6ee0458e16dc7fd04c8ef8740ae7cf5a23aa0ad001e78,"{""code"":""rotated_surface_code"",""d"":7,""noise_model"":""SI1000"",""p"":0.0016250000000000001,""rounds"":1}"
       100,         0,         0,   0.014,pymatching,65341daee33977ef90784b4374b84ca5bf840444d41a4d665435ba620b8c0fa7,"{""code"":""rotated_surface_code"",""d"":7,""noise_model"":""SI1000"",""p"":0.00185,""rounds"":1}"
       200,         0,         0,   0.014,pymatching,65341daee33977ef90784b4374b84ca5bf840444d41a4d665435ba620b8c0fa7,"{""code"":""rotated_surface_code"",""d"":7,""noise_model"":""SI1000"",""p"":0.00185,""rounds"":1}"
       600,         2,         0,   0.018,pymatching,65341daee33977ef90784b4374b84ca5bf840444d41a4d665435ba620b8c0fa7,"{""code"":""rotated_surface_code"",""d"":7,""noise_model"":""SI1000"",""p"":0.00185,""rounds"":1}"
      1800,         6,         0,   0.031,pymatching,65341daee33977ef90784b4374b84ca5bf840444d41a4d665435ba620b8c0fa7,"{""code"":""rotated_surface_code"",""d"":7,""noise_model"":""SI1000"",""p"":0.00185,""rounds"":1}"
      5400,         9,         0,   0.071,pymatching,65341daee33977ef90784b4374b84ca5bf840444d41a4d665435ba620b8c0fa7,"{""code"":""rotated_surface_code"",""d"":7,""noise_model"":""SI1000"",""p"":0.00185,""rounds"":1}"
     16200,        46,         0,   0.187,pymatching,65341daee33977ef90784b4374b84ca5bf840444d41a4d665435ba620b8c0fa7,"{""code"":""rotated_surface_code"",""d"":7,""noise_model"":""SI1000"",""p"":0.00185,""rounds"":1}"
    218700,       220,         0,    1.87,pymatching,24a2a48c9f07f568b9bdb2341d21da5a4fc017c3d9488d11e5e024d34fc9705e,"{""code"":""rotated_surface_code"",""d"":7,""noise_model"":""SI1000"",""p"":0.0014000000000000002,""rounds"":1}"
    243000,       231,         0,    2.08,pymatching,24a2a48c9f07f568b9bdb2341d21da5a4fc017c3d9488d11e5e024d34fc9705e,"{""code"":""rotated_surface_code"",""d"":7,""noise_model"":""SI1000"",""p"":0.0014000000000000002,""rounds"":1}"
     24300,        81,         0,   0.267,pymatching,65341daee33977ef90784b4374b84ca5bf840444d41a4d665435ba620b8c0fa7,"{""code"":""rotated_surface_code"",""d"":7,""noise_model"":""SI1000"",""p"":0.00185,""rounds"":1}"
     48600,       127,         0,   0.545,pymatching,65341daee33977ef90784b4374b84ca5bf840444d41a4d665435ba620b8c0fa7,"{""code"":""rotated_surface_code"",""d"":7,""noise_model"":""SI1000"",""p"":0.00185,""rounds"":1}"
     48600,       125,         0,   0.518,pymatching,65341daee33977ef90784b4374b84ca5bf840444d41a4d665435ba620b8c0fa7,"{""code"":""rotated_surface_code"",""d"":7,""noise_model"":""SI1000"",""p"":0.00185,""rounds"":1}"
      9930,        25,         0,   0.116,pymatching,65341daee33977ef90784b4374b84ca5bf840444d41a4d665435ba620b8c0fa7,"{""code"":""rotated_surface_code"",""d"":7,""noise_model"":""SI1000"",""p"":0.00185,""rounds"":1}"
      1779,         4,         0,   0.031,pymatching,65341daee33977ef90784b4374b84ca5bf840444d41a4d665435ba620b8c0fa7,"{""code"":""rotated_surface_code"",""d"":7,""noise_model"":""SI1000"",""p"":0.00185,""rounds"":1}"
       714,         2,         0,   0.018,pymatching,65341daee33977ef90784b4374b84ca5bf840444d41a4d665435ba620b8c0fa7,"{""code"":""rotated_surface_code"",""d"":7,""noise_model"":""SI1000"",""p"":0.00185,""rounds"":1}"
    178200,       331,         0,    1.69,pymatching,d85270891ba9911a84e6ee0458e16dc7fd04c8ef8740ae7cf5a23aa0ad001e78,"{""code"":""rotated_surface_code"",""d"":7,""noise_model"":""SI1000"",""p"":0.0016250000000000001,""rounds"":1}"
       100,         0,         0,   0.018,pymatching,4ef0e56bfa2c93238174f2e70287546b9f2426dc0d60f9a6d07a6497f84513ad,"{""code"":""rotated_surface_code"",""d"":7,""noise_model"":""SI1000"",""p"":0.0020750000000000005,""rounds"":1}"
       200,         2,         0,   0.017,pymatching,4ef0e56bfa2c93238174f2e70287546b9f2426dc0d60f9a6d07a6497f84513ad,"{""code"":""rotated_surface_code"",""d"":7,""noise_model"":""SI1000"",""p"":0.0020750000000000005,""rounds"":1}"
       600,         4,         0,   0.020,pymatching,4ef0e56bfa2c93238174f2e70287546b9f2426dc0d60f9a6d07a6497f84513ad,"{""code"":""rotated_surface_code"",""d"":7,""noise_model"":""SI1000"",""p"":0.0020750000000000005,""rounds"":1}"
       600,         5,         0,   0.021,pymatching,4ef0e56bfa2c93238174f2e70287546b9f2426dc0d60f9a6d07a6497f84513ad,"{""code"":""rotated_surface_code"",""d"":7,""noise_model"":""SI1000"",""p"":0.0020750000000000005,""rounds"":1}"
      1800,         7,         0,   0.034,pymatching,4ef0e56bfa2c93238174f2e70287546b9f2426dc0d60f9a6d07a6497f84513ad,"{""code"":""rotated_surface_code"",""d"":7,""noise_model"":""SI1000"",""p"":0.0020750000000000005,""rounds"":1}"
      3000,        10,         0,   0.047,pymatching,4ef0e56bfa2c93238174f2e70287546b9f2426dc0d60f9a6d07a6497f84513ad,"{""code"":""rotated_surface_code"",""d"":7,""noise_model"":""SI1000"",""p"":0.0020750000000000005,""rounds"":1}"
      6600,        31,         0,   0.090,pymatching,4ef0e56bfa2c93238174f2e70287546b9f2426dc0d60f9a6d07a6497f84513ad,"{""code"":""rotated_surface_code"",""d"":7,""noise_model"":""SI1000"",""p"":0.0020750000000000005,""rounds"":1}"
     12600,        60,         0,   0.163,pymatching,4ef0e56bfa2c93238174f2e70287546b9f2426dc0d60f9a6d07a6497f84513ad,"{""code"":""rotated_surface_code"",""d"":7,""noise_model"":""SI1000"",""p"":0.0020750000000000005,""rounds"":1}"
     25800,       107,         0,   0.318,pymatching,4ef0e56bfa2c93238174f2e70287546b9f2426dc0d60f9a6d07a6497f84513ad,"{""code"":""rotated_surface_code"",""d"":7,""noise_model"":""SI1000"",""p"":0.0020750000000000005,""rounds"":1}"
    271000,       235,         0,    2.30,pymatching,24a2a48c9f07f568b9bdb2341d21da5a4fc017c3d9488d11e5e024d34fc9705e,"{""code"":""rotated_surface_code"",""d"":7,""noise_model"":""SI1000"",""p"":0.0014000000000000002,""rounds"":1}"
    242517,       367,         0,    2.34,pymatching,d85270891ba9911a84e6ee0458e16dc7fd04c8ef8740ae7cf5a23aa0ad001e78,"{""code"":""rotated_surface_code"",""d"":7,""noise_model"":""SI1000"",""p"":0.0016250000000000001,""rounds"":1}"
       100,         0,         0,   0.015,pymatching,1e2a97125f37e7f7aaf99f3b4b0ecb00b1dc72a0e2cac4130c73c9cc3c13cb85,"{""code"":""rotated_surface_code"",""d"":7,""noise_model"":""SI1000"",""p"":0.0023,""rounds"":1}"
       200,         0,         0,   0.015,pymatching,1e2a97125f37e7f7aaf99f3b4b0ecb00b1dc72a0e2cac4130c73c9cc3c13cb85,"{""code"":""rotated_surface_code"",""d"":7,""noise_model"":""SI1000"",""p"":0.0023,""rounds"":1}"
       600,         6,         0,   0.022,pymatching,1e2a97125f37e7f7aaf99f3b4b0ecb00b1dc72a0e2cac4130c73c9cc3c13cb85,"{""code"":""rotated_surface_code"",""d"":7,""noise_model"":""SI1000"",""p"":0.0023,""rounds"":1}"
     97200,       259,         0,    1.06,pymatching,65341daee33977ef90784b4374b84ca5bf840444d41a4d665435ba620b8c0fa7,"{""code"":""rotated_surface_code"",""d"":7,""noise_model"":""SI1000"",""p"":0.00185,""rounds"":1}"
      1800,         8,         0,   0.035,pymatching,1e2a97125f37e7f7aaf99f3b4b0ecb00b1dc72a0e2cac4130c73c9cc3c13cb85,"{""code"":""rotated_surface_code"",""d"":7,""noise_model"":""SI1000"",""p"":0.0023,""rounds"":1}"
      2060,         7,         0,   0.034,pymatching,65341daee33977ef90784b4374b84ca5bf840444d41a4d665435ba620b8c0fa7,"{""code"":""rotated_surface_code"",""d"":7,""noise_model"":""SI1000"",""p"":0.00185,""rounds"":1}"
      5400,        29,         0,   0.081,pymatching,1e2a97125f37e7f7aaf99f3b4b0ecb00b1dc72a0e2cac4130c73c9cc3c13cb85,"{""code"":""rotated_surface_code"",""d"":7,""noise_model"":""SI1000"",""p"":0.0023,""rounds"":1}"
      5400,        43,         0,   0.083,pymatching,1e2a97125f37e7f7aaf99f3b4b0ecb00b1dc72a0e2cac4130c73c9cc3c13cb85,"{""code"":""rotated_surface_code"",""d"":7,""noise_model"":""SI1000"",""p"":0.0023,""rounds"":1}"
     21773,        86,         0,   0.268,pymatching,4ef0e56bfa2c93238174f2e70287546b9f2426dc0d60f9a6d07a6497f84513ad,"{""code"":""rotated_surface_code"",""d"":7,""noise_model"":""SI1000"",""p"":0.0020750000000000005,""rounds"":1}"
     51000,       228,         0,   0.616,pymatching,4ef0e56bfa2c93238174f2e70287546b9f2426dc0d60f9a6d07a6497f84513ad,"{""code"":""rotated_surface_code"",""d"":7,""noise_model"":""SI1000"",""p"":0.0020750000000000005,""rounds"":1}"
      7490,        42,         0,   0.098,pymatching,4ef0e56bfa2c93238174f2e70287546b9f2426dc0d60f9a6d07a6497f84513ad,"{""code"":""rotated_surface_code"",""d"":7,""noise_model"":""SI1000"",""p"":0.0020750000000000005,""rounds"":1}"
    115428,       337,         0,    1.36,pymatching,65341daee33977ef90784b4374b84ca5bf840444d41a4d665435ba620b8c0fa7,"{""code"":""rotated_surface_code"",""d"":7,""noise_model"":""SI1000"",""p"":0.00185,""rounds"":1}"
     16200,       107,         0,   0.242,pymatching,1e2a97125f37e7f7aaf99f3b4b0ecb00b1dc72a0e2cac4130c73c9cc3c13cb85,"{""code"":""rotated_surface_code"",""d"":7,""noise_model"":""SI1000"",""p"":0.0023,""rounds"":1}"
       100,         2,         0,   0.015,pymatching,a48892905848be3896dab6d8d97aec7eea937d17e1711f9bb31c671be4a5a9d4,"{""code"":""rotated_surface_code"",""d"":7,""noise_model"":""SI1000"",""p"":0.0025250000000000003,""rounds"":1}"
       200,         1,         0,   0.016,pymatching,a48892905848be3896dab6d8d97aec7eea937d17e1711f9bb31c671be4a5a9d4,"{""code"":""rotated_surface_code"",""d"":7,""noise_model"":""SI1000"",""p"":0.0025250000000000003,""rounds"":1}"
       600,         7,         0,   0.020,pymatching,a48892905848be3896dab6d8d97aec7eea937d17e1711f9bb31c671be4a5a9d4,"{""code"":""rotated_surface_code"",""d"":7,""noise_model"":""SI1000"",""p"":0.0025250000000000003,""rounds"":1}"
     27000,       172,         0,   0.433,pymatching,1e2a97125f37e7f7aaf99f3b4b0ecb00b1dc72a0e2cac4130c73c9cc3c13cb85,"{""code"":""rotated_surface_code"",""d"":7,""noise_model"":""SI1000"",""p"":0.0023,""rounds"":1}"
      1800,        15,         0,   0.062,pymatching,a48892905848be3896dab6d8d97aec7eea937d17e1711f9bb31c671be4a5a9d4,"{""code"":""rotated_surface_code"",""d"":7,""noise_model"":""SI1000"",""p"":0.0025250000000000003,""rounds"":1}"
      1828,         9,         0,   0.037,pymatching,1e2a97125f37e7f7aaf99f3b4b0ecb00b1dc72a0e2cac4130c73c9cc3c13cb85,"{""code"":""rotated_surface_code"",""d"":7,""noise_model"":""SI1000"",""p"":0.0023,""rounds"":1}"
     13157,        90,         0,   0.194,pymatching,1e2a97125f37e7f7aaf99f3b4b0ecb00b1dc72a0e2cac4130c73c9cc3c13cb85,"{""code"":""rotated_surface_code"",""d"":7,""noise_model"":""SI1000"",""p"":0.0023,""rounds"":1}"
     24300,       155,         0,   0.388,pymatching,1e2a97125f37e7f7aaf99f3b4b0ecb00b1dc72a0e2cac4130c73c9cc3c13cb85,"{""code"":""rotated_surface_code"",""d"":7,""noise_model"":""SI1000"",""p"":0.0023,""rounds"":1}"
      1160,         4,         0,   0.026,pymatching,1e2a97125f37e7f7aaf99f3b4b0ecb00b1dc72a0e2cac4130c73c9cc3c13cb85,"{""code"":""rotated_surface_code"",""d"":7,""noise_model"":""SI1000"",""p"":0.0023,""rounds"":1}"
       100,         2,         0,   0.014,pymatching,8f200cfe06cf864baff85ba925cb7021b7b4c36140bf0824a5ae319e76b0c9d6,"{""code"":""rotated_surface_code"",""d"":7,""noise_model"":""SI1000"",""p"":0.0027500000000000003,""rounds"":1}"
       200,         2,         0,   0.014,pymatching,8f200cfe06cf864baff85ba925cb7021b7b4c36140bf0824a5ae319e76b0c9d6,"{""code"":""rotated_surface_code"",""d"":7,""noise_model"":""SI1000"",""p"":0.0027500000000000003,""rounds"":1}"
      5400,        41,         0,   0.095,pymatching,a48892905848be3896dab6d8d97aec7eea937d17e1711f9bb31c671be4a5a9d4,"{""code"":""rotated_surface_code"",""d"":7,""noise_model"":""SI1000"",""p"":0.0025250000000000003,""rounds"":1}"
       600,         8,         0,   0.020,pymatching,8f200cfe06cf864baff85ba925cb7021b7b4c36140bf0824a5ae319e76b0c9d6,"{""code"":""rotated_surface_code"",""d"":7,""noise_model"":""SI1000"",""p"":0.0027500000000000003,""rounds"":1}"
      5400,        50,         0,   0.089,pymatching,a48892905848be3896dab6d8d97aec7eea937d17e1711f9bb31c671be4a5a9d4,"{""code"":""rotated_surface_code"",""d"":7,""noise_model"":""SI1000"",""p"":0.0025250000000000003,""rounds"":1}"
      2700,        19,         0,   0.071,pymatching,a48892905848be3896dab6d8d97aec7eea937d17e1711f9bb31c671be4a5a9d4,"{""code"":""rotated_surface_code"",""d"":7,""noise_model"":""SI1000"",""p"":0.0025250000000000003,""rounds"":1}"
     16200,       142,         0,   0.256,pymatching,a48892905848be3896dab6d8d97aec7eea937d17e1711f9bb31c671be4a5a9d4,"{""code"":""rotated_surface_code"",""d"":7,""noise_model"":""SI1000"",""p"":0.0025250000000000003,""rounds"":1}"
     16200,       148,         0,   0.258,pymatching,a48892905848be3896dab6d8d97aec7eea937d17e1711f9bb31c671be4a5a9d4,"{""code"":""rotated_surface_code"",""d"":7,""noise_model"":""SI1000"",""p"":0.0025250000000000003,""rounds"":1}"
      1800,        29,         0,   0.039,pymatching,8f200cfe06cf864baff85ba925cb7021b7b4c36140bf0824a5ae319e76b0c9d6,"{""code"":""rotated_surface_code"",""d"":7,""noise_model"":""SI1000"",""p"":0.0027500000000000003,""rounds"":1}"
     21600,       170,         0,   0.330,pymatching,a48892905848be3896dab6d8d97aec7eea937d17e1711f9bb31c671be4a5a9d4,"{""code"":""rotated_surface_code"",""d"":7,""noise_model"":""SI1000"",""p"":0.0025250000000000003,""rounds"":1}"
      1240,         7,         0,   0.028,pymatching,a48892905848be3896dab6d8d97aec7eea937d17e1711f9bb31c671be4a5a9d4,"{""code"":""rotated_surface_code"",""d"":7,""noise_model"":""SI1000"",""p"":0.0025250000000000003,""rounds"":1}"
      5400,        63,         0,   0.095,pymatching,8f200cfe06cf864baff85ba925cb7021b7b4c36140bf0824a5ae319e76b0c9d6,"{""code"":""rotated_surface_code"",""d"":7,""noise_model"":""SI1000"",""p"":0.0027500000000000003,""rounds"":1}"
       691,         7,         0,   0.020,pymatching,a48892905848be3896dab6d8d97aec7eea937d17e1711f9bb31c671be4a5a9d4,"{""code"":""rotated_surface_code"",""d"":7,""noise_model"":""SI1000"",""p"":0.0025250000000000003,""rounds"":1}"
     27000,       248,         0,   0.406,pymatching,a48892905848be3896dab6d8d97aec7eea937d17e1711f9bb31c671be4a5a9d4,"{""code"":""rotated_surface_code"",""d"":7,""noise_model"":""SI1000"",""p"":0.0025250000000000003,""rounds"":1}"
    102600,       412,         0,    1.27,pymatching,4ef0e56bfa2c93238174f2e70287546b9f2426dc0d60f9a6d07a6497f84513ad,"{""code"":""rotated_surface_code"",""d"":7,""noise_model"":""SI1000"",""p"":0.0020750000000000005,""rounds"":1}"
      1883,         3,         0,   0.034,pymatching,4ef0e56bfa2c93238174f2e70287546b9f2426dc0d60f9a6d07a6497f84513ad,"{""code"":""rotated_surface_code"",""d"":7,""noise_model"":""SI1000"",""p"":0.0020750000000000005,""rounds"":1}"
      1183,         5,         0,   0.025,pymatching,4ef0e56bfa2c93238174f2e70287546b9f2426dc0d60f9a6d07a6497f84513ad,"{""code"":""rotated_surface_code"",""d"":7,""noise_model"":""SI1000"",""p"":0.0020750000000000005,""rounds"":1}"
     59400,       368,         0,   0.795,pymatching,1e2a97125f37e7f7aaf99f3b4b0ecb00b1dc72a0e2cac4130c73c9cc3c13cb85,"{""code"":""rotated_surface_code"",""d"":7,""noise_model"":""SI1000"",""p"":0.0023,""rounds"":1}"
      8100,        89,         0,   0.133,pymatching,8f200cfe06cf864baff85ba925cb7021b7b4c36140bf0824a5ae319e76b0c9d6,"{""code"":""rotated_surface_code"",""d"":7,""noise_model"":""SI1000"",""p"":0.0027500000000000003,""rounds"":1}"
     19700,       188,         0,   0.307,pymatching,a48892905848be3896dab6d8d97aec7eea937d17e1711f9bb31c671be4a5a9d4,"{""code"":""rotated_surface_code"",""d"":7,""noise_model"":""SI1000"",""p"":0.0025250000000000003,""rounds"":1}"
      1736,        10,         0,   0.034,pymatching,1e2a97125f37e7f7aaf99f3b4b0ecb00b1dc72a0e2cac4130c73c9cc3c13cb85,"{""code"":""rotated_surface_code"",""d"":7,""noise_model"":""SI1000"",""p"":0.0023,""rounds"":1}"
      2760,        37,         0,   0.062,pymatching,8f200cfe06cf864baff85ba925cb7021b7b4c36140bf0824a5ae319e76b0c9d6,"{""code"":""rotated_surface_code"",""d"":7,""noise_model"":""SI1000"",""p"":0.0027500000000000003,""rounds"":1}"
     16200,       217,         0,   0.256,pymatching,8f200cfe06cf864baff85ba925cb7021b7b4c36140bf0824a5ae319e76b0c9d6,"{""code"":""rotated_surface_code"",""d"":7,""noise_model"":""SI1000"",""p"":0.0027500000000000003,""rounds"":1}"
     16200,       187,         0,   0.255,pymatching,8f200cfe06cf864baff85ba925cb7021b7b4c36140bf0824a5ae319e76b0c9d6,"{""code"":""rotated_surface_code"",""d"":7,""noise_model"":""SI1000"",""p"":0.0027500000000000003,""rounds"":1}"
       100,         0,         0,   0.013,pymatching,512ab0a8eff1b15062a816981896ec781e1f26540addc89cd070359afe851f97,"{""code"":""rotated_surface_code"",""d"":7,""noise_model"":""SI1000"",""p"":0.002975,""rounds"":1}"
       100,         2,         0,   0.014,pymatching,512ab0a8eff1b15062a816981896ec781e1f26540addc89cd070359afe851f97,"{""code"":""rotated_surface_code"",""d"":7,""noise_model"":""SI1000"",""p"":0.002975,""rounds"":1}"
       200,         5,         0,   0.014,pymatching,512ab0a8eff1b15062a816981896ec781e1f26540addc89cd070359afe851f97,"{""code"":""rotated_surface_code"",""d"":7,""noise_model"":""SI1000"",""p"":0.002975,""rounds"":1}"
       200,         3,         0,   0.014,pymatching,512ab0a8eff1b15062a816981896ec781e1f26540addc89cd070359afe851f97,"{""code"":""rotated_surface_code"",""d"":7,""noise_model"":""SI1000"",""p"":0.002975,""rounds"":1}"
       100,         3,         0,   0.014,pymatching,88e51c0ac9d4974954f8a4bf0aa2fdda2a94674f8140d294be83eae5dbb35c21,"{""code"":""rotated_surface_code"",""d"":7,""noise_model"":""SI1000"",""p"":0.0032,""rounds"":1}"
       400,         5,         0,   0.021,pymatching,512ab0a8eff1b15062a816981896ec781e1f26540addc89cd070359afe851f97,"{""code"":""rotated_surface_code"",""d"":7,""noise_model"":""SI1000"",""p"":0.002975,""rounds"":1}"
       600,        13,         0,   0.022,pymatching,512ab0a8eff1b15062a816981896ec781e1f26540addc89cd070359afe851f97,"{""code"":""rotated_surface_code"",""d"":7,""noise_model"":""SI1000"",""p"":0.002975,""rounds"":1}"
       800,        15,         0,   0.028,pymatching,512ab0a8eff1b15062a816981896ec781e1f26540addc89cd070359afe851f97,"{""code"":""rotated_surface_code"",""d"":7,""noise_model"":""SI1000"",""p"":0.002975,""rounds"":1}"
      1200,        21,         0,   0.033,pymatching,512ab0a8eff1b15062a816981896ec781e1f26540addc89cd070359afe851f97,"{""code"":""rotated_surface_code"",""d"":7,""noise_model"":""SI1000"",""p"":0.002975,""rounds"":1}"
       800,        22,         0,   0.028,pymatching,512ab0a8eff1b15062a816981896ec781e1f26540addc89cd070359afe851f97,"{""code"":""rotated_surface_code"",""d"":7,""noise_model"":""SI1000"",""p"":0.002975,""rounds"":1}"
      2000,        30,         0,   0.050,pymatching,512ab0a8eff1b15062a816981896ec781e1f26540addc89cd070359afe851f97,"{""code"":""rotated_surface_code"",""d"":7,""noise_model"":""SI1000"",""p"":0.002975,""rounds"":1}"
      3200,        54,         0,   0.084,pymatching,512ab0a8eff1b15062a816981896ec781e1f26540addc89cd070359afe851f97,"{""code"":""rotated_surface_code"",""d"":7,""noise_model"":""SI1000"",""p"":0.002975,""rounds"":1}"
      4800,       101,         0,   0.108,pymatching,512ab0a8eff1b15062a816981896ec781e1f26540addc89cd070359afe851f97,"{""code"":""rotated_surface_code"",""d"":7,""noise_model"":""SI1000"",""p"":0.002975,""rounds"":1}"
       200,         6,         0,   0.029,pymatching,88e51c0ac9d4974954f8a4bf0aa2fdda2a94674f8140d294be83eae5dbb35c21,"{""code"":""rotated_surface_code"",""d"":7,""noise_model"":""SI1000"",""p"":0.0032,""rounds"":1}"
      4800,        77,         0,   0.120,pymatching,512ab0a8eff1b15062a816981896ec781e1f26540addc89cd070359afe851f97,"{""code"":""rotated_surface_code"",""d"":7,""noise_model"":""SI1000"",""p"":0.002975,""rounds"":1}"
       600,         9,         0,   0.039,pymatching,88e51c0ac9d4974954f8a4bf0aa2fdda2a94674f8140d294be83eae5dbb35c21,"{""code"":""rotated_surface_code"",""d"":7,""noise_model"":""SI1000"",""p"":0.0032,""rounds"":1}"
      7200,       122,         0,   0.178,pymatching,512ab0a8eff1b15062a816981896ec781e1f26540addc89cd070359afe851f97,"{""code"":""rotated_surface_code"",""d"":7,""noise_model"":""SI1000"",""p"":0.002975,""rounds"":1}"
       600,        12,         0,   0.051,pymatching,88e51c0ac9d4974954f8a4bf0aa2fdda2a94674f8140d294be83eae5dbb35c21,"{""code"":""rotated_surface_code"",""d"":7,""noise_model"":""SI1000"",""p"":0.0032,""rounds"":1}"
      1800,        32,         0,   0.078,pymatching,88e51c0ac9d4974954f8a4bf0aa2fdda2a94674f8140d294be83eae5dbb35c21,"{""code"":""rotated_surface_code"",""d"":7,""noise_model"":""SI1000"",""p"":0.0032,""rounds"":1}"
      1800,        31,         0,   0.085,pymatching,88e51c0ac9d4974954f8a4bf0aa2fdda2a94674f8140d294be83eae5dbb35c21,"{""code"":""rotated_surface_code"",""d"":7,""noise_model"":""SI1000"",""p"":0.0032,""rounds"":1}"
      3000,        61,         0,   0.096,pymatching,88e51c0ac9d4974954f8a4bf0aa2fdda2a94674f8140d294be83eae5dbb35c21,"{""code"":""rotated_surface_code"",""d"":7,""noise_model"":""SI1000"",""p"":0.0032,""rounds"":1}"
     32400,       400,         0,   0.588,pymatching,8f200cfe06cf864baff85ba925cb7021b7b4c36140bf0824a5ae319e76b0c9d6,"{""code"":""rotated_surface_code"",""d"":7,""noise_model"":""SI1000"",""p"":0.0027500000000000003,""rounds"":1}"
     12000,       194,         0,   0.336,pymatching,512ab0a8eff1b15062a816981896ec781e1f26540addc89cd070359afe851f97,"{""code"":""rotated_surface_code"",""d"":7,""noise_model"":""SI1000"",""p"":0.002975,""rounds"":1}"
      6600,       169,         0,   0.148,pymatching,88e51c0ac9d4974954f8a4bf0aa2fdda2a94674f8140d294be83eae5dbb35c21,"{""code"":""rotated_surface_code"",""d"":7,""noise_model"":""SI1000"",""p"":0.0032,""rounds"":1}"
       100,         5,         0,   0.015,pymatching,5dd85de2cdbfb6919bbaa31e4d2adaf8b4ab4faf60368a214e6fa632257b0160,"{""code"":""rotated_surface_code"",""d"":7,""noise_model"":""SI1000"",""p"":0.003425,""rounds"":1}"
      1605,        25,         0,   0.059,pymatching,512ab0a8eff1b15062a816981896ec781e1f26540addc89cd070359afe851f97,"{""code"":""rotated_surface_code"",""d"":7,""noise_model"":""SI1000"",""p"":0.002975,""rounds"":1}"
       200,         6,         0,   0.016,pymatching,5dd85de2cdbfb6919bbaa31e4d2adaf8b4ab4faf60368a214e6fa632257b0160,"{""code"":""rotated_surface_code"",""d"":7,""noise_model"":""SI1000"",""p"":0.003425,""rounds"":1}"
       234,         6,         0,   0.016,pymatching,512ab0a8eff1b15062a816981896ec781e1f26540addc89cd070359afe851f97,"{""code"":""rotated_surface_code"",""d"":7,""noise_model"":""SI1000"",""p"":0.002975,""rounds"":1}"
       600,        18,         0,   0.024,pymatching,5dd85de2cdbfb6919bbaa31e4d2adaf8b4ab4faf60368a214e6fa632257b0160,"{""code"":""rotated_surface_code"",""d"":7,""noise_model"":""SI1000"",""p"":0.003425,""rounds"":1}"
       600,        11,         0,   0.259,pymatching,5dd85de2cdbfb6919bbaa31e4d2adaf8b4ab4faf60368a214e6fa632257b0160,"{""code"":""rotated_surface_code"",""d"":7,""noise_model"":""SI1000"",""p"":0.003425,""rounds"":1}"
      7500,       148,         0,   0.385,pymatching,88e51c0ac9d4974954f8a4bf0aa2fdda2a94674f8140d294be83eae5dbb35c21,"{""code"":""rotated_surface_code"",""d"":7,""noise_model"":""SI1000"",""p"":0.0032,""rounds"":1}"
     10200,       207,         0,   0.445,pymatching,88e51c0ac9d4974954f8a4bf0aa2fdda2a94674f8140d294be83eae5dbb35c21,"{""code"":""rotated_surface_code"",""d"":7,""noise_model"":""SI1000"",""p"":0.0032,""rounds"":1}"
       100,         2,         0,   0.019,pymatching,e0454dbabe77d01e2d19b40b9df6c137df993715856dacc44c53ad2c0976cbf3,"{""code"":""rotated_surface_code"",""d"":7,""noise_model"":""SI1000"",""p"":0.0036500000000000005,""rounds"":1}"
     17914,       304,         0,   0.669,pymatching,512ab0a8eff1b15062a816981896ec781e1f26540addc89cd070359afe851f97,"{""code"":""rotated_surface_code"",""d"":7,""noise_model"":""SI1000"",""p"":0.002975,""rounds"":1}"
       200,        10,         0,   0.018,pymatching,e0454dbabe77d01e2d19b40b9df6c137df993715856dacc44c53ad2c0976cbf3,"{""code"":""rotated_surface_code"",""d"":7,""noise_model"":""SI1000"",""p"":0.0036500000000000005,""rounds"":1}"
      1800,        41,         0,   0.292,pymatching,5dd85de2cdbfb6919bbaa31e4d2adaf8b4ab4faf60368a214e6fa632257b0160,"{""code"":""rotated_surface_code"",""d"":7,""noise_model"":""SI1000"",""p"":0.003425,""rounds"":1}"
       175,         3,         0,   0.039,pymatching,512ab0a8eff1b15062a816981896ec781e1f26540addc89cd070359afe851f97,"{""code"":""rotated_surface_code"",""d"":7,""noise_model"":""SI1000"",""p"":0.002975,""rounds"":1}"
       600,        16,         0,   0.039,pymatching,e0454dbabe77d01e2d19b40b9df6c137df993715856dacc44c53ad2c0976cbf3,"{""code"":""rotated_surface_code"",""d"":7,""noise_model"":""SI1000"",""p"":0.0036500000000000005,""rounds"":1}"
      2700,        74,         0,   0.088,pymatching,5dd85de2cdbfb6919bbaa31e4d2adaf8b4ab4faf60368a214e6fa632257b0160,"{""code"":""rotated_surface_code"",""d"":7,""noise_model"":""SI1000"",""p"":0.003425,""rounds"":1}"
      3000,        79,         0,   0.094,pymatching,5dd85de2cdbfb6919bbaa31e4d2adaf8b4ab4faf60368a214e6fa632257b0160,"{""code"":""rotated_surface_code"",""d"":7,""noise_model"":""SI1000"",""p"":0.003425,""rounds"":1}"
      1800,        55,         0,   0.088,pymatching,e0454dbabe77d01e2d19b40b9df6c137df993715856dacc44c53ad2c0976cbf3,"{""code"":""rotated_surface_code"",""d"":7,""noise_model"":""SI1000"",""p"":0.0036500000000000005,""rounds"":1}"
     16200,       371,         0,   0.655,pymatching,88e51c0ac9d4974954f8a4bf0aa2fdda2a94674f8140d294be83eae5dbb35c21,"{""code"":""rotated_surface_code"",""d"":7,""noise_model"":""SI1000"",""p"":0.0032,""rounds"":1}"
      6600,       174,         0,   0.205,pymatching,5dd85de2cdbfb6919bbaa31e4d2adaf8b4ab4faf60368a214e6fa632257b0160,"{""code"":""rotated_surface_code"",""d"":7,""noise_model"":""SI1000"",""p"":0.003425,""rounds"":1}"
      4200,       110,         0,   0.175,pymatching,5dd85de2cdbfb6919bbaa31e4d2adaf8b4ab4faf60368a214e6fa632257b0160,"{""code"":""rotated_surface_code"",""d"":7,""noise_model"":""SI1000"",""p"":0.003425,""rounds"":1}"
       100,         1,         0,   0.025,pymatching,444e95302f20522a2420fa1e2dbed1698a05cb92fa3b54b98e7546e49359ce23,"{""code"":""rotated_surface_code"",""d"":7,""noise_model"":""SI1000"",""p"":0.0038750000000000004,""rounds"":1}"
       200,        13,         0,   0.017,pymatching,444e95302f20522a2420fa1e2dbed1698a05cb92fa3b54b98e7546e49359ce23,"{""code"":""rotated_surface_code"",""d"":7,""noise_model"":""SI1000"",""p"":0.0038750000000000004,""rounds"":1}"
      6617,       211,         0,   0.208,pymatching,5dd85de2cdbfb6919bbaa31e4d2adaf8b4ab4faf60368a214e6fa632257b0160,"{""code"":""rotated_surface_code"",""d"":7,""noise_model"":""SI1000"",""p"":0.003425,""rounds"":1}"
      5400,       174,         0,   0.136,pymatching,e0454dbabe77d01e2d19b40b9df6c137df993715856dacc44c53ad2c0976cbf3,"{""code"":""rotated_surface_code"",""d"":7,""noise_model"":""SI1000"",""p"":0.0036500000000000005,""rounds"":1}"
       600,        29,         0,   0.027,pymatching,444e95302f20522a2420fa1e2dbed1698a05cb92fa3b54b98e7546e49359ce23,"{""code"":""rotated_surface_code"",""d"":7,""noise_model"":""SI1000"",""p"":0.0038750000000000004,""rounds"":1}"
      2700,        97,         0,   0.071,pymatching,e0454dbabe77d01e2d19b40b9df6c137df993715856dacc44c53ad2c0976cbf3,"{""code"":""rotated_surface_code"",""d"":7,""noise_model"":""SI1000"",""p"":0.0036500000000000005,""rounds"":1}"
       600,        27,         0,   0.025,pymatching,444e95302f20522a2420fa1e2dbed1698a05cb92fa3b54b98e7546e49359ce23,"{""code"":""rotated_surface_code"",""d"":7,""noise_model"":""SI1000"",""p"":0.0038750000000000004,""rounds"":1}"
      1800,        91,         0,   0.055,pymatching,444e95302f20522a2420fa1e2dbed1698a05cb92fa3b54b98e7546e49359ce23,"{""code"":""rotated_surface_code"",""d"":7,""noise_model"":""SI1000"",""p"":0.0038750000000000004,""rounds"":1}"
      5400,       187,         0,   0.147,pymatching,e0454dbabe77d01e2d19b40b9df6c137df993715856dacc44c53ad2c0976cbf3,"{""code"":""rotated_surface_code"",""d"":7,""noise_model"":""SI1000"",""p"":0.0036500000000000005,""rounds"":1}"
     12000,       336,         0,   0.304,pymatching,5dd85de2cdbfb6919bbaa31e4d2adaf8b4ab4faf60368a214e6fa632257b0160,"{""code"":""rotated_surface_code"",""d"":7,""noise_model"":""SI1000"",""p"":0.003425,""rounds"":1}"
      1800,        77,         0,   0.080,pymatching,444e95302f20522a2420fa1e2dbed1698a05cb92fa3b54b98e7546e49359ce23,"{""code"":""rotated_surface_code"",""d"":7,""noise_model"":""SI1000"",""p"":0.0038750000000000004,""rounds"":1}"
      3000,       142,         0,   0.083,pymatching,444e95302f20522a2420fa1e2dbed1698a05cb92fa3b54b98e7546e49359ce23,"{""code"":""rotated_surface_code"",""d"":7,""noise_model"":""SI1000"",""p"":0.0038750000000000004,""rounds"":1}"
      1607,        69,         0,   0.069,pymatching,444e95302f20522a2420fa1e2dbed1698a05cb92fa3b54b98e7546e49359ce23,"{""code"":""rotated_surface_code"",""d"":7,""noise_model"":""SI1000"",""p"":0.0038750000000000004,""rounds"":1}"
       100,         4,         0,   0.016,pymatching,3fba2a362498748827fe6e3c507d9c3e45fe6d89f0b1996477efef6697738afb,"{""code"":""rotated_surface_code"",""d"":7,""noise_model"":""SI1000"",""p"":0.0041,""rounds"":1}"
       231,        12,         0,   0.017,pymatching,444e95302f20522a2420fa1e2dbed1698a05cb92fa3b54b98e7546e49359ce23,"{""code"":""rotated_surface_code"",""d"":7,""noise_model"":""SI1000"",""p"":0.0038750000000000004,""rounds"":1}"
      5100,       185,         0,   0.145,pymatching,444e95302f20522a2420fa1e2dbed1698a05cb92fa3b54b98e7546e49359ce23,"{""code"":""rotated_surface_code"",""d"":7,""noise_model"":""SI1000"",""p"":0.0038750000000000004,""rounds"":1}"
       200,        11,         0,   0.017,pymatching,3fba2a362498748827fe6e3c507d9c3e45fe6d89f0b1996477efef6697738afb,"{""code"":""rotated_surface_code"",""d"":7,""noise_model"":""SI1000"",""p"":0.0041,""rounds"":1}"
       200,        15,         0,   0.017,pymatching,3fba2a362498748827fe6e3c507d9c3e45fe6d89f0b1996477efef6697738afb,"{""code"":""rotated_surface_code"",""d"":7,""noise_model"":""SI1000"",""p"":0.0041,""rounds"":1}"
      6600,       319,         0,   0.185,pymatching,444e95302f20522a2420fa1e2dbed1698a05cb92fa3b54b98e7546e49359ce23,"{""code"":""rotated_surface_code"",""d"":7,""noise_model"":""SI1000"",""p"":0.0038750000000000004,""rounds"":1}"
       600,        26,         0,   0.026,pymatching,3fba2a362498748827fe6e3c507d9c3e45fe6d89f0b1996477efef6697738afb,"{""code"":""rotated_surface_code"",""d"":7,""noise_model"":""SI1000"",""p"":0.0041,""rounds"":1}"
       100,         8,         0,   0.015,pymatching,9cd83ace8ebc713d63bccd0cb70f92a9db7c5dcf7ac25949ced922dd03d1b1bf,"{""code"":""rotated_surface_code"",""d"":7,""noise_model"":""SI1000"",""p"":0.004325000000000001,""rounds"":1}"
      1675,        64,         0,   0.052,pymatching,444e95302f20522a2420fa1e2dbed1698a05cb92fa3b54b98e7546e49359ce23,"{""code"":""rotated_surface_code"",""d"":7,""noise_model"":""SI1000"",""p"":0.0038750000000000004,""rounds"":1}"
      1000,        60,         0,   0.039,pymatching,3fba2a362498748827fe6e3c507d9c3e45fe6d89f0b1996477efef6697738afb,"{""code"":""rotated_surface_code"",""d"":7,""noise_model"":""SI1000"",""p"":0.0041,""rounds"":1}"
       900,        44,         0,   0.035,pymatching,3fba2a362498748827fe6e3c507d9c3e45fe6d89f0b1996477efef6697738afb,"{""code"":""rotated_surface_code"",""d"":7,""noise_model"":""SI1000"",""p"":0.0041,""rounds"":1}"
       200,        14,         0,   0.019,pymatching,9cd83ace8ebc713d63bccd0cb70f92a9db7c5dcf7ac25949ced922dd03d1b1bf,"{""code"":""rotated_surface_code"",""d"":7,""noise_model"":""SI1000"",""p"":0.004325000000000001,""rounds"":1}"
      1400,        84,         0,   0.047,pymatching,3fba2a362498748827fe6e3c507d9c3e45fe6d89f0b1996477efef6697738afb,"{""code"":""rotated_surface_code"",""d"":7,""noise_model"":""SI1000"",""p"":0.0041,""rounds"":1}"
      2200,       132,         0,   0.068,pymatching,3fba2a362498748827fe6e3c507d9c3e45fe6d89f0b1996477efef6697738afb,"{""code"":""rotated_surface_code"",""d"":7,""noise_model"":""SI1000"",""p"":0.0041,""rounds"":1}"
        17,         1,         0,   0.021,pymatching,3fba2a362498748827fe6e3c507d9c3e45fe6d89f0b1996477efef6697738afb,"{""code"":""rotated_surface_code"",""d"":7,""noise_model"":""SI1000"",""p"":0.0041,""rounds"":1}"
      1200,        61,         0,   0.046,pymatching,3fba2a362498748827fe6e3c507d9c3e45fe6d89f0b1996477efef6697738afb,"{""code"":""rotated_surface_code"",""d"":7,""noise_model"":""SI1000"",""p"":0.0041,""rounds"":1}"
     15293,       524,         0,   0.351,pymatching,e0454dbabe77d01e2d19b40b9df6c137df993715856dacc44c53ad2c0976cbf3,"{""code"":""rotated_surface_code"",""d"":7,""noise_model"":""SI1000"",""p"":0.0036500000000000005,""rounds"":1}"
       600,        38,         0,   0.031,pymatching,9cd83ace8ebc713d63bccd0cb70f92a9db7c5dcf7ac25949ced922dd03d1b1bf,"{""code"":""rotated_surface_code"",""d"":7,""noise_model"":""SI1000"",""p"":0.004325000000000001,""rounds"":1}"
       600,        43,         0,   0.034,pymatching,9cd83ace8ebc713d63bccd0cb70f92a9db7c5dcf7ac25949ced922dd03d1b1bf,"{""code"":""rotated_surface_code"",""d"":7,""noise_model"":""SI1000"",""p"":0.004325000000000001,""rounds"":1}"
       300,        20,         0,   0.032,pymatching,9cd83ace8ebc713d63bccd0cb70f92a9db7c5dcf7ac25949ced922dd03d1b1bf,"{""code"":""rotated_surface_code"",""d"":7,""noise_model"":""SI1000"",""p"":0.004325000000000001,""rounds"":1}"
      4200,       216,         0,   0.132,pymatching,3fba2a362498748827fe6e3c507d9c3e45fe6d89f0b1996477efef6697738afb,"{""code"":""rotated_surface_code"",""d"":7,""noise_model"":""SI1000"",""p"":0.0041,""rounds"":1}"
       386,        24,         0,   0.032,pymatching,3fba2a362498748827fe6e3c507d9c3e45fe6d89f0b1996477efef6697738afb,"{""code"":""rotated_surface_code"",""d"":7,""noise_model"":""SI1000"",""p"":0.0041,""rounds"":1}"
      6000,       313,         0,   0.164,pymatching,3fba2a362498748827fe6e3c507d9c3e45fe6d89f0b1996477efef6697738afb,"{""code"":""rotated_surface_code"",""d"":7,""noise_model"":""SI1000"",""p"":0.0041,""rounds"":1}"
      1800,       107,         0,   0.079,pymatching,9cd83ace8ebc713d63bccd0cb70f92a9db7c5dcf7ac25949ced922dd03d1b1bf,"{""code"":""rotated_surface_code"",""d"":7,""noise_model"":""SI1000"",""p"":0.004325000000000001,""rounds"":1}"
       205,        11,         0,   0.026,pymatching,3fba2a362498748827fe6e3c507d9c3e45fe6d89f0b1996477efef6697738afb,"{""code"":""rotated_surface_code"",""d"":7,""noise_model"":""SI1000"",""p"":0.0041,""rounds"":1}"
       600,        42,         0,   0.040,pymatching,9cd83ace8ebc713d63bccd0cb70f92a9db7c5dcf7ac25949ced922dd03d1b1bf,"{""code"":""rotated_surface_code"",""d"":7,""noise_model"":""SI1000"",""p"":0.004325000000000001,""rounds"":1}"
       100,        13,         0,   0.027,pymatching,70cfb17841eed4e3e7807c2fbec765b49cc8c5552fc2c8bb7588619321837af1,"{""code"":""rotated_surface_code"",""d"":7,""noise_model"":""SI1000"",""p"":0.00455,""rounds"":1}"
      3000,       173,         0,   0.122,pymatching,9cd83ace8ebc713d63bccd0cb70f92a9db7c5dcf7ac25949ced922dd03d1b1bf,"{""code"":""rotated_surface_code"",""d"":7,""noise_model"":""SI1000"",""p"":0.004325000000000001,""rounds"":1}"
      3600,       222,         0,   0.139,pymatching,9cd83ace8ebc713d63bccd0cb70f92a9db7c5dcf7ac25949ced922dd03d1b1bf,"{""code"":""rotated_surface_code"",""d"":7,""noise_model"":""SI1000"",""p"":0.004325000000000001,""rounds"":1}"
        23,         1,         0,   0.015,pymatching,9cd83ace8ebc713d63bccd0cb70f92a9db7c5dcf7ac25949ced922dd03d1b1bf,"{""code"":""rotated_surface_code"",""d"":7,""noise_model"":""SI1000"",""p"":0.004325000000000001,""rounds"":1}"
       200,        21,         0,   0.018,pymatching,70cfb17841eed4e3e7807c2fbec765b49cc8c5552fc2c8bb7588619321837af1,"{""code"":""rotated_surface_code"",""d"":7,""noise_model"":""SI1000"",""p"":0.00455,""rounds"":1}"
       200,        15,         0,   0.018,pymatching,70cfb17841eed4e3e7807c2fbec765b49cc8c5552fc2c8bb7588619321837af1,"{""code"":""rotated_surface_code"",""d"":7,""noise_model"":""SI1000"",""p"":0.00455,""rounds"":1}"
        10,         0,         0,   0.014,pymatching,9cd83ace8ebc713d63bccd0cb70f92a9db7c5dcf7ac25949ced922dd03d1b1bf,"{""code"":""rotated_surface_code"",""d"":7,""noise_model"":""SI1000"",""p"":0.004325000000000001,""rounds"":1}"
       559,        33,         0,   0.039,pymatching,9cd83ace8ebc713d63bccd0cb70f92a9db7c5dcf7ac25949ced922dd03d1b1bf,"{""code"":""rotated_surface_code"",""d"":7,""noise_model"":""SI1000"",""p"":0.004325000000000001,""rounds"":1}"
        15,         0,         0,   0.021,pymatching,9cd83ace8ebc713d63bccd0cb70f92a9db7c5dcf7ac25949ced922dd03d1b1bf,"{""code"":""rotated_surface_code"",""d"":7,""noise_model"":""SI1000"",""p"":0.004325000000000001,""rounds"":1}"
      4835,       286,         0,   0.181,pymatching,9cd83ace8ebc713d63bccd0cb70f92a9db7c5dcf7ac25949ced922dd03d1b1bf,"{""code"":""rotated_surface_code"",""d"":7,""noise_model"":""SI1000"",""p"":0.004325000000000001,""rounds"":1}"
       600,        50,         0,   0.035,pymatching,70cfb17841eed4e3e7807c2fbec765b49cc8c5552fc2c8bb7588619321837af1,"{""code"":""rotated_surface_code"",""d"":7,""noise_model"":""SI1000"",""p"":0.00455,""rounds"":1}"
        36,         3,         0,   0.021,pymatching,9cd83ace8ebc713d63bccd0cb70f92a9db7c5dcf7ac25949ced922dd03d1b1bf,"{""code"":""rotated_surface_code"",""d"":7,""noise_model"":""SI1000"",""p"":0.004325000000000001,""rounds"":1}"
        21,         1,         0,   0.014,pymatching,9cd83ace8ebc713d63bccd0cb70f92a9db7c5dcf7ac25949ced922dd03d1b1bf,"{""code"":""rotated_surface_code"",""d"":7,""noise_model"":""SI1000"",""p"":0.004325000000000001,""rounds"":1}"
       190,        10,         0,   0.018,pymatching,9cd83ace8ebc713d63bccd0cb70f92a9db7c5dcf7ac25949ced922dd03d1b1bf,"{""code"":""rotated_surface_code"",""d"":7,""noise_model"":""SI1000"",""p"":0.004325000000000001,""rounds"":1}"
      1000,        84,         0,   0.048,pymatching,70cfb17841eed4e3e7807c2fbec765b49cc8c5552fc2c8bb7588619321837af1,"{""code"":""rotated_surface_code"",""d"":7,""noise_model"":""SI1000"",""p"":0.00455,""rounds"":1}"
       100,         5,         0,   0.016,pymatching,fe470f48623f6409b4d4fb11b84e51a042197cbb6fd145a4c75965a2fc02c772,"{""code"":""rotated_surface_code"",""d"":7,""noise_model"":""SI1000"",""p"":0.004775,""rounds"":1}"
       100,         5,         0,   0.021,pymatching,70cfb17841eed4e3e7807c2fbec765b49cc8c5552fc2c8bb7588619321837af1,"{""code"":""rotated_surface_code"",""d"":7,""noise_model"":""SI1000"",""p"":0.00455,""rounds"":1}"
       100,        12,         0,   0.016,pymatching,7dcbf85018fb0d87418a90ed9f5f6bddca5877c47dca73e8fa9e09daebd73a32,"{""code"":""rotated_surface_code"",""d"":7,""noise_model"":""SI1000"",""p"":0.005,""rounds"":1}"
       228,        17,         0,   0.022,pymatching,70cfb17841eed4e3e7807c2fbec765b49cc8c5552fc2c8bb7588619321837af1,"{""code"":""rotated_surface_code"",""d"":7,""noise_model"":""SI1000"",""p"":0.00455,""rounds"":1}"
       652,        55,         0,   0.030,pymatching,70cfb17841eed4e3e7807c2fbec765b49cc8c5552fc2c8bb7588619321837af1,"{""code"":""rotated_surface_code"",""d"":7,""noise_model"":""SI1000"",""p"":0.00455,""rounds"":1}"
       146,         8,         0,   0.018,pymatching,70cfb17841eed4e3e7807c2fbec765b49cc8c5552fc2c8bb7588619321837af1,"{""code"":""rotated_surface_code"",""d"":7,""noise_model"":""SI1000"",""p"":0.00455,""rounds"":1}"
        14,         1,         0,   0.014,pymatching,70cfb17841eed4e3e7807c2fbec765b49cc8c5552fc2c8bb7588619321837af1,"{""code"":""rotated_surface_code"",""d"":7,""noise_model"":""SI1000"",""p"":0.00455,""rounds"":1}"
      2200,       175,         0,   0.076,pymatching,70cfb17841eed4e3e7807c2fbec765b49cc8c5552fc2c8bb7588619321837af1,"{""code"":""rotated_surface_code"",""d"":7,""noise_model"":""SI1000"",""p"":0.00455,""rounds"":1}"
      2200,       166,         0,   0.078,pymatching,70cfb17841eed4e3e7807c2fbec765b49cc8c5552fc2c8bb7588619321837af1,"{""code"":""rotated_surface_code"",""d"":7,""noise_model"":""SI1000"",""p"":0.00455,""rounds"":1}"
       200,        10,         0,   0.045,pymatching,fe470f48623f6409b4d4fb11b84e51a042197cbb6fd145a4c75965a2fc02c772,"{""code"":""rotated_surface_code"",""d"":7,""noise_model"":""SI1000"",""p"":0.004775,""rounds"":1}"
         7,         0,         0,   0.013,pymatching,70cfb17841eed4e3e7807c2fbec765b49cc8c5552fc2c8bb7588619321837af1,"{""code"":""rotated_surface_code"",""d"":7,""noise_model"":""SI1000"",""p"":0.00455,""rounds"":1}"
       192,        17,         0,   0.017,pymatching,70cfb17841eed4e3e7807c2fbec765b49cc8c5552fc2c8bb7588619321837af1,"{""code"":""rotated_surface_code"",""d"":7,""noise_model"":""SI1000"",""p"":0.00455,""rounds"":1}"
       224,        21,         0,   0.019,pymatching,70cfb17841eed4e3e7807c2fbec765b49cc8c5552fc2c8bb7588619321837af1,"{""code"":""rotated_surface_code"",""d"":7,""noise_model"":""SI1000"",""p"":0.00455,""rounds"":1}"
       280,        24,         0,   0.021,pymatching,70cfb17841eed4e3e7807c2fbec765b49cc8c5552fc2c8bb7588619321837af1,"{""code"":""rotated_surface_code"",""d"":7,""noise_model"":""SI1000"",""p"":0.00455,""rounds"":1}"
        11,         3,         0,   0.014,pymatching,70cfb17841eed4e3e7807c2fbec765b49cc8c5552fc2c8bb7588619321837af1,"{""code"":""rotated_surface_code"",""d"":7,""noise_model"":""SI1000"",""p"":0.00455,""rounds"":1}"
       600,        61,         0,   0.035,pymatching,fe470f48623f6409b4d4fb11b84e51a042197cbb6fd145a4c75965a2fc02c772,"{""code"":""rotated_surface_code"",""d"":7,""noise_model"":""SI1000"",""p"":0.004775,""rounds"":1}"
       300,        29,         0,   0.021,pymatching,fe470f48623f6409b4d4fb11b84e51a042197cbb6fd145a4c75965a2fc02c772,"{""code"":""rotated_surface_code"",""d"":7,""noise_model"":""SI1000"",""p"":0.004775,""rounds"":1}"
       600,        66,         0,   0.030,pymatching,fe470f48623f6409b4d4fb11b84e51a042197cbb6fd145a4c75965a2fc02c772,"{""code"":""rotated_surface_code"",""d"":7,""noise_model"":""SI1000"",""p"":0.004775,""rounds"":1}"
       200,        19,         0,   0.018,pymatching,7dcbf85018fb0d87418a90ed9f5f6bddca5877c47dca73e8fa9e09daebd73a32,"{""code"":""rotated_surface_code"",""d"":7,""noise_model"":""SI1000"",""p"":0.005,""rounds"":1}"
       200,        23,         0,   0.021,pymatching,7dcbf85018fb0d87418a90ed9f5f6bddca5877c47dca73e8fa9e09daebd73a32,"{""code"":""rotated_surface_code"",""d"":7,""noise_model"":""SI1000"",""p"":0.005,""rounds"":1}"
      4200,       308,         0,   0.134,pymatching,70cfb17841eed4e3e7807c2fbec765b49cc8c5552fc2c8bb7588619321837af1,"{""code"":""rotated_surface_code"",""d"":7,""noise_model"":""SI1000"",""p"":0.00455,""rounds"":1}"
       902,        76,         0,   0.039,pymatching,fe470f48623f6409b4d4fb11b84e51a042197cbb6fd145a4c75965a2fc02c772,"{""code"":""rotated_surface_code"",""d"":7,""noise_model"":""SI1000"",""p"":0.004775,""rounds"":1}"
      1000,        98,         0,   0.046,pymatching,7dcbf85018fb0d87418a90ed9f5f6bddca5877c47dca73e8fa9e09daebd73a32,"{""code"":""rotated_surface_code"",""d"":7,""noise_model"":""SI1000"",""p"":0.005,""rounds"":1}"
       243,        20,         0,   0.021,pymatching,70cfb17841eed4e3e7807c2fbec765b49cc8c5552fc2c8bb7588619321837af1,"{""code"":""rotated_surface_code"",""d"":7,""noise_model"":""SI1000"",""p"":0.00455,""rounds"":1}"
       429,        53,         0,   0.027,pymatching,fe470f48623f6409b4d4fb11b84e51a042197cbb6fd145a4c75965a2fc02c772,"{""code"":""rotated_surface_code"",""d"":7,""noise_model"":""SI1000"",""p"":0.004775,""rounds"":1}"
      2400,       225,         0,   0.088,pymatching,fe470f48623f6409b4d4fb11b84e51a042197cbb6fd145a4c75965a2fc02c772,"{""code"":""rotated_surface_code"",""d"":7,""noise_model"":""SI1000"",""p"":0.004775,""rounds"":1}"
      1800,       164,         0,   0.091,pymatching,fe470f48623f6409b4d4fb11b84e51a042197cbb6fd145a4c75965a2fc02c772,"{""code"":""rotated_surface_code"",""d"":7,""noise_model"":""SI1000"",""p"":0.004775,""rounds"":1}"
      3600,       279,         0,   0.127,pymatching,fe470f48623f6409b4d4fb11b84e51a042197cbb6fd145a4c75965a2fc02c772,"{""code"":""rotated_surface_code"",""d"":7,""noise_model"":""SI1000"",""p"":0.004775,""rounds"":1}"
      1500,       148,         0,   0.059,pymatching,7dcbf85018fb0d87418a90ed9f5f6bddca5877c47dca73e8fa9e09daebd73a32,"{""code"":""rotated_surface_code"",""d"":7,""noise_model"":""SI1000"",""p"":0.005,""rounds"":1}"
      3000,       283,         0,   0.106,pymatching,7dcbf85018fb0d87418a90ed9f5f6bddca5877c47dca73e8fa9e09daebd73a32,"{""code"":""rotated_surface_code"",""d"":7,""noise_model"":""SI1000"",""p"":0.005,""rounds"":1}"
      3000,       319,         0,   0.142,pymatching,7dcbf85018fb0d87418a90ed9f5f6bddca5877c47dca73e8fa9e09daebd73a32,"{""code"":""rotated_surface_code"",""d"":7,""noise_model"":""SI1000"",""p"":0.005,""rounds"":1}"
       306,        26,         0,   0.024,pymatching,7dcbf85018fb0d87418a90ed9f5f6bddca5877c47dca73e8fa9e09daebd73a32,"{""code"":""rotated_surface_code"",""d"":7,""noise_model"":""SI1000"",""p"":0.005,""rounds"":1}"
       384,        24,         0,   0.028,pymatching,fe470f48623f6409b4d4fb11b84e51a042197cbb6fd145a4c75965a2fc02c772,"{""code"":""rotated_surface_code"",""d"":7,""noise_model"":""SI1000"",""p"":0.004775,""rounds"":1}"
      1000,        87,         0,   0.048,pymatching,7dcbf85018fb0d87418a90ed9f5f6bddca5877c47dca73e8fa9e09daebd73a32,"{""code"":""rotated_surface_code"",""d"":7,""noise_model"":""SI1000"",""p"":0.005,""rounds"":1}"
       114,        10,         0,   0.013,pymatching,fe470f48623f6409b4d4fb11b84e51a042197cbb6fd145a4c75965a2fc02c772,"{""code"":""rotated_surface_code"",""d"":7,""noise_model"":""SI1000"",""p"":0.004775,""rounds"":1}"
       100,         0,         0,   0.033,pymatching,c8a4b53c38ff5c0066bd97680b2bb3c2a001310ddb319c63b335db3e5fa21377,"{""code"":""rotated_surface_code"",""d"":9,""noise_model"":""SI1000"",""p"":0.0007250000000000001,""rounds"":1}"
       100,         0,         0,   0.034,pymatching,06805a798d5c82c33d584f0ded9b1c1dc3eb8a43fa99e4ba642290c138dd0404,"{""code"":""rotated_surface_code"",""d"":9,""noise_model"":""SI1000"",""p"":0.0005,""rounds"":1}"
       100,         0,         0,   0.032,pymatching,617575a68b2efb35d043703673573cf81d151811277c31fa7201e8d0f7e119ad,"{""code"":""rotated_surface_code"",""d"":9,""noise_model"":""SI1000"",""p"":0.0009500000000000001,""rounds"":1}"
       200,         0,         0,   0.033,pymatching,06805a798d5c82c33d584f0ded9b1c1dc3eb8a43fa99e4ba642290c138dd0404,"{""code"":""rotated_surface_code"",""d"":9,""noise_model"":""SI1000"",""p"":0.0005,""rounds"":1}"
       200,         0,         0,   0.035,pymatching,c8a4b53c38ff5c0066bd97680b2bb3c2a001310ddb319c63b335db3e5fa21377,"{""code"":""rotated_surface_code"",""d"":9,""noise_model"":""SI1000"",""p"":0.0007250000000000001,""rounds"":1}"
       100,         0,         0,   0.036,pymatching,f976918549e3c8f66e9af9e9e1b5492280381d3f22e001ad92a99b3fa8b58bcd,"{""code"":""rotated_surface_code"",""d"":9,""noise_model"":""SI1000"",""p"":0.001175,""rounds"":1}"
       200,         0,         0,   0.028,pymatching,06805a798d5c82c33d584f0ded9b1c1dc3eb8a43fa99e4ba642290c138dd0404,"{""code"":""rotated_surface_code"",""d"":9,""noise_model"":""SI1000"",""p"":0.0005,""rounds"":1}"
       100,         0,         0,   0.029,pymatching,06805a798d5c82c33d584f0ded9b1c1dc3eb8a43fa99e4ba642290c138dd0404,"{""code"":""rotated_surface_code"",""d"":9,""noise_model"":""SI1000"",""p"":0.0005,""rounds"":1}"
       600,         0,         0,   0.031,pymatching,06805a798d5c82c33d584f0ded9b1c1dc3eb8a43fa99e4ba642290c138dd0404,"{""code"":""rotated_surface_code"",""d"":9,""noise_model"":""SI1000"",""p"":0.0005,""rounds"":1}"
       600,         0,         0,   0.030,pymatching,06805a798d5c82c33d584f0ded9b1c1dc3eb8a43fa99e4ba642290c138dd0404,"{""code"":""rotated_surface_code"",""d"":9,""noise_model"":""SI1000"",""p"":0.0005,""rounds"":1}"
       800,         0,         0,   0.036,pymatching,06805a798d5c82c33d584f0ded9b1c1dc3eb8a43fa99e4ba642290c138dd0404,"{""code"":""rotated_surface_code"",""d"":9,""noise_model"":""SI1000"",""p"":0.0005,""rounds"":1}"
      1000,         0,         0,   0.056,pymatching,06805a798d5c82c33d584f0ded9b1c1dc3eb8a43fa99e4ba642290c138dd0404,"{""code"":""rotated_surface_code"",""d"":9,""noise_model"":""SI1000"",""p"":0.0005,""rounds"":1}"
      1200,         0,         0,   0.038,pymatching,06805a798d5c82c33d584f0ded9b1c1dc3eb8a43fa99e4ba642290c138dd0404,"{""code"":""rotated_surface_code"",""d"":9,""noise_model"":""SI1000"",""p"":0.0005,""rounds"":1}"
      2400,         0,         0,   0.055,pymatching,06805a798d5c82c33d584f0ded9b1c1dc3eb8a43fa99e4ba642290c138dd0404,"{""code"":""rotated_surface_code"",""d"":9,""noise_model"":""SI1000"",""p"":0.0005,""rounds"":1}"
      3600,         0,         0,   0.065,pymatching,06805a798d5c82c33d584f0ded9b1c1dc3eb8a43fa99e4ba642290c138dd0404,"{""code"":""rotated_surface_code"",""d"":9,""noise_model"":""SI1000"",""p"":0.0005,""rounds"":1}"
       600,         0,         0,   0.035,pymatching,c8a4b53c38ff5c0066bd97680b2bb3c2a001310ddb319c63b335db3e5fa21377,"{""code"":""rotated_surface_code"",""d"":9,""noise_model"":""SI1000"",""p"":0.0007250000000000001,""rounds"":1}"
      4800,         0,         0,   0.085,pymatching,06805a798d5c82c33d584f0ded9b1c1dc3eb8a43fa99e4ba642290c138dd0404,"{""code"":""rotated_surface_code"",""d"":9,""noise_model"":""SI1000"",""p"":0.0005,""rounds"":1}"
      1800,         0,         0,   0.058,pymatching,c8a4b53c38ff5c0066bd97680b2bb3c2a001310ddb319c63b335db3e5fa21377,"{""code"":""rotated_surface_code"",""d"":9,""noise_model"":""SI1000"",""p"":0.0007250000000000001,""rounds"":1}"
      6000,         0,         0,   0.129,pymatching,06805a798d5c82c33d584f0ded9b1c1dc3eb8a43fa99e4ba642290c138dd0404,"{""code"":""rotated_surface_code"",""d"":9,""noise_model"":""SI1000"",""p"":0.0005,""rounds"":1}"
      7200,         0,         0,   0.144,pymatching,06805a798d5c82c33d584f0ded9b1c1dc3eb8a43fa99e4ba642290c138dd0404,"{""code"":""rotated_surface_code"",""d"":9,""noise_model"":""SI1000"",""p"":0.0005,""rounds"":1}"
      5400,         0,         0,   0.125,pymatching,c8a4b53c38ff5c0066bd97680b2bb3c2a001310ddb319c63b335db3e5fa21377,"{""code"":""rotated_surface_code"",""d"":9,""noise_model"":""SI1000"",""p"":0.0007250000000000001,""rounds"":1}"
     14400,         0,         0,   0.214,pymatching,06805a798d5c82c33d584f0ded9b1c1dc3eb8a43fa99e4ba642290c138dd0404,"{""code"":""rotated_surface_code"",""d"":9,""noise_model"":""SI1000"",""p"":0.0005,""rounds"":1}"
     21600,         0,         0,   0.316,pymatching,06805a798d5c82c33d584f0ded9b1c1dc3eb8a43fa99e4ba642290c138dd0404,"{""code"":""rotated_surface_code"",""d"":9,""noise_model"":""SI1000"",""p"":0.0005,""rounds"":1}"
     16200,         0,         0,   0.285,pymatching,c8a4b53c38ff5c0066bd97680b2bb3c2a001310ddb319c63b335db3e5fa21377,"{""code"":""rotated_surface_code"",""d"":9,""noise_model"":""SI1000"",""p"":0.0007250000000000001,""rounds"":1}"
     28800,         0,         0,   0.492,pymatching,06805a798d5c82c33d584f0ded9b1c1dc3eb8a43fa99e4ba642290c138dd0404,"{""code"":""rotated_surface_code"",""d"":9,""noise_model"":""SI1000"",""p"":0.0005,""rounds"":1}"
     36000,         0,         0,   0.538,pymatching,06805a798d5c82c33d584f0ded9b1c1dc3eb8a43fa99e4ba642290c138dd0404,"{""code"":""rotated_surface_code"",""d"":9,""noise_model"":""SI1000"",""p"":0.0005,""rounds"":1}"
     43200,         0,         0,   0.759,pymatching,06805a798d5c82c33d584f0ded9b1c1dc3eb8a43fa99e4ba642290c138dd0404,"{""code"":""rotated_surface_code"",""d"":9,""noise_model"":""SI1000"",""p"":0.0005,""rounds"":1}"
     48600,         0,         0,    1.18,pymatching,c8a4b53c38ff5c0066bd97680b2bb3c2a001310ddb319c63b335db3e5fa21377,"{""code"":""rotated_surface_code"",""d"":9,""noise_model"":""SI1000"",""p"":0.0007250000000000001,""rounds"":1}"
     86400,         0,         0,    1.66,pymatching,06805a798d5c82c33d584f0ded9b1c1dc3eb8a43fa99e4ba642290c138dd0404,"{""code"":""rotated_surface_code"",""d"":9,""noise_model"":""SI1000"",""p"":0.0005,""rounds"":1}"
    129600,         0,         0,    2.35,pymatching,06805a798d5c82c33d584f0ded9b1c1dc3eb8a43fa99e4ba642290c138dd0404,"{""code"":""rotated_surface_code"",""d"":9,""noise_model"":""SI1000"",""p"":0.0005,""rounds"":1}"
    172800,         0,         0,    2.81,pymatching,06805a798d5c82c33d584f0ded9b1c1dc3eb8a43fa99e4ba642290c138dd0404,"{""code"":""rotated_surface_code"",""d"":9,""noise_model"":""SI1000"",""p"":0.0005,""rounds"":1}"
       200,         0,         0,   0.034,pymatching,617575a68b2efb35d043703673573cf81d151811277c31fa7201e8d0f7e119ad,"{""code"":""rotated_surface_code"",""d"":9,""noise_model"":""SI1000"",""p"":0.0009500000000000001,""rounds"":1}"
       600,         0,         0,   0.033,pymatching,617575a68b2efb35d043703673573cf81d151811277c31fa7201e8d0f7e119ad,"{""code"":""rotated_surface_code"",""d"":9,""noise_model"":""SI1000"",""p"":0.0009500000000000001,""rounds"":1}"
      1800,         0,         0,   0.053,pymatching,617575a68b2efb35d043703673573cf81d151811277c31fa7201e8d0f7e119ad,"{""code"":""rotated_surface_code"",""d"":9,""noise_model"":""SI1000"",""p"":0.0009500000000000001,""rounds"":1}"
      5400,         0,         0,   0.106,pymatching,617575a68b2efb35d043703673573cf81d151811277c31fa7201e8d0f7e119ad,"{""code"":""rotated_surface_code"",""d"":9,""noise_model"":""SI1000"",""p"":0.0009500000000000001,""rounds"":1}"
    216000,         0,         0,    3.02,pymatching,06805a798d5c82c33d584f0ded9b1c1dc3eb8a43fa99e4ba642290c138dd0404,"{""code"":""rotated_surface_code"",""d"":9,""noise_model"":""SI1000"",""p"":0.0005,""rounds"":1}"
     72900,         1,         0,    1.11,pymatching,c8a4b53c38ff5c0066bd97680b2bb3c2a001310ddb319c63b335db3e5fa21377,"{""code"":""rotated_surface_code"",""d"":9,""noise_model"":""SI1000"",""p"":0.0007250000000000001,""rounds"":1}"
     16200,         2,         0,   0.266,pymatching,617575a68b2efb35d043703673573cf81d151811277c31fa7201e8d0f7e119ad,"{""code"":""rotated_surface_code"",""d"":9,""noise_model"":""SI1000"",""p"":0.0009500000000000001,""rounds"":1}"
     16200,         2,         0,   0.262,pymatching,617575a68b2efb35d043703673573cf81d151811277c31fa7201e8d0f7e119ad,"{""code"":""rotated_surface_code"",""d"":9,""noise_model"":""SI1000"",""p"":0.0009500000000000001,""rounds"":1}"
    222400,         0,         0,    3.11,pymatching,06805a798d5c82c33d584f0ded9b1c1dc3eb8a43fa99e4ba642290c138dd0404,"{""code"":""rotated_surface_code"",""d"":9,""noise_model"":""SI1000"",""p"":0.0005,""rounds"":1}"
    145800,         0,         0,    2.14,pymatching,c8a4b53c38ff5c0066bd97680b2bb3c2a001310ddb319c63b335db3e5fa21377,"{""code"":""rotated_surface_code"",""d"":9,""noise_model"":""SI1000"",""p"":0.0007250000000000001,""rounds"":1}"
    145800,         3,         0,    2.43,pymatching,c8a4b53c38ff5c0066bd97680b2bb3c2a001310ddb319c63b335db3e5fa21377,"{""code"":""rotated_surface_code"",""d"":9,""noise_model"":""SI1000"",""p"":0.0007250000000000001,""rounds"":1}"
     40500,         2,         0,   0.733,pymatching,617575a68b2efb35d043703673573cf81d151811277c31fa7201e8d0f7e119ad,"{""code"":""rotated_surface_code"",""d"":9,""noise_model"":""SI1000"",""p"":0.0009500000000000001,""rounds"":1}"
     81000,         2,         0,    1.43,pymatching,617575a68b2efb35d043703673573cf81d151811277c31fa7201e8d0f7e119ad,"{""code"":""rotated_surface_code"",""d"":9,""noise_model"":""SI1000"",""p"":0.0009500000000000001,""rounds"":1}"
     81000,         6,         0,    1.43,pymatching,617575a68b2efb35d043703673573cf81d151811277c31fa7201e8d0f7e119ad,"{""code"":""rotated_surface_code"",""d"":9,""noise_model"":""SI1000"",""p"":0.0009500000000000001,""rounds"":1}"
    125200,         2,         0,    2.00,pymatching,c8a4b53c38ff5c0066bd97680b2bb3c2a001310ddb319c63b335db3e5fa21377,"{""code"":""rotated_surface_code"",""d"":9,""noise_model"":""SI1000"",""p"":0.0007250000000000001,""rounds"":1}"
       200,         0,         0,   0.031,pymatching,f976918549e3c8f66e9af9e9e1b5492280381d3f22e001ad92a99b3fa8b58bcd,"{""code"":""rotated_surface_code"",""d"":9,""noise_model"":""SI1000"",""p"":0.001175,""rounds"":1}"
    145800,         1,         0,    2.18,pymatching,c8a4b53c38ff5c0066bd97680b2bb3c2a001310ddb319c63b335db3e5fa21377,"{""code"":""rotated_surface_code"",""d"":9,""noise_model"":""SI1000"",""p"":0.0007250000000000001,""rounds"":1}"
       600,         0,         0,   0.034,pymatching,f976918549e3c8f66e9af9e9e1b5492280381d3f22e001ad92a99b3fa8b58bcd,"{""code"":""rotated_surface_code"",""d"":9,""noise_model"":""SI1000"",""p"":0.001175,""rounds"":1}"
       600,         0,         0,   0.036,pymatching,f976918549e3c8f66e9af9e9e1b5492280381d3f22e001ad92a99b3fa8b58bcd,"{""code"":""rotated_surface_code"",""d"":9,""noise_model"":""SI1000"",""p"":0.001175,""rounds"":1}"
      1800,         0,         0,   0.056,pymatching,f976918549e3c8f66e9af9e9e1b5492280381d3f22e001ad92a99b3fa8b58bcd,"{""code"":""rotated_surface_code"",""d"":9,""noise_model"":""SI1000"",""p"":0.001175,""rounds"":1}"
      3000,         1,         0,   0.074,pymatching,f976918549e3c8f66e9af9e9e1b5492280381d3f22e001ad92a99b3fa8b58bcd,"{""code"":""rotated_surface_code"",""d"":9,""noise_model"":""SI1000"",""p"":0.001175,""rounds"":1}"
      6600,         1,         0,   0.135,pymatching,f976918549e3c8f66e9af9e9e1b5492280381d3f22e001ad92a99b3fa8b58bcd,"{""code"":""rotated_surface_code"",""d"":9,""noise_model"":""SI1000"",""p"":0.001175,""rounds"":1}"
     12600,         4,         0,   0.244,pymatching,f976918549e3c8f66e9af9e9e1b5492280381d3f22e001ad92a99b3fa8b58bcd,"{""code"":""rotated_surface_code"",""d"":9,""noise_model"":""SI1000"",""p"":0.001175,""rounds"":1}"
     25800,         3,         0,   0.466,pymatching,f976918549e3c8f66e9af9e9e1b5492280381d3f22e001ad92a99b3fa8b58bcd,"{""code"":""rotated_surface_code"",""d"":9,""noise_model"":""SI1000"",""p"":0.001175,""rounds"":1}"
     51000,         4,         0,   0.909,pymatching,f976918549e3c8f66e9af9e9e1b5492280381d3f22e001ad92a99b3fa8b58bcd,"{""code"":""rotated_surface_code"",""d"":9,""noise_model"":""SI1000"",""p"":0.001175,""rounds"":1}"
    162000,         9,         0,    2.50,pymatching,617575a68b2efb35d043703673573cf81d151811277c31fa7201e8d0f7e119ad,"{""code"":""rotated_surface_code"",""d"":9,""noise_model"":""SI1000"",""p"":0.0009500000000000001,""rounds"":1}"
    291600,         4,         0,    4.13,pymatching,c8a4b53c38ff5c0066bd97680b2bb3c2a001310ddb319c63b335db3e5fa21377,"{""code"":""rotated_surface_code"",""d"":9,""noise_model"":""SI1000"",""p"":0.0007250000000000001,""rounds"":1}"
       100,         0,         0,   0.219,pymatching,cf16ef0b20eff14873cc6ba41d8dbd357e33ecc71a1157b7725a4fa9833a4f9c,"{""code"":""rotated_surface_code"",""d"":9,""noise_model"":""SI1000"",""p"":0.0014000000000000002,""rounds"":1}"
       200,         0,         0,   0.029,pymatching,cf16ef0b20eff14873cc6ba41d8dbd357e33ecc71a1157b7725a4fa9833a4f9c,"{""code"":""rotated_surface_code"",""d"":9,""noise_model"":""SI1000"",""p"":0.0014000000000000002,""rounds"":1}"
       600,         0,         0,   0.039,pymatching,cf16ef0b20eff14873cc6ba41d8dbd357e33ecc71a1157b7725a4fa9833a4f9c,"{""code"":""rotated_surface_code"",""d"":9,""noise_model"":""SI1000"",""p"":0.0014000000000000002,""rounds"":1}"
      1800,         2,         0,   0.066,pymatching,cf16ef0b20eff14873cc6ba41d8dbd357e33ecc71a1157b7725a4fa9833a4f9c,"{""code"":""rotated_surface_code"",""d"":9,""noise_model"":""SI1000"",""p"":0.0014000000000000002,""rounds"":1}"
      5400,         1,         0,   0.140,pymatching,cf16ef0b20eff14873cc6ba41d8dbd357e33ecc71a1157b7725a4fa9833a4f9c,"{""code"":""rotated_surface_code"",""d"":9,""noise_model"":""SI1000"",""p"":0.0014000000000000002,""rounds"":1}"
    102600,         7,         0,    1.94,pymatching,f976918549e3c8f66e9af9e9e1b5492280381d3f22e001ad92a99b3fa8b58bcd,"{""code"":""rotated_surface_code"",""d"":9,""noise_model"":""SI1000"",""p"":0.001175,""rounds"":1}"
     16200,         2,         0,   0.338,pymatching,cf16ef0b20eff14873cc6ba41d8dbd357e33ecc71a1157b7725a4fa9833a4f9c,"{""code"":""rotated_surface_code"",""d"":9,""noise_model"":""SI1000"",""p"":0.0014000000000000002,""rounds"":1}"
    271000,        10,         0,    4.24,pymatching,617575a68b2efb35d043703673573cf81d151811277c31fa7201e8d0f7e119ad,"{""code"":""rotated_surface_code"",""d"":9,""noise_model"":""SI1000"",""p"":0.0009500000000000001,""rounds"":1}"
     48600,        14,         0,   0.976,pymatching,cf16ef0b20eff14873cc6ba41d8dbd357e33ecc71a1157b7725a4fa9833a4f9c,"{""code"":""rotated_surface_code"",""d"":9,""noise_model"":""SI1000"",""p"":0.0014000000000000002,""rounds"":1}"
    324000,        14,         0,    5.39,pymatching,617575a68b2efb35d043703673573cf81d151811277c31fa7201e8d0f7e119ad,"{""code"":""rotated_surface_code"",""d"":9,""noise_model"":""SI1000"",""p"":0.0009500000000000001,""rounds"":1}"
     48600,        14,         0,    1.43,pymatching,cf16ef0b20eff14873cc6ba41d8dbd357e33ecc71a1157b7725a4fa9833a4f9c,"{""code"":""rotated_surface_code"",""d"":9,""noise_model"":""SI1000"",""p"":0.0014000000000000002,""rounds"":1}"
    204600,        18,         0,    4.15,pymatching,f976918549e3c8f66e9af9e9e1b5492280381d3f22e001ad92a99b3fa8b58bcd,"{""code"":""rotated_surface_code"",""d"":9,""noise_model"":""SI1000"",""p"":0.001175,""rounds"":1}"
    204300,        20,         0,    4.16,pymatching,f976918549e3c8f66e9af9e9e1b5492280381d3f22e001ad92a99b3fa8b58bcd,"{""code"":""rotated_surface_code"",""d"":9,""noise_model"":""SI1000"",""p"":0.001175,""rounds"":1}"
       100,         0,         0,   0.035,pymatching,321ce821fb040044e8a67db89b47d96fb5a1dd50699295b1d3d67e81971e0440,"{""code"":""rotated_surface_code"",""d"":9,""noise_model"":""SI1000"",""p"":0.0016250000000000001,""rounds"":1}"
       200,         0,         0,   0.033,pymatching,321ce821fb040044e8a67db89b47d96fb5a1dd50699295b1d3d67e81971e0440,"{""code"":""rotated_surface_code"",""d"":9,""noise_model"":""SI1000"",""p"":0.0016250000000000001,""rounds"":1}"
       600,         1,         0,   0.040,pymatching,321ce821fb040044e8a67db89b47d96fb5a1dd50699295b1d3d67e81971e0440,"{""code"":""rotated_surface_code"",""d"":9,""noise_model"":""SI1000"",""p"":0.0016250000000000001,""rounds"":1}"
      1800,         0,         0,   0.071,pymatching,321ce821fb040044e8a67db89b47d96fb5a1dd50699295b1d3d67e81971e0440,"{""code"":""rotated_surface_code"",""d"":9,""noise_model"":""SI1000"",""p"":0.0016250000000000001,""rounds"":1}"
      5400,         1,         0,   0.157,pymatching,321ce821fb040044e8a67db89b47d96fb5a1dd50699295b1d3d67e81971e0440,"{""code"":""rotated_surface_code"",""d"":9,""noise_model"":""SI1000"",""p"":0.0016250000000000001,""rounds"":1}"
     16200,        15,         0,   0.403,pymatching,321ce821fb040044e8a67db89b47d96fb5a1dd50699295b1d3d67e81971e0440,"{""code"":""rotated_surface_code"",""d"":9,""noise_model"":""SI1000"",""p"":0.0016250000000000001,""rounds"":1}"
     72900,        20,         0,    1.52,pymatching,cf16ef0b20eff14873cc6ba41d8dbd357e33ecc71a1157b7725a4fa9833a4f9c,"{""code"":""rotated_surface_code"",""d"":9,""noise_model"":""SI1000"",""p"":0.0014000000000000002,""rounds"":1}"
    145800,        57,         0,    3.44,pymatching,cf16ef0b20eff14873cc6ba41d8dbd357e33ecc71a1157b7725a4fa9833a4f9c,"{""code"":""rotated_surface_code"",""d"":9,""noise_model"":""SI1000"",""p"":0.0014000000000000002,""rounds"":1}"
     48600,        25,         0,    1.20,pymatching,321ce821fb040044e8a67db89b47d96fb5a1dd50699295b1d3d67e81971e0440,"{""code"":""rotated_surface_code"",""d"":9,""noise_model"":""SI1000"",""p"":0.0016250000000000001,""rounds"":1}"
    145800,        50,         0,    3.09,pymatching,cf16ef0b20eff14873cc6ba41d8dbd357e33ecc71a1157b7725a4fa9833a4f9c,"{""code"":""rotated_surface_code"",""d"":9,""noise_model"":""SI1000"",""p"":0.0014000000000000002,""rounds"":1}"
     48600,        28,         0,    1.16,pymatching,321ce821fb040044e8a67db89b47d96fb5a1dd50699295b1d3d67e81971e0440,"{""code"":""rotated_surface_code"",""d"":9,""noise_model"":""SI1000"",""p"":0.0016250000000000001,""rounds"":1}"
    386200,        58,         0,    7.24,pymatching,f976918549e3c8f66e9af9e9e1b5492280381d3f22e001ad92a99b3fa8b58bcd,"{""code"":""rotated_surface_code"",""d"":9,""noise_model"":""SI1000"",""p"":0.001175,""rounds"":1}"
    243000,        76,         0,    5.03,pymatching,cf16ef0b20eff14873cc6ba41d8dbd357e33ecc71a1157b7725a4fa9833a4f9c,"{""code"":""rotated_surface_code"",""d"":9,""noise_model"":""SI1000"",""p"":0.0014000000000000002,""rounds"":1}"
       100,         1,         0,   0.038,pymatching,11246367c179546b99df821760255f0a155c77e2a4312fbcb9fc84125b8825d6,"{""code"":""rotated_surface_code"",""d"":9,""noise_model"":""SI1000"",""p"":0.00185,""rounds"":1}"
       200,         0,         0,   0.034,pymatching,11246367c179546b99df821760255f0a155c77e2a4312fbcb9fc84125b8825d6,"{""code"":""rotated_surface_code"",""d"":9,""noise_model"":""SI1000"",""p"":0.00185,""rounds"":1}"
       600,         1,         0,   0.042,pymatching,11246367c179546b99df821760255f0a155c77e2a4312fbcb9fc84125b8825d6,"{""code"":""rotated_surface_code"",""d"":9,""noise_model"":""SI1000"",""p"":0.00185,""rounds"":1}"
      1800,         1,         0,   0.082,pymatching,11246367c179546b99df821760255f0a155c77e2a4312fbcb9fc84125b8825d6,"{""code"":""rotated_surface_code"",""d"":9,""noise_model"":""SI1000"",""p"":0.00185,""rounds"":1}"
      5400,         7,         0,   0.166,pymatching,11246367c179546b99df821760255f0a155c77e2a4312fbcb9fc84125b8825d6,"{""code"":""rotated_surface_code"",""d"":9,""noise_model"":""SI1000"",""p"":0.00185,""rounds"":1}"
    145800,        95,         0,    3.42,pymatching,321ce821fb040044e8a67db89b47d96fb5a1dd50699295b1d3d67e81971e0440,"{""code"":""rotated_surface_code"",""d"":9,""noise_model"":""SI1000"",""p"":0.0016250000000000001,""rounds"":1}"
     16200,        20,         0,   0.444,pymatching,11246367c179546b99df821760255f0a155c77e2a4312fbcb9fc84125b8825d6,"{""code"":""rotated_surface_code"",""d"":9,""noise_model"":""SI1000"",""p"":0.00185,""rounds"":1}"
    145800,        95,         0,    3.39,pymatching,321ce821fb040044e8a67db89b47d96fb5a1dd50699295b1d3d67e81971e0440,"{""code"":""rotated_surface_code"",""d"":9,""noise_model"":""SI1000"",""p"":0.0016250000000000001,""rounds"":1}"
     72900,        44,         0,    1.73,pymatching,321ce821fb040044e8a67db89b47d96fb5a1dd50699295b1d3d67e81971e0440,"{""code"":""rotated_surface_code"",""d"":9,""noise_model"":""SI1000"",""p"":0.0016250000000000001,""rounds"":1}"
     24300,        28,         0,   0.650,pymatching,11246367c179546b99df821760255f0a155c77e2a4312fbcb9fc84125b8825d6,"{""code"":""rotated_surface_code"",""d"":9,""noise_model"":""SI1000"",""p"":0.00185,""rounds"":1}"
     48600,        47,         0,    1.32,pymatching,11246367c179546b99df821760255f0a155c77e2a4312fbcb9fc84125b8825d6,"{""code"":""rotated_surface_code"",""d"":9,""noise_model"":""SI1000"",""p"":0.00185,""rounds"":1}"
     48600,        58,         0,    1.31,pymatching,11246367c179546b99df821760255f0a155c77e2a4312fbcb9fc84125b8825d6,"{""code"":""rotated_surface_code"",""d"":9,""noise_model"":""SI1000"",""p"":0.00185,""rounds"":1}"
    271000,        87,         0,    5.71,pymatching,cf16ef0b20eff14873cc6ba41d8dbd357e33ecc71a1157b7725a4fa9833a4f9c,"{""code"":""rotated_surface_code"",""d"":9,""noise_model"":""SI1000"",""p"":0.0014000000000000002,""rounds"":1}"
    243000,       150,         0,    5.64,pymatching,321ce821fb040044e8a67db89b47d96fb5a1dd50699295b1d3d67e81971e0440,"{""code"":""rotated_surface_code"",""d"":9,""noise_model"":""SI1000"",""p"":0.0016250000000000001,""rounds"":1}"
       100,         1,         0,   0.034,pymatching,dd6c357f1b3a0acd83e9bd5d8c5413e2f666a87055bd4c6895616ec7904cf0e4,"{""code"":""rotated_surface_code"",""d"":9,""noise_model"":""SI1000"",""p"":0.0020750000000000005,""rounds"":1}"
       200,         0,         0,   0.033,pymatching,dd6c357f1b3a0acd83e9bd5d8c5413e2f666a87055bd4c6895616ec7904cf0e4,"{""code"":""rotated_surface_code"",""d"":9,""noise_model"":""SI1000"",""p"":0.0020750000000000005,""rounds"":1}"
       600,         0,         0,   0.044,pymatching,dd6c357f1b3a0acd83e9bd5d8c5413e2f666a87055bd4c6895616ec7904cf0e4,"{""code"":""rotated_surface_code"",""d"":9,""noise_model"":""SI1000"",""p"":0.0020750000000000005,""rounds"":1}"
      1800,         2,         0,   0.084,pymatching,dd6c357f1b3a0acd83e9bd5d8c5413e2f666a87055bd4c6895616ec7904cf0e4,"{""code"":""rotated_surface_code"",""d"":9,""noise_model"":""SI1000"",""p"":0.0020750000000000005,""rounds"":1}"
      5400,        11,         0,   0.183,pymatching,dd6c357f1b3a0acd83e9bd5d8c5413e2f666a87055bd4c6895616ec7904cf0e4,"{""code"":""rotated_surface_code"",""d"":9,""noise_model"":""SI1000"",""p"":0.0020750000000000005,""rounds"":1}"
     97200,       110,         0,    2.54,pymatching,11246367c179546b99df821760255f0a155c77e2a4312fbcb9fc84125b8825d6,"{""code"":""rotated_surface_code"",""d"":9,""noise_model"":""SI1000"",""p"":0.00185,""rounds"":1}"
     16200,        31,         0,   0.505,pymatching,dd6c357f1b3a0acd83e9bd5d8c5413e2f666a87055bd4c6895616ec7904cf0e4,"{""code"":""rotated_surface_code"",""d"":9,""noise_model"":""SI1000"",""p"":0.0020750000000000005,""rounds"":1}"
     14725,        23,         0,   0.417,pymatching,11246367c179546b99df821760255f0a155c77e2a4312fbcb9fc84125b8825d6,"{""code"":""rotated_surface_code"",""d"":9,""noise_model"":""SI1000"",""p"":0.00185,""rounds"":1}"
     48600,       109,         0,    1.44,pymatching,dd6c357f1b3a0acd83e9bd5d8c5413e2f666a87055bd4c6895616ec7904cf0e4,"{""code"":""rotated_surface_code"",""d"":9,""noise_model"":""SI1000"",""p"":0.0020750000000000005,""rounds"":1}"
    145800,       174,         0,    3.85,pymatching,11246367c179546b99df821760255f0a155c77e2a4312fbcb9fc84125b8825d6,"{""code"":""rotated_surface_code"",""d"":9,""noise_model"":""SI1000"",""p"":0.00185,""rounds"":1}"
     48600,        83,         0,    1.43,pymatching,dd6c357f1b3a0acd83e9bd5d8c5413e2f666a87055bd4c6895616ec7904cf0e4,"{""code"":""rotated_surface_code"",""d"":9,""noise_model"":""SI1000"",""p"":0.0020750000000000005,""rounds"":1}"
    271000,       165,         0,    6.30,pymatching,321ce821fb040044e8a67db89b47d96fb5a1dd50699295b1d3d67e81971e0440,"{""code"":""rotated_surface_code"",""d"":9,""noise_model"":""SI1000"",""p"":0.0016250000000000001,""rounds"":1}"
       100,         0,         0,   0.036,pymatching,f986ede33b03b31e80e4b77f630f0a80637d33da6118cfd183f4991b6469350f,"{""code"":""rotated_surface_code"",""d"":9,""noise_model"":""SI1000"",""p"":0.0023,""rounds"":1}"
       200,         0,         0,   0.035,pymatching,f986ede33b03b31e80e4b77f630f0a80637d33da6118cfd183f4991b6469350f,"{""code"":""rotated_surface_code"",""d"":9,""noise_model"":""SI1000"",""p"":0.0023,""rounds"":1}"
       600,         2,         0,   0.046,pymatching,f986ede33b03b31e80e4b77f630f0a80637d33da6118cfd183f4991b6469350f,"{""code"":""rotated_surface_code"",""d"":9,""noise_model"":""SI1000"",""p"":0.0023,""rounds"":1}"
    194400,       218,         0,    5.12,pymatching,11246367c179546b99df821760255f0a155c77e2a4312fbcb9fc84125b8825d6,"{""code"":""rotated_surface_code"",""d"":9,""noise_model"":""SI1000"",""p"":0.00185,""rounds"":1}"
      1800,         6,         0,   0.092,pymatching,f986ede33b03b31e80e4b77f630f0a80637d33da6118cfd183f4991b6469350f,"{""code"":""rotated_surface_code"",""d"":9,""noise_model"":""SI1000"",""p"":0.0023,""rounds"":1}"
      1800,         9,         0,   0.090,pymatching,f986ede33b03b31e80e4b77f630f0a80637d33da6118cfd183f4991b6469350f,"{""code"":""rotated_surface_code"",""d"":9,""noise_model"":""SI1000"",""p"":0.0023,""rounds"":1}"
      5400,        19,         0,   0.207,pymatching,f986ede33b03b31e80e4b77f630f0a80637d33da6118cfd183f4991b6469350f,"{""code"":""rotated_surface_code"",""d"":9,""noise_model"":""SI1000"",""p"":0.0023,""rounds"":1}"
      9000,        31,         0,   0.316,pymatching,f986ede33b03b31e80e4b77f630f0a80637d33da6118cfd183f4991b6469350f,"{""code"":""rotated_surface_code"",""d"":9,""noise_model"":""SI1000"",""p"":0.0023,""rounds"":1}"
     19800,        69,         0,   0.666,pymatching,f986ede33b03b31e80e4b77f630f0a80637d33da6118cfd183f4991b6469350f,"{""code"":""rotated_surface_code"",""d"":9,""noise_model"":""SI1000"",""p"":0.0023,""rounds"":1}"
     37800,       109,         0,    1.25,pymatching,f986ede33b03b31e80e4b77f630f0a80637d33da6118cfd183f4991b6469350f,"{""code"":""rotated_surface_code"",""d"":9,""noise_model"":""SI1000"",""p"":0.0023,""rounds"":1}"
     98939,       204,         0,    2.90,pymatching,dd6c357f1b3a0acd83e9bd5d8c5413e2f666a87055bd4c6895616ec7904cf0e4,"{""code"":""rotated_surface_code"",""d"":9,""noise_model"":""SI1000"",""p"":0.0020750000000000005,""rounds"":1}"
      5012,        16,         0,   0.189,pymatching,f986ede33b03b31e80e4b77f630f0a80637d33da6118cfd183f4991b6469350f,"{""code"":""rotated_surface_code"",""d"":9,""noise_model"":""SI1000"",""p"":0.0023,""rounds"":1}"
       139,         1,         0,   0.032,pymatching,f986ede33b03b31e80e4b77f630f0a80637d33da6118cfd183f4991b6469350f,"{""code"":""rotated_surface_code"",""d"":9,""noise_model"":""SI1000"",""p"":0.0023,""rounds"":1}"
       100,         0,         0,   0.034,pymatching,74779ea27a2c5dc8516eb8aa5c7dbb08cbc34844882028bfd031cae18f3028d7,"{""code"":""rotated_surface_code"",""d"":9,""noise_model"":""SI1000"",""p"":0.0025250000000000003,""rounds"":1}"
       200,         1,         0,   0.036,pymatching,74779ea27a2c5dc8516eb8aa5c7dbb08cbc34844882028bfd031cae18f3028d7,"{""code"":""rotated_surface_code"",""d"":9,""noise_model"":""SI1000"",""p"":0.0025250000000000003,""rounds"":1}"
       600,         1,         0,   0.047,pymatching,74779ea27a2c5dc8516eb8aa5c7dbb08cbc34844882028bfd031cae18f3028d7,"{""code"":""rotated_surface_code"",""d"":9,""noise_model"":""SI1000"",""p"":0.0025250000000000003,""rounds"":1}"
    291600,       323,         0,    7.64,pymatching,11246367c179546b99df821760255f0a155c77e2a4312fbcb9fc84125b8825d6,"{""code"":""rotated_surface_code"",""d"":9,""noise_model"":""SI1000"",""p"":0.00185,""rounds"":1}"
      1800,        12,         0,   0.094,pymatching,74779ea27a2c5dc8516eb8aa5c7dbb08cbc34844882028bfd031cae18f3028d7,"{""code"":""rotated_surface_code"",""d"":9,""noise_model"":""SI1000"",""p"":0.0025250000000000003,""rounds"":1}"
      1800,        12,         0,   0.099,pymatching,74779ea27a2c5dc8516eb8aa5c7dbb08cbc34844882028bfd031cae18f3028d7,"{""code"":""rotated_surface_code"",""d"":9,""noise_model"":""SI1000"",""p"":0.0025250000000000003,""rounds"":1}"
      5400,        39,         0,   0.226,pymatching,74779ea27a2c5dc8516eb8aa5c7dbb08cbc34844882028bfd031cae18f3028d7,"{""code"":""rotated_surface_code"",""d"":9,""noise_model"":""SI1000"",""p"":0.0025250000000000003,""rounds"":1}"
      9000,        47,         0,   0.353,pymatching,74779ea27a2c5dc8516eb8aa5c7dbb08cbc34844882028bfd031cae18f3028d7,"{""code"":""rotated_surface_code"",""d"":9,""noise_model"":""SI1000"",""p"":0.0025250000000000003,""rounds"":1}"
    145800,       276,         0,    4.28,pymatching,dd6c357f1b3a0acd83e9bd5d8c5413e2f666a87055bd4c6895616ec7904cf0e4,"{""code"":""rotated_surface_code"",""d"":9,""noise_model"":""SI1000"",""p"":0.0020750000000000005,""rounds"":1}"
    145800,       331,         0,    4.29,pymatching,dd6c357f1b3a0acd83e9bd5d8c5413e2f666a87055bd4c6895616ec7904cf0e4,"{""code"":""rotated_surface_code"",""d"":9,""noise_model"":""SI1000"",""p"":0.0020750000000000005,""rounds"":1}"
     77400,       275,         0,    2.55,pymatching,f986ede33b03b31e80e4b77f630f0a80637d33da6118cfd183f4991b6469350f,"{""code"":""rotated_surface_code"",""d"":9,""noise_model"":""SI1000"",""p"":0.0023,""rounds"":1}"
     19800,       135,         0,   0.728,pymatching,74779ea27a2c5dc8516eb8aa5c7dbb08cbc34844882028bfd031cae18f3028d7,"{""code"":""rotated_surface_code"",""d"":9,""noise_model"":""SI1000"",""p"":0.0025250000000000003,""rounds"":1}"
       100,         0,         0,   0.032,pymatching,2470b6a0830fab2b625ecd2a5d907d6a0b33701c36e789d11a71bc5ea45acfff,"{""code"":""rotated_surface_code"",""d"":9,""noise_model"":""SI1000"",""p"":0.0027500000000000003,""rounds"":1}"
       200,         2,         0,   0.034,pymatching,2470b6a0830fab2b625ecd2a5d907d6a0b33701c36e789d11a71bc5ea45acfff,"{""code"":""rotated_surface_code"",""d"":9,""noise_model"":""SI1000"",""p"":0.0027500000000000003,""rounds"":1}"
       600,         6,         0,   0.049,pymatching,2470b6a0830fab2b625ecd2a5d907d6a0b33701c36e789d11a71bc5ea45acfff,"{""code"":""rotated_surface_code"",""d"":9,""noise_model"":""SI1000"",""p"":0.0027500000000000003,""rounds"":1}"
       600,         7,         0,   0.050,pymatching,2470b6a0830fab2b625ecd2a5d907d6a0b33701c36e789d11a71bc5ea45acfff,"{""code"":""rotated_surface_code"",""d"":9,""noise_model"":""SI1000"",""p"":0.0027500000000000003,""rounds"":1}"
      1800,        11,         0,   0.111,pymatching,2470b6a0830fab2b625ecd2a5d907d6a0b33701c36e789d11a71bc5ea45acfff,"{""code"":""rotated_surface_code"",""d"":9,""noise_model"":""SI1000"",""p"":0.0027500000000000003,""rounds"":1}"
      3000,        25,         0,   0.149,pymatching,2470b6a0830fab2b625ecd2a5d907d6a0b33701c36e789d11a71bc5ea45acfff,"{""code"":""rotated_surface_code"",""d"":9,""noise_model"":""SI1000"",""p"":0.0027500000000000003,""rounds"":1}"
      6600,        55,         0,   0.297,pymatching,2470b6a0830fab2b625ecd2a5d907d6a0b33701c36e789d11a71bc5ea45acfff,"{""code"":""rotated_surface_code"",""d"":9,""noise_model"":""SI1000"",""p"":0.0027500000000000003,""rounds"":1}"
     12600,       109,         0,   0.531,pymatching,2470b6a0830fab2b625ecd2a5d907d6a0b33701c36e789d11a71bc5ea45acfff,"{""code"":""rotated_surface_code"",""d"":9,""noise_model"":""SI1000"",""p"":0.0027500000000000003,""rounds"":1}"
     37800,       212,         0,    1.37,pymatching,74779ea27a2c5dc8516eb8aa5c7dbb08cbc34844882028bfd031cae18f3028d7,"{""code"":""rotated_surface_code"",""d"":9,""noise_model"":""SI1000"",""p"":0.0025250000000000003,""rounds"":1}"
     36900,       200,         0,    1.33,pymatching,74779ea27a2c5dc8516eb8aa5c7dbb08cbc34844882028bfd031cae18f3028d7,"{""code"":""rotated_surface_code"",""d"":9,""noise_model"":""SI1000"",""p"":0.0025250000000000003,""rounds"":1}"
      5530,        24,         0,   0.226,pymatching,74779ea27a2c5dc8516eb8aa5c7dbb08cbc34844882028bfd031cae18f3028d7,"{""code"":""rotated_surface_code"",""d"":9,""noise_model"":""SI1000"",""p"":0.0025250000000000003,""rounds"":1}"
     10285,        65,         0,   0.398,pymatching,74779ea27a2c5dc8516eb8aa5c7dbb08cbc34844882028bfd031cae18f3028d7,"{""code"":""rotated_surface_code"",""d"":9,""noise_model"":""SI1000"",""p"":0.0025250000000000003,""rounds"":1}"
      2062,        15,         0,   0.100,pymatching,74779ea27a2c5dc8516eb8aa5c7dbb08cbc34844882028bfd031cae18f3028d7,"{""code"":""rotated_surface_code"",""d"":9,""noise_model"":""SI1000"",""p"":0.0025250000000000003,""rounds"":1}"
       100,         0,         0,   0.031,pymatching,ccea61c75bd120b4b3b44d198273a80b0b63ebbfef3c324ac48a291f5e689f25,"{""code"":""rotated_surface_code"",""d"":9,""noise_model"":""SI1000"",""p"":0.002975,""rounds"":1}"
       200,         2,         0,   0.035,pymatching,ccea61c75bd120b4b3b44d198273a80b0b63ebbfef3c324ac48a291f5e689f25,"{""code"":""rotated_surface_code"",""d"":9,""noise_model"":""SI1000"",""p"":0.002975,""rounds"":1}"
       600,         6,         0,   0.057,pymatching,ccea61c75bd120b4b3b44d198273a80b0b63ebbfef3c324ac48a291f5e689f25,"{""code"":""rotated_surface_code"",""d"":9,""noise_model"":""SI1000"",""p"":0.002975,""rounds"":1}"
      1800,        23,         0,   0.105,pymatching,ccea61c75bd120b4b3b44d198273a80b0b63ebbfef3c324ac48a291f5e689f25,"{""code"":""rotated_surface_code"",""d"":9,""noise_model"":""SI1000"",""p"":0.002975,""rounds"":1}"
     25800,       214,         0,    1.05,pymatching,2470b6a0830fab2b625ecd2a5d907d6a0b33701c36e789d11a71bc5ea45acfff,"{""code"":""rotated_surface_code"",""d"":9,""noise_model"":""SI1000"",""p"":0.0027500000000000003,""rounds"":1}"
     43120,       216,         0,    1.58,pymatching,74779ea27a2c5dc8516eb8aa5c7dbb08cbc34844882028bfd031cae18f3028d7,"{""code"":""rotated_surface_code"",""d"":9,""noise_model"":""SI1000"",""p"":0.0025250000000000003,""rounds"":1}"
      1248,         8,         0,   0.077,pymatching,2470b6a0830fab2b625ecd2a5d907d6a0b33701c36e789d11a71bc5ea45acfff,"{""code"":""rotated_surface_code"",""d"":9,""noise_model"":""SI1000"",""p"":0.0027500000000000003,""rounds"":1}"
       672,         6,         0,   0.052,pymatching,2470b6a0830fab2b625ecd2a5d907d6a0b33701c36e789d11a71bc5ea45acfff,"{""code"":""rotated_surface_code"",""d"":9,""noise_model"":""SI1000"",""p"":0.0027500000000000003,""rounds"":1}"
      4094,        31,         0,   0.173,pymatching,74779ea27a2c5dc8516eb8aa5c7dbb08cbc34844882028bfd031cae18f3028d7,"{""code"":""rotated_surface_code"",""d"":9,""noise_model"":""SI1000"",""p"":0.0025250000000000003,""rounds"":1}"
      5400,        69,         0,   0.263,pymatching,ccea61c75bd120b4b3b44d198273a80b0b63ebbfef3c324ac48a291f5e689f25,"{""code"":""rotated_surface_code"",""d"":9,""noise_model"":""SI1000"",""p"":0.002975,""rounds"":1}"
      2700,        31,         0,   0.142,pymatching,ccea61c75bd120b4b3b44d198273a80b0b63ebbfef3c324ac48a291f5e689f25,"{""code"":""rotated_surface_code"",""d"":9,""noise_model"":""SI1000"",""p"":0.002975,""rounds"":1}"
     16114,       130,         0,   0.661,pymatching,2470b6a0830fab2b625ecd2a5d907d6a0b33701c36e789d11a71bc5ea45acfff,"{""code"":""rotated_surface_code"",""d"":9,""noise_model"":""SI1000"",""p"":0.0027500000000000003,""rounds"":1}"
      5400,        56,         0,   0.265,pymatching,ccea61c75bd120b4b3b44d198273a80b0b63ebbfef3c324ac48a291f5e689f25,"{""code"":""rotated_surface_code"",""d"":9,""noise_model"":""SI1000"",""p"":0.002975,""rounds"":1}"
       821,        10,         0,   0.063,pymatching,2470b6a0830fab2b625ecd2a5d907d6a0b33701c36e789d11a71bc5ea45acfff,"{""code"":""rotated_surface_code"",""d"":9,""noise_model"":""SI1000"",""p"":0.0027500000000000003,""rounds"":1}"
        34,         0,         0,   0.029,pymatching,ccea61c75bd120b4b3b44d198273a80b0b63ebbfef3c324ac48a291f5e689f25,"{""code"":""rotated_surface_code"",""d"":9,""noise_model"":""SI1000"",""p"":0.002975,""rounds"":1}"
       181,         0,         0,   0.033,pymatching,ccea61c75bd120b4b3b44d198273a80b0b63ebbfef3c324ac48a291f5e689f25,"{""code"":""rotated_surface_code"",""d"":9,""noise_model"":""SI1000"",""p"":0.002975,""rounds"":1}"
       966,        13,         0,   0.069,pymatching,ccea61c75bd120b4b3b44d198273a80b0b63ebbfef3c324ac48a291f5e689f25,"{""code"":""rotated_surface_code"",""d"":9,""noise_model"":""SI1000"",""p"":0.002975,""rounds"":1}"
       100,         3,         0,   0.035,pymatching,7f41c486f3d896879ae661c838e8058d5f6db8a726c6c45f168a04aed284a84b,"{""code"":""rotated_surface_code"",""d"":9,""noise_model"":""SI1000"",""p"":0.0032,""rounds"":1}"
       200,         5,         0,   0.039,pymatching,7f41c486f3d896879ae661c838e8058d5f6db8a726c6c45f168a04aed284a84b,"{""code"":""rotated_surface_code"",""d"":9,""noise_model"":""SI1000"",""p"":0.0032,""rounds"":1}"
       600,        10,         0,   0.055,pymatching,7f41c486f3d896879ae661c838e8058d5f6db8a726c6c45f168a04aed284a84b,"{""code"":""rotated_surface_code"",""d"":9,""noise_model"":""SI1000"",""p"":0.0032,""rounds"":1}"
     16200,       204,         0,   0.721,pymatching,ccea61c75bd120b4b3b44d198273a80b0b63ebbfef3c324ac48a291f5e689f25,"{""code"":""rotated_surface_code"",""d"":9,""noise_model"":""SI1000"",""p"":0.002975,""rounds"":1}"
      1800,        36,         0,   0.113,pymatching,7f41c486f3d896879ae661c838e8058d5f6db8a726c6c45f168a04aed284a84b,"{""code"":""rotated_surface_code"",""d"":9,""noise_model"":""SI1000"",""p"":0.0032,""rounds"":1}"
      1800,        31,         0,   0.111,pymatching,7f41c486f3d896879ae661c838e8058d5f6db8a726c6c45f168a04aed284a84b,"{""code"":""rotated_surface_code"",""d"":9,""noise_model"":""SI1000"",""p"":0.0032,""rounds"":1}"
     21600,       255,         0,   0.956,pymatching,ccea61c75bd120b4b3b44d198273a80b0b63ebbfef3c324ac48a291f5e689f25,"{""code"":""rotated_surface_code"",""d"":9,""noise_model"":""SI1000"",""p"":0.002975,""rounds"":1}"
      5400,        92,         0,   0.287,pymatching,7f41c486f3d896879ae661c838e8058d5f6db8a726c6c45f168a04aed284a84b,"{""code"":""rotated_surface_code"",""d"":9,""noise_model"":""SI1000"",""p"":0.0032,""rounds"":1}"
     51000,       432,         0,    2.05,pymatching,2470b6a0830fab2b625ecd2a5d907d6a0b33701c36e789d11a71bc5ea45acfff,"{""code"":""rotated_surface_code"",""d"":9,""noise_model"":""SI1000"",""p"":0.0027500000000000003,""rounds"":1}"
      9000,       154,         0,   0.496,pymatching,7f41c486f3d896879ae661c838e8058d5f6db8a726c6c45f168a04aed284a84b,"{""code"":""rotated_surface_code"",""d"":9,""noise_model"":""SI1000"",""p"":0.0032,""rounds"":1}"
    153000,       530,         0,    5.12,pymatching,f986ede33b03b31e80e4b77f630f0a80637d33da6118cfd183f4991b6469350f,"{""code"":""rotated_surface_code"",""d"":9,""noise_model"":""SI1000"",""p"":0.0023,""rounds"":1}"
      1311,        25,         0,   0.090,pymatching,7f41c486f3d896879ae661c838e8058d5f6db8a726c6c45f168a04aed284a84b,"{""code"":""rotated_surface_code"",""d"":9,""noise_model"":""SI1000"",""p"":0.0032,""rounds"":1}"
      8100,       132,         0,   0.408,pymatching,7f41c486f3d896879ae661c838e8058d5f6db8a726c6c45f168a04aed284a84b,"{""code"":""rotated_surface_code"",""d"":9,""noise_model"":""SI1000"",""p"":0.0032,""rounds"":1}"
      8990,       135,         0,   0.450,pymatching,7f41c486f3d896879ae661c838e8058d5f6db8a726c6c45f168a04aed284a84b,"{""code"":""rotated_surface_code"",""d"":9,""noise_model"":""SI1000"",""p"":0.0032,""rounds"":1}"
     32400,       402,         0,    1.43,pymatching,ccea61c75bd120b4b3b44d198273a80b0b63ebbfef3c324ac48a291f5e689f25,"{""code"":""rotated_surface_code"",""d"":9,""noise_model"":""SI1000"",""p"":0.002975,""rounds"":1}"
       970,        13,         0,   0.069,pymatching,7f41c486f3d896879ae661c838e8058d5f6db8a726c6c45f168a04aed284a84b,"{""code"":""rotated_surface_code"",""d"":9,""noise_model"":""SI1000"",""p"":0.0032,""rounds"":1}"
      1887,        29,         0,   0.112,pymatching,7f41c486f3d896879ae661c838e8058d5f6db8a726c6c45f168a04aed284a84b,"{""code"":""rotated_surface_code"",""d"":9,""noise_model"":""SI1000"",""p"":0.0032,""rounds"":1}"
       100,         2,         0,   0.034,pymatching,493eaa1f5f9079f26c732fb6b8c107f83c9b76f7af46f03bf58013ea1b9f1870,"{""code"":""rotated_surface_code"",""d"":9,""noise_model"":""SI1000"",""p"":0.003425,""rounds"":1}"
       303,         4,         0,   0.039,pymatching,7f41c486f3d896879ae661c838e8058d5f6db8a726c6c45f168a04aed284a84b,"{""code"":""rotated_surface_code"",""d"":9,""noise_model"":""SI1000"",""p"":0.0032,""rounds"":1}"
       100,         4,         0,   0.032,pymatching,2cf16471bb71a699aef6181e338fd262d8c4981d25922ff7678db558fced4739,"{""code"":""rotated_surface_code"",""d"":9,""noise_model"":""SI1000"",""p"":0.0036500000000000005,""rounds"":1}"
       218,         5,         0,   0.036,pymatching,7f41c486f3d896879ae661c838e8058d5f6db8a726c6c45f168a04aed284a84b,"{""code"":""rotated_surface_code"",""d"":9,""noise_model"":""SI1000"",""p"":0.0032,""rounds"":1}"
       200,         5,         0,   0.036,pymatching,493eaa1f5f9079f26c732fb6b8c107f83c9b76f7af46f03bf58013ea1b9f1870,"{""code"":""rotated_surface_code"",""d"":9,""noise_model"":""SI1000"",""p"":0.003425,""rounds"":1}"
        93,         3,         0,   0.032,pymatching,7f41c486f3d896879ae661c838e8058d5f6db8a726c6c45f168a04aed284a84b,"{""code"":""rotated_surface_code"",""d"":9,""noise_model"":""SI1000"",""p"":0.0032,""rounds"":1}"
       200,         8,         0,   0.037,pymatching,493eaa1f5f9079f26c732fb6b8c107f83c9b76f7af46f03bf58013ea1b9f1870,"{""code"":""rotated_surface_code"",""d"":9,""noise_model"":""SI1000"",""p"":0.003425,""rounds"":1}"
       100,         1,         0,   0.032,pymatching,493eaa1f5f9079f26c732fb6b8c107f83c9b76f7af46f03bf58013ea1b9f1870,"{""code"":""rotated_surface_code"",""d"":9,""noise_model"":""SI1000"",""p"":0.003425,""rounds"":1}"
       600,        13,         0,   0.054,pymatching,493eaa1f5f9079f26c732fb6b8c107f83c9b76f7af46f03bf58013ea1b9f1870,"{""code"":""rotated_surface_code"",""d"":9,""noise_model"":""SI1000"",""p"":0.003425,""rounds"":1}"
       600,        21,         0,   0.055,pymatching,493eaa1f5f9079f26c732fb6b8c107f83c9b76f7af46f03bf58013ea1b9f1870,"{""code"":""rotated_surface_code"",""d"":9,""noise_model"":""SI1000"",""p"":0.003425,""rounds"":1}"
       200,        10,         0,   0.041,pymatching,2cf16471bb71a699aef6181e338fd262d8c4981d25922ff7678db558fced4739,"{""code"":""rotated_surface_code"",""d"":9,""noise_model"":""SI1000"",""p"":0.0036500000000000005,""rounds"":1}"
      1000,        15,         0,   0.078,pymatching,493eaa1f5f9079f26c732fb6b8c107f83c9b76f7af46f03bf58013ea1b9f1870,"{""code"":""rotated_surface_code"",""d"":9,""noise_model"":""SI1000"",""p"":0.003425,""rounds"":1}"
       800,        18,         0,   0.069,pymatching,493eaa1f5f9079f26c732fb6b8c107f83c9b76f7af46f03bf58013ea1b9f1870,"{""code"":""rotated_surface_code"",""d"":9,""noise_model"":""SI1000"",""p"":0.003425,""rounds"":1}"
      1200,        21,         0,   0.090,pymatching,493eaa1f5f9079f26c732fb6b8c107f83c9b76f7af46f03bf58013ea1b9f1870,"{""code"":""rotated_surface_code"",""d"":9,""noise_model"":""SI1000"",""p"":0.003425,""rounds"":1}"
      2400,        59,         0,   0.151,pymatching,493eaa1f5f9079f26c732fb6b8c107f83c9b76f7af46f03bf58013ea1b9f1870,"{""code"":""rotated_surface_code"",""d"":9,""noise_model"":""SI1000"",""p"":0.003425,""rounds"":1}"
      3600,        87,         0,   0.210,pymatching,493eaa1f5f9079f26c732fb6b8c107f83c9b76f7af46f03bf58013ea1b9f1870,"{""code"":""rotated_surface_code"",""d"":9,""noise_model"":""SI1000"",""p"":0.003425,""rounds"":1}"
     19800,       341,         0,   0.946,pymatching,7f41c486f3d896879ae661c838e8058d5f6db8a726c6c45f168a04aed284a84b,"{""code"":""rotated_surface_code"",""d"":9,""noise_model"":""SI1000"",""p"":0.0032,""rounds"":1}"
       600,        18,         0,   0.061,pymatching,2cf16471bb71a699aef6181e338fd262d8c4981d25922ff7678db558fced4739,"{""code"":""rotated_surface_code"",""d"":9,""noise_model"":""SI1000"",""p"":0.0036500000000000005,""rounds"":1}"
       600,        27,         0,   0.063,pymatching,2cf16471bb71a699aef6181e338fd262d8c4981d25922ff7678db558fced4739,"{""code"":""rotated_surface_code"",""d"":9,""noise_model"":""SI1000"",""p"":0.0036500000000000005,""rounds"":1}"
      5200,       121,         0,   0.291,pymatching,493eaa1f5f9079f26c732fb6b8c107f83c9b76f7af46f03bf58013ea1b9f1870,"{""code"":""rotated_surface_code"",""d"":9,""noise_model"":""SI1000"",""p"":0.003425,""rounds"":1}"
      5600,       124,         0,   0.311,pymatching,493eaa1f5f9079f26c732fb6b8c107f83c9b76f7af46f03bf58013ea1b9f1870,"{""code"":""rotated_surface_code"",""d"":9,""noise_model"":""SI1000"",""p"":0.003425,""rounds"":1}"
       481,         9,         0,   0.050,pymatching,493eaa1f5f9079f26c732fb6b8c107f83c9b76f7af46f03bf58013ea1b9f1870,"{""code"":""rotated_surface_code"",""d"":9,""noise_model"":""SI1000"",""p"":0.003425,""rounds"":1}"
      1800,        63,         0,   0.127,pymatching,2cf16471bb71a699aef6181e338fd262d8c4981d25922ff7678db558fced4739,"{""code"":""rotated_surface_code"",""d"":9,""noise_model"":""SI1000"",""p"":0.0036500000000000005,""rounds"":1}"
       176,         8,         0,   0.037,pymatching,493eaa1f5f9079f26c732fb6b8c107f83c9b76f7af46f03bf58013ea1b9f1870,"{""code"":""rotated_surface_code"",""d"":9,""noise_model"":""SI1000"",""p"":0.003425,""rounds"":1}"
      3000,        94,         0,   0.193,pymatching,2cf16471bb71a699aef6181e338fd262d8c4981d25922ff7678db558fced4739,"{""code"":""rotated_surface_code"",""d"":9,""noise_model"":""SI1000"",""p"":0.0036500000000000005,""rounds"":1}"
      2700,        92,         0,   0.179,pymatching,2cf16471bb71a699aef6181e338fd262d8c4981d25922ff7678db558fced4739,"{""code"":""rotated_surface_code"",""d"":9,""noise_model"":""SI1000"",""p"":0.0036500000000000005,""rounds"":1}"
      7200,       189,         0,   0.403,pymatching,493eaa1f5f9079f26c732fb6b8c107f83c9b76f7af46f03bf58013ea1b9f1870,"{""code"":""rotated_surface_code"",""d"":9,""noise_model"":""SI1000"",""p"":0.003425,""rounds"":1}"
        93,         2,         0,   0.033,pymatching,2cf16471bb71a699aef6181e338fd262d8c4981d25922ff7678db558fced4739,"{""code"":""rotated_surface_code"",""d"":9,""noise_model"":""SI1000"",""p"":0.0036500000000000005,""rounds"":1}"
       100,         5,         0,   0.035,pymatching,f81f0bb13ecc391a20bbcb5a25ff1c49677bce0ff9f9d0c855b642457aa4866b,"{""code"":""rotated_surface_code"",""d"":9,""noise_model"":""SI1000"",""p"":0.0038750000000000004,""rounds"":1}"
       112,         4,         0,   0.034,pymatching,2cf16471bb71a699aef6181e338fd262d8c4981d25922ff7678db558fced4739,"{""code"":""rotated_surface_code"",""d"":9,""noise_model"":""SI1000"",""p"":0.0036500000000000005,""rounds"":1}"
       200,         9,         0,   0.040,pymatching,f81f0bb13ecc391a20bbcb5a25ff1c49677bce0ff9f9d0c855b642457aa4866b,"{""code"":""rotated_surface_code"",""d"":9,""noise_model"":""SI1000"",""p"":0.0038750000000000004,""rounds"":1}"
       200,         6,         0,   0.039,pymatching,f81f0bb13ecc391a20bbcb5a25ff1c49677bce0ff9f9d0c855b642457aa4866b,"{""code"":""rotated_surface_code"",""d"":9,""noise_model"":""SI1000"",""p"":0.0038750000000000004,""rounds"":1}"
       600,        27,         0,   0.062,pymatching,f81f0bb13ecc391a20bbcb5a25ff1c49677bce0ff9f9d0c855b642457aa4866b,"{""code"":""rotated_surface_code"",""d"":9,""noise_model"":""SI1000"",""p"":0.0038750000000000004,""rounds"":1}"
      4200,       129,         0,   0.261,pymatching,2cf16471bb71a699aef6181e338fd262d8c4981d25922ff7678db558fced4739,"{""code"":""rotated_surface_code"",""d"":9,""noise_model"":""SI1000"",""p"":0.0036500000000000005,""rounds"":1}"
      1000,        50,         0,   0.088,pymatching,f81f0bb13ecc391a20bbcb5a25ff1c49677bce0ff9f9d0c855b642457aa4866b,"{""code"":""rotated_surface_code"",""d"":9,""noise_model"":""SI1000"",""p"":0.0038750000000000004,""rounds"":1}"
       956,        35,         0,   0.082,pymatching,2cf16471bb71a699aef6181e338fd262d8c4981d25922ff7678db558fced4739,"{""code"":""rotated_surface_code"",""d"":9,""noise_model"":""SI1000"",""p"":0.0036500000000000005,""rounds"":1}"
      6600,       213,         0,   0.398,pymatching,2cf16471bb71a699aef6181e338fd262d8c4981d25922ff7678db558fced4739,"{""code"":""rotated_surface_code"",""d"":9,""noise_model"":""SI1000"",""p"":0.0036500000000000005,""rounds"":1}"
      2200,        94,         0,   0.165,pymatching,f81f0bb13ecc391a20bbcb5a25ff1c49677bce0ff9f9d0c855b642457aa4866b,"{""code"":""rotated_surface_code"",""d"":9,""noise_model"":""SI1000"",""p"":0.0038750000000000004,""rounds"":1}"
        98,         2,         0,   0.037,pymatching,2cf16471bb71a699aef6181e338fd262d8c4981d25922ff7678db558fced4739,"{""code"":""rotated_surface_code"",""d"":9,""noise_model"":""SI1000"",""p"":0.0036500000000000005,""rounds"":1}"
        54,         1,         0,   0.033,pymatching,2cf16471bb71a699aef6181e338fd262d8c4981d25922ff7678db558fced4739,"{""code"":""rotated_surface_code"",""d"":9,""noise_model"":""SI1000"",""p"":0.0036500000000000005,""rounds"":1}"
        34,         0,         0,   0.032,pymatching,2cf16471bb71a699aef6181e338fd262d8c4981d25922ff7678db558fced4739,"{""code"":""rotated_surface_code"",""d"":9,""noise_model"":""SI1000"",""p"":0.0036500000000000005,""rounds"":1}"
     14400,       356,         0,   0.769,pymatching,493eaa1f5f9079f26c732fb6b8c107f83c9b76f7af46f03bf58013ea1b9f1870,"{""code"":""rotated_surface_code"",""d"":9,""noise_model"":""SI1000"",""p"":0.003425,""rounds"":1}"
        50,         0,         0,   0.032,pymatching,2cf16471bb71a699aef6181e338fd262d8c4981d25922ff7678db558fced4739,"{""code"":""rotated_surface_code"",""d"":9,""noise_model"":""SI1000"",""p"":0.0036500000000000005,""rounds"":1}"
        72,         2,         0,   0.033,pymatching,2cf16471bb71a699aef6181e338fd262d8c4981d25922ff7678db558fced4739,"{""code"":""rotated_surface_code"",""d"":9,""noise_model"":""SI1000"",""p"":0.0036500000000000005,""rounds"":1}"
      4200,       167,         0,   0.288,pymatching,f81f0bb13ecc391a20bbcb5a25ff1c49677bce0ff9f9d0c855b642457aa4866b,"{""code"":""rotated_surface_code"",""d"":9,""noise_model"":""SI1000"",""p"":0.0038750000000000004,""rounds"":1}"
        16,         0,         0,   0.030,pymatching,2cf16471bb71a699aef6181e338fd262d8c4981d25922ff7678db558fced4739,"{""code"":""rotated_surface_code"",""d"":9,""noise_model"":""SI1000"",""p"":0.0036500000000000005,""rounds"":1}"
      1268,        56,         0,   0.104,pymatching,f81f0bb13ecc391a20bbcb5a25ff1c49677bce0ff9f9d0c855b642457aa4866b,"{""code"":""rotated_surface_code"",""d"":9,""noise_model"":""SI1000"",""p"":0.0038750000000000004,""rounds"":1}"
      9323,       298,         0,   0.552,pymatching,2cf16471bb71a699aef6181e338fd262d8c4981d25922ff7678db558fced4739,"{""code"":""rotated_surface_code"",""d"":9,""noise_model"":""SI1000"",""p"":0.0036500000000000005,""rounds"":1}"
        23,         1,         0,   0.030,pymatching,2cf16471bb71a699aef6181e338fd262d8c4981d25922ff7678db558fced4739,"{""code"":""rotated_surface_code"",""d"":9,""noise_model"":""SI1000"",""p"":0.0036500000000000005,""rounds"":1}"
      4100,       175,         0,   0.281,pymatching,f81f0bb13ecc391a20bbcb5a25ff1c49677bce0ff9f9d0c855b642457aa4866b,"{""code"":""rotated_surface_code"",""d"":9,""noise_model"":""SI1000"",""p"":0.0038750000000000004,""rounds"":1}"
      1282,        41,         0,   0.102,pymatching,f81f0bb13ecc391a20bbcb5a25ff1c49677bce0ff9f9d0c855b642457aa4866b,"{""code"":""rotated_surface_code"",""d"":9,""noise_model"":""SI1000"",""p"":0.0038750000000000004,""rounds"":1}"
       224,         7,         0,   0.036,pymatching,2cf16471bb71a699aef6181e338fd262d8c4981d25922ff7678db558fced4739,"{""code"":""rotated_surface_code"",""d"":9,""noise_model"":""SI1000"",""p"":0.0036500000000000005,""rounds"":1}"
       333,        15,         0,   0.041,pymatching,f81f0bb13ecc391a20bbcb5a25ff1c49677bce0ff9f9d0c855b642457aa4866b,"{""code"":""rotated_surface_code"",""d"":9,""noise_model"":""SI1000"",""p"":0.0038750000000000004,""rounds"":1}"
      8600,       355,         0,   0.520,pymatching,f81f0bb13ecc391a20bbcb5a25ff1c49677bce0ff9f9d0c855b642457aa4866b,"{""code"":""rotated_surface_code"",""d"":9,""noise_model"":""SI1000"",""p"":0.0038750000000000004,""rounds"":1}"
       100,         8,         0,   0.029,pymatching,01439eca0c4ace9c4ad2d1f0d67c6f8d65aea24b2ab6ef6a905c7ccfe85fd4ec,"{""code"":""rotated_surface_code"",""d"":9,""noise_model"":""SI1000"",""p"":0.004325000000000001,""rounds"":1}"
       100,         3,         0,   0.040,pymatching,d8e93ee953dbf075d37ab887f2e4bf70b699128f95e5e0db56e1283843395237,"{""code"":""rotated_surface_code"",""d"":9,""noise_model"":""SI1000"",""p"":0.0041,""rounds"":1}"
       100,        11,         0,   0.033,pymatching,67645d8a99e042ca7cd49f2872fe5deb766be850fe01c8d81278bf2555a90a9f,"{""code"":""rotated_surface_code"",""d"":9,""noise_model"":""SI1000"",""p"":0.00455,""rounds"":1}"
       100,         6,         0,   0.032,pymatching,d8e93ee953dbf075d37ab887f2e4bf70b699128f95e5e0db56e1283843395237,"{""code"":""rotated_surface_code"",""d"":9,""noise_model"":""SI1000"",""p"":0.0041,""rounds"":1}"
       200,        13,         0,   0.039,pymatching,d8e93ee953dbf075d37ab887f2e4bf70b699128f95e5e0db56e1283843395237,"{""code"":""rotated_surface_code"",""d"":9,""noise_model"":""SI1000"",""p"":0.0041,""rounds"":1}"
       200,        14,         0,   0.040,pymatching,01439eca0c4ace9c4ad2d1f0d67c6f8d65aea24b2ab6ef6a905c7ccfe85fd4ec,"{""code"":""rotated_surface_code"",""d"":9,""noise_model"":""SI1000"",""p"":0.004325000000000001,""rounds"":1}"
       200,        10,         0,   0.041,pymatching,d8e93ee953dbf075d37ab887f2e4bf70b699128f95e5e0db56e1283843395237,"{""code"":""rotated_surface_code"",""d"":9,""noise_model"":""SI1000"",""p"":0.0041,""rounds"":1}"
       200,        11,         0,   0.045,pymatching,01439eca0c4ace9c4ad2d1f0d67c6f8d65aea24b2ab6ef6a905c7ccfe85fd4ec,"{""code"":""rotated_surface_code"",""d"":9,""noise_model"":""SI1000"",""p"":0.004325000000000001,""rounds"":1}"
       400,        18,         0,   0.054,pymatching,d8e93ee953dbf075d37ab887f2e4bf70b699128f95e5e0db56e1283843395237,"{""code"":""rotated_surface_code"",""d"":9,""noise_model"":""SI1000"",""p"":0.0041,""rounds"":1}"
       600,        24,         0,   0.071,pymatching,d8e93ee953dbf075d37ab887f2e4bf70b699128f95e5e0db56e1283843395237,"{""code"":""rotated_surface_code"",""d"":9,""noise_model"":""SI1000"",""p"":0.0041,""rounds"":1}"
       800,        33,         0,   0.083,pymatching,d8e93ee953dbf075d37ab887f2e4bf70b699128f95e5e0db56e1283843395237,"{""code"":""rotated_surface_code"",""d"":9,""noise_model"":""SI1000"",""p"":0.0041,""rounds"":1}"
      1200,        64,         0,   0.102,pymatching,d8e93ee953dbf075d37ab887f2e4bf70b699128f95e5e0db56e1283843395237,"{""code"":""rotated_surface_code"",""d"":9,""noise_model"":""SI1000"",""p"":0.0041,""rounds"":1}"
      1000,        64,         0,   0.089,pymatching,01439eca0c4ace9c4ad2d1f0d67c6f8d65aea24b2ab6ef6a905c7ccfe85fd4ec,"{""code"":""rotated_surface_code"",""d"":9,""noise_model"":""SI1000"",""p"":0.004325000000000001,""rounds"":1}"
       198,         8,         0,   0.038,pymatching,d8e93ee953dbf075d37ab887f2e4bf70b699128f95e5e0db56e1283843395237,"{""code"":""rotated_surface_code"",""d"":9,""noise_model"":""SI1000"",""p"":0.0041,""rounds"":1}"
      2000,       101,         0,   0.146,pymatching,d8e93ee953dbf075d37ab887f2e4bf70b699128f95e5e0db56e1283843395237,"{""code"":""rotated_surface_code"",""d"":9,""noise_model"":""SI1000"",""p"":0.0041,""rounds"":1}"
       170,         9,         0,   0.038,pymatching,d8e93ee953dbf075d37ab887f2e4bf70b699128f95e5e0db56e1283843395237,"{""code"":""rotated_surface_code"",""d"":9,""noise_model"":""SI1000"",""p"":0.0041,""rounds"":1}"
      3200,       165,         0,   0.227,pymatching,d8e93ee953dbf075d37ab887f2e4bf70b699128f95e5e0db56e1283843395237,"{""code"":""rotated_surface_code"",""d"":9,""noise_model"":""SI1000"",""p"":0.0041,""rounds"":1}"
      1500,        91,         0,   0.134,pymatching,01439eca0c4ace9c4ad2d1f0d67c6f8d65aea24b2ab6ef6a905c7ccfe85fd4ec,"{""code"":""rotated_surface_code"",""d"":9,""noise_model"":""SI1000"",""p"":0.004325000000000001,""rounds"":1}"
       200,        10,         0,   0.045,pymatching,67645d8a99e042ca7cd49f2872fe5deb766be850fe01c8d81278bf2555a90a9f,"{""code"":""rotated_surface_code"",""d"":9,""noise_model"":""SI1000"",""p"":0.00455,""rounds"":1}"
      3000,       185,         0,   0.243,pymatching,01439eca0c4ace9c4ad2d1f0d67c6f8d65aea24b2ab6ef6a905c7ccfe85fd4ec,"{""code"":""rotated_surface_code"",""d"":9,""noise_model"":""SI1000"",""p"":0.004325000000000001,""rounds"":1}"
      4800,       216,         0,   0.336,pymatching,d8e93ee953dbf075d37ab887f2e4bf70b699128f95e5e0db56e1283843395237,"{""code"":""rotated_surface_code"",""d"":9,""noise_model"":""SI1000"",""p"":0.0041,""rounds"":1}"
      3000,       200,         0,   0.243,pymatching,01439eca0c4ace9c4ad2d1f0d67c6f8d65aea24b2ab6ef6a905c7ccfe85fd4ec,"{""code"":""rotated_surface_code"",""d"":9,""noise_model"":""SI1000"",""p"":0.004325000000000001,""rounds"":1}"
       925,        61,         0,   0.096,pymatching,01439eca0c4ace9c4ad2d1f0d67c6f8d65aea24b2ab6ef6a905c7ccfe85fd4ec,"{""code"":""rotated_surface_code"",""d"":9,""noise_model"":""SI1000"",""p"":0.004325000000000001,""rounds"":1}"
       168,        11,         0,   0.041,pymatching,01439eca0c4ace9c4ad2d1f0d67c6f8d65aea24b2ab6ef6a905c7ccfe85fd4ec,"{""code"":""rotated_surface_code"",""d"":9,""noise_model"":""SI1000"",""p"":0.004325000000000001,""rounds"":1}"
       100,         8,         0,   0.038,pymatching,2f39bd9084abf6f707ae5d3c0eaa88e985863ef314de9d785fe04103a869b430,"{""code"":""rotated_surface_code"",""d"":9,""noise_model"":""SI1000"",""p"":0.004775,""rounds"":1}"
       600,        52,         0,   0.073,pymatching,67645d8a99e042ca7cd49f2872fe5deb766be850fe01c8d81278bf2555a90a9f,"{""code"":""rotated_surface_code"",""d"":9,""noise_model"":""SI1000"",""p"":0.00455,""rounds"":1}"
       300,        20,         0,   0.052,pymatching,67645d8a99e042ca7cd49f2872fe5deb766be850fe01c8d81278bf2555a90a9f,"{""code"":""rotated_surface_code"",""d"":9,""noise_model"":""SI1000"",""p"":0.00455,""rounds"":1}"
       600,        41,         0,   0.073,pymatching,67645d8a99e042ca7cd49f2872fe5deb766be850fe01c8d81278bf2555a90a9f,"{""code"":""rotated_surface_code"",""d"":9,""noise_model"":""SI1000"",""p"":0.00455,""rounds"":1}"
       200,        16,         0,   0.045,pymatching,2f39bd9084abf6f707ae5d3c0eaa88e985863ef314de9d785fe04103a869b430,"{""code"":""rotated_surface_code"",""d"":9,""noise_model"":""SI1000"",""p"":0.004775,""rounds"":1}"
      7200,       370,         0,   0.503,pymatching,d8e93ee953dbf075d37ab887f2e4bf70b699128f95e5e0db56e1283843395237,"{""code"":""rotated_surface_code"",""d"":9,""noise_model"":""SI1000"",""p"":0.0041,""rounds"":1}"
      1200,        82,         0,   0.121,pymatching,67645d8a99e042ca7cd49f2872fe5deb766be850fe01c8d81278bf2555a90a9f,"{""code"":""rotated_surface_code"",""d"":9,""noise_model"":""SI1000"",""p"":0.00455,""rounds"":1}"
      1800,       139,         0,   0.167,pymatching,67645d8a99e042ca7cd49f2872fe5deb766be850fe01c8d81278bf2555a90a9f,"{""code"":""rotated_surface_code"",""d"":9,""noise_model"":""SI1000"",""p"":0.00455,""rounds"":1}"
       600,        52,         0,   0.076,pymatching,2f39bd9084abf6f707ae5d3c0eaa88e985863ef314de9d785fe04103a869b430,"{""code"":""rotated_surface_code"",""d"":9,""noise_model"":""SI1000"",""p"":0.004775,""rounds"":1}"
      2400,       190,         0,   0.211,pymatching,67645d8a99e042ca7cd49f2872fe5deb766be850fe01c8d81278bf2555a90a9f,"{""code"":""rotated_surface_code"",""d"":9,""noise_model"":""SI1000"",""p"":0.00455,""rounds"":1}"
       600,        63,         0,   0.077,pymatching,2f39bd9084abf6f707ae5d3c0eaa88e985863ef314de9d785fe04103a869b430,"{""code"":""rotated_surface_code"",""d"":9,""noise_model"":""SI1000"",""p"":0.004775,""rounds"":1}"
      6000,       408,         0,   0.457,pymatching,01439eca0c4ace9c4ad2d1f0d67c6f8d65aea24b2ab6ef6a905c7ccfe85fd4ec,"{""code"":""rotated_surface_code"",""d"":9,""noise_model"":""SI1000"",""p"":0.004325000000000001,""rounds"":1}"
      3600,       253,         0,   0.301,pymatching,67645d8a99e042ca7cd49f2872fe5deb766be850fe01c8d81278bf2555a90a9f,"{""code"":""rotated_surface_code"",""d"":9,""noise_model"":""SI1000"",""p"":0.00455,""rounds"":1}"
       100,        13,         0,   0.038,pymatching,6897ad7f8cd0e3d0a14fa1c1c85539e5e10933520163ac7fb4fbc8b32da44f44,"{""code"":""rotated_surface_code"",""d"":9,""noise_model"":""SI1000"",""p"":0.005,""rounds"":1}"
      1800,       176,         0,   0.177,pymatching,2f39bd9084abf6f707ae5d3c0eaa88e985863ef314de9d785fe04103a869b430,"{""code"":""rotated_surface_code"",""d"":9,""noise_model"":""SI1000"",""p"":0.004775,""rounds"":1}"
      1800,       153,         0,   0.174,pymatching,2f39bd9084abf6f707ae5d3c0eaa88e985863ef314de9d785fe04103a869b430,"{""code"":""rotated_surface_code"",""d"":9,""noise_model"":""SI1000"",""p"":0.004775,""rounds"":1}"
       200,        19,         0,   0.046,pymatching,6897ad7f8cd0e3d0a14fa1c1c85539e5e10933520163ac7fb4fbc8b32da44f44,"{""code"":""rotated_surface_code"",""d"":9,""noise_model"":""SI1000"",""p"":0.005,""rounds"":1}"
       900,        82,         0,   0.104,pymatching,2f39bd9084abf6f707ae5d3c0eaa88e985863ef314de9d785fe04103a869b430,"{""code"":""rotated_surface_code"",""d"":9,""noise_model"":""SI1000"",""p"":0.004775,""rounds"":1}"
      3070,       237,         0,   0.266,pymatching,67645d8a99e042ca7cd49f2872fe5deb766be850fe01c8d81278bf2555a90a9f,"{""code"":""rotated_surface_code"",""d"":9,""noise_model"":""SI1000"",""p"":0.00455,""rounds"":1}"
        15,         0,         0,   0.030,pymatching,2f39bd9084abf6f707ae5d3c0eaa88e985863ef314de9d785fe04103a869b430,"{""code"":""rotated_surface_code"",""d"":9,""noise_model"":""SI1000"",""p"":0.004775,""rounds"":1}"
       431,        37,         0,   0.061,pymatching,2f39bd9084abf6f707ae5d3c0eaa88e985863ef314de9d785fe04103a869b430,"{""code"":""rotated_surface_code"",""d"":9,""noise_model"":""SI1000"",""p"":0.004775,""rounds"":1}"
        28,         3,         0,   0.031,pymatching,2f39bd9084abf6f707ae5d3c0eaa88e985863ef314de9d785fe04103a869b430,"{""code"":""rotated_surface_code"",""d"":9,""noise_model"":""SI1000"",""p"":0.004775,""rounds"":1}"
        46,         8,         0,   0.032,pymatching,2f39bd9084abf6f707ae5d3c0eaa88e985863ef314de9d785fe04103a869b430,"{""code"":""rotated_surface_code"",""d"":9,""noise_model"":""SI1000"",""p"":0.004775,""rounds"":1}"
       600,        57,         0,   0.077,pymatching,6897ad7f8cd0e3d0a14fa1c1c85539e5e10933520163ac7fb4fbc8b32da44f44,"{""code"":""rotated_surface_code"",""d"":9,""noise_model"":""SI1000"",""p"":0.005,""rounds"":1}"
       600,        55,         0,   0.079,pymatching,6897ad7f8cd0e3d0a14fa1c1c85539e5e10933520163ac7fb4fbc8b32da44f44,"{""code"":""rotated_surface_code"",""d"":9,""noise_model"":""SI1000"",""p"":0.005,""rounds"":1}"
      1477,       132,         0,   0.146,pymatching,2f39bd9084abf6f707ae5d3c0eaa88e985863ef314de9d785fe04103a869b430,"{""code"":""rotated_surface_code"",""d"":9,""noise_model"":""SI1000"",""p"":0.004775,""rounds"":1}"
      3000,       287,         0,   0.273,pymatching,2f39bd9084abf6f707ae5d3c0eaa88e985863ef314de9d785fe04103a869b430,"{""code"":""rotated_surface_code"",""d"":9,""noise_model"":""SI1000"",""p"":0.004775,""rounds"":1}"
       300,        29,         0,   0.055,pymatching,6897ad7f8cd0e3d0a14fa1c1c85539e5e10933520163ac7fb4fbc8b32da44f44,"{""code"":""rotated_surface_code"",""d"":9,""noise_model"":""SI1000"",""p"":0.005,""rounds"":1}"
       100,         0,         0,   0.057,pymatching,834023e2f06ddb9b85a67d5c0a6f97015048f1c47917231bb73257dc2656025e,"{""code"":""rotated_surface_code"",""d"":11,""noise_model"":""SI1000"",""p"":0.0005,""rounds"":1}"
      1800,       183,         0,   0.175,pymatching,6897ad7f8cd0e3d0a14fa1c1c85539e5e10933520163ac7fb4fbc8b32da44f44,"{""code"":""rotated_surface_code"",""d"":9,""noise_model"":""SI1000"",""p"":0.005,""rounds"":1}"
       200,         0,         0,   0.052,pymatching,834023e2f06ddb9b85a67d5c0a6f97015048f1c47917231bb73257dc2656025e,"{""code"":""rotated_surface_code"",""d"":11,""noise_model"":""SI1000"",""p"":0.0005,""rounds"":1}"
       200,         0,         0,   0.053,pymatching,834023e2f06ddb9b85a67d5c0a6f97015048f1c47917231bb73257dc2656025e,"{""code"":""rotated_surface_code"",""d"":11,""noise_model"":""SI1000"",""p"":0.0005,""rounds"":1}"
      3000,       343,         0,   0.270,pymatching,6897ad7f8cd0e3d0a14fa1c1c85539e5e10933520163ac7fb4fbc8b32da44f44,"{""code"":""rotated_surface_code"",""d"":9,""noise_model"":""SI1000"",""p"":0.005,""rounds"":1}"
      2400,       277,         0,   0.274,pymatching,6897ad7f8cd0e3d0a14fa1c1c85539e5e10933520163ac7fb4fbc8b32da44f44,"{""code"":""rotated_surface_code"",""d"":9,""noise_model"":""SI1000"",""p"":0.005,""rounds"":1}"
       600,         0,         0,   0.061,pymatching,834023e2f06ddb9b85a67d5c0a6f97015048f1c47917231bb73257dc2656025e,"{""code"":""rotated_surface_code"",""d"":11,""noise_model"":""SI1000"",""p"":0.0005,""rounds"":1}"
      1000,         0,         0,   0.074,pymatching,834023e2f06ddb9b85a67d5c0a6f97015048f1c47917231bb73257dc2656025e,"{""code"":""rotated_surface_code"",""d"":11,""noise_model"":""SI1000"",""p"":0.0005,""rounds"":1}"
      1381,       153,         0,   0.137,pymatching,6897ad7f8cd0e3d0a14fa1c1c85539e5e10933520163ac7fb4fbc8b32da44f44,"{""code"":""rotated_surface_code"",""d"":9,""noise_model"":""SI1000"",""p"":0.005,""rounds"":1}"
       900,         0,         0,   0.071,pymatching,834023e2f06ddb9b85a67d5c0a6f97015048f1c47917231bb73257dc2656025e,"{""code"":""rotated_surface_code"",""d"":11,""noise_model"":""SI1000"",""p"":0.0005,""rounds"":1}"
       100,         0,         0,   0.052,pymatching,f6f67e4f574b694802c154ee661b2993da745ed04bd20dbe60cbb813d45ddf66,"{""code"":""rotated_surface_code"",""d"":11,""noise_model"":""SI1000"",""p"":0.0007250000000000001,""rounds"":1}"
      2200,         0,         0,   0.089,pymatching,834023e2f06ddb9b85a67d5c0a6f97015048f1c47917231bb73257dc2656025e,"{""code"":""rotated_surface_code"",""d"":11,""noise_model"":""SI1000"",""p"":0.0005,""rounds"":1}"
       200,         0,         0,   0.055,pymatching,f6f67e4f574b694802c154ee661b2993da745ed04bd20dbe60cbb813d45ddf66,"{""code"":""rotated_surface_code"",""d"":11,""noise_model"":""SI1000"",""p"":0.0007250000000000001,""rounds"":1}"
      3200,         0,         0,   0.114,pymatching,834023e2f06ddb9b85a67d5c0a6f97015048f1c47917231bb73257dc2656025e,"{""code"":""rotated_surface_code"",""d"":11,""noise_model"":""SI1000"",""p"":0.0005,""rounds"":1}"
      4200,         0,         0,   0.132,pymatching,834023e2f06ddb9b85a67d5c0a6f97015048f1c47917231bb73257dc2656025e,"{""code"":""rotated_surface_code"",""d"":11,""noise_model"":""SI1000"",""p"":0.0005,""rounds"":1}"
      5400,         0,         0,   0.162,pymatching,834023e2f06ddb9b85a67d5c0a6f97015048f1c47917231bb73257dc2656025e,"{""code"":""rotated_surface_code"",""d"":11,""noise_model"":""SI1000"",""p"":0.0005,""rounds"":1}"
      2800,         0,         0,   0.108,pymatching,834023e2f06ddb9b85a67d5c0a6f97015048f1c47917231bb73257dc2656025e,"{""code"":""rotated_surface_code"",""d"":11,""noise_model"":""SI1000"",""p"":0.0005,""rounds"":1}"
       600,         0,         0,   0.066,pymatching,f6f67e4f574b694802c154ee661b2993da745ed04bd20dbe60cbb813d45ddf66,"{""code"":""rotated_surface_code"",""d"":11,""noise_model"":""SI1000"",""p"":0.0007250000000000001,""rounds"":1}"
      1800,         0,         0,   0.099,pymatching,f6f67e4f574b694802c154ee661b2993da745ed04bd20dbe60cbb813d45ddf66,"{""code"":""rotated_surface_code"",""d"":11,""noise_model"":""SI1000"",""p"":0.0007250000000000001,""rounds"":1}"
     10400,         0,         0,   0.276,pymatching,834023e2f06ddb9b85a67d5c0a6f97015048f1c47917231bb73257dc2656025e,"{""code"":""rotated_surface_code"",""d"":11,""noise_model"":""SI1000"",""p"":0.0005,""rounds"":1}"
     16800,         0,         0,   0.409,pymatching,834023e2f06ddb9b85a67d5c0a6f97015048f1c47917231bb73257dc2656025e,"{""code"":""rotated_surface_code"",""d"":11,""noise_model"":""SI1000"",""p"":0.0005,""rounds"":1}"
      5400,         0,         0,   0.193,pymatching,f6f67e4f574b694802c154ee661b2993da745ed04bd20dbe60cbb813d45ddf66,"{""code"":""rotated_surface_code"",""d"":11,""noise_model"":""SI1000"",""p"":0.0007250000000000001,""rounds"":1}"
     16800,         0,         0,   0.413,pymatching,834023e2f06ddb9b85a67d5c0a6f97015048f1c47917231bb73257dc2656025e,"{""code"":""rotated_surface_code"",""d"":11,""noise_model"":""SI1000"",""p"":0.0005,""rounds"":1}"
      4800,         0,         0,   0.157,pymatching,834023e2f06ddb9b85a67d5c0a6f97015048f1c47917231bb73257dc2656025e,"{""code"":""rotated_surface_code"",""d"":11,""noise_model"":""SI1000"",""p"":0.0005,""rounds"":1}"
     25200,         0,         0,   0.591,pymatching,834023e2f06ddb9b85a67d5c0a6f97015048f1c47917231bb73257dc2656025e,"{""code"":""rotated_surface_code"",""d"":11,""noise_model"":""SI1000"",""p"":0.0005,""rounds"":1}"
     34800,         0,         0,   0.833,pymatching,834023e2f06ddb9b85a67d5c0a6f97015048f1c47917231bb73257dc2656025e,"{""code"":""rotated_surface_code"",""d"":11,""noise_model"":""SI1000"",""p"":0.0005,""rounds"":1}"
     28800,         0,         0,   0.735,pymatching,834023e2f06ddb9b85a67d5c0a6f97015048f1c47917231bb73257dc2656025e,"{""code"":""rotated_surface_code"",""d"":11,""noise_model"":""SI1000"",""p"":0.0005,""rounds"":1}"
     62400,         0,         0,    1.44,pymatching,834023e2f06ddb9b85a67d5c0a6f97015048f1c47917231bb73257dc2656025e,"{""code"":""rotated_surface_code"",""d"":11,""noise_model"":""SI1000"",""p"":0.0005,""rounds"":1}"
     96000,         0,         0,    2.15,pymatching,834023e2f06ddb9b85a67d5c0a6f97015048f1c47917231bb73257dc2656025e,"{""code"":""rotated_surface_code"",""d"":11,""noise_model"":""SI1000"",""p"":0.0005,""rounds"":1}"
    100800,         0,         0,    2.28,pymatching,834023e2f06ddb9b85a67d5c0a6f97015048f1c47917231bb73257dc2656025e,"{""code"":""rotated_surface_code"",""d"":11,""noise_model"":""SI1000"",""p"":0.0005,""rounds"":1}"
     49600,         0,         0,    1.17,pymatching,834023e2f06ddb9b85a67d5c0a6f97015048f1c47917231bb73257dc2656025e,"{""code"":""rotated_surface_code"",""d"":11,""noise_model"":""SI1000"",""p"":0.0005,""rounds"":1}"
     16200,         0,         0,   0.473,pymatching,f6f67e4f574b694802c154ee661b2993da745ed04bd20dbe60cbb813d45ddf66,"{""code"":""rotated_surface_code"",""d"":11,""noise_model"":""SI1000"",""p"":0.0007250000000000001,""rounds"":1}"
      8100,         0,         0,   0.262,pymatching,f6f67e4f574b694802c154ee661b2993da745ed04bd20dbe60cbb813d45ddf66,"{""code"":""rotated_surface_code"",""d"":11,""noise_model"":""SI1000"",""p"":0.0007250000000000001,""rounds"":1}"
     16200,         0,         0,   0.471,pymatching,f6f67e4f574b694802c154ee661b2993da745ed04bd20dbe60cbb813d45ddf66,"{""code"":""rotated_surface_code"",""d"":11,""noise_model"":""SI1000"",""p"":0.0007250000000000001,""rounds"":1}"
    151200,         0,         0,    3.35,pymatching,834023e2f06ddb9b85a67d5c0a6f97015048f1c47917231bb73257dc2656025e,"{""code"":""rotated_surface_code"",""d"":11,""noise_model"":""SI1000"",""p"":0.0005,""rounds"":1}"
     48600,         0,         0,    1.39,pymatching,f6f67e4f574b694802c154ee661b2993da745ed04bd20dbe60cbb813d45ddf66,"{""code"":""rotated_surface_code"",""d"":11,""noise_model"":""SI1000"",""p"":0.0007250000000000001,""rounds"":1}"
     32400,         0,         0,   0.881,pymatching,f6f67e4f574b694802c154ee661b2993da745ed04bd20dbe60cbb813d45ddf66,"{""code"":""rotated_surface_code"",""d"":11,""noise_model"":""SI1000"",""p"":0.0007250000000000001,""rounds"":1}"
     64800,         0,         0,    1.73,pymatching,f6f67e4f574b694802c154ee661b2993da745ed04bd20dbe60cbb813d45ddf66,"{""code"":""rotated_surface_code"",""d"":11,""noise_model"":""SI1000"",""p"":0.0007250000000000001,""rounds"":1}"
    172800,         0,         0,    3.82,pymatching,834023e2f06ddb9b85a67d5c0a6f97015048f1c47917231bb73257dc2656025e,"{""code"":""rotated_surface_code"",""d"":11,""noise_model"":""SI1000"",""p"":0.0005,""rounds"":1}"
       100,         0,         0,   0.062,pymatching,617748da4726813bc36e2263dc7b9cbb85bc2d6bae7f661f3b459d81f7cdc699,"{""code"":""rotated_surface_code"",""d"":11,""noise_model"":""SI1000"",""p"":0.0009500000000000001,""rounds"":1}"
       200,         0,         0,   0.060,pymatching,617748da4726813bc36e2263dc7b9cbb85bc2d6bae7f661f3b459d81f7cdc699,"{""code"":""rotated_surface_code"",""d"":11,""noise_model"":""SI1000"",""p"":0.0009500000000000001,""rounds"":1}"
       600,         0,         0,   0.067,pymatching,617748da4726813bc36e2263dc7b9cbb85bc2d6bae7f661f3b459d81f7cdc699,"{""code"":""rotated_surface_code"",""d"":11,""noise_model"":""SI1000"",""p"":0.0009500000000000001,""rounds"":1}"
      1800,         1,         0,   0.106,pymatching,617748da4726813bc36e2263dc7b9cbb85bc2d6bae7f661f3b459d81f7cdc699,"{""code"":""rotated_surface_code"",""d"":11,""noise_model"":""SI1000"",""p"":0.0009500000000000001,""rounds"":1}"
    208800,         0,         0,    4.68,pymatching,834023e2f06ddb9b85a67d5c0a6f97015048f1c47917231bb73257dc2656025e,"{""code"":""rotated_surface_code"",""d"":11,""noise_model"":""SI1000"",""p"":0.0005,""rounds"":1}"
      5400,         0,         0,   0.214,pymatching,617748da4726813bc36e2263dc7b9cbb85bc2d6bae7f661f3b459d81f7cdc699,"{""code"":""rotated_surface_code"",""d"":11,""noise_model"":""SI1000"",""p"":0.0009500000000000001,""rounds"":1}"
      5400,         0,         0,   0.242,pymatching,617748da4726813bc36e2263dc7b9cbb85bc2d6bae7f661f3b459d81f7cdc699,"{""code"":""rotated_surface_code"",""d"":11,""noise_model"":""SI1000"",""p"":0.0009500000000000001,""rounds"":1}"
     97200,         0,         0,    2.57,pymatching,f6f67e4f574b694802c154ee661b2993da745ed04bd20dbe60cbb813d45ddf66,"{""code"":""rotated_surface_code"",""d"":11,""noise_model"":""SI1000"",""p"":0.0007250000000000001,""rounds"":1}"
     16200,         1,         0,   0.577,pymatching,617748da4726813bc36e2263dc7b9cbb85bc2d6bae7f661f3b459d81f7cdc699,"{""code"":""rotated_surface_code"",""d"":11,""noise_model"":""SI1000"",""p"":0.0009500000000000001,""rounds"":1}"
     27000,         0,         0,   0.870,pymatching,617748da4726813bc36e2263dc7b9cbb85bc2d6bae7f661f3b459d81f7cdc699,"{""code"":""rotated_surface_code"",""d"":11,""noise_model"":""SI1000"",""p"":0.0009500000000000001,""rounds"":1}"
     24300,         1,         0,   0.876,pymatching,617748da4726813bc36e2263dc7b9cbb85bc2d6bae7f661f3b459d81f7cdc699,"{""code"":""rotated_surface_code"",""d"":11,""noise_model"":""SI1000"",""p"":0.0009500000000000001,""rounds"":1}"
     59400,         1,         0,    1.83,pymatching,617748da4726813bc36e2263dc7b9cbb85bc2d6bae7f661f3b459d81f7cdc699,"{""code"":""rotated_surface_code"",""d"":11,""noise_model"":""SI1000"",""p"":0.0009500000000000001,""rounds"":1}"
    194400,         0,         0,    5.06,pymatching,f6f67e4f574b694802c154ee661b2993da745ed04bd20dbe60cbb813d45ddf66,"{""code"":""rotated_surface_code"",""d"":11,""noise_model"":""SI1000"",""p"":0.0007250000000000001,""rounds"":1}"
    113400,         2,         0,    3.46,pymatching,617748da4726813bc36e2263dc7b9cbb85bc2d6bae7f661f3b459d81f7cdc699,"{""code"":""rotated_surface_code"",""d"":11,""noise_model"":""SI1000"",""p"":0.0009500000000000001,""rounds"":1}"
    254800,         0,         0,    6.64,pymatching,f6f67e4f574b694802c154ee661b2993da745ed04bd20dbe60cbb813d45ddf66,"{""code"":""rotated_surface_code"",""d"":11,""noise_model"":""SI1000"",""p"":0.0007250000000000001,""rounds"":1}"
    162000,         1,         0,    4.80,pymatching,617748da4726813bc36e2263dc7b9cbb85bc2d6bae7f661f3b459d81f7cdc699,"{""code"":""rotated_surface_code"",""d"":11,""noise_model"":""SI1000"",""p"":0.0009500000000000001,""rounds"":1}"
    259200,         0,         0,    6.70,pymatching,f6f67e4f574b694802c154ee661b2993da745ed04bd20dbe60cbb813d45ddf66,"{""code"":""rotated_surface_code"",""d"":11,""noise_model"":""SI1000"",""p"":0.0007250000000000001,""rounds"":1}"
       100,         0,         0,   0.059,pymatching,23d7c5e973c1b139c2e3130726b2c840ac4528814f079ae09558a9b837986c36,"{""code"":""rotated_surface_code"",""d"":11,""noise_model"":""SI1000"",""p"":0.001175,""rounds"":1}"
       100,         0,         0,   0.057,pymatching,f783c7ca8df77e6b5c80462ab0c9509cfa589b1b185eea42ef053d3c244427bd,"{""code"":""rotated_surface_code"",""d"":11,""noise_model"":""SI1000"",""p"":0.0014000000000000002,""rounds"":1}"
       200,         0,         0,   0.058,pymatching,23d7c5e973c1b139c2e3130726b2c840ac4528814f079ae09558a9b837986c36,"{""code"":""rotated_surface_code"",""d"":11,""noise_model"":""SI1000"",""p"":0.001175,""rounds"":1}"
       200,         0,         0,   0.057,pymatching,23d7c5e973c1b139c2e3130726b2c840ac4528814f079ae09558a9b837986c36,"{""code"":""rotated_surface_code"",""d"":11,""noise_model"":""SI1000"",""p"":0.001175,""rounds"":1}"
       600,         0,         0,   0.070,pymatching,23d7c5e973c1b139c2e3130726b2c840ac4528814f079ae09558a9b837986c36,"{""code"":""rotated_surface_code"",""d"":11,""noise_model"":""SI1000"",""p"":0.001175,""rounds"":1}"
      1000,         0,         0,   0.086,pymatching,23d7c5e973c1b139c2e3130726b2c840ac4528814f079ae09558a9b837986c36,"{""code"":""rotated_surface_code"",""d"":11,""noise_model"":""SI1000"",""p"":0.001175,""rounds"":1}"
      2200,         0,         0,   0.125,pymatching,23d7c5e973c1b139c2e3130726b2c840ac4528814f079ae09558a9b837986c36,"{""code"":""rotated_surface_code"",""d"":11,""noise_model"":""SI1000"",""p"":0.001175,""rounds"":1}"
      2200,         0,         0,   0.131,pymatching,23d7c5e973c1b139c2e3130726b2c840ac4528814f079ae09558a9b837986c36,"{""code"":""rotated_surface_code"",""d"":11,""noise_model"":""SI1000"",""p"":0.001175,""rounds"":1}"
      4200,         0,         0,   0.198,pymatching,23d7c5e973c1b139c2e3130726b2c840ac4528814f079ae09558a9b837986c36,"{""code"":""rotated_surface_code"",""d"":11,""noise_model"":""SI1000"",""p"":0.001175,""rounds"":1}"
      8600,         0,         0,   0.390,pymatching,23d7c5e973c1b139c2e3130726b2c840ac4528814f079ae09558a9b837986c36,"{""code"":""rotated_surface_code"",""d"":11,""noise_model"":""SI1000"",""p"":0.001175,""rounds"":1}"
     13000,         0,         0,   0.523,pymatching,23d7c5e973c1b139c2e3130726b2c840ac4528814f079ae09558a9b837986c36,"{""code"":""rotated_surface_code"",""d"":11,""noise_model"":""SI1000"",""p"":0.001175,""rounds"":1}"
     21400,         0,         0,   0.824,pymatching,23d7c5e973c1b139c2e3130726b2c840ac4528814f079ae09558a9b837986c36,"{""code"":""rotated_surface_code"",""d"":11,""noise_model"":""SI1000"",""p"":0.001175,""rounds"":1}"
    145800,         1,         0,    4.46,pymatching,617748da4726813bc36e2263dc7b9cbb85bc2d6bae7f661f3b459d81f7cdc699,"{""code"":""rotated_surface_code"",""d"":11,""noise_model"":""SI1000"",""p"":0.0009500000000000001,""rounds"":1}"
     38600,         0,         0,    1.43,pymatching,23d7c5e973c1b139c2e3130726b2c840ac4528814f079ae09558a9b837986c36,"{""code"":""rotated_surface_code"",""d"":11,""noise_model"":""SI1000"",""p"":0.001175,""rounds"":1}"
     64600,         1,         0,    2.29,pymatching,23d7c5e973c1b139c2e3130726b2c840ac4528814f079ae09558a9b837986c36,"{""code"":""rotated_surface_code"",""d"":11,""noise_model"":""SI1000"",""p"":0.001175,""rounds"":1}"
    157600,         1,         0,    5.04,pymatching,617748da4726813bc36e2263dc7b9cbb85bc2d6bae7f661f3b459d81f7cdc699,"{""code"":""rotated_surface_code"",""d"":11,""noise_model"":""SI1000"",""p"":0.0009500000000000001,""rounds"":1}"
     57900,         0,         0,    2.06,pymatching,23d7c5e973c1b139c2e3130726b2c840ac4528814f079ae09558a9b837986c36,"{""code"":""rotated_surface_code"",""d"":11,""noise_model"":""SI1000"",""p"":0.001175,""rounds"":1}"
    280800,         4,         0,    8.42,pymatching,617748da4726813bc36e2263dc7b9cbb85bc2d6bae7f661f3b459d81f7cdc699,"{""code"":""rotated_surface_code"",""d"":11,""noise_model"":""SI1000"",""p"":0.0009500000000000001,""rounds"":1}"
       200,         1,         0,   0.069,pymatching,f783c7ca8df77e6b5c80462ab0c9509cfa589b1b185eea42ef053d3c244427bd,"{""code"":""rotated_surface_code"",""d"":11,""noise_model"":""SI1000"",""p"":0.0014000000000000002,""rounds"":1}"
       600,         0,         0,   0.075,pymatching,f783c7ca8df77e6b5c80462ab0c9509cfa589b1b185eea42ef053d3c244427bd,"{""code"":""rotated_surface_code"",""d"":11,""noise_model"":""SI1000"",""p"":0.0014000000000000002,""rounds"":1}"
      1800,         0,         0,   0.130,pymatching,f783c7ca8df77e6b5c80462ab0c9509cfa589b1b185eea42ef053d3c244427bd,"{""code"":""rotated_surface_code"",""d"":11,""noise_model"":""SI1000"",""p"":0.0014000000000000002,""rounds"":1}"
    107400,         2,         0,    3.76,pymatching,23d7c5e973c1b139c2e3130726b2c840ac4528814f079ae09558a9b837986c36,"{""code"":""rotated_surface_code"",""d"":11,""noise_model"":""SI1000"",""p"":0.001175,""rounds"":1}"
      5400,         1,         0,   0.270,pymatching,f783c7ca8df77e6b5c80462ab0c9509cfa589b1b185eea42ef053d3c244427bd,"{""code"":""rotated_surface_code"",""d"":11,""noise_model"":""SI1000"",""p"":0.0014000000000000002,""rounds"":1}"
      5400,         0,         0,   0.273,pymatching,f783c7ca8df77e6b5c80462ab0c9509cfa589b1b185eea42ef053d3c244427bd,"{""code"":""rotated_surface_code"",""d"":11,""noise_model"":""SI1000"",""p"":0.0014000000000000002,""rounds"":1}"
     16200,         1,         0,   0.698,pymatching,f783c7ca8df77e6b5c80462ab0c9509cfa589b1b185eea42ef053d3c244427bd,"{""code"":""rotated_surface_code"",""d"":11,""noise_model"":""SI1000"",""p"":0.0014000000000000002,""rounds"":1}"
     58600,         1,         0,    2.11,pymatching,23d7c5e973c1b139c2e3130726b2c840ac4528814f079ae09558a9b837986c36,"{""code"":""rotated_surface_code"",""d"":11,""noise_model"":""SI1000"",""p"":0.001175,""rounds"":1}"
     27000,         4,         0,    1.13,pymatching,f783c7ca8df77e6b5c80462ab0c9509cfa589b1b185eea42ef053d3c244427bd,"{""code"":""rotated_surface_code"",""d"":11,""noise_model"":""SI1000"",""p"":0.0014000000000000002,""rounds"":1}"
    120800,         4,         0,    4.30,pymatching,23d7c5e973c1b139c2e3130726b2c840ac4528814f079ae09558a9b837986c36,"{""code"":""rotated_surface_code"",""d"":11,""noise_model"":""SI1000"",""p"":0.001175,""rounds"":1}"
     59400,         6,         0,    2.41,pymatching,f783c7ca8df77e6b5c80462ab0c9509cfa589b1b185eea42ef053d3c244427bd,"{""code"":""rotated_surface_code"",""d"":11,""noise_model"":""SI1000"",""p"":0.0014000000000000002,""rounds"":1}"
     59400,         4,         0,    2.40,pymatching,f783c7ca8df77e6b5c80462ab0c9509cfa589b1b185eea42ef053d3c244427bd,"{""code"":""rotated_surface_code"",""d"":11,""noise_model"":""SI1000"",""p"":0.0014000000000000002,""rounds"":1}"
    184600,         5,         0,    6.59,pymatching,23d7c5e973c1b139c2e3130726b2c840ac4528814f079ae09558a9b837986c36,"{""code"":""rotated_surface_code"",""d"":11,""noise_model"":""SI1000"",""p"":0.001175,""rounds"":1}"
     51300,         5,         0,    2.10,pymatching,f783c7ca8df77e6b5c80462ab0c9509cfa589b1b185eea42ef053d3c244427bd,"{""code"":""rotated_surface_code"",""d"":11,""noise_model"":""SI1000"",""p"":0.0014000000000000002,""rounds"":1}"
       100,         0,         0,   0.062,pymatching,40a6cc9286adc2bab5c53ee412527ccae48197bf9e824a24b59bc31f220a2e98,"{""code"":""rotated_surface_code"",""d"":11,""noise_model"":""SI1000"",""p"":0.0016250000000000001,""rounds"":1}"
       200,         0,         0,   0.067,pymatching,40a6cc9286adc2bab5c53ee412527ccae48197bf9e824a24b59bc31f220a2e98,"{""code"":""rotated_surface_code"",""d"":11,""noise_model"":""SI1000"",""p"":0.0016250000000000001,""rounds"":1}"
       600,         0,         0,   0.083,pymatching,40a6cc9286adc2bab5c53ee412527ccae48197bf9e824a24b59bc31f220a2e98,"{""code"":""rotated_surface_code"",""d"":11,""noise_model"":""SI1000"",""p"":0.0016250000000000001,""rounds"":1}"
      1800,         0,         0,   0.135,pymatching,40a6cc9286adc2bab5c53ee412527ccae48197bf9e824a24b59bc31f220a2e98,"{""code"":""rotated_surface_code"",""d"":11,""noise_model"":""SI1000"",""p"":0.0016250000000000001,""rounds"":1}"
      5400,         0,         0,   0.298,pymatching,40a6cc9286adc2bab5c53ee412527ccae48197bf9e824a24b59bc31f220a2e98,"{""code"":""rotated_surface_code"",""d"":11,""noise_model"":""SI1000"",""p"":0.0016250000000000001,""rounds"":1}"
    113400,        11,         0,    4.55,pymatching,f783c7ca8df77e6b5c80462ab0c9509cfa589b1b185eea42ef053d3c244427bd,"{""code"":""rotated_surface_code"",""d"":11,""noise_model"":""SI1000"",""p"":0.0014000000000000002,""rounds"":1}"
     16200,         6,         0,   0.792,pymatching,40a6cc9286adc2bab5c53ee412527ccae48197bf9e824a24b59bc31f220a2e98,"{""code"":""rotated_surface_code"",""d"":11,""noise_model"":""SI1000"",""p"":0.0016250000000000001,""rounds"":1}"
     16200,         2,         0,   0.816,pymatching,40a6cc9286adc2bab5c53ee412527ccae48197bf9e824a24b59bc31f220a2e98,"{""code"":""rotated_surface_code"",""d"":11,""noise_model"":""SI1000"",""p"":0.0016250000000000001,""rounds"":1}"
     76600,         5,         0,    3.12,pymatching,f783c7ca8df77e6b5c80462ab0c9509cfa589b1b185eea42ef053d3c244427bd,"{""code"":""rotated_surface_code"",""d"":11,""noise_model"":""SI1000"",""p"":0.0014000000000000002,""rounds"":1}"
     48600,         7,         0,    2.30,pymatching,40a6cc9286adc2bab5c53ee412527ccae48197bf9e824a24b59bc31f220a2e98,"{""code"":""rotated_surface_code"",""d"":11,""noise_model"":""SI1000"",""p"":0.0016250000000000001,""rounds"":1}"
    313800,         5,         0,    11.0,pymatching,23d7c5e973c1b139c2e3130726b2c840ac4528814f079ae09558a9b837986c36,"{""code"":""rotated_surface_code"",""d"":11,""noise_model"":""SI1000"",""p"":0.001175,""rounds"":1}"
     72900,        16,         0,    3.51,pymatching,40a6cc9286adc2bab5c53ee412527ccae48197bf9e824a24b59bc31f220a2e98,"{""code"":""rotated_surface_code"",""d"":11,""noise_model"":""SI1000"",""p"":0.0016250000000000001,""rounds"":1}"
     81000,        20,         0,    3.78,pymatching,40a6cc9286adc2bab5c53ee412527ccae48197bf9e824a24b59bc31f220a2e98,"{""code"":""rotated_surface_code"",""d"":11,""noise_model"":""SI1000"",""p"":0.0016250000000000001,""rounds"":1}"
    232200,        15,         0,    9.43,pymatching,f783c7ca8df77e6b5c80462ab0c9509cfa589b1b185eea42ef053d3c244427bd,"{""code"":""rotated_surface_code"",""d"":11,""noise_model"":""SI1000"",""p"":0.0014000000000000002,""rounds"":1}"
       100,         0,         0,   0.067,pymatching,b19579fc2556e3e7ae1ba02ca07176392d766acf7bbaeb6d68ace6adc693d4d8,"{""code"":""rotated_surface_code"",""d"":11,""noise_model"":""SI1000"",""p"":0.00185,""rounds"":1}"
       200,         0,         0,   0.066,pymatching,b19579fc2556e3e7ae1ba02ca07176392d766acf7bbaeb6d68ace6adc693d4d8,"{""code"":""rotated_surface_code"",""d"":11,""noise_model"":""SI1000"",""p"":0.00185,""rounds"":1}"
       600,         0,         0,   0.079,pymatching,b19579fc2556e3e7ae1ba02ca07176392d766acf7bbaeb6d68ace6adc693d4d8,"{""code"":""rotated_surface_code"",""d"":11,""noise_model"":""SI1000"",""p"":0.00185,""rounds"":1}"
      1800,         2,         0,   0.144,pymatching,b19579fc2556e3e7ae1ba02ca07176392d766acf7bbaeb6d68ace6adc693d4d8,"{""code"":""rotated_surface_code"",""d"":11,""noise_model"":""SI1000"",""p"":0.00185,""rounds"":1}"
      5400,         3,         0,   0.329,pymatching,b19579fc2556e3e7ae1ba02ca07176392d766acf7bbaeb6d68ace6adc693d4d8,"{""code"":""rotated_surface_code"",""d"":11,""noise_model"":""SI1000"",""p"":0.00185,""rounds"":1}"
    113400,        26,         0,    5.23,pymatching,40a6cc9286adc2bab5c53ee412527ccae48197bf9e824a24b59bc31f220a2e98,"{""code"":""rotated_surface_code"",""d"":11,""noise_model"":""SI1000"",""p"":0.0016250000000000001,""rounds"":1}"
     16200,         4,         0,   0.877,pymatching,b19579fc2556e3e7ae1ba02ca07176392d766acf7bbaeb6d68ace6adc693d4d8,"{""code"":""rotated_surface_code"",""d"":11,""noise_model"":""SI1000"",""p"":0.00185,""rounds"":1}"
     16200,        11,         0,   0.885,pymatching,b19579fc2556e3e7ae1ba02ca07176392d766acf7bbaeb6d68ace6adc693d4d8,"{""code"":""rotated_surface_code"",""d"":11,""noise_model"":""SI1000"",""p"":0.00185,""rounds"":1}"
    178200,        25,         0,    8.49,pymatching,40a6cc9286adc2bab5c53ee412527ccae48197bf9e824a24b59bc31f220a2e98,"{""code"":""rotated_surface_code"",""d"":11,""noise_model"":""SI1000"",""p"":0.0016250000000000001,""rounds"":1}"
    141400,        29,         0,    6.53,pymatching,40a6cc9286adc2bab5c53ee412527ccae48197bf9e824a24b59bc31f220a2e98,"{""code"":""rotated_surface_code"",""d"":11,""noise_model"":""SI1000"",""p"":0.0016250000000000001,""rounds"":1}"
     48600,        29,         0,    2.55,pymatching,b19579fc2556e3e7ae1ba02ca07176392d766acf7bbaeb6d68ace6adc693d4d8,"{""code"":""rotated_surface_code"",""d"":11,""noise_model"":""SI1000"",""p"":0.00185,""rounds"":1}"
    351000,        29,         0,    14.3,pymatching,f783c7ca8df77e6b5c80462ab0c9509cfa589b1b185eea42ef053d3c244427bd,"{""code"":""rotated_surface_code"",""d"":11,""noise_model"":""SI1000"",""p"":0.0014000000000000002,""rounds"":1}"
       100,         0,         0,   0.073,pymatching,4f0f69b4a18ab38c1b38d9b763d1c038fd2afa41a5499afa725fd4a60db54999,"{""code"":""rotated_surface_code"",""d"":11,""noise_model"":""SI1000"",""p"":0.0020750000000000005,""rounds"":1}"
       200,         0,         0,   0.067,pymatching,4f0f69b4a18ab38c1b38d9b763d1c038fd2afa41a5499afa725fd4a60db54999,"{""code"":""rotated_surface_code"",""d"":11,""noise_model"":""SI1000"",""p"":0.0020750000000000005,""rounds"":1}"
       600,         0,         0,   0.084,pymatching,4f0f69b4a18ab38c1b38d9b763d1c038fd2afa41a5499afa725fd4a60db54999,"{""code"":""rotated_surface_code"",""d"":11,""noise_model"":""SI1000"",""p"":0.0020750000000000005,""rounds"":1}"
      1800,         1,         0,   0.158,pymatching,4f0f69b4a18ab38c1b38d9b763d1c038fd2afa41a5499afa725fd4a60db54999,"{""code"":""rotated_surface_code"",""d"":11,""noise_model"":""SI1000"",""p"":0.0020750000000000005,""rounds"":1}"
      5400,        11,         0,   0.366,pymatching,4f0f69b4a18ab38c1b38d9b763d1c038fd2afa41a5499afa725fd4a60db54999,"{""code"":""rotated_surface_code"",""d"":11,""noise_model"":""SI1000"",""p"":0.0020750000000000005,""rounds"":1}"
     81000,        48,         0,    4.16,pymatching,b19579fc2556e3e7ae1ba02ca07176392d766acf7bbaeb6d68ace6adc693d4d8,"{""code"":""rotated_surface_code"",""d"":11,""noise_model"":""SI1000"",""p"":0.00185,""rounds"":1}"
     16200,        19,         0,    1.10,pymatching,4f0f69b4a18ab38c1b38d9b763d1c038fd2afa41a5499afa725fd4a60db54999,"{""code"":""rotated_surface_code"",""d"":11,""noise_model"":""SI1000"",""p"":0.0020750000000000005,""rounds"":1}"
     72900,        34,         0,    3.80,pymatching,b19579fc2556e3e7ae1ba02ca07176392d766acf7bbaeb6d68ace6adc693d4d8,"{""code"":""rotated_surface_code"",""d"":11,""noise_model"":""SI1000"",""p"":0.00185,""rounds"":1}"
    113400,        56,         0,    5.85,pymatching,b19579fc2556e3e7ae1ba02ca07176392d766acf7bbaeb6d68ace6adc693d4d8,"{""code"":""rotated_surface_code"",""d"":11,""noise_model"":""SI1000"",""p"":0.00185,""rounds"":1}"
     48600,        45,         0,    2.90,pymatching,4f0f69b4a18ab38c1b38d9b763d1c038fd2afa41a5499afa725fd4a60db54999,"{""code"":""rotated_surface_code"",""d"":11,""noise_model"":""SI1000"",""p"":0.0020750000000000005,""rounds"":1}"
    324000,        62,         0,    15.0,pymatching,40a6cc9286adc2bab5c53ee412527ccae48197bf9e824a24b59bc31f220a2e98,"{""code"":""rotated_surface_code"",""d"":11,""noise_model"":""SI1000"",""p"":0.0016250000000000001,""rounds"":1}"
    125200,        62,         0,    6.47,pymatching,b19579fc2556e3e7ae1ba02ca07176392d766acf7bbaeb6d68ace6adc693d4d8,"{""code"":""rotated_surface_code"",""d"":11,""noise_model"":""SI1000"",""p"":0.00185,""rounds"":1}"
     48600,        52,         0,    2.88,pymatching,4f0f69b4a18ab38c1b38d9b763d1c038fd2afa41a5499afa725fd4a60db54999,"{""code"":""rotated_surface_code"",""d"":11,""noise_model"":""SI1000"",""p"":0.0020750000000000005,""rounds"":1}"
    178200,        89,         0,    9.12,pymatching,b19579fc2556e3e7ae1ba02ca07176392d766acf7bbaeb6d68ace6adc693d4d8,"{""code"":""rotated_surface_code"",""d"":11,""noise_model"":""SI1000"",""p"":0.00185,""rounds"":1}"
     24300,        21,         0,    1.48,pymatching,4f0f69b4a18ab38c1b38d9b763d1c038fd2afa41a5499afa725fd4a60db54999,"{""code"":""rotated_surface_code"",""d"":11,""noise_model"":""SI1000"",""p"":0.0020750000000000005,""rounds"":1}"
     48600,        45,         0,    2.87,pymatching,4f0f69b4a18ab38c1b38d9b763d1c038fd2afa41a5499afa725fd4a60db54999,"{""code"":""rotated_surface_code"",""d"":11,""noise_model"":""SI1000"",""p"":0.0020750000000000005,""rounds"":1}"
    145800,       163,         0,    8.57,pymatching,4f0f69b4a18ab38c1b38d9b763d1c038fd2afa41a5499afa725fd4a60db54999,"{""code"":""rotated_surface_code"",""d"":11,""noise_model"":""SI1000"",""p"":0.0020750000000000005,""rounds"":1}"
       100,         0,         0,   0.065,pymatching,efb41f806679d27c9bb5e628993f18228073ef168a1e56e01b4c752ab0bbce8b,"{""code"":""rotated_surface_code"",""d"":11,""noise_model"":""SI1000"",""p"":0.0023,""rounds"":1}"
       200,         1,         0,   0.070,pymatching,efb41f806679d27c9bb5e628993f18228073ef168a1e56e01b4c752ab0bbce8b,"{""code"":""rotated_surface_code"",""d"":11,""noise_model"":""SI1000"",""p"":0.0023,""rounds"":1}"
       600,         0,         0,   0.088,pymatching,efb41f806679d27c9bb5e628993f18228073ef168a1e56e01b4c752ab0bbce8b,"{""code"":""rotated_surface_code"",""d"":11,""noise_model"":""SI1000"",""p"":0.0023,""rounds"":1}"
      1800,         4,         0,   0.171,pymatching,efb41f806679d27c9bb5e628993f18228073ef168a1e56e01b4c752ab0bbce8b,"{""code"":""rotated_surface_code"",""d"":11,""noise_model"":""SI1000"",""p"":0.0023,""rounds"":1}"
      5400,        13,         0,   0.413,pymatching,efb41f806679d27c9bb5e628993f18228073ef168a1e56e01b4c752ab0bbce8b,"{""code"":""rotated_surface_code"",""d"":11,""noise_model"":""SI1000"",""p"":0.0023,""rounds"":1}"
    145800,       144,         0,    8.63,pymatching,4f0f69b4a18ab38c1b38d9b763d1c038fd2afa41a5499afa725fd4a60db54999,"{""code"":""rotated_surface_code"",""d"":11,""noise_model"":""SI1000"",""p"":0.0020750000000000005,""rounds"":1}"
     16200,        34,         0,    1.16,pymatching,efb41f806679d27c9bb5e628993f18228073ef168a1e56e01b4c752ab0bbce8b,"{""code"":""rotated_surface_code"",""d"":11,""noise_model"":""SI1000"",""p"":0.0023,""rounds"":1}"
     16200,        35,         0,    1.12,pymatching,efb41f806679d27c9bb5e628993f18228073ef168a1e56e01b4c752ab0bbce8b,"{""code"":""rotated_surface_code"",""d"":11,""noise_model"":""SI1000"",""p"":0.0023,""rounds"":1}"
    145800,       153,         0,    8.45,pymatching,4f0f69b4a18ab38c1b38d9b763d1c038fd2afa41a5499afa725fd4a60db54999,"{""code"":""rotated_surface_code"",""d"":11,""noise_model"":""SI1000"",""p"":0.0020750000000000005,""rounds"":1}"
    125118,       101,         0,    7.20,pymatching,4f0f69b4a18ab38c1b38d9b763d1c038fd2afa41a5499afa725fd4a60db54999,"{""code"":""rotated_surface_code"",""d"":11,""noise_model"":""SI1000"",""p"":0.0020750000000000005,""rounds"":1}"
        82,         0,         0,   0.066,pymatching,4f0f69b4a18ab38c1b38d9b763d1c038fd2afa41a5499afa725fd4a60db54999,"{""code"":""rotated_surface_code"",""d"":11,""noise_model"":""SI1000"",""p"":0.0020750000000000005,""rounds"":1}"
    340200,       173,         0,    17.4,pymatching,b19579fc2556e3e7ae1ba02ca07176392d766acf7bbaeb6d68ace6adc693d4d8,"{""code"":""rotated_surface_code"",""d"":11,""noise_model"":""SI1000"",""p"":0.00185,""rounds"":1}"
       100,         0,         0,   0.058,pymatching,a9b0f654ab7a250b99e712eb1437bf97fc1e8242f3d88b4236500d140deccf90,"{""code"":""rotated_surface_code"",""d"":11,""noise_model"":""SI1000"",""p"":0.0025250000000000003,""rounds"":1}"
       200,         0,         0,   0.067,pymatching,a9b0f654ab7a250b99e712eb1437bf97fc1e8242f3d88b4236500d140deccf90,"{""code"":""rotated_surface_code"",""d"":11,""noise_model"":""SI1000"",""p"":0.0025250000000000003,""rounds"":1}"
       600,         4,         0,   0.094,pymatching,a9b0f654ab7a250b99e712eb1437bf97fc1e8242f3d88b4236500d140deccf90,"{""code"":""rotated_surface_code"",""d"":11,""noise_model"":""SI1000"",""p"":0.0025250000000000003,""rounds"":1}"
       600,         1,         0,   0.106,pymatching,a9b0f654ab7a250b99e712eb1437bf97fc1e8242f3d88b4236500d140deccf90,"{""code"":""rotated_surface_code"",""d"":11,""noise_model"":""SI1000"",""p"":0.0025250000000000003,""rounds"":1}"
      1800,         5,         0,   0.185,pymatching,a9b0f654ab7a250b99e712eb1437bf97fc1e8242f3d88b4236500d140deccf90,"{""code"":""rotated_surface_code"",""d"":11,""noise_model"":""SI1000"",""p"":0.0025250000000000003,""rounds"":1}"
      3000,         8,         0,   0.268,pymatching,a9b0f654ab7a250b99e712eb1437bf97fc1e8242f3d88b4236500d140deccf90,"{""code"":""rotated_surface_code"",""d"":11,""noise_model"":""SI1000"",""p"":0.0025250000000000003,""rounds"":1}"
     48600,        90,         0,    3.20,pymatching,efb41f806679d27c9bb5e628993f18228073ef168a1e56e01b4c752ab0bbce8b,"{""code"":""rotated_surface_code"",""d"":11,""noise_model"":""SI1000"",""p"":0.0023,""rounds"":1}"
      6600,        16,         0,   0.530,pymatching,a9b0f654ab7a250b99e712eb1437bf97fc1e8242f3d88b4236500d140deccf90,"{""code"":""rotated_surface_code"",""d"":11,""noise_model"":""SI1000"",""p"":0.0025250000000000003,""rounds"":1}"
     12600,        33,         0,   0.972,pymatching,a9b0f654ab7a250b99e712eb1437bf97fc1e8242f3d88b4236500d140deccf90,"{""code"":""rotated_surface_code"",""d"":11,""noise_model"":""SI1000"",""p"":0.0025250000000000003,""rounds"":1}"
    243000,       250,         0,    14.1,pymatching,4f0f69b4a18ab38c1b38d9b763d1c038fd2afa41a5499afa725fd4a60db54999,"{""code"":""rotated_surface_code"",""d"":11,""noise_model"":""SI1000"",""p"":0.0020750000000000005,""rounds"":1}"
     81000,       159,         0,    5.36,pymatching,efb41f806679d27c9bb5e628993f18228073ef168a1e56e01b4c752ab0bbce8b,"{""code"":""rotated_surface_code"",""d"":11,""noise_model"":""SI1000"",""p"":0.0023,""rounds"":1}"
      4195,         7,         0,   0.329,pymatching,efb41f806679d27c9bb5e628993f18228073ef168a1e56e01b4c752ab0bbce8b,"{""code"":""rotated_surface_code"",""d"":11,""noise_model"":""SI1000"",""p"":0.0023,""rounds"":1}"
      1930,         8,         0,   0.177,pymatching,efb41f806679d27c9bb5e628993f18228073ef168a1e56e01b4c752ab0bbce8b,"{""code"":""rotated_surface_code"",""d"":11,""noise_model"":""SI1000"",""p"":0.0023,""rounds"":1}"
     72900,       138,         0,    4.94,pymatching,efb41f806679d27c9bb5e628993f18228073ef168a1e56e01b4c752ab0bbce8b,"{""code"":""rotated_surface_code"",""d"":11,""noise_model"":""SI1000"",""p"":0.0023,""rounds"":1}"
      1751,         6,         0,   0.171,pymatching,efb41f806679d27c9bb5e628993f18228073ef168a1e56e01b4c752ab0bbce8b,"{""code"":""rotated_surface_code"",""d"":11,""noise_model"":""SI1000"",""p"":0.0023,""rounds"":1}"
       100,         0,         0,   0.064,pymatching,267aefd9766033f31b566f2ccf8ce86bad47d6e13232b5314267902bb09973a0,"{""code"":""rotated_surface_code"",""d"":11,""noise_model"":""SI1000"",""p"":0.0027500000000000003,""rounds"":1}"
       200,         2,         0,   0.071,pymatching,267aefd9766033f31b566f2ccf8ce86bad47d6e13232b5314267902bb09973a0,"{""code"":""rotated_surface_code"",""d"":11,""noise_model"":""SI1000"",""p"":0.0027500000000000003,""rounds"":1}"
       600,         6,         0,   0.106,pymatching,267aefd9766033f31b566f2ccf8ce86bad47d6e13232b5314267902bb09973a0,"{""code"":""rotated_surface_code"",""d"":11,""noise_model"":""SI1000"",""p"":0.0027500000000000003,""rounds"":1}"
      1800,         9,         0,   0.207,pymatching,267aefd9766033f31b566f2ccf8ce86bad47d6e13232b5314267902bb09973a0,"{""code"":""rotated_surface_code"",""d"":11,""noise_model"":""SI1000"",""p"":0.0027500000000000003,""rounds"":1}"
      5400,        32,         0,   0.490,pymatching,267aefd9766033f31b566f2ccf8ce86bad47d6e13232b5314267902bb09973a0,"{""code"":""rotated_surface_code"",""d"":11,""noise_model"":""SI1000"",""p"":0.0027500000000000003,""rounds"":1}"
     51000,       160,         0,    3.74,pymatching,a9b0f654ab7a250b99e712eb1437bf97fc1e8242f3d88b4236500d140deccf90,"{""code"":""rotated_surface_code"",""d"":11,""noise_model"":""SI1000"",""p"":0.0025250000000000003,""rounds"":1}"
     25500,        95,         0,    1.91,pymatching,a9b0f654ab7a250b99e712eb1437bf97fc1e8242f3d88b4236500d140deccf90,"{""code"":""rotated_surface_code"",""d"":11,""noise_model"":""SI1000"",""p"":0.0025250000000000003,""rounds"":1}"
     80869,       155,         0,    5.31,pymatching,efb41f806679d27c9bb5e628993f18228073ef168a1e56e01b4c752ab0bbce8b,"{""code"":""rotated_surface_code"",""d"":11,""noise_model"":""SI1000"",""p"":0.0023,""rounds"":1}"
      1178,         1,         0,   0.134,pymatching,efb41f806679d27c9bb5e628993f18228073ef168a1e56e01b4c752ab0bbce8b,"{""code"":""rotated_surface_code"",""d"":11,""noise_model"":""SI1000"",""p"":0.0023,""rounds"":1}"
     16200,        83,         0,    1.36,pymatching,267aefd9766033f31b566f2ccf8ce86bad47d6e13232b5314267902bb09973a0,"{""code"":""rotated_surface_code"",""d"":11,""noise_model"":""SI1000"",""p"":0.0027500000000000003,""rounds"":1}"
      1028,         3,         0,   0.120,pymatching,efb41f806679d27c9bb5e628993f18228073ef168a1e56e01b4c752ab0bbce8b,"{""code"":""rotated_surface_code"",""d"":11,""noise_model"":""SI1000"",""p"":0.0023,""rounds"":1}"
     10739,        32,         0,   0.831,pymatching,a9b0f654ab7a250b99e712eb1437bf97fc1e8242f3d88b4236500d140deccf90,"{""code"":""rotated_surface_code"",""d"":11,""noise_model"":""SI1000"",""p"":0.0025250000000000003,""rounds"":1}"
      1791,         9,         0,   0.184,pymatching,a9b0f654ab7a250b99e712eb1437bf97fc1e8242f3d88b4236500d140deccf90,"{""code"":""rotated_surface_code"",""d"":11,""noise_model"":""SI1000"",""p"":0.0025250000000000003,""rounds"":1}"
     51000,       161,         0,    3.77,pymatching,a9b0f654ab7a250b99e712eb1437bf97fc1e8242f3d88b4236500d140deccf90,"{""code"":""rotated_surface_code"",""d"":11,""noise_model"":""SI1000"",""p"":0.0025250000000000003,""rounds"":1}"
       100,         0,         0,   0.064,pymatching,bc1a6a58c5f6a101c7726668407568040c4b445bce0f3e0e7364e0a2c53cc86a,"{""code"":""rotated_surface_code"",""d"":11,""noise_model"":""SI1000"",""p"":0.002975,""rounds"":1}"
       200,         3,         0,   0.069,pymatching,bc1a6a58c5f6a101c7726668407568040c4b445bce0f3e0e7364e0a2c53cc86a,"{""code"":""rotated_surface_code"",""d"":11,""noise_model"":""SI1000"",""p"":0.002975,""rounds"":1}"
       600,         9,         0,   0.103,pymatching,bc1a6a58c5f6a101c7726668407568040c4b445bce0f3e0e7364e0a2c53cc86a,"{""code"":""rotated_surface_code"",""d"":11,""noise_model"":""SI1000"",""p"":0.002975,""rounds"":1}"
      1800,        16,         0,   0.218,pymatching,bc1a6a58c5f6a101c7726668407568040c4b445bce0f3e0e7364e0a2c53cc86a,"{""code"":""rotated_surface_code"",""d"":11,""noise_model"":""SI1000"",""p"":0.002975,""rounds"":1}"
      5400,        58,         0,   0.541,pymatching,bc1a6a58c5f6a101c7726668407568040c4b445bce0f3e0e7364e0a2c53cc86a,"{""code"":""rotated_surface_code"",""d"":11,""noise_model"":""SI1000"",""p"":0.002975,""rounds"":1}"
     24300,       147,         0,    2.11,pymatching,267aefd9766033f31b566f2ccf8ce86bad47d6e13232b5314267902bb09973a0,"{""code"":""rotated_surface_code"",""d"":11,""noise_model"":""SI1000"",""p"":0.0027500000000000003,""rounds"":1}"
     16200,       149,         0,    1.49,pymatching,bc1a6a58c5f6a101c7726668407568040c4b445bce0f3e0e7364e0a2c53cc86a,"{""code"":""rotated_surface_code"",""d"":11,""noise_model"":""SI1000"",""p"":0.002975,""rounds"":1}"
     48600,       289,         0,    3.96,pymatching,267aefd9766033f31b566f2ccf8ce86bad47d6e13232b5314267902bb09973a0,"{""code"":""rotated_surface_code"",""d"":11,""noise_model"":""SI1000"",""p"":0.0027500000000000003,""rounds"":1}"
     48600,       276,         0,    4.02,pymatching,267aefd9766033f31b566f2ccf8ce86bad47d6e13232b5314267902bb09973a0,"{""code"":""rotated_surface_code"",""d"":11,""noise_model"":""SI1000"",""p"":0.0027500000000000003,""rounds"":1}"
       100,         2,         0,   0.068,pymatching,4dd8341b1fa03e0661f00ab297589bbcd9d755161af90ad3080871fd5effb31a,"{""code"":""rotated_surface_code"",""d"":11,""noise_model"":""SI1000"",""p"":0.0032,""rounds"":1}"
       200,         1,         0,   0.075,pymatching,4dd8341b1fa03e0661f00ab297589bbcd9d755161af90ad3080871fd5effb31a,"{""code"":""rotated_surface_code"",""d"":11,""noise_model"":""SI1000"",""p"":0.0032,""rounds"":1}"
       600,         6,         0,   0.111,pymatching,4dd8341b1fa03e0661f00ab297589bbcd9d755161af90ad3080871fd5effb31a,"{""code"":""rotated_surface_code"",""d"":11,""noise_model"":""SI1000"",""p"":0.0032,""rounds"":1}"
     28295,       168,         0,    2.33,pymatching,267aefd9766033f31b566f2ccf8ce86bad47d6e13232b5314267902bb09973a0,"{""code"":""rotated_surface_code"",""d"":11,""noise_model"":""SI1000"",""p"":0.0027500000000000003,""rounds"":1}"
      1800,        17,         0,   0.234,pymatching,4dd8341b1fa03e0661f00ab297589bbcd9d755161af90ad3080871fd5effb31a,"{""code"":""rotated_surface_code"",""d"":11,""noise_model"":""SI1000"",""p"":0.0032,""rounds"":1}"
      1800,        13,         0,   0.238,pymatching,4dd8341b1fa03e0661f00ab297589bbcd9d755161af90ad3080871fd5effb31a,"{""code"":""rotated_surface_code"",""d"":11,""noise_model"":""SI1000"",""p"":0.0032,""rounds"":1}"
      5400,        74,         0,   0.575,pymatching,4dd8341b1fa03e0661f00ab297589bbcd9d755161af90ad3080871fd5effb31a,"{""code"":""rotated_surface_code"",""d"":11,""noise_model"":""SI1000"",""p"":0.0032,""rounds"":1}"
    178200,       342,         0,    11.7,pymatching,efb41f806679d27c9bb5e628993f18228073ef168a1e56e01b4c752ab0bbce8b,"{""code"":""rotated_surface_code"",""d"":11,""noise_model"":""SI1000"",""p"":0.0023,""rounds"":1}"
      9000,       127,         0,   0.944,pymatching,4dd8341b1fa03e0661f00ab297589bbcd9d755161af90ad3080871fd5effb31a,"{""code"":""rotated_surface_code"",""d"":11,""noise_model"":""SI1000"",""p"":0.0032,""rounds"":1}"
      3083,         6,         0,   0.266,pymatching,efb41f806679d27c9bb5e628993f18228073ef168a1e56e01b4c752ab0bbce8b,"{""code"":""rotated_surface_code"",""d"":11,""noise_model"":""SI1000"",""p"":0.0023,""rounds"":1}"
      2162,        26,         0,   0.258,pymatching,4dd8341b1fa03e0661f00ab297589bbcd9d755161af90ad3080871fd5effb31a,"{""code"":""rotated_surface_code"",""d"":11,""noise_model"":""SI1000"",""p"":0.0032,""rounds"":1}"
       462,         6,         0,   0.097,pymatching,4dd8341b1fa03e0661f00ab297589bbcd9d755161af90ad3080871fd5effb31a,"{""code"":""rotated_surface_code"",""d"":11,""noise_model"":""SI1000"",""p"":0.0032,""rounds"":1}"
     30379,       259,         0,    2.88,pymatching,bc1a6a58c5f6a101c7726668407568040c4b445bce0f3e0e7364e0a2c53cc86a,"{""code"":""rotated_surface_code"",""d"":11,""noise_model"":""SI1000"",""p"":0.002975,""rounds"":1}"
       100,         1,         0,   0.067,pymatching,505fb6e680066e0e0ae8b3021b3f5d6f4c03729dac74618cd74ac9f33a1097de,"{""code"":""rotated_surface_code"",""d"":11,""noise_model"":""SI1000"",""p"":0.003425,""rounds"":1}"
       200,         3,         0,   0.076,pymatching,505fb6e680066e0e0ae8b3021b3f5d6f4c03729dac74618cd74ac9f33a1097de,"{""code"":""rotated_surface_code"",""d"":11,""noise_model"":""SI1000"",""p"":0.003425,""rounds"":1}"
       600,         5,         0,   0.115,pymatching,505fb6e680066e0e0ae8b3021b3f5d6f4c03729dac74618cd74ac9f33a1097de,"{""code"":""rotated_surface_code"",""d"":11,""noise_model"":""SI1000"",""p"":0.003425,""rounds"":1}"
      1800,        35,         0,   0.249,pymatching,505fb6e680066e0e0ae8b3021b3f5d6f4c03729dac74618cd74ac9f33a1097de,"{""code"":""rotated_surface_code"",""d"":11,""noise_model"":""SI1000"",""p"":0.003425,""rounds"":1}"
     19800,       234,         0,    1.98,pymatching,4dd8341b1fa03e0661f00ab297589bbcd9d755161af90ad3080871fd5effb31a,"{""code"":""rotated_surface_code"",""d"":11,""noise_model"":""SI1000"",""p"":0.0032,""rounds"":1}"
      7517,        64,         0,   0.711,pymatching,bc1a6a58c5f6a101c7726668407568040c4b445bce0f3e0e7364e0a2c53cc86a,"{""code"":""rotated_surface_code"",""d"":11,""noise_model"":""SI1000"",""p"":0.002975,""rounds"":1}"
       802,         5,         0,   0.125,pymatching,bc1a6a58c5f6a101c7726668407568040c4b445bce0f3e0e7364e0a2c53cc86a,"{""code"":""rotated_surface_code"",""d"":11,""noise_model"":""SI1000"",""p"":0.002975,""rounds"":1}"
       437,         2,         0,   0.085,pymatching,bc1a6a58c5f6a101c7726668407568040c4b445bce0f3e0e7364e0a2c53cc86a,"{""code"":""rotated_surface_code"",""d"":11,""noise_model"":""SI1000"",""p"":0.002975,""rounds"":1}"
      2629,        27,         0,   0.310,pymatching,4dd8341b1fa03e0661f00ab297589bbcd9d755161af90ad3080871fd5effb31a,"{""code"":""rotated_surface_code"",""d"":11,""noise_model"":""SI1000"",""p"":0.0032,""rounds"":1}"
       378,         3,         0,   0.084,pymatching,bc1a6a58c5f6a101c7726668407568040c4b445bce0f3e0e7364e0a2c53cc86a,"{""code"":""rotated_surface_code"",""d"":11,""noise_model"":""SI1000"",""p"":0.002975,""rounds"":1}"
     48600,       432,         0,    4.40,pymatching,bc1a6a58c5f6a101c7726668407568040c4b445bce0f3e0e7364e0a2c53cc86a,"{""code"":""rotated_surface_code"",""d"":11,""noise_model"":""SI1000"",""p"":0.002975,""rounds"":1}"
        74,         2,         0,   0.059,pymatching,bc1a6a58c5f6a101c7726668407568040c4b445bce0f3e0e7364e0a2c53cc86a,"{""code"":""rotated_surface_code"",""d"":11,""noise_model"":""SI1000"",""p"":0.002975,""rounds"":1}"
       151,         1,         0,   0.065,pymatching,bc1a6a58c5f6a101c7726668407568040c4b445bce0f3e0e7364e0a2c53cc86a,"{""code"":""rotated_surface_code"",""d"":11,""noise_model"":""SI1000"",""p"":0.002975,""rounds"":1}"
       804,         6,         0,   0.133,pymatching,4dd8341b1fa03e0661f00ab297589bbcd9d755161af90ad3080871fd5effb31a,"{""code"":""rotated_surface_code"",""d"":11,""noise_model"":""SI1000"",""p"":0.0032,""rounds"":1}"
      5400,        91,         0,   0.649,pymatching,505fb6e680066e0e0ae8b3021b3f5d6f4c03729dac74618cd74ac9f33a1097de,"{""code"":""rotated_surface_code"",""d"":11,""noise_model"":""SI1000"",""p"":0.003425,""rounds"":1}"
       576,         8,         0,   0.109,pymatching,4dd8341b1fa03e0661f00ab297589bbcd9d755161af90ad3080871fd5effb31a,"{""code"":""rotated_surface_code"",""d"":11,""noise_model"":""SI1000"",""p"":0.0032,""rounds"":1}"
      2700,        48,         0,   0.345,pymatching,505fb6e680066e0e0ae8b3021b3f5d6f4c03729dac74618cd74ac9f33a1097de,"{""code"":""rotated_surface_code"",""d"":11,""noise_model"":""SI1000"",""p"":0.003425,""rounds"":1}"
      5400,        99,         0,   0.639,pymatching,505fb6e680066e0e0ae8b3021b3f5d6f4c03729dac74618cd74ac9f33a1097de,"{""code"":""rotated_surface_code"",""d"":11,""noise_model"":""SI1000"",""p"":0.003425,""rounds"":1}"
       100,         5,         0,   0.069,pymatching,84c7d99d15285cd206ddf9256c58a577b7f0008a5d8494e721f2ee6b0144d94d,"{""code"":""rotated_surface_code"",""d"":11,""noise_model"":""SI1000"",""p"":0.0036500000000000005,""rounds"":1}"
       200,         6,         0,   0.077,pymatching,84c7d99d15285cd206ddf9256c58a577b7f0008a5d8494e721f2ee6b0144d94d,"{""code"":""rotated_surface_code"",""d"":11,""noise_model"":""SI1000"",""p"":0.0036500000000000005,""rounds"":1}"
       600,        18,         0,   0.119,pymatching,84c7d99d15285cd206ddf9256c58a577b7f0008a5d8494e721f2ee6b0144d94d,"{""code"":""rotated_surface_code"",""d"":11,""noise_model"":""SI1000"",""p"":0.0036500000000000005,""rounds"":1}"
     10277,       186,         0,    1.15,pymatching,505fb6e680066e0e0ae8b3021b3f5d6f4c03729dac74618cd74ac9f33a1097de,"{""code"":""rotated_surface_code"",""d"":11,""noise_model"":""SI1000"",""p"":0.003425,""rounds"":1}"
      1800,        54,         0,   0.323,pymatching,84c7d99d15285cd206ddf9256c58a577b7f0008a5d8494e721f2ee6b0144d94d,"{""code"":""rotated_surface_code"",""d"":11,""noise_model"":""SI1000"",""p"":0.0036500000000000005,""rounds"":1}"
      1800,        41,         0,   0.265,pymatching,84c7d99d15285cd206ddf9256c58a577b7f0008a5d8494e721f2ee6b0144d94d,"{""code"":""rotated_surface_code"",""d"":11,""noise_model"":""SI1000"",""p"":0.0036500000000000005,""rounds"":1}"
     37800,       535,         0,    3.76,pymatching,4dd8341b1fa03e0661f00ab297589bbcd9d755161af90ad3080871fd5effb31a,"{""code"":""rotated_surface_code"",""d"":11,""noise_model"":""SI1000"",""p"":0.0032,""rounds"":1}"
    153000,       512,         0,    11.0,pymatching,a9b0f654ab7a250b99e712eb1437bf97fc1e8242f3d88b4236500d140deccf90,"{""code"":""rotated_surface_code"",""d"":11,""noise_model"":""SI1000"",""p"":0.0025250000000000003,""rounds"":1}"
     16200,       315,         0,    1.84,pymatching,505fb6e680066e0e0ae8b3021b3f5d6f4c03729dac74618cd74ac9f33a1097de,"{""code"":""rotated_surface_code"",""d"":11,""noise_model"":""SI1000"",""p"":0.003425,""rounds"":1}"
     16200,       350,         0,    1.88,pymatching,505fb6e680066e0e0ae8b3021b3f5d6f4c03729dac74618cd74ac9f33a1097de,"{""code"":""rotated_surface_code"",""d"":11,""noise_model"":""SI1000"",""p"":0.003425,""rounds"":1}"
      5400,       141,         0,   0.655,pymatching,84c7d99d15285cd206ddf9256c58a577b7f0008a5d8494e721f2ee6b0144d94d,"{""code"":""rotated_surface_code"",""d"":11,""noise_model"":""SI1000"",""p"":0.0036500000000000005,""rounds"":1}"
       100,         8,         0,   0.062,pymatching,80f1ce1b947b8af6f7e7a1d97fc923c0ce1a85bc6927d14642bb2dd874bd15b6,"{""code"":""rotated_surface_code"",""d"":11,""noise_model"":""SI1000"",""p"":0.0041,""rounds"":1}"
       100,         2,         0,   0.065,pymatching,ec1d7ad5a97e83c6500ef499ab2e6a72b3703627c52db29aff6e91f3a02bf80b,"{""code"":""rotated_surface_code"",""d"":11,""noise_model"":""SI1000"",""p"":0.0038750000000000004,""rounds"":1}"
       200,        11,         0,   0.078,pymatching,80f1ce1b947b8af6f7e7a1d97fc923c0ce1a85bc6927d14642bb2dd874bd15b6,"{""code"":""rotated_surface_code"",""d"":11,""noise_model"":""SI1000"",""p"":0.0041,""rounds"":1}"
       200,        10,         0,   0.077,pymatching,ec1d7ad5a97e83c6500ef499ab2e6a72b3703627c52db29aff6e91f3a02bf80b,"{""code"":""rotated_surface_code"",""d"":11,""noise_model"":""SI1000"",""p"":0.0038750000000000004,""rounds"":1}"
       200,        11,         0,   0.088,pymatching,ec1d7ad5a97e83c6500ef499ab2e6a72b3703627c52db29aff6e91f3a02bf80b,"{""code"":""rotated_surface_code"",""d"":11,""noise_model"":""SI1000"",""p"":0.0038750000000000004,""rounds"":1}"
       600,        25,         0,   0.130,pymatching,ec1d7ad5a97e83c6500ef499ab2e6a72b3703627c52db29aff6e91f3a02bf80b,"{""code"":""rotated_surface_code"",""d"":11,""noise_model"":""SI1000"",""p"":0.0038750000000000004,""rounds"":1}"
       600,        19,         0,   0.126,pymatching,ec1d7ad5a97e83c6500ef499ab2e6a72b3703627c52db29aff6e91f3a02bf80b,"{""code"":""rotated_surface_code"",""d"":11,""noise_model"":""SI1000"",""p"":0.0038750000000000004,""rounds"":1}"
      9000,       245,         0,    1.04,pymatching,84c7d99d15285cd206ddf9256c58a577b7f0008a5d8494e721f2ee6b0144d94d,"{""code"":""rotated_surface_code"",""d"":11,""noise_model"":""SI1000"",""p"":0.0036500000000000005,""rounds"":1}"
      1000,        41,         0,   0.184,pymatching,ec1d7ad5a97e83c6500ef499ab2e6a72b3703627c52db29aff6e91f3a02bf80b,"{""code"":""rotated_surface_code"",""d"":11,""noise_model"":""SI1000"",""p"":0.0038750000000000004,""rounds"":1}"
      8100,       228,         0,    1.07,pymatching,84c7d99d15285cd206ddf9256c58a577b7f0008a5d8494e721f2ee6b0144d94d,"{""code"":""rotated_surface_code"",""d"":11,""noise_model"":""SI1000"",""p"":0.0036500000000000005,""rounds"":1}"
       600,        18,         0,   0.128,pymatching,ec1d7ad5a97e83c6500ef499ab2e6a72b3703627c52db29aff6e91f3a02bf80b,"{""code"":""rotated_surface_code"",""d"":11,""noise_model"":""SI1000"",""p"":0.0038750000000000004,""rounds"":1}"
      2200,        82,         0,   0.340,pymatching,ec1d7ad5a97e83c6500ef499ab2e6a72b3703627c52db29aff6e91f3a02bf80b,"{""code"":""rotated_surface_code"",""d"":11,""noise_model"":""SI1000"",""p"":0.0038750000000000004,""rounds"":1}"
      1900,        74,         0,   0.301,pymatching,ec1d7ad5a97e83c6500ef499ab2e6a72b3703627c52db29aff6e91f3a02bf80b,"{""code"":""rotated_surface_code"",""d"":11,""noise_model"":""SI1000"",""p"":0.0038750000000000004,""rounds"":1}"
       600,        28,         0,   0.134,pymatching,80f1ce1b947b8af6f7e7a1d97fc923c0ce1a85bc6927d14642bb2dd874bd15b6,"{""code"":""rotated_surface_code"",""d"":11,""noise_model"":""SI1000"",""p"":0.0041,""rounds"":1}"
      3400,       128,         0,   0.495,pymatching,ec1d7ad5a97e83c6500ef499ab2e6a72b3703627c52db29aff6e91f3a02bf80b,"{""code"":""rotated_surface_code"",""d"":11,""noise_model"":""SI1000"",""p"":0.0038750000000000004,""rounds"":1}"
      1800,        97,         0,   0.310,pymatching,80f1ce1b947b8af6f7e7a1d97fc923c0ce1a85bc6927d14642bb2dd874bd15b6,"{""code"":""rotated_surface_code"",""d"":11,""noise_model"":""SI1000"",""p"":0.0041,""rounds"":1}"
      3600,       135,         0,   0.520,pymatching,ec1d7ad5a97e83c6500ef499ab2e6a72b3703627c52db29aff6e91f3a02bf80b,"{""code"":""rotated_surface_code"",""d"":11,""noise_model"":""SI1000"",""p"":0.0038750000000000004,""rounds"":1}"
      1800,        95,         0,   0.307,pymatching,80f1ce1b947b8af6f7e7a1d97fc923c0ce1a85bc6927d14642bb2dd874bd15b6,"{""code"":""rotated_surface_code"",""d"":11,""noise_model"":""SI1000"",""p"":0.0041,""rounds"":1}"
      5400,       207,         0,   0.750,pymatching,ec1d7ad5a97e83c6500ef499ab2e6a72b3703627c52db29aff6e91f3a02bf80b,"{""code"":""rotated_surface_code"",""d"":11,""noise_model"":""SI1000"",""p"":0.0038750000000000004,""rounds"":1}"
        55,         3,         0,   0.063,pymatching,ec1d7ad5a97e83c6500ef499ab2e6a72b3703627c52db29aff6e91f3a02bf80b,"{""code"":""rotated_surface_code"",""d"":11,""noise_model"":""SI1000"",""p"":0.0038750000000000004,""rounds"":1}"
       100,         7,         0,   0.073,pymatching,def3d3df7d256989c5ef1dc1a34761a201b8e2a46656726a1e1b5e391c99e853,"{""code"":""rotated_surface_code"",""d"":11,""noise_model"":""SI1000"",""p"":0.004325000000000001,""rounds"":1}"
     10333,       268,         0,    1.31,pymatching,84c7d99d15285cd206ddf9256c58a577b7f0008a5d8494e721f2ee6b0144d94d,"{""code"":""rotated_surface_code"",""d"":11,""noise_model"":""SI1000"",""p"":0.0036500000000000005,""rounds"":1}"
       200,        15,         0,   0.078,pymatching,def3d3df7d256989c5ef1dc1a34761a201b8e2a46656726a1e1b5e391c99e853,"{""code"":""rotated_surface_code"",""d"":11,""noise_model"":""SI1000"",""p"":0.004325000000000001,""rounds"":1}"
       200,        17,         0,   0.078,pymatching,def3d3df7d256989c5ef1dc1a34761a201b8e2a46656726a1e1b5e391c99e853,"{""code"":""rotated_surface_code"",""d"":11,""noise_model"":""SI1000"",""p"":0.004325000000000001,""rounds"":1}"
      6599,       255,         0,   0.887,pymatching,ec1d7ad5a97e83c6500ef499ab2e6a72b3703627c52db29aff6e91f3a02bf80b,"{""code"":""rotated_surface_code"",""d"":11,""noise_model"":""SI1000"",""p"":0.0038750000000000004,""rounds"":1}"
       600,        34,         0,   0.139,pymatching,def3d3df7d256989c5ef1dc1a34761a201b8e2a46656726a1e1b5e391c99e853,"{""code"":""rotated_surface_code"",""d"":11,""noise_model"":""SI1000"",""p"":0.004325000000000001,""rounds"":1}"
       100,         9,         0,   0.072,pymatching,6eb2b458227a5a308cedbf2bb2df65df10369589522844d9968c62d2c809c9ea,"{""code"":""rotated_surface_code"",""d"":11,""noise_model"":""SI1000"",""p"":0.00455,""rounds"":1}"
      1000,        65,         0,   0.208,pymatching,def3d3df7d256989c5ef1dc1a34761a201b8e2a46656726a1e1b5e391c99e853,"{""code"":""rotated_surface_code"",""d"":11,""noise_model"":""SI1000"",""p"":0.004325000000000001,""rounds"":1}"
       900,        56,         0,   0.192,pymatching,def3d3df7d256989c5ef1dc1a34761a201b8e2a46656726a1e1b5e391c99e853,"{""code"":""rotated_surface_code"",""d"":11,""noise_model"":""SI1000"",""p"":0.004325000000000001,""rounds"":1}"
      5400,       272,         0,   0.817,pymatching,80f1ce1b947b8af6f7e7a1d97fc923c0ce1a85bc6927d14642bb2dd874bd15b6,"{""code"":""rotated_surface_code"",""d"":11,""noise_model"":""SI1000"",""p"":0.0041,""rounds"":1}"
      1400,        84,         0,   0.288,pymatching,def3d3df7d256989c5ef1dc1a34761a201b8e2a46656726a1e1b5e391c99e853,"{""code"":""rotated_surface_code"",""d"":11,""noise_model"":""SI1000"",""p"":0.004325000000000001,""rounds"":1}"
      2200,       142,         0,   0.431,pymatching,def3d3df7d256989c5ef1dc1a34761a201b8e2a46656726a1e1b5e391c99e853,"{""code"":""rotated_surface_code"",""d"":11,""noise_model"":""SI1000"",""p"":0.004325000000000001,""rounds"":1}"
       386,        23,         0,   0.129,pymatching,def3d3df7d256989c5ef1dc1a34761a201b8e2a46656726a1e1b5e391c99e853,"{""code"":""rotated_surface_code"",""d"":11,""noise_model"":""SI1000"",""p"":0.004325000000000001,""rounds"":1}"
       585,        26,         0,   0.151,pymatching,80f1ce1b947b8af6f7e7a1d97fc923c0ce1a85bc6927d14642bb2dd874bd15b6,"{""code"":""rotated_surface_code"",""d"":11,""noise_model"":""SI1000"",""p"":0.0041,""rounds"":1}"
       200,        14,         0,   0.097,pymatching,6eb2b458227a5a308cedbf2bb2df65df10369589522844d9968c62d2c809c9ea,"{""code"":""rotated_surface_code"",""d"":11,""noise_model"":""SI1000"",""p"":0.00455,""rounds"":1}"
       200,        20,         0,   0.090,pymatching,6eb2b458227a5a308cedbf2bb2df65df10369589522844d9968c62d2c809c9ea,"{""code"":""rotated_surface_code"",""d"":11,""noise_model"":""SI1000"",""p"":0.00455,""rounds"":1}"
       154,         8,         0,   0.079,pymatching,80f1ce1b947b8af6f7e7a1d97fc923c0ce1a85bc6927d14642bb2dd874bd15b6,"{""code"":""rotated_surface_code"",""d"":11,""noise_model"":""SI1000"",""p"":0.0041,""rounds"":1}"
       600,        54,         0,   0.149,pymatching,6eb2b458227a5a308cedbf2bb2df65df10369589522844d9968c62d2c809c9ea,"{""code"":""rotated_surface_code"",""d"":11,""noise_model"":""SI1000"",""p"":0.00455,""rounds"":1}"
       900,        62,         0,   0.203,pymatching,6eb2b458227a5a308cedbf2bb2df65df10369589522844d9968c62d2c809c9ea,"{""code"":""rotated_surface_code"",""d"":11,""noise_model"":""SI1000"",""p"":0.00455,""rounds"":1}"
      1000,        68,         0,   0.220,pymatching,6eb2b458227a5a308cedbf2bb2df65df10369589522844d9968c62d2c809c9ea,"{""code"":""rotated_surface_code"",""d"":11,""noise_model"":""SI1000"",""p"":0.00455,""rounds"":1}"
      4200,       266,         0,   0.731,pymatching,def3d3df7d256989c5ef1dc1a34761a201b8e2a46656726a1e1b5e391c99e853,"{""code"":""rotated_surface_code"",""d"":11,""noise_model"":""SI1000"",""p"":0.004325000000000001,""rounds"":1}"
      4635,       343,         0,   0.810,pymatching,def3d3df7d256989c5ef1dc1a34761a201b8e2a46656726a1e1b5e391c99e853,"{""code"":""rotated_surface_code"",""d"":11,""noise_model"":""SI1000"",""p"":0.004325000000000001,""rounds"":1}"
      8910,       470,         0,    1.39,pymatching,80f1ce1b947b8af6f7e7a1d97fc923c0ce1a85bc6927d14642bb2dd874bd15b6,"{""code"":""rotated_surface_code"",""d"":11,""noise_model"":""SI1000"",""p"":0.0041,""rounds"":1}"
      2200,       179,         0,   0.399,pymatching,6eb2b458227a5a308cedbf2bb2df65df10369589522844d9968c62d2c809c9ea,"{""code"":""rotated_surface_code"",""d"":11,""noise_model"":""SI1000"",""p"":0.00455,""rounds"":1}"
      4000,       358,         0,   0.638,pymatching,6eb2b458227a5a308cedbf2bb2df65df10369589522844d9968c62d2c809c9ea,"{""code"":""rotated_surface_code"",""d"":11,""noise_model"":""SI1000"",""p"":0.00455,""rounds"":1}"
      4001,       350,         0,   0.869,pymatching,6eb2b458227a5a308cedbf2bb2df65df10369589522844d9968c62d2c809c9ea,"{""code"":""rotated_surface_code"",""d"":11,""noise_model"":""SI1000"",""p"":0.00455,""rounds"":1}"
       100,        10,         0,   0.061,pymatching,b3a410e761f3b55f8110e584fd8fd5654c69df8fe737dacba5cfbfef1ac2b793,"{""code"":""rotated_surface_code"",""d"":11,""noise_model"":""SI1000"",""p"":0.005,""rounds"":1}"
       100,        13,         0,   0.065,pymatching,793f5fff42eee89d0d6abf6565207d45231e1c88fb7aaf5d5ac9cbca73cb3f45,"{""code"":""rotated_surface_code"",""d"":11,""noise_model"":""SI1000"",""p"":0.004775,""rounds"":1}"
       200,        28,         0,   0.082,pymatching,b3a410e761f3b55f8110e584fd8fd5654c69df8fe737dacba5cfbfef1ac2b793,"{""code"":""rotated_surface_code"",""d"":11,""noise_model"":""SI1000"",""p"":0.005,""rounds"":1}"
       200,        15,         0,   0.084,pymatching,793f5fff42eee89d0d6abf6565207d45231e1c88fb7aaf5d5ac9cbca73cb3f45,"{""code"":""rotated_surface_code"",""d"":11,""noise_model"":""SI1000"",""p"":0.004775,""rounds"":1}"
       100,         0,         0,   0.091,pymatching,a40fd3caa72afd939ba9442676e06f73e9d2c4252060f4042f1eb3a22379c141,"{""code"":""rotated_surface_code"",""d"":13,""noise_model"":""SI1000"",""p"":0.0005,""rounds"":1}"
       200,        17,         0,   0.083,pymatching,793f5fff42eee89d0d6abf6565207d45231e1c88fb7aaf5d5ac9cbca73cb3f45,"{""code"":""rotated_surface_code"",""d"":11,""noise_model"":""SI1000"",""p"":0.004775,""rounds"":1}"
       100,        10,         0,   0.069,pymatching,793f5fff42eee89d0d6abf6565207d45231e1c88fb7aaf5d5ac9cbca73cb3f45,"{""code"":""rotated_surface_code"",""d"":11,""noise_model"":""SI1000"",""p"":0.004775,""rounds"":1}"
       600,        71,         0,   0.152,pymatching,793f5fff42eee89d0d6abf6565207d45231e1c88fb7aaf5d5ac9cbca73cb3f45,"{""code"":""rotated_surface_code"",""d"":11,""noise_model"":""SI1000"",""p"":0.004775,""rounds"":1}"
       600,        59,         0,   0.153,pymatching,793f5fff42eee89d0d6abf6565207d45231e1c88fb7aaf5d5ac9cbca73cb3f45,"{""code"":""rotated_surface_code"",""d"":11,""noise_model"":""SI1000"",""p"":0.004775,""rounds"":1}"
      1000,       106,         0,   0.231,pymatching,793f5fff42eee89d0d6abf6565207d45231e1c88fb7aaf5d5ac9cbca73cb3f45,"{""code"":""rotated_surface_code"",""d"":11,""noise_model"":""SI1000"",""p"":0.004775,""rounds"":1}"
       800,        83,         0,   0.198,pymatching,793f5fff42eee89d0d6abf6565207d45231e1c88fb7aaf5d5ac9cbca73cb3f45,"{""code"":""rotated_surface_code"",""d"":11,""noise_model"":""SI1000"",""p"":0.004775,""rounds"":1}"
       600,        69,         0,   0.165,pymatching,b3a410e761f3b55f8110e584fd8fd5654c69df8fe737dacba5cfbfef1ac2b793,"{""code"":""rotated_surface_code"",""d"":11,""noise_model"":""SI1000"",""p"":0.005,""rounds"":1}"
        21,         2,         0,   0.060,pymatching,793f5fff42eee89d0d6abf6565207d45231e1c88fb7aaf5d5ac9cbca73cb3f45,"{""code"":""rotated_surface_code"",""d"":11,""noise_model"":""SI1000"",""p"":0.004775,""rounds"":1}"
        10,         0,         0,   0.057,pymatching,793f5fff42eee89d0d6abf6565207d45231e1c88fb7aaf5d5ac9cbca73cb3f45,"{""code"":""rotated_surface_code"",""d"":11,""noise_model"":""SI1000"",""p"":0.004775,""rounds"":1}"
         5,         1,         0,   0.057,pymatching,793f5fff42eee89d0d6abf6565207d45231e1c88fb7aaf5d5ac9cbca73cb3f45,"{""code"":""rotated_surface_code"",""d"":11,""noise_model"":""SI1000"",""p"":0.004775,""rounds"":1}"
        26,         4,         0,   0.060,pymatching,793f5fff42eee89d0d6abf6565207d45231e1c88fb7aaf5d5ac9cbca73cb3f45,"{""code"":""rotated_surface_code"",""d"":11,""noise_model"":""SI1000"",""p"":0.004775,""rounds"":1}"
       600,        60,         0,   0.163,pymatching,b3a410e761f3b55f8110e584fd8fd5654c69df8fe737dacba5cfbfef1ac2b793,"{""code"":""rotated_surface_code"",""d"":11,""noise_model"":""SI1000"",""p"":0.005,""rounds"":1}"
       300,        36,         0,   0.108,pymatching,b3a410e761f3b55f8110e584fd8fd5654c69df8fe737dacba5cfbfef1ac2b793,"{""code"":""rotated_surface_code"",""d"":11,""noise_model"":""SI1000"",""p"":0.005,""rounds"":1}"
       454,        60,         0,   0.139,pymatching,b3a410e761f3b55f8110e584fd8fd5654c69df8fe737dacba5cfbfef1ac2b793,"{""code"":""rotated_surface_code"",""d"":11,""noise_model"":""SI1000"",""p"":0.005,""rounds"":1}"
      2400,       258,         0,   0.484,pymatching,793f5fff42eee89d0d6abf6565207d45231e1c88fb7aaf5d5ac9cbca73cb3f45,"{""code"":""rotated_surface_code"",""d"":11,""noise_model"":""SI1000"",""p"":0.004775,""rounds"":1}"
      1800,       227,         0,   0.396,pymatching,b3a410e761f3b55f8110e584fd8fd5654c69df8fe737dacba5cfbfef1ac2b793,"{""code"":""rotated_surface_code"",""d"":11,""noise_model"":""SI1000"",""p"":0.005,""rounds"":1}"
       200,         0,         0,   0.100,pymatching,a40fd3caa72afd939ba9442676e06f73e9d2c4252060f4042f1eb3a22379c141,"{""code"":""rotated_surface_code"",""d"":13,""noise_model"":""SI1000"",""p"":0.0005,""rounds"":1}"
       200,         0,         0,   0.102,pymatching,a40fd3caa72afd939ba9442676e06f73e9d2c4252060f4042f1eb3a22379c141,"{""code"":""rotated_surface_code"",""d"":13,""noise_model"":""SI1000"",""p"":0.0005,""rounds"":1}"
       100,         0,         0,   0.098,pymatching,a40fd3caa72afd939ba9442676e06f73e9d2c4252060f4042f1eb3a22379c141,"{""code"":""rotated_surface_code"",""d"":13,""noise_model"":""SI1000"",""p"":0.0005,""rounds"":1}"
      1800,       226,         0,   0.397,pymatching,b3a410e761f3b55f8110e584fd8fd5654c69df8fe737dacba5cfbfef1ac2b793,"{""code"":""rotated_surface_code"",""d"":11,""noise_model"":""SI1000"",""p"":0.005,""rounds"":1}"
       600,         0,         0,   0.107,pymatching,a40fd3caa72afd939ba9442676e06f73e9d2c4252060f4042f1eb3a22379c141,"{""code"":""rotated_surface_code"",""d"":13,""noise_model"":""SI1000"",""p"":0.0005,""rounds"":1}"
      3600,       350,         0,   0.687,pymatching,793f5fff42eee89d0d6abf6565207d45231e1c88fb7aaf5d5ac9cbca73cb3f45,"{""code"":""rotated_surface_code"",""d"":11,""noise_model"":""SI1000"",""p"":0.004775,""rounds"":1}"
      1000,         0,         0,   0.128,pymatching,a40fd3caa72afd939ba9442676e06f73e9d2c4252060f4042f1eb3a22379c141,"{""code"":""rotated_surface_code"",""d"":13,""noise_model"":""SI1000"",""p"":0.0005,""rounds"":1}"
       200,         0,         0,   0.099,pymatching,a40fd3caa72afd939ba9442676e06f73e9d2c4252060f4042f1eb3a22379c141,"{""code"":""rotated_surface_code"",""d"":13,""noise_model"":""SI1000"",""p"":0.0005,""rounds"":1}"
      1200,         0,         0,   0.133,pymatching,a40fd3caa72afd939ba9442676e06f73e9d2c4252060f4042f1eb3a22379c141,"{""code"":""rotated_surface_code"",""d"":13,""noise_model"":""SI1000"",""p"":0.0005,""rounds"":1}"
       127,        12,         0,   0.079,pymatching,793f5fff42eee89d0d6abf6565207d45231e1c88fb7aaf5d5ac9cbca73cb3f45,"{""code"":""rotated_surface_code"",""d"":11,""noise_model"":""SI1000"",""p"":0.004775,""rounds"":1}"
      2400,         0,         0,   0.187,pymatching,a40fd3caa72afd939ba9442676e06f73e9d2c4252060f4042f1eb3a22379c141,"{""code"":""rotated_surface_code"",""d"":13,""noise_model"":""SI1000"",""p"":0.0005,""rounds"":1}"
       100,         0,         0,   0.101,pymatching,5cbe55dd1c58daab7313f0e1dd95003c2f1e172c6e238070e89aa2f933dc460d,"{""code"":""rotated_surface_code"",""d"":13,""noise_model"":""SI1000"",""p"":0.0007250000000000001,""rounds"":1}"
      3000,       352,         0,   0.622,pymatching,b3a410e761f3b55f8110e584fd8fd5654c69df8fe737dacba5cfbfef1ac2b793,"{""code"":""rotated_surface_code"",""d"":11,""noise_model"":""SI1000"",""p"":0.005,""rounds"":1}"
      4400,         0,         0,   0.254,pymatching,a40fd3caa72afd939ba9442676e06f73e9d2c4252060f4042f1eb3a22379c141,"{""code"":""rotated_surface_code"",""d"":13,""noise_model"":""SI1000"",""p"":0.0005,""rounds"":1}"
      4000,         0,         0,   0.245,pymatching,a40fd3caa72afd939ba9442676e06f73e9d2c4252060f4042f1eb3a22379c141,"{""code"":""rotated_surface_code"",""d"":13,""noise_model"":""SI1000"",""p"":0.0005,""rounds"":1}"
       200,         0,         0,   0.100,pymatching,5cbe55dd1c58daab7313f0e1dd95003c2f1e172c6e238070e89aa2f933dc460d,"{""code"":""rotated_surface_code"",""d"":13,""noise_model"":""SI1000"",""p"":0.0007250000000000001,""rounds"":1}"
      2400,         0,         0,   0.182,pymatching,a40fd3caa72afd939ba9442676e06f73e9d2c4252060f4042f1eb3a22379c141,"{""code"":""rotated_surface_code"",""d"":13,""noise_model"":""SI1000"",""p"":0.0005,""rounds"":1}"
      7200,         0,         0,   0.363,pymatching,a40fd3caa72afd939ba9442676e06f73e9d2c4252060f4042f1eb3a22379c141,"{""code"":""rotated_surface_code"",""d"":13,""noise_model"":""SI1000"",""p"":0.0005,""rounds"":1}"
       800,         0,         0,   0.125,pymatching,a40fd3caa72afd939ba9442676e06f73e9d2c4252060f4042f1eb3a22379c141,"{""code"":""rotated_surface_code"",""d"":13,""noise_model"":""SI1000"",""p"":0.0005,""rounds"":1}"
      4800,         0,         0,   0.269,pymatching,a40fd3caa72afd939ba9442676e06f73e9d2c4252060f4042f1eb3a22379c141,"{""code"":""rotated_surface_code"",""d"":13,""noise_model"":""SI1000"",""p"":0.0005,""rounds"":1}"
     12000,         0,         0,   0.540,pymatching,a40fd3caa72afd939ba9442676e06f73e9d2c4252060f4042f1eb3a22379c141,"{""code"":""rotated_surface_code"",""d"":13,""noise_model"":""SI1000"",""p"":0.0005,""rounds"":1}"
     14400,         0,         0,   0.622,pymatching,a40fd3caa72afd939ba9442676e06f73e9d2c4252060f4042f1eb3a22379c141,"{""code"":""rotated_surface_code"",""d"":13,""noise_model"":""SI1000"",""p"":0.0005,""rounds"":1}"
     20800,         0,         0,   0.884,pymatching,a40fd3caa72afd939ba9442676e06f73e9d2c4252060f4042f1eb3a22379c141,"{""code"":""rotated_surface_code"",""d"":13,""noise_model"":""SI1000"",""p"":0.0005,""rounds"":1}"
     28800,         0,         0,    1.25,pymatching,a40fd3caa72afd939ba9442676e06f73e9d2c4252060f4042f1eb3a22379c141,"{""code"":""rotated_surface_code"",""d"":13,""noise_model"":""SI1000"",""p"":0.0005,""rounds"":1}"
     28800,         0,         0,    1.19,pymatching,a40fd3caa72afd939ba9442676e06f73e9d2c4252060f4042f1eb3a22379c141,"{""code"":""rotated_surface_code"",""d"":13,""noise_model"":""SI1000"",""p"":0.0005,""rounds"":1}"
     43200,         0,         0,    1.72,pymatching,a40fd3caa72afd939ba9442676e06f73e9d2c4252060f4042f1eb3a22379c141,"{""code"":""rotated_surface_code"",""d"":13,""noise_model"":""SI1000"",""p"":0.0005,""rounds"":1}"
     72000,         0,         0,    2.79,pymatching,a40fd3caa72afd939ba9442676e06f73e9d2c4252060f4042f1eb3a22379c141,"{""code"":""rotated_surface_code"",""d"":13,""noise_model"":""SI1000"",""p"":0.0005,""rounds"":1}"
       600,         0,         0,   0.120,pymatching,5cbe55dd1c58daab7313f0e1dd95003c2f1e172c6e238070e89aa2f933dc460d,"{""code"":""rotated_surface_code"",""d"":13,""noise_model"":""SI1000"",""p"":0.0007250000000000001,""rounds"":1}"
      1800,         0,         0,   0.171,pymatching,5cbe55dd1c58daab7313f0e1dd95003c2f1e172c6e238070e89aa2f933dc460d,"{""code"":""rotated_surface_code"",""d"":13,""noise_model"":""SI1000"",""p"":0.0007250000000000001,""rounds"":1}"
      5400,         0,         0,   0.336,pymatching,5cbe55dd1c58daab7313f0e1dd95003c2f1e172c6e238070e89aa2f933dc460d,"{""code"":""rotated_surface_code"",""d"":13,""noise_model"":""SI1000"",""p"":0.0007250000000000001,""rounds"":1}"
     86400,         0,         0,    3.38,pymatching,a40fd3caa72afd939ba9442676e06f73e9d2c4252060f4042f1eb3a22379c141,"{""code"":""rotated_surface_code"",""d"":13,""noise_model"":""SI1000"",""p"":0.0005,""rounds"":1}"
     16200,         0,         0,   0.802,pymatching,5cbe55dd1c58daab7313f0e1dd95003c2f1e172c6e238070e89aa2f933dc460d,"{""code"":""rotated_surface_code"",""d"":13,""noise_model"":""SI1000"",""p"":0.0007250000000000001,""rounds"":1}"
     16200,         0,         0,   0.810,pymatching,5cbe55dd1c58daab7313f0e1dd95003c2f1e172c6e238070e89aa2f933dc460d,"{""code"":""rotated_surface_code"",""d"":13,""noise_model"":""SI1000"",""p"":0.0007250000000000001,""rounds"":1}"
    124800,         0,         0,    4.85,pymatching,a40fd3caa72afd939ba9442676e06f73e9d2c4252060f4042f1eb3a22379c141,"{""code"":""rotated_surface_code"",""d"":13,""noise_model"":""SI1000"",""p"":0.0005,""rounds"":1}"
     48600,         0,         0,    2.21,pymatching,5cbe55dd1c58daab7313f0e1dd95003c2f1e172c6e238070e89aa2f933dc460d,"{""code"":""rotated_surface_code"",""d"":13,""noise_model"":""SI1000"",""p"":0.0007250000000000001,""rounds"":1}"
    172800,         0,         0,    6.59,pymatching,a40fd3caa72afd939ba9442676e06f73e9d2c4252060f4042f1eb3a22379c141,"{""code"":""rotated_surface_code"",""d"":13,""noise_model"":""SI1000"",""p"":0.0005,""rounds"":1}"
    172800,         0,         0,    6.62,pymatching,a40fd3caa72afd939ba9442676e06f73e9d2c4252060f4042f1eb3a22379c141,"{""code"":""rotated_surface_code"",""d"":13,""noise_model"":""SI1000"",""p"":0.0005,""rounds"":1}"
       100,         0,         0,   0.110,pymatching,fb14b1f1fb32208560e72cf65d8da33a9b86a2e1059f4b7e082cf06180822fd7,"{""code"":""rotated_surface_code"",""d"":13,""noise_model"":""SI1000"",""p"":0.0009500000000000001,""rounds"":1}"
       200,         0,         0,   0.104,pymatching,fb14b1f1fb32208560e72cf65d8da33a9b86a2e1059f4b7e082cf06180822fd7,"{""code"":""rotated_surface_code"",""d"":13,""noise_model"":""SI1000"",""p"":0.0009500000000000001,""rounds"":1}"
     81000,         0,         0,    3.63,pymatching,5cbe55dd1c58daab7313f0e1dd95003c2f1e172c6e238070e89aa2f933dc460d,"{""code"":""rotated_surface_code"",""d"":13,""noise_model"":""SI1000"",""p"":0.0007250000000000001,""rounds"":1}"
       600,         0,         0,   0.116,pymatching,fb14b1f1fb32208560e72cf65d8da33a9b86a2e1059f4b7e082cf06180822fd7,"{""code"":""rotated_surface_code"",""d"":13,""noise_model"":""SI1000"",""p"":0.0009500000000000001,""rounds"":1}"
     72900,         0,         0,    3.33,pymatching,5cbe55dd1c58daab7313f0e1dd95003c2f1e172c6e238070e89aa2f933dc460d,"{""code"":""rotated_surface_code"",""d"":13,""noise_model"":""SI1000"",""p"":0.0007250000000000001,""rounds"":1}"
      1800,         0,         0,   0.188,pymatching,fb14b1f1fb32208560e72cf65d8da33a9b86a2e1059f4b7e082cf06180822fd7,"{""code"":""rotated_surface_code"",""d"":13,""noise_model"":""SI1000"",""p"":0.0009500000000000001,""rounds"":1}"
    193600,         0,         0,    7.39,pymatching,a40fd3caa72afd939ba9442676e06f73e9d2c4252060f4042f1eb3a22379c141,"{""code"":""rotated_surface_code"",""d"":13,""noise_model"":""SI1000"",""p"":0.0005,""rounds"":1}"
      5400,         0,         0,   0.375,pymatching,fb14b1f1fb32208560e72cf65d8da33a9b86a2e1059f4b7e082cf06180822fd7,"{""code"":""rotated_surface_code"",""d"":13,""noise_model"":""SI1000"",""p"":0.0009500000000000001,""rounds"":1}"
      5400,         0,         0,   0.382,pymatching,fb14b1f1fb32208560e72cf65d8da33a9b86a2e1059f4b7e082cf06180822fd7,"{""code"":""rotated_surface_code"",""d"":13,""noise_model"":""SI1000"",""p"":0.0009500000000000001,""rounds"":1}"
     16200,         0,         0,   0.941,pymatching,fb14b1f1fb32208560e72cf65d8da33a9b86a2e1059f4b7e082cf06180822fd7,"{""code"":""rotated_surface_code"",""d"":13,""noise_model"":""SI1000"",""p"":0.0009500000000000001,""rounds"":1}"
     27000,         0,         0,    1.47,pymatching,fb14b1f1fb32208560e72cf65d8da33a9b86a2e1059f4b7e082cf06180822fd7,"{""code"":""rotated_surface_code"",""d"":13,""noise_model"":""SI1000"",""p"":0.0009500000000000001,""rounds"":1}"
    113400,         0,         0,    5.11,pymatching,5cbe55dd1c58daab7313f0e1dd95003c2f1e172c6e238070e89aa2f933dc460d,"{""code"":""rotated_surface_code"",""d"":13,""noise_model"":""SI1000"",""p"":0.0007250000000000001,""rounds"":1}"
     59400,         0,         0,    3.18,pymatching,fb14b1f1fb32208560e72cf65d8da33a9b86a2e1059f4b7e082cf06180822fd7,"{""code"":""rotated_surface_code"",""d"":13,""noise_model"":""SI1000"",""p"":0.0009500000000000001,""rounds"":1}"
    125200,         0,         0,    5.69,pymatching,5cbe55dd1c58daab7313f0e1dd95003c2f1e172c6e238070e89aa2f933dc460d,"{""code"":""rotated_surface_code"",""d"":13,""noise_model"":""SI1000"",""p"":0.0007250000000000001,""rounds"":1}"
    178200,         0,         0,    8.05,pymatching,5cbe55dd1c58daab7313f0e1dd95003c2f1e172c6e238070e89aa2f933dc460d,"{""code"":""rotated_surface_code"",""d"":13,""noise_model"":""SI1000"",""p"":0.0007250000000000001,""rounds"":1}"
       100,         0,         0,   0.112,pymatching,f7e6c84985facea2e21a88d145e8e6ca42eafd6056695c134ddc0edf1965d6a6,"{""code"":""rotated_surface_code"",""d"":13,""noise_model"":""SI1000"",""p"":0.001175,""rounds"":1}"
       200,         0,         0,   0.106,pymatching,f7e6c84985facea2e21a88d145e8e6ca42eafd6056695c134ddc0edf1965d6a6,"{""code"":""rotated_surface_code"",""d"":13,""noise_model"":""SI1000"",""p"":0.001175,""rounds"":1}"
       600,         1,         0,   0.122,pymatching,f7e6c84985facea2e21a88d145e8e6ca42eafd6056695c134ddc0edf1965d6a6,"{""code"":""rotated_surface_code"",""d"":13,""noise_model"":""SI1000"",""p"":0.001175,""rounds"":1}"
      1800,         0,         0,   0.200,pymatching,f7e6c84985facea2e21a88d145e8e6ca42eafd6056695c134ddc0edf1965d6a6,"{""code"":""rotated_surface_code"",""d"":13,""noise_model"":""SI1000"",""p"":0.001175,""rounds"":1}"
      5400,         0,         0,   0.502,pymatching,f7e6c84985facea2e21a88d145e8e6ca42eafd6056695c134ddc0edf1965d6a6,"{""code"":""rotated_surface_code"",""d"":13,""noise_model"":""SI1000"",""p"":0.001175,""rounds"":1}"
     16200,         1,         0,    1.05,pymatching,f7e6c84985facea2e21a88d145e8e6ca42eafd6056695c134ddc0edf1965d6a6,"{""code"":""rotated_surface_code"",""d"":13,""noise_model"":""SI1000"",""p"":0.001175,""rounds"":1}"
    113400,         0,         0,    5.92,pymatching,fb14b1f1fb32208560e72cf65d8da33a9b86a2e1059f4b7e082cf06180822fd7,"{""code"":""rotated_surface_code"",""d"":13,""noise_model"":""SI1000"",""p"":0.0009500000000000001,""rounds"":1}"
    110700,         0,         0,    5.86,pymatching,fb14b1f1fb32208560e72cf65d8da33a9b86a2e1059f4b7e082cf06180822fd7,"{""code"":""rotated_surface_code"",""d"":13,""noise_model"":""SI1000"",""p"":0.0009500000000000001,""rounds"":1}"
     48600,         2,         0,    2.97,pymatching,f7e6c84985facea2e21a88d145e8e6ca42eafd6056695c134ddc0edf1965d6a6,"{""code"":""rotated_surface_code"",""d"":13,""noise_model"":""SI1000"",""p"":0.001175,""rounds"":1}"
    124200,         0,         0,    6.54,pymatching,fb14b1f1fb32208560e72cf65d8da33a9b86a2e1059f4b7e082cf06180822fd7,"{""code"":""rotated_surface_code"",""d"":13,""noise_model"":""SI1000"",""p"":0.0009500000000000001,""rounds"":1}"
     48600,         0,         0,    2.95,pymatching,f7e6c84985facea2e21a88d145e8e6ca42eafd6056695c134ddc0edf1965d6a6,"{""code"":""rotated_surface_code"",""d"":13,""noise_model"":""SI1000"",""p"":0.001175,""rounds"":1}"
    340200,         0,         0,    15.2,pymatching,5cbe55dd1c58daab7313f0e1dd95003c2f1e172c6e238070e89aa2f933dc460d,"{""code"":""rotated_surface_code"",""d"":13,""noise_model"":""SI1000"",""p"":0.0007250000000000001,""rounds"":1}"
    232200,         0,         0,    12.2,pymatching,fb14b1f1fb32208560e72cf65d8da33a9b86a2e1059f4b7e082cf06180822fd7,"{""code"":""rotated_surface_code"",""d"":13,""noise_model"":""SI1000"",""p"":0.0009500000000000001,""rounds"":1}"
       100,         0,         0,   0.111,pymatching,5739312c4d1bfbbb980d4ebca94ede8f308145e00fc0858ed58ff3d6dab2e5d6,"{""code"":""rotated_surface_code"",""d"":13,""noise_model"":""SI1000"",""p"":0.0014000000000000002,""rounds"":1}"
       200,         0,         0,   0.107,pymatching,5739312c4d1bfbbb980d4ebca94ede8f308145e00fc0858ed58ff3d6dab2e5d6,"{""code"":""rotated_surface_code"",""d"":13,""noise_model"":""SI1000"",""p"":0.0014000000000000002,""rounds"":1}"
       600,         0,         0,   0.129,pymatching,5739312c4d1bfbbb980d4ebca94ede8f308145e00fc0858ed58ff3d6dab2e5d6,"{""code"":""rotated_surface_code"",""d"":13,""noise_model"":""SI1000"",""p"":0.0014000000000000002,""rounds"":1}"
      1800,         0,         0,   0.215,pymatching,5739312c4d1bfbbb980d4ebca94ede8f308145e00fc0858ed58ff3d6dab2e5d6,"{""code"":""rotated_surface_code"",""d"":13,""noise_model"":""SI1000"",""p"":0.0014000000000000002,""rounds"":1}"
      5400,         0,         0,   0.472,pymatching,5739312c4d1bfbbb980d4ebca94ede8f308145e00fc0858ed58ff3d6dab2e5d6,"{""code"":""rotated_surface_code"",""d"":13,""noise_model"":""SI1000"",""p"":0.0014000000000000002,""rounds"":1}"
     72900,         0,         0,    4.37,pymatching,f7e6c84985facea2e21a88d145e8e6ca42eafd6056695c134ddc0edf1965d6a6,"{""code"":""rotated_surface_code"",""d"":13,""noise_model"":""SI1000"",""p"":0.001175,""rounds"":1}"
    145800,         2,         0,    8.83,pymatching,f7e6c84985facea2e21a88d145e8e6ca42eafd6056695c134ddc0edf1965d6a6,"{""code"":""rotated_surface_code"",""d"":13,""noise_model"":""SI1000"",""p"":0.001175,""rounds"":1}"
     16200,         0,         0,    1.23,pymatching,5739312c4d1bfbbb980d4ebca94ede8f308145e00fc0858ed58ff3d6dab2e5d6,"{""code"":""rotated_surface_code"",""d"":13,""noise_model"":""SI1000"",""p"":0.0014000000000000002,""rounds"":1}"
    145800,         0,         0,    8.89,pymatching,f7e6c84985facea2e21a88d145e8e6ca42eafd6056695c134ddc0edf1965d6a6,"{""code"":""rotated_surface_code"",""d"":13,""noise_model"":""SI1000"",""p"":0.001175,""rounds"":1}"
     16200,         1,         0,    1.19,pymatching,5739312c4d1bfbbb980d4ebca94ede8f308145e00fc0858ed58ff3d6dab2e5d6,"{""code"":""rotated_surface_code"",""d"":13,""noise_model"":""SI1000"",""p"":0.0014000000000000002,""rounds"":1}"
     48600,         0,         0,    3.43,pymatching,5739312c4d1bfbbb980d4ebca94ede8f308145e00fc0858ed58ff3d6dab2e5d6,"{""code"":""rotated_surface_code"",""d"":13,""noise_model"":""SI1000"",""p"":0.0014000000000000002,""rounds"":1}"
    303400,         0,         0,    15.6,pymatching,fb14b1f1fb32208560e72cf65d8da33a9b86a2e1059f4b7e082cf06180822fd7,"{""code"":""rotated_surface_code"",""d"":13,""noise_model"":""SI1000"",""p"":0.0009500000000000001,""rounds"":1}"
     48600,         1,         0,    3.50,pymatching,5739312c4d1bfbbb980d4ebca94ede8f308145e00fc0858ed58ff3d6dab2e5d6,"{""code"":""rotated_surface_code"",""d"":13,""noise_model"":""SI1000"",""p"":0.0014000000000000002,""rounds"":1}"
     81000,         1,         0,    5.55,pymatching,5739312c4d1bfbbb980d4ebca94ede8f308145e00fc0858ed58ff3d6dab2e5d6,"{""code"":""rotated_surface_code"",""d"":13,""noise_model"":""SI1000"",""p"":0.0014000000000000002,""rounds"":1}"
    243000,         1,         0,    14.5,pymatching,f7e6c84985facea2e21a88d145e8e6ca42eafd6056695c134ddc0edf1965d6a6,"{""code"":""rotated_surface_code"",""d"":13,""noise_model"":""SI1000"",""p"":0.001175,""rounds"":1}"
       100,         0,         0,   0.113,pymatching,a507b77a1b258f6fbf55cd9d11737c058fd1879002e8a403e2971c081f88a908,"{""code"":""rotated_surface_code"",""d"":13,""noise_model"":""SI1000"",""p"":0.0016250000000000001,""rounds"":1}"
       200,         0,         0,   0.111,pymatching,a507b77a1b258f6fbf55cd9d11737c058fd1879002e8a403e2971c081f88a908,"{""code"":""rotated_surface_code"",""d"":13,""noise_model"":""SI1000"",""p"":0.0016250000000000001,""rounds"":1}"
       600,         0,         0,   0.133,pymatching,a507b77a1b258f6fbf55cd9d11737c058fd1879002e8a403e2971c081f88a908,"{""code"":""rotated_surface_code"",""d"":13,""noise_model"":""SI1000"",""p"":0.0016250000000000001,""rounds"":1}"
      1800,         0,         0,   0.230,pymatching,a507b77a1b258f6fbf55cd9d11737c058fd1879002e8a403e2971c081f88a908,"{""code"":""rotated_surface_code"",""d"":13,""noise_model"":""SI1000"",""p"":0.0016250000000000001,""rounds"":1}"
      5400,         1,         0,   0.524,pymatching,a507b77a1b258f6fbf55cd9d11737c058fd1879002e8a403e2971c081f88a908,"{""code"":""rotated_surface_code"",""d"":13,""noise_model"":""SI1000"",""p"":0.0016250000000000001,""rounds"":1}"
     16200,         2,         0,    1.36,pymatching,a507b77a1b258f6fbf55cd9d11737c058fd1879002e8a403e2971c081f88a908,"{""code"":""rotated_surface_code"",""d"":13,""noise_model"":""SI1000"",""p"":0.0016250000000000001,""rounds"":1}"
    137700,         3,         0,    9.50,pymatching,5739312c4d1bfbbb980d4ebca94ede8f308145e00fc0858ed58ff3d6dab2e5d6,"{""code"":""rotated_surface_code"",""d"":13,""noise_model"":""SI1000"",""p"":0.0014000000000000002,""rounds"":1}"
     48600,         2,         0,    3.85,pymatching,a507b77a1b258f6fbf55cd9d11737c058fd1879002e8a403e2971c081f88a908,"{""code"":""rotated_surface_code"",""d"":13,""noise_model"":""SI1000"",""p"":0.0016250000000000001,""rounds"":1}"
    271000,         2,         0,    16.3,pymatching,f7e6c84985facea2e21a88d145e8e6ca42eafd6056695c134ddc0edf1965d6a6,"{""code"":""rotated_surface_code"",""d"":13,""noise_model"":""SI1000"",""p"":0.001175,""rounds"":1}"
    178200,         4,         0,    12.4,pymatching,5739312c4d1bfbbb980d4ebca94ede8f308145e00fc0858ed58ff3d6dab2e5d6,"{""code"":""rotated_surface_code"",""d"":13,""noise_model"":""SI1000"",""p"":0.0014000000000000002,""rounds"":1}"
     48600,         2,         0,    3.92,pymatching,a507b77a1b258f6fbf55cd9d11737c058fd1879002e8a403e2971c081f88a908,"{""code"":""rotated_surface_code"",""d"":13,""noise_model"":""SI1000"",""p"":0.0016250000000000001,""rounds"":1}"
     24300,         4,         0,    2.01,pymatching,a507b77a1b258f6fbf55cd9d11737c058fd1879002e8a403e2971c081f88a908,"{""code"":""rotated_surface_code"",""d"":13,""noise_model"":""SI1000"",""p"":0.0016250000000000001,""rounds"":1}"
    190000,         7,         0,    12.9,pymatching,5739312c4d1bfbbb980d4ebca94ede8f308145e00fc0858ed58ff3d6dab2e5d6,"{""code"":""rotated_surface_code"",""d"":13,""noise_model"":""SI1000"",""p"":0.0014000000000000002,""rounds"":1}"
       100,         0,         0,   0.144,pymatching,719ed6f1ad2240634537f97ecb6da3eb5c850740638b7bcbdbfcf635cd0756b3,"{""code"":""rotated_surface_code"",""d"":13,""noise_model"":""SI1000"",""p"":0.00185,""rounds"":1}"
       200,         0,         0,   0.123,pymatching,719ed6f1ad2240634537f97ecb6da3eb5c850740638b7bcbdbfcf635cd0756b3,"{""code"":""rotated_surface_code"",""d"":13,""noise_model"":""SI1000"",""p"":0.00185,""rounds"":1}"
       600,         0,         0,   0.138,pymatching,719ed6f1ad2240634537f97ecb6da3eb5c850740638b7bcbdbfcf635cd0756b3,"{""code"":""rotated_surface_code"",""d"":13,""noise_model"":""SI1000"",""p"":0.00185,""rounds"":1}"
      1800,         0,         0,   0.253,pymatching,719ed6f1ad2240634537f97ecb6da3eb5c850740638b7bcbdbfcf635cd0756b3,"{""code"":""rotated_surface_code"",""d"":13,""noise_model"":""SI1000"",""p"":0.00185,""rounds"":1}"
      5400,         1,         0,   0.574,pymatching,719ed6f1ad2240634537f97ecb6da3eb5c850740638b7bcbdbfcf635cd0756b3,"{""code"":""rotated_surface_code"",""d"":13,""noise_model"":""SI1000"",""p"":0.00185,""rounds"":1}"
     16200,         2,         0,    1.54,pymatching,719ed6f1ad2240634537f97ecb6da3eb5c850740638b7bcbdbfcf635cd0756b3,"{""code"":""rotated_surface_code"",""d"":13,""noise_model"":""SI1000"",""p"":0.00185,""rounds"":1}"
    275400,         5,         0,    19.3,pymatching,5739312c4d1bfbbb980d4ebca94ede8f308145e00fc0858ed58ff3d6dab2e5d6,"{""code"":""rotated_surface_code"",""d"":13,""noise_model"":""SI1000"",""p"":0.0014000000000000002,""rounds"":1}"
    145800,        10,         0,    11.7,pymatching,a507b77a1b258f6fbf55cd9d11737c058fd1879002e8a403e2971c081f88a908,"{""code"":""rotated_surface_code"",""d"":13,""noise_model"":""SI1000"",""p"":0.0016250000000000001,""rounds"":1}"
    145800,        13,         0,    11.7,pymatching,a507b77a1b258f6fbf55cd9d11737c058fd1879002e8a403e2971c081f88a908,"{""code"":""rotated_surface_code"",""d"":13,""noise_model"":""SI1000"",""p"":0.0016250000000000001,""rounds"":1}"
     48600,         5,         0,    4.47,pymatching,719ed6f1ad2240634537f97ecb6da3eb5c850740638b7bcbdbfcf635cd0756b3,"{""code"":""rotated_surface_code"",""d"":13,""noise_model"":""SI1000"",""p"":0.00185,""rounds"":1}"
     48600,         4,         0,    4.49,pymatching,719ed6f1ad2240634537f97ecb6da3eb5c850740638b7bcbdbfcf635cd0756b3,"{""code"":""rotated_surface_code"",""d"":13,""noise_model"":""SI1000"",""p"":0.00185,""rounds"":1}"
     24300,         5,         0,    2.28,pymatching,719ed6f1ad2240634537f97ecb6da3eb5c850740638b7bcbdbfcf635cd0756b3,"{""code"":""rotated_surface_code"",""d"":13,""noise_model"":""SI1000"",""p"":0.00185,""rounds"":1}"
    194400,        15,         0,    15.6,pymatching,a507b77a1b258f6fbf55cd9d11737c058fd1879002e8a403e2971c081f88a908,"{""code"":""rotated_surface_code"",""d"":13,""noise_model"":""SI1000"",""p"":0.0016250000000000001,""rounds"":1}"
    125200,         9,         0,    9.91,pymatching,a507b77a1b258f6fbf55cd9d11737c058fd1879002e8a403e2971c081f88a908,"{""code"":""rotated_surface_code"",""d"":13,""noise_model"":""SI1000"",""p"":0.0016250000000000001,""rounds"":1}"
    243000,        21,         0,    19.2,pymatching,a507b77a1b258f6fbf55cd9d11737c058fd1879002e8a403e2971c081f88a908,"{""code"":""rotated_surface_code"",""d"":13,""noise_model"":""SI1000"",""p"":0.0016250000000000001,""rounds"":1}"
       100,         0,         0,   0.111,pymatching,195286951d53e23fe9cb2147ff6c537532374b93ebba1f7ea441bc06ff5ae915,"{""code"":""rotated_surface_code"",""d"":13,""noise_model"":""SI1000"",""p"":0.0020750000000000005,""rounds"":1}"
       200,         0,         0,   0.114,pymatching,195286951d53e23fe9cb2147ff6c537532374b93ebba1f7ea441bc06ff5ae915,"{""code"":""rotated_surface_code"",""d"":13,""noise_model"":""SI1000"",""p"":0.0020750000000000005,""rounds"":1}"
       600,         0,         0,   0.146,pymatching,195286951d53e23fe9cb2147ff6c537532374b93ebba1f7ea441bc06ff5ae915,"{""code"":""rotated_surface_code"",""d"":13,""noise_model"":""SI1000"",""p"":0.0020750000000000005,""rounds"":1}"
       600,         0,         0,   0.154,pymatching,195286951d53e23fe9cb2147ff6c537532374b93ebba1f7ea441bc06ff5ae915,"{""code"":""rotated_surface_code"",""d"":13,""noise_model"":""SI1000"",""p"":0.0020750000000000005,""rounds"":1}"
      1800,         0,         0,   0.279,pymatching,195286951d53e23fe9cb2147ff6c537532374b93ebba1f7ea441bc06ff5ae915,"{""code"":""rotated_surface_code"",""d"":13,""noise_model"":""SI1000"",""p"":0.0020750000000000005,""rounds"":1}"
      3000,         0,         0,   0.391,pymatching,195286951d53e23fe9cb2147ff6c537532374b93ebba1f7ea441bc06ff5ae915,"{""code"":""rotated_surface_code"",""d"":13,""noise_model"":""SI1000"",""p"":0.0020750000000000005,""rounds"":1}"
     48600,        12,         0,    4.46,pymatching,719ed6f1ad2240634537f97ecb6da3eb5c850740638b7bcbdbfcf635cd0756b3,"{""code"":""rotated_surface_code"",""d"":13,""noise_model"":""SI1000"",""p"":0.00185,""rounds"":1}"
      6600,         4,         0,   0.751,pymatching,195286951d53e23fe9cb2147ff6c537532374b93ebba1f7ea441bc06ff5ae915,"{""code"":""rotated_surface_code"",""d"":13,""noise_model"":""SI1000"",""p"":0.0020750000000000005,""rounds"":1}"
     12600,         4,         0,    1.35,pymatching,195286951d53e23fe9cb2147ff6c537532374b93ebba1f7ea441bc06ff5ae915,"{""code"":""rotated_surface_code"",""d"":13,""noise_model"":""SI1000"",""p"":0.0020750000000000005,""rounds"":1}"
    145800,        29,         0,    13.0,pymatching,719ed6f1ad2240634537f97ecb6da3eb5c850740638b7bcbdbfcf635cd0756b3,"{""code"":""rotated_surface_code"",""d"":13,""noise_model"":""SI1000"",""p"":0.00185,""rounds"":1}"
     25800,         9,         0,    2.72,pymatching,195286951d53e23fe9cb2147ff6c537532374b93ebba1f7ea441bc06ff5ae915,"{""code"":""rotated_surface_code"",""d"":13,""noise_model"":""SI1000"",""p"":0.0020750000000000005,""rounds"":1}"
     51000,        14,         0,    5.23,pymatching,195286951d53e23fe9cb2147ff6c537532374b93ebba1f7ea441bc06ff5ae915,"{""code"":""rotated_surface_code"",""d"":13,""noise_model"":""SI1000"",""p"":0.0020750000000000005,""rounds"":1}"
     50700,        31,         0,    5.16,pymatching,195286951d53e23fe9cb2147ff6c537532374b93ebba1f7ea441bc06ff5ae915,"{""code"":""rotated_surface_code"",""d"":13,""noise_model"":""SI1000"",""p"":0.0020750000000000005,""rounds"":1}"
    125200,        26,         0,    11.3,pymatching,719ed6f1ad2240634537f97ecb6da3eb5c850740638b7bcbdbfcf635cd0756b3,"{""code"":""rotated_surface_code"",""d"":13,""noise_model"":""SI1000"",""p"":0.00185,""rounds"":1}"
    243000,        45,         0,    22.0,pymatching,719ed6f1ad2240634537f97ecb6da3eb5c850740638b7bcbdbfcf635cd0756b3,"{""code"":""rotated_surface_code"",""d"":13,""noise_model"":""SI1000"",""p"":0.00185,""rounds"":1}"
       100,         0,         0,   0.125,pymatching,f29b0a9c648b3e6617e61499191be4963d22fc03df57fada1ade8588ca192ea7,"{""code"":""rotated_surface_code"",""d"":13,""noise_model"":""SI1000"",""p"":0.0023,""rounds"":1}"
       200,         1,         0,   0.124,pymatching,f29b0a9c648b3e6617e61499191be4963d22fc03df57fada1ade8588ca192ea7,"{""code"":""rotated_surface_code"",""d"":13,""noise_model"":""SI1000"",""p"":0.0023,""rounds"":1}"
       600,         1,         0,   0.155,pymatching,f29b0a9c648b3e6617e61499191be4963d22fc03df57fada1ade8588ca192ea7,"{""code"":""rotated_surface_code"",""d"":13,""noise_model"":""SI1000"",""p"":0.0023,""rounds"":1}"
      1800,         1,         0,   0.305,pymatching,f29b0a9c648b3e6617e61499191be4963d22fc03df57fada1ade8588ca192ea7,"{""code"":""rotated_surface_code"",""d"":13,""noise_model"":""SI1000"",""p"":0.0023,""rounds"":1}"
    102600,        49,         0,    10.4,pymatching,195286951d53e23fe9cb2147ff6c537532374b93ebba1f7ea441bc06ff5ae915,"{""code"":""rotated_surface_code"",""d"":13,""noise_model"":""SI1000"",""p"":0.0020750000000000005,""rounds"":1}"
      5400,         5,         0,   0.716,pymatching,f29b0a9c648b3e6617e61499191be4963d22fc03df57fada1ade8588ca192ea7,"{""code"":""rotated_surface_code"",""d"":13,""noise_model"":""SI1000"",""p"":0.0023,""rounds"":1}"
     16200,        14,         0,    1.93,pymatching,f29b0a9c648b3e6617e61499191be4963d22fc03df57fada1ade8588ca192ea7,"{""code"":""rotated_surface_code"",""d"":13,""noise_model"":""SI1000"",""p"":0.0023,""rounds"":1}"
    291600,        53,         0,    26.0,pymatching,719ed6f1ad2240634537f97ecb6da3eb5c850740638b7bcbdbfcf635cd0756b3,"{""code"":""rotated_surface_code"",""d"":13,""noise_model"":""SI1000"",""p"":0.00185,""rounds"":1}"
     48600,        47,         0,    5.65,pymatching,f29b0a9c648b3e6617e61499191be4963d22fc03df57fada1ade8588ca192ea7,"{""code"":""rotated_surface_code"",""d"":13,""noise_model"":""SI1000"",""p"":0.0023,""rounds"":1}"
     82000,        31,         0,    8.29,pymatching,195286951d53e23fe9cb2147ff6c537532374b93ebba1f7ea441bc06ff5ae915,"{""code"":""rotated_surface_code"",""d"":13,""noise_model"":""SI1000"",""p"":0.0020750000000000005,""rounds"":1}"
     48600,        55,         0,    5.58,pymatching,f29b0a9c648b3e6617e61499191be4963d22fc03df57fada1ade8588ca192ea7,"{""code"":""rotated_surface_code"",""d"":13,""noise_model"":""SI1000"",""p"":0.0023,""rounds"":1}"
    204600,       111,         0,    20.6,pymatching,195286951d53e23fe9cb2147ff6c537532374b93ebba1f7ea441bc06ff5ae915,"{""code"":""rotated_surface_code"",""d"":13,""noise_model"":""SI1000"",""p"":0.0020750000000000005,""rounds"":1}"
    151800,        79,         0,    15.6,pymatching,195286951d53e23fe9cb2147ff6c537532374b93ebba1f7ea441bc06ff5ae915,"{""code"":""rotated_surface_code"",""d"":13,""noise_model"":""SI1000"",""p"":0.0020750000000000005,""rounds"":1}"
       100,         0,         0,   0.122,pymatching,29a9ab7a21b4993576445e06e8ba7a4579519889ada31f2ba83e8efbb1d0ca2b,"{""code"":""rotated_surface_code"",""d"":13,""noise_model"":""SI1000"",""p"":0.0025250000000000003,""rounds"":1}"
       200,         0,         0,   0.125,pymatching,29a9ab7a21b4993576445e06e8ba7a4579519889ada31f2ba83e8efbb1d0ca2b,"{""code"":""rotated_surface_code"",""d"":13,""noise_model"":""SI1000"",""p"":0.0025250000000000003,""rounds"":1}"
       600,         1,         0,   0.165,pymatching,29a9ab7a21b4993576445e06e8ba7a4579519889ada31f2ba83e8efbb1d0ca2b,"{""code"":""rotated_surface_code"",""d"":13,""noise_model"":""SI1000"",""p"":0.0025250000000000003,""rounds"":1}"
      1800,         3,         0,   0.323,pymatching,29a9ab7a21b4993576445e06e8ba7a4579519889ada31f2ba83e8efbb1d0ca2b,"{""code"":""rotated_surface_code"",""d"":13,""noise_model"":""SI1000"",""p"":0.0025250000000000003,""rounds"":1}"
      5400,        10,         0,   0.832,pymatching,29a9ab7a21b4993576445e06e8ba7a4579519889ada31f2ba83e8efbb1d0ca2b,"{""code"":""rotated_surface_code"",""d"":13,""noise_model"":""SI1000"",""p"":0.0025250000000000003,""rounds"":1}"
     16200,        29,         0,    2.17,pymatching,29a9ab7a21b4993576445e06e8ba7a4579519889ada31f2ba83e8efbb1d0ca2b,"{""code"":""rotated_surface_code"",""d"":13,""noise_model"":""SI1000"",""p"":0.0025250000000000003,""rounds"":1}"
     72900,        74,         0,    8.45,pymatching,f29b0a9c648b3e6617e61499191be4963d22fc03df57fada1ade8588ca192ea7,"{""code"":""rotated_surface_code"",""d"":13,""noise_model"":""SI1000"",""p"":0.0023,""rounds"":1}"
     48600,        93,         0,    6.41,pymatching,29a9ab7a21b4993576445e06e8ba7a4579519889ada31f2ba83e8efbb1d0ca2b,"{""code"":""rotated_surface_code"",""d"":13,""noise_model"":""SI1000"",""p"":0.0025250000000000003,""rounds"":1}"
    145800,       131,         0,    16.8,pymatching,f29b0a9c648b3e6617e61499191be4963d22fc03df57fada1ade8588ca192ea7,"{""code"":""rotated_surface_code"",""d"":13,""noise_model"":""SI1000"",""p"":0.0023,""rounds"":1}"
    145800,       149,         0,    16.7,pymatching,f29b0a9c648b3e6617e61499191be4963d22fc03df57fada1ade8588ca192ea7,"{""code"":""rotated_surface_code"",""d"":13,""noise_model"":""SI1000"",""p"":0.0023,""rounds"":1}"
    306000,       134,         0,    30.8,pymatching,195286951d53e23fe9cb2147ff6c537532374b93ebba1f7ea441bc06ff5ae915,"{""code"":""rotated_surface_code"",""d"":13,""noise_model"":""SI1000"",""p"":0.0020750000000000005,""rounds"":1}"
     20180,        13,         0,    2.43,pymatching,f29b0a9c648b3e6617e61499191be4963d22fc03df57fada1ade8588ca192ea7,"{""code"":""rotated_surface_code"",""d"":13,""noise_model"":""SI1000"",""p"":0.0023,""rounds"":1}"
       100,         1,         0,   0.111,pymatching,cd57f283fe96825ca30e0fd2fcae4f32bbbf941e8bfee6e5a93591abd56fe7ce,"{""code"":""rotated_surface_code"",""d"":13,""noise_model"":""SI1000"",""p"":0.0027500000000000003,""rounds"":1}"
       200,         0,         0,   0.122,pymatching,cd57f283fe96825ca30e0fd2fcae4f32bbbf941e8bfee6e5a93591abd56fe7ce,"{""code"":""rotated_surface_code"",""d"":13,""noise_model"":""SI1000"",""p"":0.0027500000000000003,""rounds"":1}"
       600,         4,         0,   0.171,pymatching,cd57f283fe96825ca30e0fd2fcae4f32bbbf941e8bfee6e5a93591abd56fe7ce,"{""code"":""rotated_surface_code"",""d"":13,""noise_model"":""SI1000"",""p"":0.0027500000000000003,""rounds"":1}"
      1800,         5,         0,   0.358,pymatching,cd57f283fe96825ca30e0fd2fcae4f32bbbf941e8bfee6e5a93591abd56fe7ce,"{""code"":""rotated_surface_code"",""d"":13,""noise_model"":""SI1000"",""p"":0.0027500000000000003,""rounds"":1}"
      5400,        23,         0,    1.05,pymatching,cd57f283fe96825ca30e0fd2fcae4f32bbbf941e8bfee6e5a93591abd56fe7ce,"{""code"":""rotated_surface_code"",""d"":13,""noise_model"":""SI1000"",""p"":0.0027500000000000003,""rounds"":1}"
     16200,        57,         0,    2.43,pymatching,cd57f283fe96825ca30e0fd2fcae4f32bbbf941e8bfee6e5a93591abd56fe7ce,"{""code"":""rotated_surface_code"",""d"":13,""noise_model"":""SI1000"",""p"":0.0027500000000000003,""rounds"":1}"
     72900,       118,         0,    9.59,pymatching,29a9ab7a21b4993576445e06e8ba7a4579519889ada31f2ba83e8efbb1d0ca2b,"{""code"":""rotated_surface_code"",""d"":13,""noise_model"":""SI1000"",""p"":0.0025250000000000003,""rounds"":1}"
    243000,       233,         0,    27.7,pymatching,f29b0a9c648b3e6617e61499191be4963d22fc03df57fada1ade8588ca192ea7,"{""code"":""rotated_surface_code"",""d"":13,""noise_model"":""SI1000"",""p"":0.0023,""rounds"":1}"
     48600,       185,         0,    7.08,pymatching,cd57f283fe96825ca30e0fd2fcae4f32bbbf941e8bfee6e5a93591abd56fe7ce,"{""code"":""rotated_surface_code"",""d"":13,""noise_model"":""SI1000"",""p"":0.0027500000000000003,""rounds"":1}"
    145800,       304,         0,    19.0,pymatching,29a9ab7a21b4993576445e06e8ba7a4579519889ada31f2ba83e8efbb1d0ca2b,"{""code"":""rotated_surface_code"",""d"":13,""noise_model"":""SI1000"",""p"":0.0025250000000000003,""rounds"":1}"
    145800,       287,         0,    18.8,pymatching,29a9ab7a21b4993576445e06e8ba7a4579519889ada31f2ba83e8efbb1d0ca2b,"{""code"":""rotated_surface_code"",""d"":13,""noise_model"":""SI1000"",""p"":0.0025250000000000003,""rounds"":1}"
       100,         0,         0,   0.113,pymatching,13f9437519fd819ba2d8d17a02c3f3cfb1ecf6a58c32a4d7d2e5e06b56dae0ff,"{""code"":""rotated_surface_code"",""d"":13,""noise_model"":""SI1000"",""p"":0.002975,""rounds"":1}"
       200,         0,         0,   0.121,pymatching,13f9437519fd819ba2d8d17a02c3f3cfb1ecf6a58c32a4d7d2e5e06b56dae0ff,"{""code"":""rotated_surface_code"",""d"":13,""noise_model"":""SI1000"",""p"":0.002975,""rounds"":1}"
     48600,       196,         0,    6.94,pymatching,cd57f283fe96825ca30e0fd2fcae4f32bbbf941e8bfee6e5a93591abd56fe7ce,"{""code"":""rotated_surface_code"",""d"":13,""noise_model"":""SI1000"",""p"":0.0027500000000000003,""rounds"":1}"
       600,         4,         0,   0.190,pymatching,13f9437519fd819ba2d8d17a02c3f3cfb1ecf6a58c32a4d7d2e5e06b56dae0ff,"{""code"":""rotated_surface_code"",""d"":13,""noise_model"":""SI1000"",""p"":0.002975,""rounds"":1}"
       600,         5,         0,   0.189,pymatching,13f9437519fd819ba2d8d17a02c3f3cfb1ecf6a58c32a4d7d2e5e06b56dae0ff,"{""code"":""rotated_surface_code"",""d"":13,""noise_model"":""SI1000"",""p"":0.002975,""rounds"":1}"
       300,         3,         0,   0.136,pymatching,13f9437519fd819ba2d8d17a02c3f3cfb1ecf6a58c32a4d7d2e5e06b56dae0ff,"{""code"":""rotated_surface_code"",""d"":13,""noise_model"":""SI1000"",""p"":0.002975,""rounds"":1}"
      1800,        13,         0,   0.395,pymatching,13f9437519fd819ba2d8d17a02c3f3cfb1ecf6a58c32a4d7d2e5e06b56dae0ff,"{""code"":""rotated_surface_code"",""d"":13,""noise_model"":""SI1000"",""p"":0.002975,""rounds"":1}"
      3000,        21,         0,   0.572,pymatching,13f9437519fd819ba2d8d17a02c3f3cfb1ecf6a58c32a4d7d2e5e06b56dae0ff,"{""code"":""rotated_surface_code"",""d"":13,""noise_model"":""SI1000"",""p"":0.002975,""rounds"":1}"
      3600,        16,         0,   0.665,pymatching,13f9437519fd819ba2d8d17a02c3f3cfb1ecf6a58c32a4d7d2e5e06b56dae0ff,"{""code"":""rotated_surface_code"",""d"":13,""noise_model"":""SI1000"",""p"":0.002975,""rounds"":1}"
      7200,        36,         0,    1.28,pymatching,13f9437519fd819ba2d8d17a02c3f3cfb1ecf6a58c32a4d7d2e5e06b56dae0ff,"{""code"":""rotated_surface_code"",""d"":13,""noise_model"":""SI1000"",""p"":0.002975,""rounds"":1}"
     13200,        76,         0,    2.22,pymatching,13f9437519fd819ba2d8d17a02c3f3cfb1ecf6a58c32a4d7d2e5e06b56dae0ff,"{""code"":""rotated_surface_code"",""d"":13,""noise_model"":""SI1000"",""p"":0.002975,""rounds"":1}"
     20400,       113,         0,    3.31,pymatching,13f9437519fd819ba2d8d17a02c3f3cfb1ecf6a58c32a4d7d2e5e06b56dae0ff,"{""code"":""rotated_surface_code"",""d"":13,""noise_model"":""SI1000"",""p"":0.002975,""rounds"":1}"
    250820,       229,         0,    28.9,pymatching,f29b0a9c648b3e6617e61499191be4963d22fc03df57fada1ade8588ca192ea7,"{""code"":""rotated_surface_code"",""d"":13,""noise_model"":""SI1000"",""p"":0.0023,""rounds"":1}"
       100,         0,         0,   0.129,pymatching,ee081fcf6a6c650ed2ce8f3b89eb5fc9d494d9fbe125389c8b92f7056dbf8577,"{""code"":""rotated_surface_code"",""d"":13,""noise_model"":""SI1000"",""p"":0.0032,""rounds"":1}"
       200,         2,         0,   0.129,pymatching,ee081fcf6a6c650ed2ce8f3b89eb5fc9d494d9fbe125389c8b92f7056dbf8577,"{""code"":""rotated_surface_code"",""d"":13,""noise_model"":""SI1000"",""p"":0.0032,""rounds"":1}"
       600,         6,         0,   0.193,pymatching,ee081fcf6a6c650ed2ce8f3b89eb5fc9d494d9fbe125389c8b92f7056dbf8577,"{""code"":""rotated_surface_code"",""d"":13,""noise_model"":""SI1000"",""p"":0.0032,""rounds"":1}"
      1800,        23,         0,   0.403,pymatching,ee081fcf6a6c650ed2ce8f3b89eb5fc9d494d9fbe125389c8b92f7056dbf8577,"{""code"":""rotated_surface_code"",""d"":13,""noise_model"":""SI1000"",""p"":0.0032,""rounds"":1}"
     34800,       220,         0,    5.69,pymatching,13f9437519fd819ba2d8d17a02c3f3cfb1ecf6a58c32a4d7d2e5e06b56dae0ff,"{""code"":""rotated_surface_code"",""d"":13,""noise_model"":""SI1000"",""p"":0.002975,""rounds"":1}"
    136083,       256,         0,    17.6,pymatching,29a9ab7a21b4993576445e06e8ba7a4579519889ada31f2ba83e8efbb1d0ca2b,"{""code"":""rotated_surface_code"",""d"":13,""noise_model"":""SI1000"",""p"":0.0025250000000000003,""rounds"":1}"
      5400,        49,         0,    1.04,pymatching,ee081fcf6a6c650ed2ce8f3b89eb5fc9d494d9fbe125389c8b92f7056dbf8577,"{""code"":""rotated_surface_code"",""d"":13,""noise_model"":""SI1000"",""p"":0.0032,""rounds"":1}"
      5400,        45,         0,    1.05,pymatching,ee081fcf6a6c650ed2ce8f3b89eb5fc9d494d9fbe125389c8b92f7056dbf8577,"{""code"":""rotated_surface_code"",""d"":13,""noise_model"":""SI1000"",""p"":0.0032,""rounds"":1}"
      2700,        26,         0,   0.575,pymatching,ee081fcf6a6c650ed2ce8f3b89eb5fc9d494d9fbe125389c8b92f7056dbf8577,"{""code"":""rotated_surface_code"",""d"":13,""noise_model"":""SI1000"",""p"":0.0032,""rounds"":1}"
     30618,       208,         0,    4.94,pymatching,13f9437519fd819ba2d8d17a02c3f3cfb1ecf6a58c32a4d7d2e5e06b56dae0ff,"{""code"":""rotated_surface_code"",""d"":13,""noise_model"":""SI1000"",""p"":0.002975,""rounds"":1}"
      5400,        49,         0,    1.05,pymatching,ee081fcf6a6c650ed2ce8f3b89eb5fc9d494d9fbe125389c8b92f7056dbf8577,"{""code"":""rotated_surface_code"",""d"":13,""noise_model"":""SI1000"",""p"":0.0032,""rounds"":1}"
     16200,       193,         0,    2.96,pymatching,ee081fcf6a6c650ed2ce8f3b89eb5fc9d494d9fbe125389c8b92f7056dbf8577,"{""code"":""rotated_surface_code"",""d"":13,""noise_model"":""SI1000"",""p"":0.0032,""rounds"":1}"
       100,         3,         0,   0.117,pymatching,8d75e9ede74b5f7d239732dc38d560f933ff485184cfedbb001459250a25ba99,"{""code"":""rotated_surface_code"",""d"":13,""noise_model"":""SI1000"",""p"":0.003425,""rounds"":1}"
     10590,       110,         0,    1.96,pymatching,ee081fcf6a6c650ed2ce8f3b89eb5fc9d494d9fbe125389c8b92f7056dbf8577,"{""code"":""rotated_surface_code"",""d"":13,""noise_model"":""SI1000"",""p"":0.0032,""rounds"":1}"
       200,         4,         0,   0.135,pymatching,8d75e9ede74b5f7d239732dc38d560f933ff485184cfedbb001459250a25ba99,"{""code"":""rotated_surface_code"",""d"":13,""noise_model"":""SI1000"",""p"":0.003425,""rounds"":1}"
       200,         2,         0,   0.131,pymatching,8d75e9ede74b5f7d239732dc38d560f933ff485184cfedbb001459250a25ba99,"{""code"":""rotated_surface_code"",""d"":13,""noise_model"":""SI1000"",""p"":0.003425,""rounds"":1}"
       600,         7,         0,   0.200,pymatching,8d75e9ede74b5f7d239732dc38d560f933ff485184cfedbb001459250a25ba99,"{""code"":""rotated_surface_code"",""d"":13,""noise_model"":""SI1000"",""p"":0.003425,""rounds"":1}"
      1000,        13,         0,   0.287,pymatching,8d75e9ede74b5f7d239732dc38d560f933ff485184cfedbb001459250a25ba99,"{""code"":""rotated_surface_code"",""d"":13,""noise_model"":""SI1000"",""p"":0.003425,""rounds"":1}"
     61200,       349,         0,    9.78,pymatching,13f9437519fd819ba2d8d17a02c3f3cfb1ecf6a58c32a4d7d2e5e06b56dae0ff,"{""code"":""rotated_surface_code"",""d"":13,""noise_model"":""SI1000"",""p"":0.002975,""rounds"":1}"
      2200,        29,         0,   0.518,pymatching,8d75e9ede74b5f7d239732dc38d560f933ff485184cfedbb001459250a25ba99,"{""code"":""rotated_surface_code"",""d"":13,""noise_model"":""SI1000"",""p"":0.003425,""rounds"":1}"
      4200,        77,         0,   0.900,pymatching,8d75e9ede74b5f7d239732dc38d560f933ff485184cfedbb001459250a25ba99,"{""code"":""rotated_surface_code"",""d"":13,""noise_model"":""SI1000"",""p"":0.003425,""rounds"":1}"
     27000,       278,         0,    4.97,pymatching,ee081fcf6a6c650ed2ce8f3b89eb5fc9d494d9fbe125389c8b92f7056dbf8577,"{""code"":""rotated_surface_code"",""d"":13,""noise_model"":""SI1000"",""p"":0.0032,""rounds"":1}"
      4100,        58,         0,   0.898,pymatching,8d75e9ede74b5f7d239732dc38d560f933ff485184cfedbb001459250a25ba99,"{""code"":""rotated_surface_code"",""d"":13,""noise_model"":""SI1000"",""p"":0.003425,""rounds"":1}"
     32400,       325,         0,    5.86,pymatching,ee081fcf6a6c650ed2ce8f3b89eb5fc9d494d9fbe125389c8b92f7056dbf8577,"{""code"":""rotated_surface_code"",""d"":13,""noise_model"":""SI1000"",""p"":0.0032,""rounds"":1}"
      8600,       130,         0,    1.83,pymatching,8d75e9ede74b5f7d239732dc38d560f933ff485184cfedbb001459250a25ba99,"{""code"":""rotated_surface_code"",""d"":13,""noise_model"":""SI1000"",""p"":0.003425,""rounds"":1}"
       483,         3,         0,   0.180,pymatching,8d75e9ede74b5f7d239732dc38d560f933ff485184cfedbb001459250a25ba99,"{""code"":""rotated_surface_code"",""d"":13,""noise_model"":""SI1000"",""p"":0.003425,""rounds"":1}"
       879,        15,         0,   0.262,pymatching,8d75e9ede74b5f7d239732dc38d560f933ff485184cfedbb001459250a25ba99,"{""code"":""rotated_surface_code"",""d"":13,""noise_model"":""SI1000"",""p"":0.003425,""rounds"":1}"
       100,         2,         0,   0.119,pymatching,211a9fcb1baa00d814b4a6e534fa0f334f0daa1acfc27d8d5486c932721bde04,"{""code"":""rotated_surface_code"",""d"":13,""noise_model"":""SI1000"",""p"":0.0036500000000000005,""rounds"":1}"
       200,         3,         0,   0.152,pymatching,211a9fcb1baa00d814b4a6e534fa0f334f0daa1acfc27d8d5486c932721bde04,"{""code"":""rotated_surface_code"",""d"":13,""noise_model"":""SI1000"",""p"":0.0036500000000000005,""rounds"":1}"
    143426,       538,         0,    20.7,pymatching,cd57f283fe96825ca30e0fd2fcae4f32bbbf941e8bfee6e5a93591abd56fe7ce,"{""code"":""rotated_surface_code"",""d"":13,""noise_model"":""SI1000"",""p"":0.0027500000000000003,""rounds"":1}"
       600,        15,         0,   0.222,pymatching,211a9fcb1baa00d814b4a6e534fa0f334f0daa1acfc27d8d5486c932721bde04,"{""code"":""rotated_surface_code"",""d"":13,""noise_model"":""SI1000"",""p"":0.0036500000000000005,""rounds"":1}"
       600,        14,         0,   0.233,pymatching,211a9fcb1baa00d814b4a6e534fa0f334f0daa1acfc27d8d5486c932721bde04,"{""code"":""rotated_surface_code"",""d"":13,""noise_model"":""SI1000"",""p"":0.0036500000000000005,""rounds"":1}"
     12800,       182,         0,    2.64,pymatching,8d75e9ede74b5f7d239732dc38d560f933ff485184cfedbb001459250a25ba99,"{""code"":""rotated_surface_code"",""d"":13,""noise_model"":""SI1000"",""p"":0.003425,""rounds"":1}"
      1800,        43,         0,   0.479,pymatching,211a9fcb1baa00d814b4a6e534fa0f334f0daa1acfc27d8d5486c932721bde04,"{""code"":""rotated_surface_code"",""d"":13,""noise_model"":""SI1000"",""p"":0.0036500000000000005,""rounds"":1}"
      1800,        37,         0,   0.478,pymatching,211a9fcb1baa00d814b4a6e534fa0f334f0daa1acfc27d8d5486c932721bde04,"{""code"":""rotated_surface_code"",""d"":13,""noise_model"":""SI1000"",""p"":0.0036500000000000005,""rounds"":1}"
      1179,        25,         0,   0.326,pymatching,8d75e9ede74b5f7d239732dc38d560f933ff485184cfedbb001459250a25ba99,"{""code"":""rotated_surface_code"",""d"":13,""noise_model"":""SI1000"",""p"":0.003425,""rounds"":1}"
      3000,        75,         0,   0.733,pymatching,211a9fcb1baa00d814b4a6e534fa0f334f0daa1acfc27d8d5486c932721bde04,"{""code"":""rotated_surface_code"",""d"":13,""noise_model"":""SI1000"",""p"":0.0036500000000000005,""rounds"":1}"
     14148,       237,         0,    2.84,pymatching,8d75e9ede74b5f7d239732dc38d560f933ff485184cfedbb001459250a25ba99,"{""code"":""rotated_surface_code"",""d"":13,""noise_model"":""SI1000"",""p"":0.003425,""rounds"":1}"
       100,         3,         0,   0.122,pymatching,96e715a0c3aa95821ac4c42c238c66f1a604f16da49197819b17ae2f91fdf752,"{""code"":""rotated_surface_code"",""d"":13,""noise_model"":""SI1000"",""p"":0.0038750000000000004,""rounds"":1}"
       200,         3,         0,   0.140,pymatching,96e715a0c3aa95821ac4c42c238c66f1a604f16da49197819b17ae2f91fdf752,"{""code"":""rotated_surface_code"",""d"":13,""noise_model"":""SI1000"",""p"":0.0038750000000000004,""rounds"":1}"
     17000,       280,         0,    3.44,pymatching,8d75e9ede74b5f7d239732dc38d560f933ff485184cfedbb001459250a25ba99,"{""code"":""rotated_surface_code"",""d"":13,""noise_model"":""SI1000"",""p"":0.003425,""rounds"":1}"
       600,        21,         0,   0.226,pymatching,96e715a0c3aa95821ac4c42c238c66f1a604f16da49197819b17ae2f91fdf752,"{""code"":""rotated_surface_code"",""d"":13,""noise_model"":""SI1000"",""p"":0.0038750000000000004,""rounds"":1}"
       600,        22,         0,   0.224,pymatching,96e715a0c3aa95821ac4c42c238c66f1a604f16da49197819b17ae2f91fdf752,"{""code"":""rotated_surface_code"",""d"":13,""noise_model"":""SI1000"",""p"":0.0038750000000000004,""rounds"":1}"
      1800,        56,         0,   0.511,pymatching,96e715a0c3aa95821ac4c42c238c66f1a604f16da49197819b17ae2f91fdf752,"{""code"":""rotated_surface_code"",""d"":13,""noise_model"":""SI1000"",""p"":0.0038750000000000004,""rounds"":1}"
      6600,       168,         0,    1.49,pymatching,211a9fcb1baa00d814b4a6e534fa0f334f0daa1acfc27d8d5486c932721bde04,"{""code"":""rotated_surface_code"",""d"":13,""noise_model"":""SI1000"",""p"":0.0036500000000000005,""rounds"":1}"
      5700,       150,         0,    1.34,pymatching,211a9fcb1baa00d814b4a6e534fa0f334f0daa1acfc27d8d5486c932721bde04,"{""code"":""rotated_surface_code"",""d"":13,""noise_model"":""SI1000"",""p"":0.0036500000000000005,""rounds"":1}"
      3000,        99,         0,   0.790,pymatching,96e715a0c3aa95821ac4c42c238c66f1a604f16da49197819b17ae2f91fdf752,"{""code"":""rotated_surface_code"",""d"":13,""noise_model"":""SI1000"",""p"":0.0038750000000000004,""rounds"":1}"
       300,         7,         0,   0.164,pymatching,96e715a0c3aa95821ac4c42c238c66f1a604f16da49197819b17ae2f91fdf752,"{""code"":""rotated_surface_code"",""d"":13,""noise_model"":""SI1000"",""p"":0.0038750000000000004,""rounds"":1}"
       402,        23,         0,   0.187,pymatching,96e715a0c3aa95821ac4c42c238c66f1a604f16da49197819b17ae2f91fdf752,"{""code"":""rotated_surface_code"",""d"":13,""noise_model"":""SI1000"",""p"":0.0038750000000000004,""rounds"":1}"
     10200,       242,         0,    2.26,pymatching,211a9fcb1baa00d814b4a6e534fa0f334f0daa1acfc27d8d5486c932721bde04,"{""code"":""rotated_surface_code"",""d"":13,""noise_model"":""SI1000"",""p"":0.0036500000000000005,""rounds"":1}"
       100,         4,         0,   0.116,pymatching,f38bf6a8584276f43923ff46519ce34b5afff9e0ccd2250d2249314da5631ed8,"{""code"":""rotated_surface_code"",""d"":13,""noise_model"":""SI1000"",""p"":0.0041,""rounds"":1}"
       200,         7,         0,   0.148,pymatching,f38bf6a8584276f43923ff46519ce34b5afff9e0ccd2250d2249314da5631ed8,"{""code"":""rotated_surface_code"",""d"":13,""noise_model"":""SI1000"",""p"":0.0041,""rounds"":1}"
      6600,       239,         0,    1.63,pymatching,96e715a0c3aa95821ac4c42c238c66f1a604f16da49197819b17ae2f91fdf752,"{""code"":""rotated_surface_code"",""d"":13,""noise_model"":""SI1000"",""p"":0.0038750000000000004,""rounds"":1}"
     12164,       293,         0,    2.71,pymatching,211a9fcb1baa00d814b4a6e534fa0f334f0daa1acfc27d8d5486c932721bde04,"{""code"":""rotated_surface_code"",""d"":13,""noise_model"":""SI1000"",""p"":0.0036500000000000005,""rounds"":1}"
       300,        11,         0,   0.167,pymatching,f38bf6a8584276f43923ff46519ce34b5afff9e0ccd2250d2249314da5631ed8,"{""code"":""rotated_surface_code"",""d"":13,""noise_model"":""SI1000"",""p"":0.0041,""rounds"":1}"
       100,         5,         0,   0.123,pymatching,41545be1a6b551f75dfb5bf9e160140f0dfbfc885273430ad71482dae59661df,"{""code"":""rotated_surface_code"",""d"":13,""noise_model"":""SI1000"",""p"":0.004325000000000001,""rounds"":1}"
       600,        29,         0,   0.241,pymatching,f38bf6a8584276f43923ff46519ce34b5afff9e0ccd2250d2249314da5631ed8,"{""code"":""rotated_surface_code"",""d"":13,""noise_model"":""SI1000"",""p"":0.0041,""rounds"":1}"
       600,        20,         0,   0.238,pymatching,f38bf6a8584276f43923ff46519ce34b5afff9e0ccd2250d2249314da5631ed8,"{""code"":""rotated_surface_code"",""d"":13,""noise_model"":""SI1000"",""p"":0.0041,""rounds"":1}"
      6600,       247,         0,    1.69,pymatching,96e715a0c3aa95821ac4c42c238c66f1a604f16da49197819b17ae2f91fdf752,"{""code"":""rotated_surface_code"",""d"":13,""noise_model"":""SI1000"",""p"":0.0038750000000000004,""rounds"":1}"
       600,        33,         0,   0.239,pymatching,f38bf6a8584276f43923ff46519ce34b5afff9e0ccd2250d2249314da5631ed8,"{""code"":""rotated_surface_code"",""d"":13,""noise_model"":""SI1000"",""p"":0.0041,""rounds"":1}"
      1200,        60,         0,   0.410,pymatching,f38bf6a8584276f43923ff46519ce34b5afff9e0ccd2250d2249314da5631ed8,"{""code"":""rotated_surface_code"",""d"":13,""noise_model"":""SI1000"",""p"":0.0041,""rounds"":1}"
      1200,        50,         0,   0.407,pymatching,f38bf6a8584276f43923ff46519ce34b5afff9e0ccd2250d2249314da5631ed8,"{""code"":""rotated_surface_code"",""d"":13,""noise_model"":""SI1000"",""p"":0.0041,""rounds"":1}"
      2400,        97,         0,   0.726,pymatching,f38bf6a8584276f43923ff46519ce34b5afff9e0ccd2250d2249314da5631ed8,"{""code"":""rotated_surface_code"",""d"":13,""noise_model"":""SI1000"",""p"":0.0041,""rounds"":1}"
       797,        29,         0,   0.299,pymatching,f38bf6a8584276f43923ff46519ce34b5afff9e0ccd2250d2249314da5631ed8,"{""code"":""rotated_surface_code"",""d"":13,""noise_model"":""SI1000"",""p"":0.0041,""rounds"":1}"
       375,        13,         0,   0.184,pymatching,f38bf6a8584276f43923ff46519ce34b5afff9e0ccd2250d2249314da5631ed8,"{""code"":""rotated_surface_code"",""d"":13,""noise_model"":""SI1000"",""p"":0.0041,""rounds"":1}"
       752,        39,         0,   0.278,pymatching,f38bf6a8584276f43923ff46519ce34b5afff9e0ccd2250d2249314da5631ed8,"{""code"":""rotated_surface_code"",""d"":13,""noise_model"":""SI1000"",""p"":0.0041,""rounds"":1}"
      3600,       164,         0,    1.02,pymatching,f38bf6a8584276f43923ff46519ce34b5afff9e0ccd2250d2249314da5631ed8,"{""code"":""rotated_surface_code"",""d"":13,""noise_model"":""SI1000"",""p"":0.0041,""rounds"":1}"
       199,         7,         0,   0.140,pymatching,f38bf6a8584276f43923ff46519ce34b5afff9e0ccd2250d2249314da5631ed8,"{""code"":""rotated_surface_code"",""d"":13,""noise_model"":""SI1000"",""p"":0.0041,""rounds"":1}"
       200,        10,         0,   0.152,pymatching,41545be1a6b551f75dfb5bf9e160140f0dfbfc885273430ad71482dae59661df,"{""code"":""rotated_surface_code"",""d"":13,""noise_model"":""SI1000"",""p"":0.004325000000000001,""rounds"":1}"
       200,        16,         0,   0.148,pymatching,41545be1a6b551f75dfb5bf9e160140f0dfbfc885273430ad71482dae59661df,"{""code"":""rotated_surface_code"",""d"":13,""noise_model"":""SI1000"",""p"":0.004325000000000001,""rounds"":1}"
       100,         6,         0,   0.121,pymatching,41545be1a6b551f75dfb5bf9e160140f0dfbfc885273430ad71482dae59661df,"{""code"":""rotated_surface_code"",""d"":13,""noise_model"":""SI1000"",""p"":0.004325000000000001,""rounds"":1}"
      3600,       161,         0,    1.02,pymatching,f38bf6a8584276f43923ff46519ce34b5afff9e0ccd2250d2249314da5631ed8,"{""code"":""rotated_surface_code"",""d"":13,""noise_model"":""SI1000"",""p"":0.0041,""rounds"":1}"
     11028,       394,         0,    2.73,pymatching,96e715a0c3aa95821ac4c42c238c66f1a604f16da49197819b17ae2f91fdf752,"{""code"":""rotated_surface_code"",""d"":13,""noise_model"":""SI1000"",""p"":0.0038750000000000004,""rounds"":1}"
       200,        16,         0,   0.152,pymatching,41545be1a6b551f75dfb5bf9e160140f0dfbfc885273430ad71482dae59661df,"{""code"":""rotated_surface_code"",""d"":13,""noise_model"":""SI1000"",""p"":0.004325000000000001,""rounds"":1}"
       600,        40,         0,   0.263,pymatching,41545be1a6b551f75dfb5bf9e160140f0dfbfc885273430ad71482dae59661df,"{""code"":""rotated_surface_code"",""d"":13,""noise_model"":""SI1000"",""p"":0.004325000000000001,""rounds"":1}"
      1000,        68,         0,   0.357,pymatching,41545be1a6b551f75dfb5bf9e160140f0dfbfc885273430ad71482dae59661df,"{""code"":""rotated_surface_code"",""d"":13,""noise_model"":""SI1000"",""p"":0.004325000000000001,""rounds"":1}"
      1200,        75,         0,   0.479,pymatching,41545be1a6b551f75dfb5bf9e160140f0dfbfc885273430ad71482dae59661df,"{""code"":""rotated_surface_code"",""d"":13,""noise_model"":""SI1000"",""p"":0.004325000000000001,""rounds"":1}"
      1200,        75,         0,   0.415,pymatching,41545be1a6b551f75dfb5bf9e160140f0dfbfc885273430ad71482dae59661df,"{""code"":""rotated_surface_code"",""d"":13,""noise_model"":""SI1000"",""p"":0.004325000000000001,""rounds"":1}"
       100,         6,         0,   0.124,pymatching,7adcf1141ace317670062dddd88d3bf5ecec1d75914b76ae15bc6293b02a219a,"{""code"":""rotated_surface_code"",""d"":13,""noise_model"":""SI1000"",""p"":0.00455,""rounds"":1}"
       194,        10,         0,   0.144,pymatching,41545be1a6b551f75dfb5bf9e160140f0dfbfc885273430ad71482dae59661df,"{""code"":""rotated_surface_code"",""d"":13,""noise_model"":""SI1000"",""p"":0.004325000000000001,""rounds"":1}"
       200,        17,         0,   0.153,pymatching,7adcf1141ace317670062dddd88d3bf5ecec1d75914b76ae15bc6293b02a219a,"{""code"":""rotated_surface_code"",""d"":13,""noise_model"":""SI1000"",""p"":0.00455,""rounds"":1}"
       125,         8,         0,   0.131,pymatching,41545be1a6b551f75dfb5bf9e160140f0dfbfc885273430ad71482dae59661df,"{""code"":""rotated_surface_code"",""d"":13,""noise_model"":""SI1000"",""p"":0.004325000000000001,""rounds"":1}"
      7200,       344,         0,    1.93,pymatching,f38bf6a8584276f43923ff46519ce34b5afff9e0ccd2250d2249314da5631ed8,"{""code"":""rotated_surface_code"",""d"":13,""noise_model"":""SI1000"",""p"":0.0041,""rounds"":1}"
         3,         0,         0,   0.100,pymatching,41545be1a6b551f75dfb5bf9e160140f0dfbfc885273430ad71482dae59661df,"{""code"":""rotated_surface_code"",""d"":13,""noise_model"":""SI1000"",""p"":0.004325000000000001,""rounds"":1}"
         9,         0,         0,   0.096,pymatching,41545be1a6b551f75dfb5bf9e160140f0dfbfc885273430ad71482dae59661df,"{""code"":""rotated_surface_code"",""d"":13,""noise_model"":""SI1000"",""p"":0.004325000000000001,""rounds"":1}"
      2800,       200,         0,   0.894,pymatching,41545be1a6b551f75dfb5bf9e160140f0dfbfc885273430ad71482dae59661df,"{""code"":""rotated_surface_code"",""d"":13,""noise_model"":""SI1000"",""p"":0.004325000000000001,""rounds"":1}"
       600,        64,         0,   0.275,pymatching,7adcf1141ace317670062dddd88d3bf5ecec1d75914b76ae15bc6293b02a219a,"{""code"":""rotated_surface_code"",""d"":13,""noise_model"":""SI1000"",""p"":0.00455,""rounds"":1}"
        28,         2,         0,   0.102,pymatching,41545be1a6b551f75dfb5bf9e160140f0dfbfc885273430ad71482dae59661df,"{""code"":""rotated_surface_code"",""d"":13,""noise_model"":""SI1000"",""p"":0.004325000000000001,""rounds"":1}"
      2839,       178,         0,   0.880,pymatching,41545be1a6b551f75dfb5bf9e160140f0dfbfc885273430ad71482dae59661df,"{""code"":""rotated_surface_code"",""d"":13,""noise_model"":""SI1000"",""p"":0.004325000000000001,""rounds"":1}"
       600,        50,         0,   0.271,pymatching,7adcf1141ace317670062dddd88d3bf5ecec1d75914b76ae15bc6293b02a219a,"{""code"":""rotated_surface_code"",""d"":13,""noise_model"":""SI1000"",""p"":0.00455,""rounds"":1}"
       300,        30,         0,   0.180,pymatching,7adcf1141ace317670062dddd88d3bf5ecec1d75914b76ae15bc6293b02a219a,"{""code"":""rotated_surface_code"",""d"":13,""noise_model"":""SI1000"",""p"":0.00455,""rounds"":1}"
      4800,       298,         0,    1.38,pymatching,41545be1a6b551f75dfb5bf9e160140f0dfbfc885273430ad71482dae59661df,"{""code"":""rotated_surface_code"",""d"":13,""noise_model"":""SI1000"",""p"":0.004325000000000001,""rounds"":1}"
      1800,       141,         0,   0.666,pymatching,7adcf1141ace317670062dddd88d3bf5ecec1d75914b76ae15bc6293b02a219a,"{""code"":""rotated_surface_code"",""d"":13,""noise_model"":""SI1000"",""p"":0.00455,""rounds"":1}"
      1800,       158,         0,   0.590,pymatching,7adcf1141ace317670062dddd88d3bf5ecec1d75914b76ae15bc6293b02a219a,"{""code"":""rotated_surface_code"",""d"":13,""noise_model"":""SI1000"",""p"":0.00455,""rounds"":1}"
       100,         8,         0,   0.122,pymatching,81c8cd8dd0cb04e98a97047578f41b0fd821b3ba3623b587560bdb08cc4f63dd,"{""code"":""rotated_surface_code"",""d"":13,""noise_model"":""SI1000"",""p"":0.004775,""rounds"":1}"
       200,        23,         0,   0.152,pymatching,81c8cd8dd0cb04e98a97047578f41b0fd821b3ba3623b587560bdb08cc4f63dd,"{""code"":""rotated_surface_code"",""d"":13,""noise_model"":""SI1000"",""p"":0.004775,""rounds"":1}"
       200,        22,         0,   0.156,pymatching,81c8cd8dd0cb04e98a97047578f41b0fd821b3ba3623b587560bdb08cc4f63dd,"{""code"":""rotated_surface_code"",""d"":13,""noise_model"":""SI1000"",""p"":0.004775,""rounds"":1}"
       936,        98,         0,   0.372,pymatching,7adcf1141ace317670062dddd88d3bf5ecec1d75914b76ae15bc6293b02a219a,"{""code"":""rotated_surface_code"",""d"":13,""noise_model"":""SI1000"",""p"":0.00455,""rounds"":1}"
      2352,       210,         0,   0.785,pymatching,7adcf1141ace317670062dddd88d3bf5ecec1d75914b76ae15bc6293b02a219a,"{""code"":""rotated_surface_code"",""d"":13,""noise_model"":""SI1000"",""p"":0.00455,""rounds"":1}"
       100,        13,         0,   0.128,pymatching,555249c39e50520b03b788bb18859b940fa7d0841b7e9b98a0ad24044404d502,"{""code"":""rotated_surface_code"",""d"":13,""noise_model"":""SI1000"",""p"":0.005,""rounds"":1}"
      3000,       251,         0,   0.952,pymatching,7adcf1141ace317670062dddd88d3bf5ecec1d75914b76ae15bc6293b02a219a,"{""code"":""rotated_surface_code"",""d"":13,""noise_model"":""SI1000"",""p"":0.00455,""rounds"":1}"
       600,        68,         0,   0.275,pymatching,81c8cd8dd0cb04e98a97047578f41b0fd821b3ba3623b587560bdb08cc4f63dd,"{""code"":""rotated_surface_code"",""d"":13,""noise_model"":""SI1000"",""p"":0.004775,""rounds"":1}"
       200,        34,         0,   0.161,pymatching,555249c39e50520b03b788bb18859b940fa7d0841b7e9b98a0ad24044404d502,"{""code"":""rotated_surface_code"",""d"":13,""noise_model"":""SI1000"",""p"":0.005,""rounds"":1}"
       200,        24,         0,   0.162,pymatching,555249c39e50520b03b788bb18859b940fa7d0841b7e9b98a0ad24044404d502,"{""code"":""rotated_surface_code"",""d"":13,""noise_model"":""SI1000"",""p"":0.005,""rounds"":1}"
       100,        10,         0,   0.132,pymatching,555249c39e50520b03b788bb18859b940fa7d0841b7e9b98a0ad24044404d502,"{""code"":""rotated_surface_code"",""d"":13,""noise_model"":""SI1000"",""p"":0.005,""rounds"":1}"
      1000,        97,         0,   0.406,pymatching,81c8cd8dd0cb04e98a97047578f41b0fd821b3ba3623b587560bdb08cc4f63dd,"{""code"":""rotated_surface_code"",""d"":13,""noise_model"":""SI1000"",""p"":0.004775,""rounds"":1}"
       900,        88,         0,   0.379,pymatching,81c8cd8dd0cb04e98a97047578f41b0fd821b3ba3623b587560bdb08cc4f63dd,"{""code"":""rotated_surface_code"",""d"":13,""noise_model"":""SI1000"",""p"":0.004775,""rounds"":1}"
       182,        20,         0,   0.152,pymatching,81c8cd8dd0cb04e98a97047578f41b0fd821b3ba3623b587560bdb08cc4f63dd,"{""code"":""rotated_surface_code"",""d"":13,""noise_model"":""SI1000"",""p"":0.004775,""rounds"":1}"
      1000,       121,         0,   0.472,pymatching,555249c39e50520b03b788bb18859b940fa7d0841b7e9b98a0ad24044404d502,"{""code"":""rotated_surface_code"",""d"":13,""noise_model"":""SI1000"",""p"":0.005,""rounds"":1}"
      1200,       162,         0,   0.525,pymatching,555249c39e50520b03b788bb18859b940fa7d0841b7e9b98a0ad24044404d502,"{""code"":""rotated_surface_code"",""d"":13,""noise_model"":""SI1000"",""p"":0.005,""rounds"":1}"
      1400,       152,         0,   0.557,pymatching,81c8cd8dd0cb04e98a97047578f41b0fd821b3ba3623b587560bdb08cc4f63dd,"{""code"":""rotated_surface_code"",""d"":13,""noise_model"":""SI1000"",""p"":0.004775,""rounds"":1}"
       800,       111,         0,   0.394,pymatching,555249c39e50520b03b788bb18859b940fa7d0841b7e9b98a0ad24044404d502,"{""code"":""rotated_surface_code"",""d"":13,""noise_model"":""SI1000"",""p"":0.005,""rounds"":1}"
      2200,       239,         0,   0.824,pymatching,81c8cd8dd0cb04e98a97047578f41b0fd821b3ba3623b587560bdb08cc4f63dd,"{""code"":""rotated_surface_code"",""d"":13,""noise_model"":""SI1000"",""p"":0.004775,""rounds"":1}"
       896,       120,         0,   0.367,pymatching,555249c39e50520b03b788bb18859b940fa7d0841b7e9b98a0ad24044404d502,"{""code"":""rotated_surface_code"",""d"":13,""noise_model"":""SI1000"",""p"":0.005,""rounds"":1}"
      3022,       358,         0,    1.00,pymatching,81c8cd8dd0cb04e98a97047578f41b0fd821b3ba3623b587560bdb08cc4f63dd,"{""code"":""rotated_surface_code"",""d"":13,""noise_model"":""SI1000"",""p"":0.004775,""rounds"":1}"
      3200,       432,         0,    1.05,pymatching,555249c39e50520b03b788bb18859b940fa7d0841b7e9b98a0ad24044404d502,"{""code"":""rotated_surface_code"",""d"":13,""noise_model"":""SI1000"",""p"":0.005,""rounds"":1}"
    191212,       151,         0,    2.16,pymatching,524eda419c74c02aac5751043b46d17eb75c4cd6c74b67bd2ad1e8c2d0c8b62a,"{""code"":""rotated_surface_code"",""d"":5,""noise_model"":""SI1000"",""p"":0.0009500000000000001,""rounds"":1}"
     11997,         4,         0,   0.357,pymatching,524eda419c74c02aac5751043b46d17eb75c4cd6c74b67bd2ad1e8c2d0c8b62a,"{""code"":""rotated_surface_code"",""d"":5,""noise_model"":""SI1000"",""p"":0.0009500000000000001,""rounds"":1}"
      7241,         9,         0,   0.093,pymatching,524eda419c74c02aac5751043b46d17eb75c4cd6c74b67bd2ad1e8c2d0c8b62a,"{""code"":""rotated_surface_code"",""d"":5,""noise_model"":""SI1000"",""p"":0.0009500000000000001,""rounds"":1}"
   1000000,       109,         0,    7.53,pymatching,43c552c0036505720ddefcb0e6e0bde379297ee8e21e4bed1325ca9f31e2cdc0,"{""code"":""rotated_surface_code"",""d"":5,""noise_model"":""SI1000"",""p"":0.0005,""rounds"":1}"
   2000000,       278,         0,    10.6,pymatching,43c552c0036505720ddefcb0e6e0bde379297ee8e21e4bed1325ca9f31e2cdc0,"{""code"":""rotated_surface_code"",""d"":5,""noise_model"":""SI1000"",""p"":0.0005,""rounds"":1}"
   1476545,       541,         0,    11.3,pymatching,075ddcc8ac27b33885d5af63af335190b313d2250433eea0b1ab8d31fdad4d83,"{""code"":""rotated_surface_code"",""d"":5,""noise_model"":""SI1000"",""p"":0.0007250000000000001,""rounds"":1}"
    149222,        55,         0,    1.38,pymatching,075ddcc8ac27b33885d5af63af335190b313d2250433eea0b1ab8d31fdad4d83,"{""code"":""rotated_surface_code"",""d"":5,""noise_model"":""SI1000"",""p"":0.0007250000000000001,""rounds"":1}"
   2000000,       260,         0,    15.5,pymatching,43c552c0036505720ddefcb0e6e0bde379297ee8e21e4bed1325ca9f31e2cdc0,"{""code"":""rotated_surface_code"",""d"":5,""noise_model"":""SI1000"",""p"":0.0005,""rounds"":1}"
   1000000,        13,         0,    21.9,pymatching,cc0b3eac867231fae68f61decf3bc2277506b7cf6d195f735329e1646d7462c5,"{""code"":""rotated_surface_code"",""d"":7,""noise_model"":""SI1000"",""p"":0.0005,""rounds"":1}"
    335111,        62,         0,    9.52,pymatching,2c77c8d8471ec26503b7ee87601ba0d2b18916e54590b984d07e0aac937e8768,"{""code"":""rotated_surface_code"",""d"":7,""noise_model"":""SI1000"",""p"":0.0009500000000000001,""rounds"":1}"
     21358,         3,         0,   0.641,pymatching,2c77c8d8471ec26503b7ee87601ba0d2b18916e54590b984d07e0aac937e8768,"{""code"":""rotated_surface_code"",""d"":7,""noise_model"":""SI1000"",""p"":0.0009500000000000001,""rounds"":1}"
     21157,         3,         0,   0.631,pymatching,2c77c8d8471ec26503b7ee87601ba0d2b18916e54590b984d07e0aac937e8768,"{""code"":""rotated_surface_code"",""d"":7,""noise_model"":""SI1000"",""p"":0.0009500000000000001,""rounds"":1}"
     19873,         5,         0,   0.587,pymatching,2c77c8d8471ec26503b7ee87601ba0d2b18916e54590b984d07e0aac937e8768,"{""code"":""rotated_surface_code"",""d"":7,""noise_model"":""SI1000"",""p"":0.0009500000000000001,""rounds"":1}"
   1000000,        69,         0,    24.6,pymatching,760031b1fd34e1ce1a2d190b352fc6ed5eb3e78a490ff3901b8f4a3b72f91f87,"{""code"":""rotated_surface_code"",""d"":7,""noise_model"":""SI1000"",""p"":0.0007250000000000001,""rounds"":1}"
   2837008,       354,         0,    22.6,pymatching,43c552c0036505720ddefcb0e6e0bde379297ee8e21e4bed1325ca9f31e2cdc0,"{""code"":""rotated_surface_code"",""d"":5,""noise_model"":""SI1000"",""p"":0.0005,""rounds"":1}"
     63627,        51,         0,    2.30,pymatching,24a2a48c9f07f568b9bdb2341d21da5a4fc017c3d9488d11e5e024d34fc9705e,"{""code"":""rotated_surface_code"",""d"":7,""noise_model"":""SI1000"",""p"":0.0014000000000000002,""rounds"":1}"
      9631,        10,         0,   0.394,pymatching,24a2a48c9f07f568b9bdb2341d21da5a4fc017c3d9488d11e5e024d34fc9705e,"{""code"":""rotated_surface_code"",""d"":7,""noise_model"":""SI1000"",""p"":0.0014000000000000002,""rounds"":1}"
   2000000,       123,         0,    33.8,pymatching,760031b1fd34e1ce1a2d190b352fc6ed5eb3e78a490ff3901b8f4a3b72f91f87,"{""code"":""rotated_surface_code"",""d"":7,""noise_model"":""SI1000"",""p"":0.0007250000000000001,""rounds"":1}"
   2000000,        33,         0,    41.7,pymatching,cc0b3eac867231fae68f61decf3bc2277506b7cf6d195f735329e1646d7462c5,"{""code"":""rotated_surface_code"",""d"":7,""noise_model"":""SI1000"",""p"":0.0005,""rounds"":1}"
   2000000,        25,         0,    43.4,pymatching,cc0b3eac867231fae68f61decf3bc2277506b7cf6d195f735329e1646d7462c5,"{""code"":""rotated_surface_code"",""d"":7,""noise_model"":""SI1000"",""p"":0.0005,""rounds"":1}"
   2000000,       371,         0,    38.8,pymatching,2c77c8d8471ec26503b7ee87601ba0d2b18916e54590b984d07e0aac937e8768,"{""code"":""rotated_surface_code"",""d"":7,""noise_model"":""SI1000"",""p"":0.0009500000000000001,""rounds"":1}"
   2000000,       113,         0,    49.7,pymatching,760031b1fd34e1ce1a2d190b352fc6ed5eb3e78a490ff3901b8f4a3b72f91f87,"{""code"":""rotated_surface_code"",""d"":7,""noise_model"":""SI1000"",""p"":0.0007250000000000001,""rounds"":1}"
   1026264,       460,         0,    31.6,pymatching,94bd91bd2c6977374b443a632c84510b6c2b2377d568600c693f49831c12c197,"{""code"":""rotated_surface_code"",""d"":7,""noise_model"":""SI1000"",""p"":0.001175,""rounds"":1}"
    101844,        36,         0,    3.25,pymatching,94bd91bd2c6977374b443a632c84510b6c2b2377d568600c693f49831c12c197,"{""code"":""rotated_surface_code"",""d"":7,""noise_model"":""SI1000"",""p"":0.001175,""rounds"":1}"
     25770,        16,         0,   0.855,pymatching,94bd91bd2c6977374b443a632c84510b6c2b2377d568600c693f49831c12c197,"{""code"":""rotated_surface_code"",""d"":7,""noise_model"":""SI1000"",""p"":0.001175,""rounds"":1}"
   2000000,       410,         0,    55.6,pymatching,2c77c8d8471ec26503b7ee87601ba0d2b18916e54590b984d07e0aac937e8768,"{""code"":""rotated_surface_code"",""d"":7,""noise_model"":""SI1000"",""p"":0.0009500000000000001,""rounds"":1}"
   1000000,         0,         0,    45.2,pymatching,06805a798d5c82c33d584f0ded9b1c1dc3eb8a43fa99e4ba642290c138dd0404,"{""code"":""rotated_surface_code"",""d"":9,""noise_model"":""SI1000"",""p"":0.0005,""rounds"":1}"
   2000000,         6,         0,    62.4,pymatching,06805a798d5c82c33d584f0ded9b1c1dc3eb8a43fa99e4ba642290c138dd0404,"{""code"":""rotated_surface_code"",""d"":9,""noise_model"":""SI1000"",""p"":0.0005,""rounds"":1}"
   1000000,        11,         0,    52.6,pymatching,c8a4b53c38ff5c0066bd97680b2bb3c2a001310ddb319c63b335db3e5fa21377,"{""code"":""rotated_surface_code"",""d"":9,""noise_model"":""SI1000"",""p"":0.0007250000000000001,""rounds"":1}"
     85485,         0,         0,    2.85,pymatching,06805a798d5c82c33d584f0ded9b1c1dc3eb8a43fa99e4ba642290c138dd0404,"{""code"":""rotated_surface_code"",""d"":9,""noise_model"":""SI1000"",""p"":0.0005,""rounds"":1}"
   4000000,        65,         0,    84.6,pymatching,cc0b3eac867231fae68f61decf3bc2277506b7cf6d195f735329e1646d7462c5,"{""code"":""rotated_surface_code"",""d"":7,""noise_model"":""SI1000"",""p"":0.0005,""rounds"":1}"
   2000000,        14,         0,    71.5,pymatching,c8a4b53c38ff5c0066bd97680b2bb3c2a001310ddb319c63b335db3e5fa21377,"{""code"":""rotated_surface_code"",""d"":9,""noise_model"":""SI1000"",""p"":0.0007250000000000001,""rounds"":1}"
    488849,         2,         0,    17.5,pymatching,c8a4b53c38ff5c0066bd97680b2bb3c2a001310ddb319c63b335db3e5fa21377,"{""code"":""rotated_surface_code"",""d"":9,""noise_model"":""SI1000"",""p"":0.0007250000000000001,""rounds"":1}"
   4000000,       266,         0,    97.4,pymatching,760031b1fd34e1ce1a2d190b352fc6ed5eb3e78a490ff3901b8f4a3b72f91f87,"{""code"":""rotated_surface_code"",""d"":7,""noise_model"":""SI1000"",""p"":0.0007250000000000001,""rounds"":1}"
   2000000,         2,         0,    90.6,pymatching,06805a798d5c82c33d584f0ded9b1c1dc3eb8a43fa99e4ba642290c138dd0404,"{""code"":""rotated_surface_code"",""d"":9,""noise_model"":""SI1000"",""p"":0.0005,""rounds"":1}"
   2000000,        22,         0,   105.2,pymatching,c8a4b53c38ff5c0066bd97680b2bb3c2a001310ddb319c63b335db3e5fa21377,"{""code"":""rotated_surface_code"",""d"":9,""noise_model"":""SI1000"",""p"":0.0007250000000000001,""rounds"":1}"
     95682,        22,         0,    7.51,pymatching,cf16ef0b20eff14873cc6ba41d8dbd357e33ecc71a1157b7725a4fa9833a4f9c,"{""code"":""rotated_surface_code"",""d"":9,""noise_model"":""SI1000"",""p"":0.0014000000000000002,""rounds"":1}"
     80532,        27,         0,    6.18,pymatching,cf16ef0b20eff14873cc6ba41d8dbd357e33ecc71a1157b7725a4fa9833a4f9c,"{""code"":""rotated_surface_code"",""d"":9,""noise_model"":""SI1000"",""p"":0.0014000000000000002,""rounds"":1}"
   1000000,        50,         0,    61.8,pymatching,617575a68b2efb35d043703673573cf81d151811277c31fa7201e8d0f7e119ad,"{""code"":""rotated_surface_code"",""d"":9,""noise_model"":""SI1000"",""p"":0.0009500000000000001,""rounds"":1}"
   2000000,        76,         0,   121.0,pymatching,617575a68b2efb35d043703673573cf81d151811277c31fa7201e8d0f7e119ad,"{""code"":""rotated_surface_code"",""d"":9,""noise_model"":""SI1000"",""p"":0.0009500000000000001,""rounds"":1}"
   2000000,        83,         0,   122.0,pymatching,617575a68b2efb35d043703673573cf81d151811277c31fa7201e8d0f7e119ad,"{""code"":""rotated_surface_code"",""d"":9,""noise_model"":""SI1000"",""p"":0.0009500000000000001,""rounds"":1}"
   1000000,       116,         0,    69.6,pymatching,f976918549e3c8f66e9af9e9e1b5492280381d3f22e001ad92a99b3fa8b58bcd,"{""code"":""rotated_surface_code"",""d"":9,""noise_model"":""SI1000"",""p"":0.001175,""rounds"":1}"
   2000000,       211,         0,    93.3,pymatching,f976918549e3c8f66e9af9e9e1b5492280381d3f22e001ad92a99b3fa8b58bcd,"{""code"":""rotated_surface_code"",""d"":9,""noise_model"":""SI1000"",""p"":0.001175,""rounds"":1}"
   2000000,       220,         0,    94.0,pymatching,f976918549e3c8f66e9af9e9e1b5492280381d3f22e001ad92a99b3fa8b58bcd,"{""code"":""rotated_surface_code"",""d"":9,""noise_model"":""SI1000"",""p"":0.001175,""rounds"":1}"
     27216,         0,         0,    1.51,pymatching,f976918549e3c8f66e9af9e9e1b5492280381d3f22e001ad92a99b3fa8b58bcd,"{""code"":""rotated_surface_code"",""d"":9,""noise_model"":""SI1000"",""p"":0.001175,""rounds"":1}"
    617743,       368,         0,    53.9,pymatching,321ce821fb040044e8a67db89b47d96fb5a1dd50699295b1d3d67e81971e0440,"{""code"":""rotated_surface_code"",""d"":9,""noise_model"":""SI1000"",""p"":0.0016250000000000001,""rounds"":1}"
     41111,         6,         0,    2.02,pymatching,f976918549e3c8f66e9af9e9e1b5492280381d3f22e001ad92a99b3fa8b58bcd,"{""code"":""rotated_surface_code"",""d"":9,""noise_model"":""SI1000"",""p"":0.001175,""rounds"":1}"
     24561,        11,         0,    2.37,pymatching,321ce821fb040044e8a67db89b47d96fb5a1dd50699295b1d3d67e81971e0440,"{""code"":""rotated_surface_code"",""d"":9,""noise_model"":""SI1000"",""p"":0.0016250000000000001,""rounds"":1}"
      6576,         2,         0,   0.700,pymatching,321ce821fb040044e8a67db89b47d96fb5a1dd50699295b1d3d67e81971e0440,"{""code"":""rotated_surface_code"",""d"":9,""noise_model"":""SI1000"",""p"":0.0016250000000000001,""rounds"":1}"
    426592,        56,         0,    20.1,pymatching,f976918549e3c8f66e9af9e9e1b5492280381d3f22e001ad92a99b3fa8b58bcd,"{""code"":""rotated_surface_code"",""d"":9,""noise_model"":""SI1000"",""p"":0.001175,""rounds"":1}"
    935202,        34,         0,    55.7,pymatching,617575a68b2efb35d043703673573cf81d151811277c31fa7201e8d0f7e119ad,"{""code"":""rotated_surface_code"",""d"":9,""noise_model"":""SI1000"",""p"":0.0009500000000000001,""rounds"":1}"
   3914515,         3,         0,   179.7,pymatching,06805a798d5c82c33d584f0ded9b1c1dc3eb8a43fa99e4ba642290c138dd0404,"{""code"":""rotated_surface_code"",""d"":9,""noise_model"":""SI1000"",""p"":0.0005,""rounds"":1}"
   2000000,       573,         0,   155.8,pymatching,cf16ef0b20eff14873cc6ba41d8dbd357e33ecc71a1157b7725a4fa9833a4f9c,"{""code"":""rotated_surface_code"",""d"":9,""noise_model"":""SI1000"",""p"":0.0014000000000000002,""rounds"":1}"
   3511151,        39,         0,   186.2,pymatching,c8a4b53c38ff5c0066bd97680b2bb3c2a001310ddb319c63b335db3e5fa21377,"{""code"":""rotated_surface_code"",""d"":9,""noise_model"":""SI1000"",""p"":0.0007250000000000001,""rounds"":1}"
    191379,        52,         0,    14.7,pymatching,cf16ef0b20eff14873cc6ba41d8dbd357e33ecc71a1157b7725a4fa9833a4f9c,"{""code"":""rotated_surface_code"",""d"":9,""noise_model"":""SI1000"",""p"":0.0014000000000000002,""rounds"":1}"
     16872,         1,         0,    1.45,pymatching,cf16ef0b20eff14873cc6ba41d8dbd357e33ecc71a1157b7725a4fa9833a4f9c,"{""code"":""rotated_surface_code"",""d"":9,""noise_model"":""SI1000"",""p"":0.0014000000000000002,""rounds"":1}"
     13552,         3,         0,    1.14,pymatching,cf16ef0b20eff14873cc6ba41d8dbd357e33ecc71a1157b7725a4fa9833a4f9c,"{""code"":""rotated_surface_code"",""d"":9,""noise_model"":""SI1000"",""p"":0.0014000000000000002,""rounds"":1}"
   1000000,         0,         0,    84.9,pymatching,834023e2f06ddb9b85a67d5c0a6f97015048f1c47917231bb73257dc2656025e,"{""code"":""rotated_surface_code"",""d"":11,""noise_model"":""SI1000"",""p"":0.0005,""rounds"":1}"
   2000000,         0,         0,   113.2,pymatching,834023e2f06ddb9b85a67d5c0a6f97015048f1c47917231bb73257dc2656025e,"{""code"":""rotated_surface_code"",""d"":11,""noise_model"":""SI1000"",""p"":0.0005,""rounds"":1}"
   3064798,       113,         0,   182.3,pymatching,617575a68b2efb35d043703673573cf81d151811277c31fa7201e8d0f7e119ad,"{""code"":""rotated_surface_code"",""d"":9,""noise_model"":""SI1000"",""p"":0.0009500000000000001,""rounds"":1}"
   1000000,         0,         0,    96.6,pymatching,f6f67e4f574b694802c154ee661b2993da745ed04bd20dbe60cbb813d45ddf66,"{""code"":""rotated_surface_code"",""d"":11,""noise_model"":""SI1000"",""p"":0.0007250000000000001,""rounds"":1}"
   2000000,         0,         0,   130.4,pymatching,f6f67e4f574b694802c154ee661b2993da745ed04bd20dbe60cbb813d45ddf66,"{""code"":""rotated_surface_code"",""d"":11,""noise_model"":""SI1000"",""p"":0.0007250000000000001,""rounds"":1}"
   2000000,         3,         0,   170.9,pymatching,834023e2f06ddb9b85a67d5c0a6f97015048f1c47917231bb73257dc2656025e,"{""code"":""rotated_surface_code"",""d"":11,""noise_model"":""SI1000"",""p"":0.0005,""rounds"":1}"
   2609446,       281,         0,   178.7,pymatching,f976918549e3c8f66e9af9e9e1b5492280381d3f22e001ad92a99b3fa8b58bcd,"{""code"":""rotated_surface_code"",""d"":9,""noise_model"":""SI1000"",""p"":0.001175,""rounds"":1}"
    160354,         0,         0,    16.1,pymatching,f6f67e4f574b694802c154ee661b2993da745ed04bd20dbe60cbb813d45ddf66,"{""code"":""rotated_surface_code"",""d"":11,""noise_model"":""SI1000"",""p"":0.0007250000000000001,""rounds"":1}"
   1780584,         0,         0,   100.8,pymatching,834023e2f06ddb9b85a67d5c0a6f97015048f1c47917231bb73257dc2656025e,"{""code"":""rotated_surface_code"",""d"":11,""noise_model"":""SI1000"",""p"":0.0005,""rounds"":1}"
   2000000,         1,         0,   196.3,pymatching,f6f67e4f574b694802c154ee661b2993da745ed04bd20dbe60cbb813d45ddf66,"{""code"":""rotated_surface_code"",""d"":11,""noise_model"":""SI1000"",""p"":0.0007250000000000001,""rounds"":1}"
   1000000,         4,         0,   113.4,pymatching,617748da4726813bc36e2263dc7b9cbb85bc2d6bae7f661f3b459d81f7cdc699,"{""code"":""rotated_surface_code"",""d"":11,""noise_model"":""SI1000"",""p"":0.0009500000000000001,""rounds"":1}"
   1892152,         2,         0,   123.9,pymatching,f6f67e4f574b694802c154ee661b2993da745ed04bd20dbe60cbb813d45ddf66,"{""code"":""rotated_surface_code"",""d"":11,""noise_model"":""SI1000"",""p"":0.0007250000000000001,""rounds"":1}"
   2219416,         0,         0,   189.8,pymatching,834023e2f06ddb9b85a67d5c0a6f97015048f1c47917231bb73257dc2656025e,"{""code"":""rotated_surface_code"",""d"":11,""noise_model"":""SI1000"",""p"":0.0005,""rounds"":1}"
   2000000,        16,         0,   225.4,pymatching,617748da4726813bc36e2263dc7b9cbb85bc2d6bae7f661f3b459d81f7cdc699,"{""code"":""rotated_surface_code"",""d"":11,""noise_model"":""SI1000"",""p"":0.0009500000000000001,""rounds"":1}"
   1000000,        27,         0,    88.3,pymatching,23d7c5e973c1b139c2e3130726b2c840ac4528814f079ae09558a9b837986c36,"{""code"":""rotated_surface_code"",""d"":11,""noise_model"":""SI1000"",""p"":0.001175,""rounds"":1}"
   2000000,        14,         0,   224.7,pymatching,617748da4726813bc36e2263dc7b9cbb85bc2d6bae7f661f3b459d81f7cdc699,"{""code"":""rotated_surface_code"",""d"":11,""noise_model"":""SI1000"",""p"":0.0009500000000000001,""rounds"":1}"
   1947494,         0,         0,   193.3,pymatching,f6f67e4f574b694802c154ee661b2993da745ed04bd20dbe60cbb813d45ddf66,"{""code"":""rotated_surface_code"",""d"":11,""noise_model"":""SI1000"",""p"":0.0007250000000000001,""rounds"":1}"
    678744,         7,         0,    75.5,pymatching,617748da4726813bc36e2263dc7b9cbb85bc2d6bae7f661f3b459d81f7cdc699,"{""code"":""rotated_surface_code"",""d"":11,""noise_model"":""SI1000"",""p"":0.0009500000000000001,""rounds"":1}"
    141750,         5,         0,    18.1,pymatching,23d7c5e973c1b139c2e3130726b2c840ac4528814f079ae09558a9b837986c36,"{""code"":""rotated_surface_code"",""d"":11,""noise_model"":""SI1000"",""p"":0.001175,""rounds"":1}"
   1660628,        10,         0,   125.8,pymatching,617748da4726813bc36e2263dc7b9cbb85bc2d6bae7f661f3b459d81f7cdc699,"{""code"":""rotated_surface_code"",""d"":11,""noise_model"":""SI1000"",""p"":0.0009500000000000001,""rounds"":1}"
   2000000,        49,         0,   264.3,pymatching,23d7c5e973c1b139c2e3130726b2c840ac4528814f079ae09558a9b837986c36,"{""code"":""rotated_surface_code"",""d"":11,""noise_model"":""SI1000"",""p"":0.001175,""rounds"":1}"
   1660628,        11,         0,   189.8,pymatching,617748da4726813bc36e2263dc7b9cbb85bc2d6bae7f661f3b459d81f7cdc699,"{""code"":""rotated_surface_code"",""d"":11,""noise_model"":""SI1000"",""p"":0.0009500000000000001,""rounds"":1}"
   2000000,        71,         0,   265.3,pymatching,23d7c5e973c1b139c2e3130726b2c840ac4528814f079ae09558a9b837986c36,"{""code"":""rotated_surface_code"",""d"":11,""noise_model"":""SI1000"",""p"":0.001175,""rounds"":1}"
    170108,        30,         0,    27.4,pymatching,40a6cc9286adc2bab5c53ee412527ccae48197bf9e824a24b59bc31f220a2e98,"{""code"":""rotated_surface_code"",""d"":11,""noise_model"":""SI1000"",""p"":0.0016250000000000001,""rounds"":1}"
     69263,        19,         0,    10.5,pymatching,40a6cc9286adc2bab5c53ee412527ccae48197bf9e824a24b59bc31f220a2e98,"{""code"":""rotated_surface_code"",""d"":11,""noise_model"":""SI1000"",""p"":0.0016250000000000001,""rounds"":1}"
   1929125,        41,         0,   170.6,pymatching,23d7c5e973c1b139c2e3130726b2c840ac4528814f079ae09558a9b837986c36,"{""code"":""rotated_surface_code"",""d"":11,""noise_model"":""SI1000"",""p"":0.001175,""rounds"":1}"
   1000000,        94,         0,   151.4,pymatching,f783c7ca8df77e6b5c80462ab0c9509cfa589b1b185eea42ef053d3c244427bd,"{""code"":""rotated_surface_code"",""d"":11,""noise_model"":""SI1000"",""p"":0.0014000000000000002,""rounds"":1}"
   2000000,       172,         0,   295.5,pymatching,f783c7ca8df77e6b5c80462ab0c9509cfa589b1b185eea42ef053d3c244427bd,"{""code"":""rotated_surface_code"",""d"":11,""noise_model"":""SI1000"",""p"":0.0014000000000000002,""rounds"":1}"
   1929125,        47,         0,   250.2,pymatching,23d7c5e973c1b139c2e3130726b2c840ac4528814f079ae09558a9b837986c36,"{""code"":""rotated_surface_code"",""d"":11,""noise_model"":""SI1000"",""p"":0.001175,""rounds"":1}"
   1000000,         0,         0,    93.8,pymatching,a40fd3caa72afd939ba9442676e06f73e9d2c4252060f4042f1eb3a22379c141,"{""code"":""rotated_surface_code"",""d"":13,""noise_model"":""SI1000"",""p"":0.0005,""rounds"":1}"
   2000000,       148,         0,   296.7,pymatching,f783c7ca8df77e6b5c80462ab0c9509cfa589b1b185eea42ef053d3c244427bd,"{""code"":""rotated_surface_code"",""d"":11,""noise_model"":""SI1000"",""p"":0.0014000000000000002,""rounds"":1}"
    958986,       491,         0,   181.8,pymatching,b19579fc2556e3e7ae1ba02ca07176392d766acf7bbaeb6d68ace6adc693d4d8,"{""code"":""rotated_surface_code"",""d"":11,""noise_model"":""SI1000"",""p"":0.00185,""rounds"":1}"
   2000000,       443,         0,   228.9,pymatching,40a6cc9286adc2bab5c53ee412527ccae48197bf9e824a24b59bc31f220a2e98,"{""code"":""rotated_surface_code"",""d"":11,""noise_model"":""SI1000"",""p"":0.0016250000000000001,""rounds"":1}"
    785160,        66,         0,    79.9,pymatching,f783c7ca8df77e6b5c80462ab0c9509cfa589b1b185eea42ef053d3c244427bd,"{""code"":""rotated_surface_code"",""d"":11,""noise_model"":""SI1000"",""p"":0.0014000000000000002,""rounds"":1}"
    983785,        98,         0,   144.9,pymatching,f783c7ca8df77e6b5c80462ab0c9509cfa589b1b185eea42ef053d3c244427bd,"{""code"":""rotated_surface_code"",""d"":11,""noise_model"":""SI1000"",""p"":0.0014000000000000002,""rounds"":1}"
    419546,         0,         0,    39.9,pymatching,a40fd3caa72afd939ba9442676e06f73e9d2c4252060f4042f1eb3a22379c141,"{""code"":""rotated_surface_code"",""d"":13,""noise_model"":""SI1000"",""p"":0.0005,""rounds"":1}"
   1247270,       112,         0,   181.6,pymatching,f783c7ca8df77e6b5c80462ab0c9509cfa589b1b185eea42ef053d3c244427bd,"{""code"":""rotated_surface_code"",""d"":11,""noise_model"":""SI1000"",""p"":0.0014000000000000002,""rounds"":1}"
   2000000,       441,         0,   337.9,pymatching,40a6cc9286adc2bab5c53ee412527ccae48197bf9e824a24b59bc31f220a2e98,"{""code"":""rotated_surface_code"",""d"":11,""noise_model"":""SI1000"",""p"":0.0016250000000000001,""rounds"":1}"
    983785,        94,         0,   147.8,pymatching,f783c7ca8df77e6b5c80462ab0c9509cfa589b1b185eea42ef053d3c244427bd,"{""code"":""rotated_surface_code"",""d"":11,""noise_model"":""SI1000"",""p"":0.0014000000000000002,""rounds"":1}"
   2000000,         0,         0,   285.8,pymatching,a40fd3caa72afd939ba9442676e06f73e9d2c4252060f4042f1eb3a22379c141,"{""code"":""rotated_surface_code"",""d"":13,""noise_model"":""SI1000"",""p"":0.0005,""rounds"":1}"
   2000000,         0,         0,   285.3,pymatching,a40fd3caa72afd939ba9442676e06f73e9d2c4252060f4042f1eb3a22379c141,"{""code"":""rotated_surface_code"",""d"":13,""noise_model"":""SI1000"",""p"":0.0005,""rounds"":1}"
   1000000,         1,         0,   112.0,pymatching,5cbe55dd1c58daab7313f0e1dd95003c2f1e172c6e238070e89aa2f933dc460d,"{""code"":""rotated_surface_code"",""d"":13,""noise_model"":""SI1000"",""p"":0.0007250000000000001,""rounds"":1}"
   1790227,         0,         0,   249.5,pymatching,a40fd3caa72afd939ba9442676e06f73e9d2c4252060f4042f1eb3a22379c141,"{""code"":""rotated_surface_code"",""d"":13,""noise_model"":""SI1000"",""p"":0.0005,""rounds"":1}"
   1790227,         0,         0,   249.8,pymatching,a40fd3caa72afd939ba9442676e06f73e9d2c4252060f4042f1eb3a22379c141,"{""code"":""rotated_surface_code"",""d"":13,""noise_model"":""SI1000"",""p"":0.0005,""rounds"":1}"
   2000000,         1,         0,   225.1,pymatching,5cbe55dd1c58daab7313f0e1dd95003c2f1e172c6e238070e89aa2f933dc460d,"{""code"":""rotated_surface_code"",""d"":13,""noise_model"":""SI1000"",""p"":0.0007250000000000001,""rounds"":1}"
   1000000,         0,         0,   187.9,pymatching,fb14b1f1fb32208560e72cf65d8da33a9b86a2e1059f4b7e082cf06180822fd7,"{""code"":""rotated_surface_code"",""d"":13,""noise_model"":""SI1000"",""p"":0.0009500000000000001,""rounds"":1}"
   1522579,         1,         0,   167.0,pymatching,5cbe55dd1c58daab7313f0e1dd95003c2f1e172c6e238070e89aa2f933dc460d,"{""code"":""rotated_surface_code"",""d"":13,""noise_model"":""SI1000"",""p"":0.0007250000000000001,""rounds"":1}"
   2000000,         1,         0,   329.4,pymatching,5cbe55dd1c58daab7313f0e1dd95003c2f1e172c6e238070e89aa2f933dc460d,"{""code"":""rotated_surface_code"",""d"":13,""noise_model"":""SI1000"",""p"":0.0007250000000000001,""rounds"":1}"
    954842,         0,         0,   158.7,pymatching,5cbe55dd1c58daab7313f0e1dd95003c2f1e172c6e238070e89aa2f933dc460d,"{""code"":""rotated_surface_code"",""d"":13,""noise_model"":""SI1000"",""p"":0.0007250000000000001,""rounds"":1}"
   1059244,         7,         0,   159.3,pymatching,f7e6c84985facea2e21a88d145e8e6ca42eafd6056695c134ddc0edf1965d6a6,"{""code"":""rotated_surface_code"",""d"":13,""noise_model"":""SI1000"",""p"":0.001175,""rounds"":1}"
     15476,         0,         0,    2.69,pymatching,fb14b1f1fb32208560e72cf65d8da33a9b86a2e1059f4b7e082cf06180822fd7,"{""code"":""rotated_surface_code"",""d"":13,""noise_model"":""SI1000"",""p"":0.0009500000000000001,""rounds"":1}"
   2000000,         0,         0,   383.6,pymatching,fb14b1f1fb32208560e72cf65d8da33a9b86a2e1059f4b7e082cf06180822fd7,"{""code"":""rotated_surface_code"",""d"":13,""noise_model"":""SI1000"",""p"":0.0009500000000000001,""rounds"":1}"
    996131,         4,         0,   128.3,pymatching,fb14b1f1fb32208560e72cf65d8da33a9b86a2e1059f4b7e082cf06180822fd7,"{""code"":""rotated_surface_code"",""d"":13,""noise_model"":""SI1000"",""p"":0.0009500000000000001,""rounds"":1}"
   2000000,         4,         0,   384.9,pymatching,fb14b1f1fb32208560e72cf65d8da33a9b86a2e1059f4b7e082cf06180822fd7,"{""code"":""rotated_surface_code"",""d"":13,""noise_model"":""SI1000"",""p"":0.0009500000000000001,""rounds"":1}"
    996131,         3,         0,   195.8,pymatching,fb14b1f1fb32208560e72cf65d8da33a9b86a2e1059f4b7e082cf06180822fd7,"{""code"":""rotated_surface_code"",""d"":13,""noise_model"":""SI1000"",""p"":0.0009500000000000001,""rounds"":1}"
   1522579,         0,         0,   256.5,pymatching,5cbe55dd1c58daab7313f0e1dd95003c2f1e172c6e238070e89aa2f933dc460d,"{""code"":""rotated_surface_code"",""d"":13,""noise_model"":""SI1000"",""p"":0.0007250000000000001,""rounds"":1}"
    996131,         1,         0,   191.6,pymatching,fb14b1f1fb32208560e72cf65d8da33a9b86a2e1059f4b7e082cf06180822fd7,"{""code"":""rotated_surface_code"",""d"":13,""noise_model"":""SI1000"",""p"":0.0009500000000000001,""rounds"":1}"
   1970378,        10,         0,   450.3,pymatching,f7e6c84985facea2e21a88d145e8e6ca42eafd6056695c134ddc0edf1965d6a6,"{""code"":""rotated_surface_code"",""d"":13,""noise_model"":""SI1000"",""p"":0.001175,""rounds"":1}"
   1970378,         9,         0,   453.3,pymatching,f7e6c84985facea2e21a88d145e8e6ca42eafd6056695c134ddc0edf1965d6a6,"{""code"":""rotated_surface_code"",""d"":13,""noise_model"":""SI1000"",""p"":0.001175,""rounds"":1}"
   1122345,         6,         0,   170.0,pymatching,f7e6c84985facea2e21a88d145e8e6ca42eafd6056695c134ddc0edf1965d6a6,"{""code"":""rotated_surface_code"",""d"":13,""noise_model"":""SI1000"",""p"":0.001175,""rounds"":1}"
    632965,         3,         0,   136.2,pymatching,f7e6c84985facea2e21a88d145e8e6ca42eafd6056695c134ddc0edf1965d6a6,"{""code"":""rotated_surface_code"",""d"":13,""noise_model"":""SI1000"",""p"":0.001175,""rounds"":1}"
    996131,         0,         0,   192.0,pymatching,fb14b1f1fb32208560e72cf65d8da33a9b86a2e1059f4b7e082cf06180822fd7,"{""code"":""rotated_surface_code"",""d"":13,""noise_model"":""SI1000"",""p"":0.0009500000000000001,""rounds"":1}"
   1122345,        11,         0,   168.2,pymatching,f7e6c84985facea2e21a88d145e8e6ca42eafd6056695c134ddc0edf1965d6a6,"{""code"":""rotated_surface_code"",""d"":13,""noise_model"":""SI1000"",""p"":0.001175,""rounds"":1}"
   1122345,        10,         0,   248.0,pymatching,f7e6c84985facea2e21a88d145e8e6ca42eafd6056695c134ddc0edf1965d6a6,"{""code"":""rotated_surface_code"",""d"":13,""noise_model"":""SI1000"",""p"":0.001175,""rounds"":1}"
    520217,        43,         0,   154.0,pymatching,a507b77a1b258f6fbf55cd9d11737c058fd1879002e8a403e2971c081f88a908,"{""code"":""rotated_surface_code"",""d"":13,""noise_model"":""SI1000"",""p"":0.0016250000000000001,""rounds"":1}"
   1493261,       104,         0,   296.8,pymatching,a507b77a1b258f6fbf55cd9d11737c058fd1879002e8a403e2971c081f88a908,"{""code"":""rotated_surface_code"",""d"":13,""noise_model"":""SI1000"",""p"":0.0016250000000000001,""rounds"":1}"
   1713453,        42,         0,   436.4,pymatching,5739312c4d1bfbbb980d4ebca94ede8f308145e00fc0858ed58ff3d6dab2e5d6,"{""code"":""rotated_surface_code"",""d"":13,""noise_model"":""SI1000"",""p"":0.0014000000000000002,""rounds"":1}"
   1321993,       255,         0,   295.1,pymatching,719ed6f1ad2240634537f97ecb6da3eb5c850740638b7bcbdbfcf635cd0756b3,"{""code"":""rotated_surface_code"",""d"":13,""noise_model"":""SI1000"",""p"":0.00185,""rounds"":1}"
   1713453,        47,         0,   437.4,pymatching,5739312c4d1bfbbb980d4ebca94ede8f308145e00fc0858ed58ff3d6dab2e5d6,"{""code"":""rotated_surface_code"",""d"":13,""noise_model"":""SI1000"",""p"":0.0014000000000000002,""rounds"":1}"
   1573094,        54,         0,   407.0,pymatching,5739312c4d1bfbbb980d4ebca94ede8f308145e00fc0858ed58ff3d6dab2e5d6,"{""code"":""rotated_surface_code"",""d"":13,""noise_model"":""SI1000"",""p"":0.0014000000000000002,""rounds"":1}"
    778510,        66,         0,   227.3,pymatching,a507b77a1b258f6fbf55cd9d11737c058fd1879002e8a403e2971c081f88a908,"{""code"":""rotated_surface_code"",""d"":13,""noise_model"":""SI1000"",""p"":0.0016250000000000001,""rounds"":1}"
    680822,        54,         0,   135.8,pymatching,a507b77a1b258f6fbf55cd9d11737c058fd1879002e8a403e2971c081f88a908,"{""code"":""rotated_surface_code"",""d"":13,""noise_model"":""SI1000"",""p"":0.0016250000000000001,""rounds"":1}"
    642949,        16,         0,   111.1,pymatching,5739312c4d1bfbbb980d4ebca94ede8f308145e00fc0858ed58ff3d6dab2e5d6,"{""code"":""rotated_surface_code"",""d"":13,""noise_model"":""SI1000"",""p"":0.0014000000000000002,""rounds"":1}"
   1493261,       105,         0,   449.0,pymatching,a507b77a1b258f6fbf55cd9d11737c058fd1879002e8a403e2971c081f88a908,"{""code"":""rotated_surface_code"",""d"":13,""noise_model"":""SI1000"",""p"":0.0016250000000000001,""rounds"":1}"
      6932,         0,         0,    2.43,pymatching,5739312c4d1bfbbb980d4ebca94ede8f308145e00fc0858ed58ff3d6dab2e5d6,"{""code"":""rotated_surface_code"",""d"":13,""noise_model"":""SI1000"",""p"":0.0014000000000000002,""rounds"":1}"
   1493261,       123,         0,   450.2,pymatching,a507b77a1b258f6fbf55cd9d11737c058fd1879002e8a403e2971c081f88a908,"{""code"":""rotated_surface_code"",""d"":13,""noise_model"":""SI1000"",""p"":0.0016250000000000001,""rounds"":1}"
   1321993,       257,         0,   439.4,pymatching,719ed6f1ad2240634537f97ecb6da3eb5c850740638b7bcbdbfcf635cd0756b3,"{""code"":""rotated_surface_code"",""d"":13,""noise_model"":""SI1000"",""p"":0.00185,""rounds"":1}"
    562832,        15,         0,   148.8,pymatching,5739312c4d1bfbbb980d4ebca94ede8f308145e00fc0858ed58ff3d6dab2e5d6,"{""code"":""rotated_surface_code"",""d"":13,""noise_model"":""SI1000"",""p"":0.0014000000000000002,""rounds"":1}"
    642949,        12,         0,   164.5,pymatching,5739312c4d1bfbbb980d4ebca94ede8f308145e00fc0858ed58ff3d6dab2e5d6,"{""code"":""rotated_surface_code"",""d"":13,""noise_model"":""SI1000"",""p"":0.0014000000000000002,""rounds"":1}"
    533018,        12,         0,   135.5,pymatching,5739312c4d1bfbbb980d4ebca94ede8f308145e00fc0858ed58ff3d6dab2e5d6,"{""code"":""rotated_surface_code"",""d"":13,""noise_model"":""SI1000"",""p"":0.0014000000000000002,""rounds"":1}"
     11197,         1,         0,    3.80,pymatching,a507b77a1b258f6fbf55cd9d11737c058fd1879002e8a403e2971c081f88a908,"{""code"":""rotated_surface_code"",""d"":13,""noise_model"":""SI1000"",""p"":0.0016250000000000001,""rounds"":1}"
    533018,        13,         0,    94.6,pymatching,5739312c4d1bfbbb980d4ebca94ede8f308145e00fc0858ed58ff3d6dab2e5d6,"{""code"":""rotated_surface_code"",""d"":13,""noise_model"":""SI1000"",""p"":0.0014000000000000002,""rounds"":1}"
    533018,        24,         0,   135.9,pymatching,5739312c4d1bfbbb980d4ebca94ede8f308145e00fc0858ed58ff3d6dab2e5d6,"{""code"":""rotated_surface_code"",""d"":13,""noise_model"":""SI1000"",""p"":0.0014000000000000002,""rounds"":1}"
    545284,        17,         0,    96.5,pymatching,5739312c4d1bfbbb980d4ebca94ede8f308145e00fc0858ed58ff3d6dab2e5d6,"{""code"":""rotated_surface_code"",""d"":13,""noise_model"":""SI1000"",""p"":0.0014000000000000002,""rounds"":1}"
     51363,        58,         0,    22.3,pymatching,f29b0a9c648b3e6617e61499191be4963d22fc03df57fada1ade8588ca192ea7,"{""code"":""rotated_surface_code"",""d"":13,""noise_model"":""SI1000"",""p"":0.0023,""rounds"":1}"
   1321993,       287,         0,   440.9,pymatching,719ed6f1ad2240634537f97ecb6da3eb5c850740638b7bcbdbfcf635cd0756b3,"{""code"":""rotated_surface_code"",""d"":13,""noise_model"":""SI1000"",""p"":0.00185,""rounds"":1}"
       100,         0,         0,   0.559,pymatching,c23624782c287c2f041a610a74854c8442b27ab10b6a2e4731318e1e4d0ea7aa,"{""code"":""rotated_surface_code"",""d"":15,""noise_model"":""SI1000"",""p"":0.0005,""rounds"":1}"
       200,         0,         0,   0.456,pymatching,c23624782c287c2f041a610a74854c8442b27ab10b6a2e4731318e1e4d0ea7aa,"{""code"":""rotated_surface_code"",""d"":15,""noise_model"":""SI1000"",""p"":0.0005,""rounds"":1}"
       200,         0,         0,   0.558,pymatching,c23624782c287c2f041a610a74854c8442b27ab10b6a2e4731318e1e4d0ea7aa,"{""code"":""rotated_surface_code"",""d"":15,""noise_model"":""SI1000"",""p"":0.0005,""rounds"":1}"
       100,         0,         0,   0.734,pymatching,c23624782c287c2f041a610a74854c8442b27ab10b6a2e4731318e1e4d0ea7aa,"{""code"":""rotated_surface_code"",""d"":15,""noise_model"":""SI1000"",""p"":0.0005,""rounds"":1}"
       600,         0,         0,   0.418,pymatching,c23624782c287c2f041a610a74854c8442b27ab10b6a2e4731318e1e4d0ea7aa,"{""code"":""rotated_surface_code"",""d"":15,""noise_model"":""SI1000"",""p"":0.0005,""rounds"":1}"
      1000,         0,         0,   0.743,pymatching,c23624782c287c2f041a610a74854c8442b27ab10b6a2e4731318e1e4d0ea7aa,"{""code"":""rotated_surface_code"",""d"":15,""noise_model"":""SI1000"",""p"":0.0005,""rounds"":1}"
      1200,         0,         0,   0.762,pymatching,c23624782c287c2f041a610a74854c8442b27ab10b6a2e4731318e1e4d0ea7aa,"{""code"":""rotated_surface_code"",""d"":15,""noise_model"":""SI1000"",""p"":0.0005,""rounds"":1}"
      2400,         0,         0,   0.762,pymatching,c23624782c287c2f041a610a74854c8442b27ab10b6a2e4731318e1e4d0ea7aa,"{""code"":""rotated_surface_code"",""d"":15,""noise_model"":""SI1000"",""p"":0.0005,""rounds"":1}"
      4400,         0,         0,    1.50,pymatching,c23624782c287c2f041a610a74854c8442b27ab10b6a2e4731318e1e4d0ea7aa,"{""code"":""rotated_surface_code"",""d"":15,""noise_model"":""SI1000"",""p"":0.0005,""rounds"":1}"
      6800,         0,         0,    2.06,pymatching,c23624782c287c2f041a610a74854c8442b27ab10b6a2e4731318e1e4d0ea7aa,"{""code"":""rotated_surface_code"",""d"":15,""noise_model"":""SI1000"",""p"":0.0005,""rounds"":1}"
     11600,         0,         0,    2.17,pymatching,c23624782c287c2f041a610a74854c8442b27ab10b6a2e4731318e1e4d0ea7aa,"{""code"":""rotated_surface_code"",""d"":15,""noise_model"":""SI1000"",""p"":0.0005,""rounds"":1}"
     20400,         0,         0,    5.13,pymatching,c23624782c287c2f041a610a74854c8442b27ab10b6a2e4731318e1e4d0ea7aa,"{""code"":""rotated_surface_code"",""d"":15,""noise_model"":""SI1000"",""p"":0.0005,""rounds"":1}"
     34000,         0,         0,    8.29,pymatching,c23624782c287c2f041a610a74854c8442b27ab10b6a2e4731318e1e4d0ea7aa,"{""code"":""rotated_surface_code"",""d"":15,""noise_model"":""SI1000"",""p"":0.0005,""rounds"":1}"
     57200,         0,         0,    9.17,pymatching,c23624782c287c2f041a610a74854c8442b27ab10b6a2e4731318e1e4d0ea7aa,"{""code"":""rotated_surface_code"",""d"":15,""noise_model"":""SI1000"",""p"":0.0005,""rounds"":1}"
     98000,         0,         0,    22.6,pymatching,c23624782c287c2f041a610a74854c8442b27ab10b6a2e4731318e1e4d0ea7aa,"{""code"":""rotated_surface_code"",""d"":15,""noise_model"":""SI1000"",""p"":0.0005,""rounds"":1}"
    499121,        43,         0,   151.4,pymatching,a507b77a1b258f6fbf55cd9d11737c058fd1879002e8a403e2971c081f88a908,"{""code"":""rotated_surface_code"",""d"":13,""noise_model"":""SI1000"",""p"":0.0016250000000000001,""rounds"":1}"
    499121,        33,         0,   147.2,pymatching,a507b77a1b258f6fbf55cd9d11737c058fd1879002e8a403e2971c081f88a908,"{""code"":""rotated_surface_code"",""d"":13,""noise_model"":""SI1000"",""p"":0.0016250000000000001,""rounds"":1}"
       100,         0,         0,   0.638,pymatching,ce18ec1fb3a3dcc631033a6181dd3419477341970c0689215cf0e8b6cbc01b7a,"{""code"":""rotated_surface_code"",""d"":15,""noise_model"":""SI1000"",""p"":0.0007250000000000001,""rounds"":1}"
       200,         0,         0,   0.579,pymatching,ce18ec1fb3a3dcc631033a6181dd3419477341970c0689215cf0e8b6cbc01b7a,"{""code"":""rotated_surface_code"",""d"":15,""noise_model"":""SI1000"",""p"":0.0007250000000000001,""rounds"":1}"
       600,         0,         0,   0.644,pymatching,ce18ec1fb3a3dcc631033a6181dd3419477341970c0689215cf0e8b6cbc01b7a,"{""code"":""rotated_surface_code"",""d"":15,""noise_model"":""SI1000"",""p"":0.0007250000000000001,""rounds"":1}"
      1800,         0,         0,   0.986,pymatching,ce18ec1fb3a3dcc631033a6181dd3419477341970c0689215cf0e8b6cbc01b7a,"{""code"":""rotated_surface_code"",""d"":15,""noise_model"":""SI1000"",""p"":0.0007250000000000001,""rounds"":1}"
      5400,         0,         0,    2.02,pymatching,ce18ec1fb3a3dcc631033a6181dd3419477341970c0689215cf0e8b6cbc01b7a,"{""code"":""rotated_surface_code"",""d"":15,""noise_model"":""SI1000"",""p"":0.0007250000000000001,""rounds"":1}"
    532987,        38,         0,   160.7,pymatching,a507b77a1b258f6fbf55cd9d11737c058fd1879002e8a403e2971c081f88a908,"{""code"":""rotated_surface_code"",""d"":13,""noise_model"":""SI1000"",""p"":0.0016250000000000001,""rounds"":1}"
    166000,         0,         0,    38.7,pymatching,c23624782c287c2f041a610a74854c8442b27ab10b6a2e4731318e1e4d0ea7aa,"{""code"":""rotated_surface_code"",""d"":15,""noise_model"":""SI1000"",""p"":0.0005,""rounds"":1}"
     16200,         0,         0,    4.92,pymatching,ce18ec1fb3a3dcc631033a6181dd3419477341970c0689215cf0e8b6cbc01b7a,"{""code"":""rotated_surface_code"",""d"":15,""noise_model"":""SI1000"",""p"":0.0007250000000000001,""rounds"":1}"
     16200,         0,         0,    4.80,pymatching,ce18ec1fb3a3dcc631033a6181dd3419477341970c0689215cf0e8b6cbc01b7a,"{""code"":""rotated_surface_code"",""d"":15,""noise_model"":""SI1000"",""p"":0.0007250000000000001,""rounds"":1}"
    280400,         0,         0,    42.5,pymatching,c23624782c287c2f041a610a74854c8442b27ab10b6a2e4731318e1e4d0ea7aa,"{""code"":""rotated_surface_code"",""d"":15,""noise_model"":""SI1000"",""p"":0.0005,""rounds"":1}"
    292897,        55,         0,    98.5,pymatching,719ed6f1ad2240634537f97ecb6da3eb5c850740638b7bcbdbfcf635cd0756b3,"{""code"":""rotated_surface_code"",""d"":13,""noise_model"":""SI1000"",""p"":0.00185,""rounds"":1}"
    499121,        46,         0,   145.6,pymatching,a507b77a1b258f6fbf55cd9d11737c058fd1879002e8a403e2971c081f88a908,"{""code"":""rotated_surface_code"",""d"":13,""noise_model"":""SI1000"",""p"":0.0016250000000000001,""rounds"":1}"
    499121,        39,         0,   142.9,pymatching,a507b77a1b258f6fbf55cd9d11737c058fd1879002e8a403e2971c081f88a908,"{""code"":""rotated_surface_code"",""d"":13,""noise_model"":""SI1000"",""p"":0.0016250000000000001,""rounds"":1}"
     81000,         0,         0,    21.5,pymatching,ce18ec1fb3a3dcc631033a6181dd3419477341970c0689215cf0e8b6cbc01b7a,"{""code"":""rotated_surface_code"",""d"":15,""noise_model"":""SI1000"",""p"":0.0007250000000000001,""rounds"":1}"
     81000,         0,         0,    21.2,pymatching,ce18ec1fb3a3dcc631033a6181dd3419477341970c0689215cf0e8b6cbc01b7a,"{""code"":""rotated_surface_code"",""d"":15,""noise_model"":""SI1000"",""p"":0.0007250000000000001,""rounds"":1}"
    268200,         0,         0,    59.9,pymatching,c23624782c287c2f041a610a74854c8442b27ab10b6a2e4731318e1e4d0ea7aa,"{""code"":""rotated_surface_code"",""d"":15,""noise_model"":""SI1000"",""p"":0.0005,""rounds"":1}"
    476400,         0,         0,   104.2,pymatching,c23624782c287c2f041a610a74854c8442b27ab10b6a2e4731318e1e4d0ea7aa,"{""code"":""rotated_surface_code"",""d"":15,""noise_model"":""SI1000"",""p"":0.0005,""rounds"":1}"
    243000,         0,         0,    62.9,pymatching,ce18ec1fb3a3dcc631033a6181dd3419477341970c0689215cf0e8b6cbc01b7a,"{""code"":""rotated_surface_code"",""d"":15,""noise_model"":""SI1000"",""p"":0.0007250000000000001,""rounds"":1}"
    599575,         0,         0,    89.7,pymatching,c23624782c287c2f041a610a74854c8442b27ab10b6a2e4731318e1e4d0ea7aa,"{""code"":""rotated_surface_code"",""d"":15,""noise_model"":""SI1000"",""p"":0.0005,""rounds"":1}"
    483076,         0,         0,   107.2,pymatching,c23624782c287c2f041a610a74854c8442b27ab10b6a2e4731318e1e4d0ea7aa,"{""code"":""rotated_surface_code"",""d"":15,""noise_model"":""SI1000"",""p"":0.0005,""rounds"":1}"
    512924,         0,         0,   115.9,pymatching,c23624782c287c2f041a610a74854c8442b27ab10b6a2e4731318e1e4d0ea7aa,"{""code"":""rotated_surface_code"",""d"":15,""noise_model"":""SI1000"",""p"":0.0005,""rounds"":1}"
    483250,         0,         0,   108.6,pymatching,c23624782c287c2f041a610a74854c8442b27ab10b6a2e4731318e1e4d0ea7aa,"{""code"":""rotated_surface_code"",""d"":15,""noise_model"":""SI1000"",""p"":0.0005,""rounds"":1}"
    599575,         0,         0,   132.4,pymatching,c23624782c287c2f041a610a74854c8442b27ab10b6a2e4731318e1e4d0ea7aa,"{""code"":""rotated_surface_code"",""d"":15,""noise_model"":""SI1000"",""p"":0.0005,""rounds"":1}"
    405000,         0,         0,   103.5,pymatching,ce18ec1fb3a3dcc631033a6181dd3419477341970c0689215cf0e8b6cbc01b7a,"{""code"":""rotated_surface_code"",""d"":15,""noise_model"":""SI1000"",""p"":0.0007250000000000001,""rounds"":1}"
    580766,         0,         0,   128.4,pymatching,c23624782c287c2f041a610a74854c8442b27ab10b6a2e4731318e1e4d0ea7aa,"{""code"":""rotated_surface_code"",""d"":15,""noise_model"":""SI1000"",""p"":0.0005,""rounds"":1}"
    622916,         0,         0,    92.2,pymatching,c23624782c287c2f041a610a74854c8442b27ab10b6a2e4731318e1e4d0ea7aa,"{""code"":""rotated_surface_code"",""d"":15,""noise_model"":""SI1000"",""p"":0.0005,""rounds"":1}"
     45107,         0,         0,    7.19,pymatching,c23624782c287c2f041a610a74854c8442b27ab10b6a2e4731318e1e4d0ea7aa,"{""code"":""rotated_surface_code"",""d"":15,""noise_model"":""SI1000"",""p"":0.0005,""rounds"":1}"
    569560,         0,         0,   124.0,pymatching,c23624782c287c2f041a610a74854c8442b27ab10b6a2e4731318e1e4d0ea7aa,"{""code"":""rotated_surface_code"",""d"":15,""noise_model"":""SI1000"",""p"":0.0005,""rounds"":1}"
    569560,         0,         0,   125.6,pymatching,c23624782c287c2f041a610a74854c8442b27ab10b6a2e4731318e1e4d0ea7aa,"{""code"":""rotated_surface_code"",""d"":15,""noise_model"":""SI1000"",""p"":0.0005,""rounds"":1}"
   1147753,       549,         0,   301.4,pymatching,195286951d53e23fe9cb2147ff6c537532374b93ebba1f7ea441bc06ff5ae915,"{""code"":""rotated_surface_code"",""d"":13,""noise_model"":""SI1000"",""p"":0.0020750000000000005,""rounds"":1}"
    605246,         0,         0,   133.3,pymatching,c23624782c287c2f041a610a74854c8442b27ab10b6a2e4731318e1e4d0ea7aa,"{""code"":""rotated_surface_code"",""d"":15,""noise_model"":""SI1000"",""p"":0.0005,""rounds"":1}"
    591222,         0,         0,   133.4,pymatching,c23624782c287c2f041a610a74854c8442b27ab10b6a2e4731318e1e4d0ea7aa,"{""code"":""rotated_surface_code"",""d"":15,""noise_model"":""SI1000"",""p"":0.0005,""rounds"":1}"
    582641,         0,         0,   130.6,pymatching,c23624782c287c2f041a610a74854c8442b27ab10b6a2e4731318e1e4d0ea7aa,"{""code"":""rotated_surface_code"",""d"":15,""noise_model"":""SI1000"",""p"":0.0005,""rounds"":1}"
    576595,         0,         0,   127.5,pymatching,c23624782c287c2f041a610a74854c8442b27ab10b6a2e4731318e1e4d0ea7aa,"{""code"":""rotated_surface_code"",""d"":15,""noise_model"":""SI1000"",""p"":0.0005,""rounds"":1}"
    576595,         0,         0,   125.9,pymatching,c23624782c287c2f041a610a74854c8442b27ab10b6a2e4731318e1e4d0ea7aa,"{""code"":""rotated_surface_code"",""d"":15,""noise_model"":""SI1000"",""p"":0.0005,""rounds"":1}"
    456314,         0,         0,    81.3,pymatching,ce18ec1fb3a3dcc631033a6181dd3419477341970c0689215cf0e8b6cbc01b7a,"{""code"":""rotated_surface_code"",""d"":15,""noise_model"":""SI1000"",""p"":0.0007250000000000001,""rounds"":1}"
    456314,         0,         0,    80.7,pymatching,ce18ec1fb3a3dcc631033a6181dd3419477341970c0689215cf0e8b6cbc01b7a,"{""code"":""rotated_surface_code"",""d"":15,""noise_model"":""SI1000"",""p"":0.0007250000000000001,""rounds"":1}"
    572192,         0,         0,   129.8,pymatching,c23624782c287c2f041a610a74854c8442b27ab10b6a2e4731318e1e4d0ea7aa,"{""code"":""rotated_surface_code"",""d"":15,""noise_model"":""SI1000"",""p"":0.0005,""rounds"":1}"
    456314,         0,         0,   117.0,pymatching,ce18ec1fb3a3dcc631033a6181dd3419477341970c0689215cf0e8b6cbc01b7a,"{""code"":""rotated_surface_code"",""d"":15,""noise_model"":""SI1000"",""p"":0.0007250000000000001,""rounds"":1}"
    456314,         0,         0,   120.3,pymatching,ce18ec1fb3a3dcc631033a6181dd3419477341970c0689215cf0e8b6cbc01b7a,"{""code"":""rotated_surface_code"",""d"":15,""noise_model"":""SI1000"",""p"":0.0007250000000000001,""rounds"":1}"
    456314,         0,         0,   120.0,pymatching,ce18ec1fb3a3dcc631033a6181dd3419477341970c0689215cf0e8b6cbc01b7a,"{""code"":""rotated_surface_code"",""d"":15,""noise_model"":""SI1000"",""p"":0.0007250000000000001,""rounds"":1}"
    514237,         0,         0,    91.5,pymatching,ce18ec1fb3a3dcc631033a6181dd3419477341970c0689215cf0e8b6cbc01b7a,"{""code"":""rotated_surface_code"",""d"":15,""noise_model"":""SI1000"",""p"":0.0007250000000000001,""rounds"":1}"
    456314,         0,         0,   122.1,pymatching,ce18ec1fb3a3dcc631033a6181dd3419477341970c0689215cf0e8b6cbc01b7a,"{""code"":""rotated_surface_code"",""d"":15,""noise_model"":""SI1000"",""p"":0.0007250000000000001,""rounds"":1}"
    456314,         0,         0,   121.9,pymatching,ce18ec1fb3a3dcc631033a6181dd3419477341970c0689215cf0e8b6cbc01b7a,"{""code"":""rotated_surface_code"",""d"":15,""noise_model"":""SI1000"",""p"":0.0007250000000000001,""rounds"":1}"
    456314,         0,         0,   117.6,pymatching,ce18ec1fb3a3dcc631033a6181dd3419477341970c0689215cf0e8b6cbc01b7a,"{""code"":""rotated_surface_code"",""d"":15,""noise_model"":""SI1000"",""p"":0.0007250000000000001,""rounds"":1}"
    456314,         0,         0,   119.8,pymatching,ce18ec1fb3a3dcc631033a6181dd3419477341970c0689215cf0e8b6cbc01b7a,"{""code"":""rotated_surface_code"",""d"":15,""noise_model"":""SI1000"",""p"":0.0007250000000000001,""rounds"":1}"
       100,         0,         0,   0.651,pymatching,48b9d4c25dbc3d3c29b6667e7a0f0d5c2b421bfef71d5347f0573977a3a43032,"{""code"":""rotated_surface_code"",""d"":15,""noise_model"":""SI1000"",""p"":0.0009500000000000001,""rounds"":1}"
       200,         0,         0,   0.571,pymatching,48b9d4c25dbc3d3c29b6667e7a0f0d5c2b421bfef71d5347f0573977a3a43032,"{""code"":""rotated_surface_code"",""d"":15,""noise_model"":""SI1000"",""p"":0.0009500000000000001,""rounds"":1}"
       600,         0,         0,   0.645,pymatching,48b9d4c25dbc3d3c29b6667e7a0f0d5c2b421bfef71d5347f0573977a3a43032,"{""code"":""rotated_surface_code"",""d"":15,""noise_model"":""SI1000"",""p"":0.0009500000000000001,""rounds"":1}"
      1800,         0,         0,    1.03,pymatching,48b9d4c25dbc3d3c29b6667e7a0f0d5c2b421bfef71d5347f0573977a3a43032,"{""code"":""rotated_surface_code"",""d"":15,""noise_model"":""SI1000"",""p"":0.0009500000000000001,""rounds"":1}"
      5400,         0,         0,    2.14,pymatching,48b9d4c25dbc3d3c29b6667e7a0f0d5c2b421bfef71d5347f0573977a3a43032,"{""code"":""rotated_surface_code"",""d"":15,""noise_model"":""SI1000"",""p"":0.0009500000000000001,""rounds"":1}"
     16200,         0,         0,    5.36,pymatching,48b9d4c25dbc3d3c29b6667e7a0f0d5c2b421bfef71d5347f0573977a3a43032,"{""code"":""rotated_surface_code"",""d"":15,""noise_model"":""SI1000"",""p"":0.0009500000000000001,""rounds"":1}"
    548681,         0,         0,    99.2,pymatching,ce18ec1fb3a3dcc631033a6181dd3419477341970c0689215cf0e8b6cbc01b7a,"{""code"":""rotated_surface_code"",""d"":15,""noise_model"":""SI1000"",""p"":0.0007250000000000001,""rounds"":1}"
     48600,         0,         0,    10.6,pymatching,48b9d4c25dbc3d3c29b6667e7a0f0d5c2b421bfef71d5347f0573977a3a43032,"{""code"":""rotated_surface_code"",""d"":15,""noise_model"":""SI1000"",""p"":0.0009500000000000001,""rounds"":1}"
     48600,         0,         0,    15.0,pymatching,48b9d4c25dbc3d3c29b6667e7a0f0d5c2b421bfef71d5347f0573977a3a43032,"{""code"":""rotated_surface_code"",""d"":15,""noise_model"":""SI1000"",""p"":0.0009500000000000001,""rounds"":1}"
    145800,         0,         0,    31.0,pymatching,48b9d4c25dbc3d3c29b6667e7a0f0d5c2b421bfef71d5347f0573977a3a43032,"{""code"":""rotated_surface_code"",""d"":15,""noise_model"":""SI1000"",""p"":0.0009500000000000001,""rounds"":1}"
    548681,         0,         0,   147.2,pymatching,ce18ec1fb3a3dcc631033a6181dd3419477341970c0689215cf0e8b6cbc01b7a,"{""code"":""rotated_surface_code"",""d"":15,""noise_model"":""SI1000"",""p"":0.0007250000000000001,""rounds"":1}"
    524370,         0,         0,    94.6,pymatching,ce18ec1fb3a3dcc631033a6181dd3419477341970c0689215cf0e8b6cbc01b7a,"{""code"":""rotated_surface_code"",""d"":15,""noise_model"":""SI1000"",""p"":0.0007250000000000001,""rounds"":1}"
    529857,         0,         0,   139.1,pymatching,ce18ec1fb3a3dcc631033a6181dd3419477341970c0689215cf0e8b6cbc01b7a,"{""code"":""rotated_surface_code"",""d"":15,""noise_model"":""SI1000"",""p"":0.0007250000000000001,""rounds"":1}"
       100,         0,         0,   0.693,pymatching,b155bcb349744b2a8b679077e6ffea2c4bbe9933535a0b6e3591c8c300a280d3,"{""code"":""rotated_surface_code"",""d"":15,""noise_model"":""SI1000"",""p"":0.001175,""rounds"":1}"
       200,         0,         0,   0.606,pymatching,b155bcb349744b2a8b679077e6ffea2c4bbe9933535a0b6e3591c8c300a280d3,"{""code"":""rotated_surface_code"",""d"":15,""noise_model"":""SI1000"",""p"":0.001175,""rounds"":1}"
       600,         0,         0,   0.694,pymatching,b155bcb349744b2a8b679077e6ffea2c4bbe9933535a0b6e3591c8c300a280d3,"{""code"":""rotated_surface_code"",""d"":15,""noise_model"":""SI1000"",""p"":0.001175,""rounds"":1}"
      1800,         0,         0,    1.19,pymatching,b155bcb349744b2a8b679077e6ffea2c4bbe9933535a0b6e3591c8c300a280d3,"{""code"":""rotated_surface_code"",""d"":15,""noise_model"":""SI1000"",""p"":0.001175,""rounds"":1}"
    515474,         0,         0,   138.5,pymatching,ce18ec1fb3a3dcc631033a6181dd3419477341970c0689215cf0e8b6cbc01b7a,"{""code"":""rotated_surface_code"",""d"":15,""noise_model"":""SI1000"",""p"":0.0007250000000000001,""rounds"":1}"
      5400,         0,         0,    2.53,pymatching,b155bcb349744b2a8b679077e6ffea2c4bbe9933535a0b6e3591c8c300a280d3,"{""code"":""rotated_surface_code"",""d"":15,""noise_model"":""SI1000"",""p"":0.001175,""rounds"":1}"
      5400,         0,         0,    2.57,pymatching,b155bcb349744b2a8b679077e6ffea2c4bbe9933535a0b6e3591c8c300a280d3,"{""code"":""rotated_surface_code"",""d"":15,""noise_model"":""SI1000"",""p"":0.001175,""rounds"":1}"
    333557,         0,         0,    89.8,pymatching,ce18ec1fb3a3dcc631033a6181dd3419477341970c0689215cf0e8b6cbc01b7a,"{""code"":""rotated_surface_code"",""d"":15,""noise_model"":""SI1000"",""p"":0.0007250000000000001,""rounds"":1}"
     16200,         0,         0,    6.46,pymatching,b155bcb349744b2a8b679077e6ffea2c4bbe9933535a0b6e3591c8c300a280d3,"{""code"":""rotated_surface_code"",""d"":15,""noise_model"":""SI1000"",""p"":0.001175,""rounds"":1}"
     27000,         0,         0,    9.93,pymatching,b155bcb349744b2a8b679077e6ffea2c4bbe9933535a0b6e3591c8c300a280d3,"{""code"":""rotated_surface_code"",""d"":15,""noise_model"":""SI1000"",""p"":0.001175,""rounds"":1}"
     24300,         0,         0,    9.05,pymatching,b155bcb349744b2a8b679077e6ffea2c4bbe9933535a0b6e3591c8c300a280d3,"{""code"":""rotated_surface_code"",""d"":15,""noise_model"":""SI1000"",""p"":0.001175,""rounds"":1}"
    136916,         0,         0,    30.1,pymatching,48b9d4c25dbc3d3c29b6667e7a0f0d5c2b421bfef71d5347f0573977a3a43032,"{""code"":""rotated_surface_code"",""d"":15,""noise_model"":""SI1000"",""p"":0.0009500000000000001,""rounds"":1}"
    243000,         0,         0,    77.4,pymatching,48b9d4c25dbc3d3c29b6667e7a0f0d5c2b421bfef71d5347f0573977a3a43032,"{""code"":""rotated_surface_code"",""d"":15,""noise_model"":""SI1000"",""p"":0.0009500000000000001,""rounds"":1}"
    505890,         0,         0,   135.2,pymatching,ce18ec1fb3a3dcc631033a6181dd3419477341970c0689215cf0e8b6cbc01b7a,"{""code"":""rotated_surface_code"",""d"":15,""noise_model"":""SI1000"",""p"":0.0007250000000000001,""rounds"":1}"
     59400,         0,         0,    21.0,pymatching,b155bcb349744b2a8b679077e6ffea2c4bbe9933535a0b6e3591c8c300a280d3,"{""code"":""rotated_surface_code"",""d"":15,""noise_model"":""SI1000"",""p"":0.001175,""rounds"":1}"
    514666,         0,         0,   139.6,pymatching,ce18ec1fb3a3dcc631033a6181dd3419477341970c0689215cf0e8b6cbc01b7a,"{""code"":""rotated_surface_code"",""d"":15,""noise_model"":""SI1000"",""p"":0.0007250000000000001,""rounds"":1}"
    507261,         0,         0,   137.2,pymatching,ce18ec1fb3a3dcc631033a6181dd3419477341970c0689215cf0e8b6cbc01b7a,"{""code"":""rotated_surface_code"",""d"":15,""noise_model"":""SI1000"",""p"":0.0007250000000000001,""rounds"":1}"
      1010,         0,         0,   0.903,pymatching,48b9d4c25dbc3d3c29b6667e7a0f0d5c2b421bfef71d5347f0573977a3a43032,"{""code"":""rotated_surface_code"",""d"":15,""noise_model"":""SI1000"",""p"":0.0009500000000000001,""rounds"":1}"
      6060,         0,         0,    2.26,pymatching,48b9d4c25dbc3d3c29b6667e7a0f0d5c2b421bfef71d5347f0573977a3a43032,"{""code"":""rotated_surface_code"",""d"":15,""noise_model"":""SI1000"",""p"":0.0009500000000000001,""rounds"":1}"
    113400,         0,         0,    40.1,pymatching,b155bcb349744b2a8b679077e6ffea2c4bbe9933535a0b6e3591c8c300a280d3,"{""code"":""rotated_surface_code"",""d"":15,""noise_model"":""SI1000"",""p"":0.001175,""rounds"":1}"
     36360,         0,         0,    11.2,pymatching,48b9d4c25dbc3d3c29b6667e7a0f0d5c2b421bfef71d5347f0573977a3a43032,"{""code"":""rotated_surface_code"",""d"":15,""noise_model"":""SI1000"",""p"":0.0009500000000000001,""rounds"":1}"
    162000,         0,         0,    55.5,pymatching,b155bcb349744b2a8b679077e6ffea2c4bbe9933535a0b6e3591c8c300a280d3,"{""code"":""rotated_surface_code"",""d"":15,""noise_model"":""SI1000"",""p"":0.001175,""rounds"":1}"
    478292,         0,         0,   103.1,pymatching,48b9d4c25dbc3d3c29b6667e7a0f0d5c2b421bfef71d5347f0573977a3a43032,"{""code"":""rotated_surface_code"",""d"":15,""noise_model"":""SI1000"",""p"":0.0009500000000000001,""rounds"":1}"
    499170,         0,         0,   104.7,pymatching,48b9d4c25dbc3d3c29b6667e7a0f0d5c2b421bfef71d5347f0573977a3a43032,"{""code"":""rotated_surface_code"",""d"":15,""noise_model"":""SI1000"",""p"":0.0009500000000000001,""rounds"":1}"
    218160,         1,         0,    68.4,pymatching,48b9d4c25dbc3d3c29b6667e7a0f0d5c2b421bfef71d5347f0573977a3a43032,"{""code"":""rotated_surface_code"",""d"":15,""noise_model"":""SI1000"",""p"":0.0009500000000000001,""rounds"":1}"
    478292,         0,         0,   149.0,pymatching,48b9d4c25dbc3d3c29b6667e7a0f0d5c2b421bfef71d5347f0573977a3a43032,"{""code"":""rotated_surface_code"",""d"":15,""noise_model"":""SI1000"",""p"":0.0009500000000000001,""rounds"":1}"
    444829,         0,         0,   141.0,pymatching,48b9d4c25dbc3d3c29b6667e7a0f0d5c2b421bfef71d5347f0573977a3a43032,"{""code"":""rotated_surface_code"",""d"":15,""noise_model"":""SI1000"",""p"":0.0009500000000000001,""rounds"":1}"
    444829,         0,         0,   140.3,pymatching,48b9d4c25dbc3d3c29b6667e7a0f0d5c2b421bfef71d5347f0573977a3a43032,"{""code"":""rotated_surface_code"",""d"":15,""noise_model"":""SI1000"",""p"":0.0009500000000000001,""rounds"":1}"
    444829,         0,         0,   138.8,pymatching,48b9d4c25dbc3d3c29b6667e7a0f0d5c2b421bfef71d5347f0573977a3a43032,"{""code"":""rotated_surface_code"",""d"":15,""noise_model"":""SI1000"",""p"":0.0009500000000000001,""rounds"":1}"
    321181,         0,         0,   116.2,pymatching,b155bcb349744b2a8b679077e6ffea2c4bbe9933535a0b6e3591c8c300a280d3,"{""code"":""rotated_surface_code"",""d"":15,""noise_model"":""SI1000"",""p"":0.001175,""rounds"":1}"
    480216,         0,         0,   101.6,pymatching,48b9d4c25dbc3d3c29b6667e7a0f0d5c2b421bfef71d5347f0573977a3a43032,"{""code"":""rotated_surface_code"",""d"":15,""noise_model"":""SI1000"",""p"":0.0009500000000000001,""rounds"":1}"
    444829,         0,         0,   137.7,pymatching,48b9d4c25dbc3d3c29b6667e7a0f0d5c2b421bfef71d5347f0573977a3a43032,"{""code"":""rotated_surface_code"",""d"":15,""noise_model"":""SI1000"",""p"":0.0009500000000000001,""rounds"":1}"
    331921,         0,         0,   118.9,pymatching,b155bcb349744b2a8b679077e6ffea2c4bbe9933535a0b6e3591c8c300a280d3,"{""code"":""rotated_surface_code"",""d"":15,""noise_model"":""SI1000"",""p"":0.001175,""rounds"":1}"
    504436,         0,         0,   104.9,pymatching,48b9d4c25dbc3d3c29b6667e7a0f0d5c2b421bfef71d5347f0573977a3a43032,"{""code"":""rotated_surface_code"",""d"":15,""noise_model"":""SI1000"",""p"":0.0009500000000000001,""rounds"":1}"
    441471,         0,         0,    93.1,pymatching,48b9d4c25dbc3d3c29b6667e7a0f0d5c2b421bfef71d5347f0573977a3a43032,"{""code"":""rotated_surface_code"",""d"":15,""noise_model"":""SI1000"",""p"":0.0009500000000000001,""rounds"":1}"
    461930,         0,         0,   144.8,pymatching,48b9d4c25dbc3d3c29b6667e7a0f0d5c2b421bfef71d5347f0573977a3a43032,"{""code"":""rotated_surface_code"",""d"":15,""noise_model"":""SI1000"",""p"":0.0009500000000000001,""rounds"":1}"
    486498,         0,         0,   150.4,pymatching,48b9d4c25dbc3d3c29b6667e7a0f0d5c2b421bfef71d5347f0573977a3a43032,"{""code"":""rotated_surface_code"",""d"":15,""noise_model"":""SI1000"",""p"":0.0009500000000000001,""rounds"":1}"
    429104,         0,         0,   133.5,pymatching,48b9d4c25dbc3d3c29b6667e7a0f0d5c2b421bfef71d5347f0573977a3a43032,"{""code"":""rotated_surface_code"",""d"":15,""noise_model"":""SI1000"",""p"":0.0009500000000000001,""rounds"":1}"
    429104,         0,         0,   135.2,pymatching,48b9d4c25dbc3d3c29b6667e7a0f0d5c2b421bfef71d5347f0573977a3a43032,"{""code"":""rotated_surface_code"",""d"":15,""noise_model"":""SI1000"",""p"":0.0009500000000000001,""rounds"":1}"
    436023,         0,         0,   137.7,pymatching,48b9d4c25dbc3d3c29b6667e7a0f0d5c2b421bfef71d5347f0573977a3a43032,"{""code"":""rotated_surface_code"",""d"":15,""noise_model"":""SI1000"",""p"":0.0009500000000000001,""rounds"":1}"
    446367,         0,         0,   141.6,pymatching,48b9d4c25dbc3d3c29b6667e7a0f0d5c2b421bfef71d5347f0573977a3a43032,"{""code"":""rotated_surface_code"",""d"":15,""noise_model"":""SI1000"",""p"":0.0009500000000000001,""rounds"":1}"
    435659,         0,         0,   135.7,pymatching,48b9d4c25dbc3d3c29b6667e7a0f0d5c2b421bfef71d5347f0573977a3a43032,"{""code"":""rotated_surface_code"",""d"":15,""noise_model"":""SI1000"",""p"":0.0009500000000000001,""rounds"":1}"
    446409,         0,         0,    93.9,pymatching,48b9d4c25dbc3d3c29b6667e7a0f0d5c2b421bfef71d5347f0573977a3a43032,"{""code"":""rotated_surface_code"",""d"":15,""noise_model"":""SI1000"",""p"":0.0009500000000000001,""rounds"":1}"
    435659,         0,         0,   135.7,pymatching,48b9d4c25dbc3d3c29b6667e7a0f0d5c2b421bfef71d5347f0573977a3a43032,"{""code"":""rotated_surface_code"",""d"":15,""noise_model"":""SI1000"",""p"":0.0009500000000000001,""rounds"":1}"
    423248,         0,         0,    89.6,pymatching,48b9d4c25dbc3d3c29b6667e7a0f0d5c2b421bfef71d5347f0573977a3a43032,"{""code"":""rotated_surface_code"",""d"":15,""noise_model"":""SI1000"",""p"":0.0009500000000000001,""rounds"":1}"
    332792,         1,         0,   119.2,pymatching,b155bcb349744b2a8b679077e6ffea2c4bbe9933535a0b6e3591c8c300a280d3,"{""code"":""rotated_surface_code"",""d"":15,""noise_model"":""SI1000"",""p"":0.001175,""rounds"":1}"
    332792,         0,         0,   121.1,pymatching,b155bcb349744b2a8b679077e6ffea2c4bbe9933535a0b6e3591c8c300a280d3,"{""code"":""rotated_surface_code"",""d"":15,""noise_model"":""SI1000"",""p"":0.001175,""rounds"":1}"
    332792,         0,         0,    82.5,pymatching,b155bcb349744b2a8b679077e6ffea2c4bbe9933535a0b6e3591c8c300a280d3,"{""code"":""rotated_surface_code"",""d"":15,""noise_model"":""SI1000"",""p"":0.001175,""rounds"":1}"
    332792,         1,         0,   120.4,pymatching,b155bcb349744b2a8b679077e6ffea2c4bbe9933535a0b6e3591c8c300a280d3,"{""code"":""rotated_surface_code"",""d"":15,""noise_model"":""SI1000"",""p"":0.001175,""rounds"":1}"
    332792,         0,         0,   121.3,pymatching,b155bcb349744b2a8b679077e6ffea2c4bbe9933535a0b6e3591c8c300a280d3,"{""code"":""rotated_surface_code"",""d"":15,""noise_model"":""SI1000"",""p"":0.001175,""rounds"":1}"
    332792,         1,         0,   122.5,pymatching,b155bcb349744b2a8b679077e6ffea2c4bbe9933535a0b6e3591c8c300a280d3,"{""code"":""rotated_surface_code"",""d"":15,""noise_model"":""SI1000"",""p"":0.001175,""rounds"":1}"
    332792,         1,         0,   122.4,pymatching,b155bcb349744b2a8b679077e6ffea2c4bbe9933535a0b6e3591c8c300a280d3,"{""code"":""rotated_surface_code"",""d"":15,""noise_model"":""SI1000"",""p"":0.001175,""rounds"":1}"
    332792,         0,         0,   120.1,pymatching,b155bcb349744b2a8b679077e6ffea2c4bbe9933535a0b6e3591c8c300a280d3,"{""code"":""rotated_surface_code"",""d"":15,""noise_model"":""SI1000"",""p"":0.001175,""rounds"":1}"
    332792,         0,         0,    82.5,pymatching,b155bcb349744b2a8b679077e6ffea2c4bbe9933535a0b6e3591c8c300a280d3,"{""code"":""rotated_surface_code"",""d"":15,""noise_model"":""SI1000"",""p"":0.001175,""rounds"":1}"
    332792,         0,         0,   119.8,pymatching,b155bcb349744b2a8b679077e6ffea2c4bbe9933535a0b6e3591c8c300a280d3,"{""code"":""rotated_surface_code"",""d"":15,""noise_model"":""SI1000"",""p"":0.001175,""rounds"":1}"
    350240,         1,         0,    85.2,pymatching,b155bcb349744b2a8b679077e6ffea2c4bbe9933535a0b6e3591c8c300a280d3,"{""code"":""rotated_surface_code"",""d"":15,""noise_model"":""SI1000"",""p"":0.001175,""rounds"":1}"
    333305,         0,         0,   119.1,pymatching,b155bcb349744b2a8b679077e6ffea2c4bbe9933535a0b6e3591c8c300a280d3,"{""code"":""rotated_surface_code"",""d"":15,""noise_model"":""SI1000"",""p"":0.001175,""rounds"":1}"
    332609,         0,         0,   120.9,pymatching,b155bcb349744b2a8b679077e6ffea2c4bbe9933535a0b6e3591c8c300a280d3,"{""code"":""rotated_surface_code"",""d"":15,""noise_model"":""SI1000"",""p"":0.001175,""rounds"":1}"
    348955,         1,         0,    86.8,pymatching,b155bcb349744b2a8b679077e6ffea2c4bbe9933535a0b6e3591c8c300a280d3,"{""code"":""rotated_surface_code"",""d"":15,""noise_model"":""SI1000"",""p"":0.001175,""rounds"":1}"
    347564,         2,         0,   125.5,pymatching,b155bcb349744b2a8b679077e6ffea2c4bbe9933535a0b6e3591c8c300a280d3,"{""code"":""rotated_surface_code"",""d"":15,""noise_model"":""SI1000"",""p"":0.001175,""rounds"":1}"
    345217,         0,         0,   125.1,pymatching,b155bcb349744b2a8b679077e6ffea2c4bbe9933535a0b6e3591c8c300a280d3,"{""code"":""rotated_surface_code"",""d"":15,""noise_model"":""SI1000"",""p"":0.001175,""rounds"":1}"
    341279,         2,         0,   125.0,pymatching,b155bcb349744b2a8b679077e6ffea2c4bbe9933535a0b6e3591c8c300a280d3,"{""code"":""rotated_surface_code"",""d"":15,""noise_model"":""SI1000"",""p"":0.001175,""rounds"":1}"
    343007,         2,         0,   126.2,pymatching,b155bcb349744b2a8b679077e6ffea2c4bbe9933535a0b6e3591c8c300a280d3,"{""code"":""rotated_surface_code"",""d"":15,""noise_model"":""SI1000"",""p"":0.001175,""rounds"":1}"
       100,         0,         0,   0.738,pymatching,491df2194c8c91c8dfd94c3b739c6202cb90c9edd91654b1aa77f5390cbacd5a,"{""code"":""rotated_surface_code"",""d"":15,""noise_model"":""SI1000"",""p"":0.0014000000000000002,""rounds"":1}"
       200,         0,         0,   0.617,pymatching,491df2194c8c91c8dfd94c3b739c6202cb90c9edd91654b1aa77f5390cbacd5a,"{""code"":""rotated_surface_code"",""d"":15,""noise_model"":""SI1000"",""p"":0.0014000000000000002,""rounds"":1}"
       600,         0,         0,   0.713,pymatching,491df2194c8c91c8dfd94c3b739c6202cb90c9edd91654b1aa77f5390cbacd5a,"{""code"":""rotated_surface_code"",""d"":15,""noise_model"":""SI1000"",""p"":0.0014000000000000002,""rounds"":1}"
    340490,         0,         0,   122.7,pymatching,b155bcb349744b2a8b679077e6ffea2c4bbe9933535a0b6e3591c8c300a280d3,"{""code"":""rotated_surface_code"",""d"":15,""noise_model"":""SI1000"",""p"":0.001175,""rounds"":1}"
      1800,         0,         0,    1.23,pymatching,491df2194c8c91c8dfd94c3b739c6202cb90c9edd91654b1aa77f5390cbacd5a,"{""code"":""rotated_surface_code"",""d"":15,""noise_model"":""SI1000"",""p"":0.0014000000000000002,""rounds"":1}"
      1800,         0,         0,    1.29,pymatching,491df2194c8c91c8dfd94c3b739c6202cb90c9edd91654b1aa77f5390cbacd5a,"{""code"":""rotated_surface_code"",""d"":15,""noise_model"":""SI1000"",""p"":0.0014000000000000002,""rounds"":1}"
      5400,         0,         0,    2.76,pymatching,491df2194c8c91c8dfd94c3b739c6202cb90c9edd91654b1aa77f5390cbacd5a,"{""code"":""rotated_surface_code"",""d"":15,""noise_model"":""SI1000"",""p"":0.0014000000000000002,""rounds"":1}"
      9000,         0,         0,    4.06,pymatching,491df2194c8c91c8dfd94c3b739c6202cb90c9edd91654b1aa77f5390cbacd5a,"{""code"":""rotated_surface_code"",""d"":15,""noise_model"":""SI1000"",""p"":0.0014000000000000002,""rounds"":1}"
     40242,         0,         0,    15.0,pymatching,b155bcb349744b2a8b679077e6ffea2c4bbe9933535a0b6e3591c8c300a280d3,"{""code"":""rotated_surface_code"",""d"":15,""noise_model"":""SI1000"",""p"":0.001175,""rounds"":1}"
     19800,         0,         0,    8.75,pymatching,491df2194c8c91c8dfd94c3b739c6202cb90c9edd91654b1aa77f5390cbacd5a,"{""code"":""rotated_surface_code"",""d"":15,""noise_model"":""SI1000"",""p"":0.0014000000000000002,""rounds"":1}"
    347713,         0,         0,   125.1,pymatching,b155bcb349744b2a8b679077e6ffea2c4bbe9933535a0b6e3591c8c300a280d3,"{""code"":""rotated_surface_code"",""d"":15,""noise_model"":""SI1000"",""p"":0.001175,""rounds"":1}"
     37800,         0,         0,    16.4,pymatching,491df2194c8c91c8dfd94c3b739c6202cb90c9edd91654b1aa77f5390cbacd5a,"{""code"":""rotated_surface_code"",""d"":15,""noise_model"":""SI1000"",""p"":0.0014000000000000002,""rounds"":1}"
    355462,         0,         0,    89.2,pymatching,b155bcb349744b2a8b679077e6ffea2c4bbe9933535a0b6e3591c8c300a280d3,"{""code"":""rotated_surface_code"",""d"":15,""noise_model"":""SI1000"",""p"":0.001175,""rounds"":1}"
     36900,         0,         0,    15.5,pymatching,491df2194c8c91c8dfd94c3b739c6202cb90c9edd91654b1aa77f5390cbacd5a,"{""code"":""rotated_surface_code"",""d"":15,""noise_model"":""SI1000"",""p"":0.0014000000000000002,""rounds"":1}"
     41400,         0,         0,    16.9,pymatching,491df2194c8c91c8dfd94c3b739c6202cb90c9edd91654b1aa77f5390cbacd5a,"{""code"":""rotated_surface_code"",""d"":15,""noise_model"":""SI1000"",""p"":0.0014000000000000002,""rounds"":1}"
     77400,         0,         0,    31.3,pymatching,491df2194c8c91c8dfd94c3b739c6202cb90c9edd91654b1aa77f5390cbacd5a,"{""code"":""rotated_surface_code"",""d"":15,""noise_model"":""SI1000"",""p"":0.0014000000000000002,""rounds"":1}"
     73800,         0,         0,    21.7,pymatching,491df2194c8c91c8dfd94c3b739c6202cb90c9edd91654b1aa77f5390cbacd5a,"{""code"":""rotated_surface_code"",""d"":15,""noise_model"":""SI1000"",""p"":0.0014000000000000002,""rounds"":1}"
    358376,         0,         0,    89.7,pymatching,b155bcb349744b2a8b679077e6ffea2c4bbe9933535a0b6e3591c8c300a280d3,"{""code"":""rotated_surface_code"",""d"":15,""noise_model"":""SI1000"",""p"":0.001175,""rounds"":1}"
    153000,         0,         0,    65.0,pymatching,491df2194c8c91c8dfd94c3b739c6202cb90c9edd91654b1aa77f5390cbacd5a,"{""code"":""rotated_surface_code"",""d"":15,""noise_model"":""SI1000"",""p"":0.0014000000000000002,""rounds"":1}"
    354097,         0,         0,   128.5,pymatching,b155bcb349744b2a8b679077e6ffea2c4bbe9933535a0b6e3591c8c300a280d3,"{""code"":""rotated_surface_code"",""d"":15,""noise_model"":""SI1000"",""p"":0.001175,""rounds"":1}"
    352529,         3,         0,   128.3,pymatching,b155bcb349744b2a8b679077e6ffea2c4bbe9933535a0b6e3591c8c300a280d3,"{""code"":""rotated_surface_code"",""d"":15,""noise_model"":""SI1000"",""p"":0.001175,""rounds"":1}"
    221400,         0,         0,    91.4,pymatching,491df2194c8c91c8dfd94c3b739c6202cb90c9edd91654b1aa77f5390cbacd5a,"{""code"":""rotated_surface_code"",""d"":15,""noise_model"":""SI1000"",""p"":0.0014000000000000002,""rounds"":1}"
    356783,         1,         0,   128.7,pymatching,b155bcb349744b2a8b679077e6ffea2c4bbe9933535a0b6e3591c8c300a280d3,"{""code"":""rotated_surface_code"",""d"":15,""noise_model"":""SI1000"",""p"":0.001175,""rounds"":1}"
    355310,         0,         0,   128.8,pymatching,b155bcb349744b2a8b679077e6ffea2c4bbe9933535a0b6e3591c8c300a280d3,"{""code"":""rotated_surface_code"",""d"":15,""noise_model"":""SI1000"",""p"":0.001175,""rounds"":1}"
    301249,         4,         0,    85.7,pymatching,491df2194c8c91c8dfd94c3b739c6202cb90c9edd91654b1aa77f5390cbacd5a,"{""code"":""rotated_surface_code"",""d"":15,""noise_model"":""SI1000"",""p"":0.0014000000000000002,""rounds"":1}"
    248400,         3,         0,   102.8,pymatching,491df2194c8c91c8dfd94c3b739c6202cb90c9edd91654b1aa77f5390cbacd5a,"{""code"":""rotated_surface_code"",""d"":15,""noise_model"":""SI1000"",""p"":0.0014000000000000002,""rounds"":1}"
    301249,         1,         0,    86.4,pymatching,491df2194c8c91c8dfd94c3b739c6202cb90c9edd91654b1aa77f5390cbacd5a,"{""code"":""rotated_surface_code"",""d"":15,""noise_model"":""SI1000"",""p"":0.0014000000000000002,""rounds"":1}"
    278068,         2,         0,   113.4,pymatching,491df2194c8c91c8dfd94c3b739c6202cb90c9edd91654b1aa77f5390cbacd5a,"{""code"":""rotated_surface_code"",""d"":15,""noise_model"":""SI1000"",""p"":0.0014000000000000002,""rounds"":1}"
    294653,         4,         0,   124.9,pymatching,491df2194c8c91c8dfd94c3b739c6202cb90c9edd91654b1aa77f5390cbacd5a,"{""code"":""rotated_surface_code"",""d"":15,""noise_model"":""SI1000"",""p"":0.0014000000000000002,""rounds"":1}"
    294653,         3,         0,   122.5,pymatching,491df2194c8c91c8dfd94c3b739c6202cb90c9edd91654b1aa77f5390cbacd5a,"{""code"":""rotated_surface_code"",""d"":15,""noise_model"":""SI1000"",""p"":0.0014000000000000002,""rounds"":1}"
    294653,         1,         0,   124.7,pymatching,491df2194c8c91c8dfd94c3b739c6202cb90c9edd91654b1aa77f5390cbacd5a,"{""code"":""rotated_surface_code"",""d"":15,""noise_model"":""SI1000"",""p"":0.0014000000000000002,""rounds"":1}"
    323576,         3,         0,    92.6,pymatching,491df2194c8c91c8dfd94c3b739c6202cb90c9edd91654b1aa77f5390cbacd5a,"{""code"":""rotated_surface_code"",""d"":15,""noise_model"":""SI1000"",""p"":0.0014000000000000002,""rounds"":1}"
    293362,         0,         0,   121.1,pymatching,491df2194c8c91c8dfd94c3b739c6202cb90c9edd91654b1aa77f5390cbacd5a,"{""code"":""rotated_surface_code"",""d"":15,""noise_model"":""SI1000"",""p"":0.0014000000000000002,""rounds"":1}"
    293362,         5,         0,   122.5,pymatching,491df2194c8c91c8dfd94c3b739c6202cb90c9edd91654b1aa77f5390cbacd5a,"{""code"":""rotated_surface_code"",""d"":15,""noise_model"":""SI1000"",""p"":0.0014000000000000002,""rounds"":1}"
    332137,         0,         0,    95.7,pymatching,491df2194c8c91c8dfd94c3b739c6202cb90c9edd91654b1aa77f5390cbacd5a,"{""code"":""rotated_surface_code"",""d"":15,""noise_model"":""SI1000"",""p"":0.0014000000000000002,""rounds"":1}"
    293362,         2,         0,   122.0,pymatching,491df2194c8c91c8dfd94c3b739c6202cb90c9edd91654b1aa77f5390cbacd5a,"{""code"":""rotated_surface_code"",""d"":15,""noise_model"":""SI1000"",""p"":0.0014000000000000002,""rounds"":1}"
    316167,         2,         0,   130.7,pymatching,491df2194c8c91c8dfd94c3b739c6202cb90c9edd91654b1aa77f5390cbacd5a,"{""code"":""rotated_surface_code"",""d"":15,""noise_model"":""SI1000"",""p"":0.0014000000000000002,""rounds"":1}"
    325685,         0,         0,   133.4,pymatching,491df2194c8c91c8dfd94c3b739c6202cb90c9edd91654b1aa77f5390cbacd5a,"{""code"":""rotated_surface_code"",""d"":15,""noise_model"":""SI1000"",""p"":0.0014000000000000002,""rounds"":1}"
    320016,         1,         0,    90.6,pymatching,491df2194c8c91c8dfd94c3b739c6202cb90c9edd91654b1aa77f5390cbacd5a,"{""code"":""rotated_surface_code"",""d"":15,""noise_model"":""SI1000"",""p"":0.0014000000000000002,""rounds"":1}"
    321160,         2,         0,    92.1,pymatching,491df2194c8c91c8dfd94c3b739c6202cb90c9edd91654b1aa77f5390cbacd5a,"{""code"":""rotated_surface_code"",""d"":15,""noise_model"":""SI1000"",""p"":0.0014000000000000002,""rounds"":1}"
    314908,         4,         0,   131.6,pymatching,491df2194c8c91c8dfd94c3b739c6202cb90c9edd91654b1aa77f5390cbacd5a,"{""code"":""rotated_surface_code"",""d"":15,""noise_model"":""SI1000"",""p"":0.0014000000000000002,""rounds"":1}"
    311151,         2,         0,   131.8,pymatching,491df2194c8c91c8dfd94c3b739c6202cb90c9edd91654b1aa77f5390cbacd5a,"{""code"":""rotated_surface_code"",""d"":15,""noise_model"":""SI1000"",""p"":0.0014000000000000002,""rounds"":1}"
    318954,         2,         0,   135.3,pymatching,491df2194c8c91c8dfd94c3b739c6202cb90c9edd91654b1aa77f5390cbacd5a,"{""code"":""rotated_surface_code"",""d"":15,""noise_model"":""SI1000"",""p"":0.0014000000000000002,""rounds"":1}"
    317180,         5,         0,   131.2,pymatching,491df2194c8c91c8dfd94c3b739c6202cb90c9edd91654b1aa77f5390cbacd5a,"{""code"":""rotated_surface_code"",""d"":15,""noise_model"":""SI1000"",""p"":0.0014000000000000002,""rounds"":1}"
    314532,         1,         0,   130.6,pymatching,491df2194c8c91c8dfd94c3b739c6202cb90c9edd91654b1aa77f5390cbacd5a,"{""code"":""rotated_surface_code"",""d"":15,""noise_model"":""SI1000"",""p"":0.0014000000000000002,""rounds"":1}"
    318654,         3,         0,   132.3,pymatching,491df2194c8c91c8dfd94c3b739c6202cb90c9edd91654b1aa77f5390cbacd5a,"{""code"":""rotated_surface_code"",""d"":15,""noise_model"":""SI1000"",""p"":0.0014000000000000002,""rounds"":1}"
       100,         0,         0,   0.632,pymatching,a9c9e052ee6693c5588a01a8c6363c4241d6de1362d64f54d1c512df41f4a91c,"{""code"":""rotated_surface_code"",""d"":15,""noise_model"":""SI1000"",""p"":0.0016250000000000001,""rounds"":1}"
       200,         0,         0,   0.604,pymatching,a9c9e052ee6693c5588a01a8c6363c4241d6de1362d64f54d1c512df41f4a91c,"{""code"":""rotated_surface_code"",""d"":15,""noise_model"":""SI1000"",""p"":0.0016250000000000001,""rounds"":1}"
       600,         0,         0,   0.735,pymatching,a9c9e052ee6693c5588a01a8c6363c4241d6de1362d64f54d1c512df41f4a91c,"{""code"":""rotated_surface_code"",""d"":15,""noise_model"":""SI1000"",""p"":0.0016250000000000001,""rounds"":1}"
      1800,         0,         0,    1.32,pymatching,a9c9e052ee6693c5588a01a8c6363c4241d6de1362d64f54d1c512df41f4a91c,"{""code"":""rotated_surface_code"",""d"":15,""noise_model"":""SI1000"",""p"":0.0016250000000000001,""rounds"":1}"
      5400,         0,         0,    2.99,pymatching,a9c9e052ee6693c5588a01a8c6363c4241d6de1362d64f54d1c512df41f4a91c,"{""code"":""rotated_surface_code"",""d"":15,""noise_model"":""SI1000"",""p"":0.0016250000000000001,""rounds"":1}"
     40774,         0,         0,    17.8,pymatching,491df2194c8c91c8dfd94c3b739c6202cb90c9edd91654b1aa77f5390cbacd5a,"{""code"":""rotated_surface_code"",""d"":15,""noise_model"":""SI1000"",""p"":0.0014000000000000002,""rounds"":1}"
     16200,         0,         0,    8.50,pymatching,a9c9e052ee6693c5588a01a8c6363c4241d6de1362d64f54d1c512df41f4a91c,"{""code"":""rotated_surface_code"",""d"":15,""noise_model"":""SI1000"",""p"":0.0016250000000000001,""rounds"":1}"
    316499,         4,         0,   132.6,pymatching,491df2194c8c91c8dfd94c3b739c6202cb90c9edd91654b1aa77f5390cbacd5a,"{""code"":""rotated_surface_code"",""d"":15,""noise_model"":""SI1000"",""p"":0.0014000000000000002,""rounds"":1}"
     16200,         0,         0,    8.41,pymatching,a9c9e052ee6693c5588a01a8c6363c4241d6de1362d64f54d1c512df41f4a91c,"{""code"":""rotated_surface_code"",""d"":15,""noise_model"":""SI1000"",""p"":0.0016250000000000001,""rounds"":1}"
    319882,         3,         0,    92.0,pymatching,491df2194c8c91c8dfd94c3b739c6202cb90c9edd91654b1aa77f5390cbacd5a,"{""code"":""rotated_surface_code"",""d"":15,""noise_model"":""SI1000"",""p"":0.0014000000000000002,""rounds"":1}"
     24300,         1,         0,    8.56,pymatching,a9c9e052ee6693c5588a01a8c6363c4241d6de1362d64f54d1c512df41f4a91c,"{""code"":""rotated_surface_code"",""d"":15,""noise_model"":""SI1000"",""p"":0.0016250000000000001,""rounds"":1}"
    314810,         3,         0,   129.9,pymatching,491df2194c8c91c8dfd94c3b739c6202cb90c9edd91654b1aa77f5390cbacd5a,"{""code"":""rotated_surface_code"",""d"":15,""noise_model"":""SI1000"",""p"":0.0014000000000000002,""rounds"":1}"
     48600,         1,         0,    24.5,pymatching,a9c9e052ee6693c5588a01a8c6363c4241d6de1362d64f54d1c512df41f4a91c,"{""code"":""rotated_surface_code"",""d"":15,""noise_model"":""SI1000"",""p"":0.0016250000000000001,""rounds"":1}"
     48600,         1,         0,    24.1,pymatching,a9c9e052ee6693c5588a01a8c6363c4241d6de1362d64f54d1c512df41f4a91c,"{""code"":""rotated_surface_code"",""d"":15,""noise_model"":""SI1000"",""p"":0.0016250000000000001,""rounds"":1}"
     16200,         0,         0,    8.45,pymatching,a9c9e052ee6693c5588a01a8c6363c4241d6de1362d64f54d1c512df41f4a91c,"{""code"":""rotated_surface_code"",""d"":15,""noise_model"":""SI1000"",""p"":0.0016250000000000001,""rounds"":1}"
    324336,         2,         0,    94.9,pymatching,491df2194c8c91c8dfd94c3b739c6202cb90c9edd91654b1aa77f5390cbacd5a,"{""code"":""rotated_surface_code"",""d"":15,""noise_model"":""SI1000"",""p"":0.0014000000000000002,""rounds"":1}"
       100,         0,         0,   0.501,pymatching,d66f80668590cbdbc87db47f2f37cadf9c76d855ed4c43d1ca5e88ee1012aeca,"{""code"":""rotated_surface_code"",""d"":15,""noise_model"":""SI1000"",""p"":0.00185,""rounds"":1}"
       200,         0,         0,   0.419,pymatching,d66f80668590cbdbc87db47f2f37cadf9c76d855ed4c43d1ca5e88ee1012aeca,"{""code"":""rotated_surface_code"",""d"":15,""noise_model"":""SI1000"",""p"":0.00185,""rounds"":1}"
       600,         0,         0,   0.567,pymatching,d66f80668590cbdbc87db47f2f37cadf9c76d855ed4c43d1ca5e88ee1012aeca,"{""code"":""rotated_surface_code"",""d"":15,""noise_model"":""SI1000"",""p"":0.00185,""rounds"":1}"
     81000,         3,         0,    38.8,pymatching,a9c9e052ee6693c5588a01a8c6363c4241d6de1362d64f54d1c512df41f4a91c,"{""code"":""rotated_surface_code"",""d"":15,""noise_model"":""SI1000"",""p"":0.0016250000000000001,""rounds"":1}"
      1800,         0,         0,    1.19,pymatching,d66f80668590cbdbc87db47f2f37cadf9c76d855ed4c43d1ca5e88ee1012aeca,"{""code"":""rotated_surface_code"",""d"":15,""noise_model"":""SI1000"",""p"":0.00185,""rounds"":1}"
    129600,         3,         0,    42.8,pymatching,a9c9e052ee6693c5588a01a8c6363c4241d6de1362d64f54d1c512df41f4a91c,"{""code"":""rotated_surface_code"",""d"":15,""noise_model"":""SI1000"",""p"":0.0016250000000000001,""rounds"":1}"
    322086,         2,         0,   135.2,pymatching,491df2194c8c91c8dfd94c3b739c6202cb90c9edd91654b1aa77f5390cbacd5a,"{""code"":""rotated_surface_code"",""d"":15,""noise_model"":""SI1000"",""p"":0.0014000000000000002,""rounds"":1}"
    319869,         2,         0,   136.0,pymatching,491df2194c8c91c8dfd94c3b739c6202cb90c9edd91654b1aa77f5390cbacd5a,"{""code"":""rotated_surface_code"",""d"":15,""noise_model"":""SI1000"",""p"":0.0014000000000000002,""rounds"":1}"
    317815,         4,         0,   135.5,pymatching,491df2194c8c91c8dfd94c3b739c6202cb90c9edd91654b1aa77f5390cbacd5a,"{""code"":""rotated_surface_code"",""d"":15,""noise_model"":""SI1000"",""p"":0.0014000000000000002,""rounds"":1}"
      5400,         1,         0,    3.46,pymatching,d66f80668590cbdbc87db47f2f37cadf9c76d855ed4c43d1ca5e88ee1012aeca,"{""code"":""rotated_surface_code"",""d"":15,""noise_model"":""SI1000"",""p"":0.00185,""rounds"":1}"
     16200,         3,         0,    8.97,pymatching,d66f80668590cbdbc87db47f2f37cadf9c76d855ed4c43d1ca5e88ee1012aeca,"{""code"":""rotated_surface_code"",""d"":15,""noise_model"":""SI1000"",""p"":0.00185,""rounds"":1}"
    316398,         3,         0,   131.9,pymatching,491df2194c8c91c8dfd94c3b739c6202cb90c9edd91654b1aa77f5390cbacd5a,"{""code"":""rotated_surface_code"",""d"":15,""noise_model"":""SI1000"",""p"":0.0014000000000000002,""rounds"":1}"
    242292,         8,         0,    80.9,pymatching,a9c9e052ee6693c5588a01a8c6363c4241d6de1362d64f54d1c512df41f4a91c,"{""code"":""rotated_surface_code"",""d"":15,""noise_model"":""SI1000"",""p"":0.0016250000000000001,""rounds"":1}"
     48600,         5,         0,    26.5,pymatching,d66f80668590cbdbc87db47f2f37cadf9c76d855ed4c43d1ca5e88ee1012aeca,"{""code"":""rotated_surface_code"",""d"":15,""noise_model"":""SI1000"",""p"":0.00185,""rounds"":1}"
    226800,         7,         0,   108.3,pymatching,a9c9e052ee6693c5588a01a8c6363c4241d6de1362d64f54d1c512df41f4a91c,"{""code"":""rotated_surface_code"",""d"":15,""noise_model"":""SI1000"",""p"":0.0016250000000000001,""rounds"":1}"
     48600,         6,         0,    27.6,pymatching,d66f80668590cbdbc87db47f2f37cadf9c76d855ed4c43d1ca5e88ee1012aeca,"{""code"":""rotated_surface_code"",""d"":15,""noise_model"":""SI1000"",""p"":0.00185,""rounds"":1}"
    211854,         6,         0,   102.5,pymatching,a9c9e052ee6693c5588a01a8c6363c4241d6de1362d64f54d1c512df41f4a91c,"{""code"":""rotated_surface_code"",""d"":15,""noise_model"":""SI1000"",""p"":0.0016250000000000001,""rounds"":1}"
    241746,         7,         0,   116.1,pymatching,a9c9e052ee6693c5588a01a8c6363c4241d6de1362d64f54d1c512df41f4a91c,"{""code"":""rotated_surface_code"",""d"":15,""noise_model"":""SI1000"",""p"":0.0016250000000000001,""rounds"":1}"
    273701,        12,         0,    90.6,pymatching,a9c9e052ee6693c5588a01a8c6363c4241d6de1362d64f54d1c512df41f4a91c,"{""code"":""rotated_surface_code"",""d"":15,""noise_model"":""SI1000"",""p"":0.0016250000000000001,""rounds"":1}"
    243708,         4,         0,   116.2,pymatching,a9c9e052ee6693c5588a01a8c6363c4241d6de1362d64f54d1c512df41f4a91c,"{""code"":""rotated_surface_code"",""d"":15,""noise_model"":""SI1000"",""p"":0.0016250000000000001,""rounds"":1}"
    230198,         3,         0,   108.0,pymatching,a9c9e052ee6693c5588a01a8c6363c4241d6de1362d64f54d1c512df41f4a91c,"{""code"":""rotated_surface_code"",""d"":15,""noise_model"":""SI1000"",""p"":0.0016250000000000001,""rounds"":1}"
    273701,        10,         0,   130.8,pymatching,a9c9e052ee6693c5588a01a8c6363c4241d6de1362d64f54d1c512df41f4a91c,"{""code"":""rotated_surface_code"",""d"":15,""noise_model"":""SI1000"",""p"":0.0016250000000000001,""rounds"":1}"
    301315,         4,         0,   100.1,pymatching,a9c9e052ee6693c5588a01a8c6363c4241d6de1362d64f54d1c512df41f4a91c,"{""code"":""rotated_surface_code"",""d"":15,""noise_model"":""SI1000"",""p"":0.0016250000000000001,""rounds"":1}"
    284401,         8,         0,    95.2,pymatching,a9c9e052ee6693c5588a01a8c6363c4241d6de1362d64f54d1c512df41f4a91c,"{""code"":""rotated_surface_code"",""d"":15,""noise_model"":""SI1000"",""p"":0.0016250000000000001,""rounds"":1}"
    301315,        10,         0,   144.3,pymatching,a9c9e052ee6693c5588a01a8c6363c4241d6de1362d64f54d1c512df41f4a91c,"{""code"":""rotated_surface_code"",""d"":15,""noise_model"":""SI1000"",""p"":0.0016250000000000001,""rounds"":1}"
    277724,         7,         0,   135.6,pymatching,a9c9e052ee6693c5588a01a8c6363c4241d6de1362d64f54d1c512df41f4a91c,"{""code"":""rotated_surface_code"",""d"":15,""noise_model"":""SI1000"",""p"":0.0016250000000000001,""rounds"":1}"
    286222,         6,         0,   137.9,pymatching,a9c9e052ee6693c5588a01a8c6363c4241d6de1362d64f54d1c512df41f4a91c,"{""code"":""rotated_surface_code"",""d"":15,""noise_model"":""SI1000"",""p"":0.0016250000000000001,""rounds"":1}"
    286222,         8,         0,   139.4,pymatching,a9c9e052ee6693c5588a01a8c6363c4241d6de1362d64f54d1c512df41f4a91c,"{""code"":""rotated_surface_code"",""d"":15,""noise_model"":""SI1000"",""p"":0.0016250000000000001,""rounds"":1}"
    272141,         6,         0,   131.4,pymatching,a9c9e052ee6693c5588a01a8c6363c4241d6de1362d64f54d1c512df41f4a91c,"{""code"":""rotated_surface_code"",""d"":15,""noise_model"":""SI1000"",""p"":0.0016250000000000001,""rounds"":1}"
    279557,         7,         0,   134.1,pymatching,a9c9e052ee6693c5588a01a8c6363c4241d6de1362d64f54d1c512df41f4a91c,"{""code"":""rotated_surface_code"",""d"":15,""noise_model"":""SI1000"",""p"":0.0016250000000000001,""rounds"":1}"
    281235,         5,         0,    92.9,pymatching,a9c9e052ee6693c5588a01a8c6363c4241d6de1362d64f54d1c512df41f4a91c,"{""code"":""rotated_surface_code"",""d"":15,""noise_model"":""SI1000"",""p"":0.0016250000000000001,""rounds"":1}"
    276688,         6,         0,   131.4,pymatching,a9c9e052ee6693c5588a01a8c6363c4241d6de1362d64f54d1c512df41f4a91c,"{""code"":""rotated_surface_code"",""d"":15,""noise_model"":""SI1000"",""p"":0.0016250000000000001,""rounds"":1}"
    287276,        10,         0,    94.0,pymatching,a9c9e052ee6693c5588a01a8c6363c4241d6de1362d64f54d1c512df41f4a91c,"{""code"":""rotated_surface_code"",""d"":15,""noise_model"":""SI1000"",""p"":0.0016250000000000001,""rounds"":1}"
    273426,         2,         0,   131.2,pymatching,a9c9e052ee6693c5588a01a8c6363c4241d6de1362d64f54d1c512df41f4a91c,"{""code"":""rotated_surface_code"",""d"":15,""noise_model"":""SI1000"",""p"":0.0016250000000000001,""rounds"":1}"
    277401,         8,         0,   133.7,pymatching,a9c9e052ee6693c5588a01a8c6363c4241d6de1362d64f54d1c512df41f4a91c,"{""code"":""rotated_surface_code"",""d"":15,""noise_model"":""SI1000"",""p"":0.0016250000000000001,""rounds"":1}"
    283401,         6,         0,   136.2,pymatching,a9c9e052ee6693c5588a01a8c6363c4241d6de1362d64f54d1c512df41f4a91c,"{""code"":""rotated_surface_code"",""d"":15,""noise_model"":""SI1000"",""p"":0.0016250000000000001,""rounds"":1}"
    273144,         7,         0,   132.1,pymatching,a9c9e052ee6693c5588a01a8c6363c4241d6de1362d64f54d1c512df41f4a91c,"{""code"":""rotated_surface_code"",""d"":15,""noise_model"":""SI1000"",""p"":0.0016250000000000001,""rounds"":1}"
    280001,        11,         0,   137.7,pymatching,a9c9e052ee6693c5588a01a8c6363c4241d6de1362d64f54d1c512df41f4a91c,"{""code"":""rotated_surface_code"",""d"":15,""noise_model"":""SI1000"",""p"":0.0016250000000000001,""rounds"":1}"
    274970,         9,         0,   135.2,pymatching,a9c9e052ee6693c5588a01a8c6363c4241d6de1362d64f54d1c512df41f4a91c,"{""code"":""rotated_surface_code"",""d"":15,""noise_model"":""SI1000"",""p"":0.0016250000000000001,""rounds"":1}"
    275617,        11,         0,    93.1,pymatching,a9c9e052ee6693c5588a01a8c6363c4241d6de1362d64f54d1c512df41f4a91c,"{""code"":""rotated_surface_code"",""d"":15,""noise_model"":""SI1000"",""p"":0.0016250000000000001,""rounds"":1}"
    271633,        10,         0,   130.8,pymatching,a9c9e052ee6693c5588a01a8c6363c4241d6de1362d64f54d1c512df41f4a91c,"{""code"":""rotated_surface_code"",""d"":15,""noise_model"":""SI1000"",""p"":0.0016250000000000001,""rounds"":1}"
    277979,         7,         0,    91.7,pymatching,a9c9e052ee6693c5588a01a8c6363c4241d6de1362d64f54d1c512df41f4a91c,"{""code"":""rotated_surface_code"",""d"":15,""noise_model"":""SI1000"",""p"":0.0016250000000000001,""rounds"":1}"
    131523,         2,         0,    42.8,pymatching,a9c9e052ee6693c5588a01a8c6363c4241d6de1362d64f54d1c512df41f4a91c,"{""code"":""rotated_surface_code"",""d"":15,""noise_model"":""SI1000"",""p"":0.0016250000000000001,""rounds"":1}"
    274291,         5,         0,   130.8,pymatching,a9c9e052ee6693c5588a01a8c6363c4241d6de1362d64f54d1c512df41f4a91c,"{""code"":""rotated_surface_code"",""d"":15,""noise_model"":""SI1000"",""p"":0.0016250000000000001,""rounds"":1}"
       100,         0,         0,   0.661,pymatching,a5a4c1dfc258143704523d92b39fbe31918554c13c17784224e62df4119042dc,"{""code"":""rotated_surface_code"",""d"":15,""noise_model"":""SI1000"",""p"":0.0020750000000000005,""rounds"":1}"
       200,         0,         0,   0.636,pymatching,a5a4c1dfc258143704523d92b39fbe31918554c13c17784224e62df4119042dc,"{""code"":""rotated_surface_code"",""d"":15,""noise_model"":""SI1000"",""p"":0.0020750000000000005,""rounds"":1}"
       600,         0,         0,   0.851,pymatching,a5a4c1dfc258143704523d92b39fbe31918554c13c17784224e62df4119042dc,"{""code"":""rotated_surface_code"",""d"":15,""noise_model"":""SI1000"",""p"":0.0020750000000000005,""rounds"":1}"
      1800,         0,         0,    1.66,pymatching,a5a4c1dfc258143704523d92b39fbe31918554c13c17784224e62df4119042dc,"{""code"":""rotated_surface_code"",""d"":15,""noise_model"":""SI1000"",""p"":0.0020750000000000005,""rounds"":1}"
      5400,         2,         0,    3.94,pymatching,a5a4c1dfc258143704523d92b39fbe31918554c13c17784224e62df4119042dc,"{""code"":""rotated_surface_code"",""d"":15,""noise_model"":""SI1000"",""p"":0.0020750000000000005,""rounds"":1}"
     16200,         4,         0,    10.9,pymatching,a5a4c1dfc258143704523d92b39fbe31918554c13c17784224e62df4119042dc,"{""code"":""rotated_surface_code"",""d"":15,""noise_model"":""SI1000"",""p"":0.0020750000000000005,""rounds"":1}"
    276505,         9,         0,   133.3,pymatching,a9c9e052ee6693c5588a01a8c6363c4241d6de1362d64f54d1c512df41f4a91c,"{""code"":""rotated_surface_code"",""d"":15,""noise_model"":""SI1000"",""p"":0.0016250000000000001,""rounds"":1}"
     48600,        15,         0,    31.6,pymatching,a5a4c1dfc258143704523d92b39fbe31918554c13c17784224e62df4119042dc,"{""code"":""rotated_surface_code"",""d"":15,""noise_model"":""SI1000"",""p"":0.0020750000000000005,""rounds"":1}"
     48600,         9,         0,    31.6,pymatching,a5a4c1dfc258143704523d92b39fbe31918554c13c17784224e62df4119042dc,"{""code"":""rotated_surface_code"",""d"":15,""noise_model"":""SI1000"",""p"":0.0020750000000000005,""rounds"":1}"
    210708,        18,         0,    82.8,pymatching,d66f80668590cbdbc87db47f2f37cadf9c76d855ed4c43d1ca5e88ee1012aeca,"{""code"":""rotated_surface_code"",""d"":15,""noise_model"":""SI1000"",""p"":0.00185,""rounds"":1}"
    186084,        11,         0,    73.7,pymatching,d66f80668590cbdbc87db47f2f37cadf9c76d855ed4c43d1ca5e88ee1012aeca,"{""code"":""rotated_surface_code"",""d"":15,""noise_model"":""SI1000"",""p"":0.00185,""rounds"":1}"
    273852,         9,         0,   132.0,pymatching,a9c9e052ee6693c5588a01a8c6363c4241d6de1362d64f54d1c512df41f4a91c,"{""code"":""rotated_surface_code"",""d"":15,""noise_model"":""SI1000"",""p"":0.0016250000000000001,""rounds"":1}"
    275101,         9,         0,   133.9,pymatching,a9c9e052ee6693c5588a01a8c6363c4241d6de1362d64f54d1c512df41f4a91c,"{""code"":""rotated_surface_code"",""d"":15,""noise_model"":""SI1000"",""p"":0.0016250000000000001,""rounds"":1}"
    272675,         7,         0,   133.3,pymatching,a9c9e052ee6693c5588a01a8c6363c4241d6de1362d64f54d1c512df41f4a91c,"{""code"":""rotated_surface_code"",""d"":15,""noise_model"":""SI1000"",""p"":0.0016250000000000001,""rounds"":1}"
    210708,        17,         0,   117.8,pymatching,d66f80668590cbdbc87db47f2f37cadf9c76d855ed4c43d1ca5e88ee1012aeca,"{""code"":""rotated_surface_code"",""d"":15,""noise_model"":""SI1000"",""p"":0.00185,""rounds"":1}"
    270209,         3,         0,   132.9,pymatching,a9c9e052ee6693c5588a01a8c6363c4241d6de1362d64f54d1c512df41f4a91c,"{""code"":""rotated_surface_code"",""d"":15,""noise_model"":""SI1000"",""p"":0.0016250000000000001,""rounds"":1}"
    271376,        10,         0,   134.1,pymatching,a9c9e052ee6693c5588a01a8c6363c4241d6de1362d64f54d1c512df41f4a91c,"{""code"":""rotated_surface_code"",""d"":15,""noise_model"":""SI1000"",""p"":0.0016250000000000001,""rounds"":1}"
    145800,        32,         0,    87.5,pymatching,a5a4c1dfc258143704523d92b39fbe31918554c13c17784224e62df4119042dc,"{""code"":""rotated_surface_code"",""d"":15,""noise_model"":""SI1000"",""p"":0.0020750000000000005,""rounds"":1}"
    262198,        27,         0,    98.5,pymatching,d66f80668590cbdbc87db47f2f37cadf9c76d855ed4c43d1ca5e88ee1012aeca,"{""code"":""rotated_surface_code"",""d"":15,""noise_model"":""SI1000"",""p"":0.00185,""rounds"":1}"
    177988,        37,         0,   109.1,pymatching,a5a4c1dfc258143704523d92b39fbe31918554c13c17784224e62df4119042dc,"{""code"":""rotated_surface_code"",""d"":15,""noise_model"":""SI1000"",""p"":0.0020750000000000005,""rounds"":1}"
    275556,        24,         0,   104.7,pymatching,d66f80668590cbdbc87db47f2f37cadf9c76d855ed4c43d1ca5e88ee1012aeca,"{""code"":""rotated_surface_code"",""d"":15,""noise_model"":""SI1000"",""p"":0.00185,""rounds"":1}"
    254695,        21,         0,   141.1,pymatching,d66f80668590cbdbc87db47f2f37cadf9c76d855ed4c43d1ca5e88ee1012aeca,"{""code"":""rotated_surface_code"",""d"":15,""noise_model"":""SI1000"",""p"":0.00185,""rounds"":1}"
    254695,        17,         0,   141.7,pymatching,d66f80668590cbdbc87db47f2f37cadf9c76d855ed4c43d1ca5e88ee1012aeca,"{""code"":""rotated_surface_code"",""d"":15,""noise_model"":""SI1000"",""p"":0.00185,""rounds"":1}"
    254695,        18,         0,   142.2,pymatching,d66f80668590cbdbc87db47f2f37cadf9c76d855ed4c43d1ca5e88ee1012aeca,"{""code"":""rotated_surface_code"",""d"":15,""noise_model"":""SI1000"",""p"":0.00185,""rounds"":1}"
    275556,        24,         0,   151.9,pymatching,d66f80668590cbdbc87db47f2f37cadf9c76d855ed4c43d1ca5e88ee1012aeca,"{""code"":""rotated_surface_code"",""d"":15,""noise_model"":""SI1000"",""p"":0.00185,""rounds"":1}"
    275556,        18,         0,   151.6,pymatching,d66f80668590cbdbc87db47f2f37cadf9c76d855ed4c43d1ca5e88ee1012aeca,"{""code"":""rotated_surface_code"",""d"":15,""noise_model"":""SI1000"",""p"":0.00185,""rounds"":1}"
    275556,        25,         0,   152.5,pymatching,d66f80668590cbdbc87db47f2f37cadf9c76d855ed4c43d1ca5e88ee1012aeca,"{""code"":""rotated_surface_code"",""d"":15,""noise_model"":""SI1000"",""p"":0.00185,""rounds"":1}"
    269126,        24,         0,   101.2,pymatching,d66f80668590cbdbc87db47f2f37cadf9c76d855ed4c43d1ca5e88ee1012aeca,"{""code"":""rotated_surface_code"",""d"":15,""noise_model"":""SI1000"",""p"":0.00185,""rounds"":1}"
    278090,        17,         0,   105.0,pymatching,d66f80668590cbdbc87db47f2f37cadf9c76d855ed4c43d1ca5e88ee1012aeca,"{""code"":""rotated_surface_code"",""d"":15,""noise_model"":""SI1000"",""p"":0.00185,""rounds"":1}"
    254695,        17,         0,   139.1,pymatching,d66f80668590cbdbc87db47f2f37cadf9c76d855ed4c43d1ca5e88ee1012aeca,"{""code"":""rotated_surface_code"",""d"":15,""noise_model"":""SI1000"",""p"":0.00185,""rounds"":1}"
    269126,        21,         0,   147.5,pymatching,d66f80668590cbdbc87db47f2f37cadf9c76d855ed4c43d1ca5e88ee1012aeca,"{""code"":""rotated_surface_code"",""d"":15,""noise_model"":""SI1000"",""p"":0.00185,""rounds"":1}"
    245423,        18,         0,    93.4,pymatching,d66f80668590cbdbc87db47f2f37cadf9c76d855ed4c43d1ca5e88ee1012aeca,"{""code"":""rotated_surface_code"",""d"":15,""noise_model"":""SI1000"",""p"":0.00185,""rounds"":1}"
    242988,        27,         0,   133.9,pymatching,d66f80668590cbdbc87db47f2f37cadf9c76d855ed4c43d1ca5e88ee1012aeca,"{""code"":""rotated_surface_code"",""d"":15,""noise_model"":""SI1000"",""p"":0.00185,""rounds"":1}"
    246336,        15,         0,   135.3,pymatching,d66f80668590cbdbc87db47f2f37cadf9c76d855ed4c43d1ca5e88ee1012aeca,"{""code"":""rotated_surface_code"",""d"":15,""noise_model"":""SI1000"",""p"":0.00185,""rounds"":1}"
    250809,        11,         0,   140.4,pymatching,d66f80668590cbdbc87db47f2f37cadf9c76d855ed4c43d1ca5e88ee1012aeca,"{""code"":""rotated_surface_code"",""d"":15,""noise_model"":""SI1000"",""p"":0.00185,""rounds"":1}"
    240195,        24,         0,   133.4,pymatching,d66f80668590cbdbc87db47f2f37cadf9c76d855ed4c43d1ca5e88ee1012aeca,"{""code"":""rotated_surface_code"",""d"":15,""noise_model"":""SI1000"",""p"":0.00185,""rounds"":1}"
    256960,        17,         0,   142.6,pymatching,d66f80668590cbdbc87db47f2f37cadf9c76d855ed4c43d1ca5e88ee1012aeca,"{""code"":""rotated_surface_code"",""d"":15,""noise_model"":""SI1000"",""p"":0.00185,""rounds"":1}"
    265479,        30,         0,   146.8,pymatching,d66f80668590cbdbc87db47f2f37cadf9c76d855ed4c43d1ca5e88ee1012aeca,"{""code"":""rotated_surface_code"",""d"":15,""noise_model"":""SI1000"",""p"":0.00185,""rounds"":1}"
    250069,        23,         0,    96.3,pymatching,d66f80668590cbdbc87db47f2f37cadf9c76d855ed4c43d1ca5e88ee1012aeca,"{""code"":""rotated_surface_code"",""d"":15,""noise_model"":""SI1000"",""p"":0.00185,""rounds"":1}"
    247692,        15,         0,   134.8,pymatching,d66f80668590cbdbc87db47f2f37cadf9c76d855ed4c43d1ca5e88ee1012aeca,"{""code"":""rotated_surface_code"",""d"":15,""noise_model"":""SI1000"",""p"":0.00185,""rounds"":1}"
    245483,        18,         0,   134.6,pymatching,d66f80668590cbdbc87db47f2f37cadf9c76d855ed4c43d1ca5e88ee1012aeca,"{""code"":""rotated_surface_code"",""d"":15,""noise_model"":""SI1000"",""p"":0.00185,""rounds"":1}"
    248717,        26,         0,    94.0,pymatching,d66f80668590cbdbc87db47f2f37cadf9c76d855ed4c43d1ca5e88ee1012aeca,"{""code"":""rotated_surface_code"",""d"":15,""noise_model"":""SI1000"",""p"":0.00185,""rounds"":1}"
    241703,        13,         0,    92.1,pymatching,d66f80668590cbdbc87db47f2f37cadf9c76d855ed4c43d1ca5e88ee1012aeca,"{""code"":""rotated_surface_code"",""d"":15,""noise_model"":""SI1000"",""p"":0.00185,""rounds"":1}"
    245114,        18,         0,   134.7,pymatching,d66f80668590cbdbc87db47f2f37cadf9c76d855ed4c43d1ca5e88ee1012aeca,"{""code"":""rotated_surface_code"",""d"":15,""noise_model"":""SI1000"",""p"":0.00185,""rounds"":1}"
    246791,        11,         0,   136.1,pymatching,d66f80668590cbdbc87db47f2f37cadf9c76d855ed4c43d1ca5e88ee1012aeca,"{""code"":""rotated_surface_code"",""d"":15,""noise_model"":""SI1000"",""p"":0.00185,""rounds"":1}"
    240555,        18,         0,   134.2,pymatching,d66f80668590cbdbc87db47f2f37cadf9c76d855ed4c43d1ca5e88ee1012aeca,"{""code"":""rotated_surface_code"",""d"":15,""noise_model"":""SI1000"",""p"":0.00185,""rounds"":1}"
    241915,        25,         0,   134.9,pymatching,d66f80668590cbdbc87db47f2f37cadf9c76d855ed4c43d1ca5e88ee1012aeca,"{""code"":""rotated_surface_code"",""d"":15,""noise_model"":""SI1000"",""p"":0.00185,""rounds"":1}"
    243336,        19,         0,   136.1,pymatching,d66f80668590cbdbc87db47f2f37cadf9c76d855ed4c43d1ca5e88ee1012aeca,"{""code"":""rotated_surface_code"",""d"":15,""noise_model"":""SI1000"",""p"":0.00185,""rounds"":1}"
    239337,        25,         0,   133.0,pymatching,d66f80668590cbdbc87db47f2f37cadf9c76d855ed4c43d1ca5e88ee1012aeca,"{""code"":""rotated_surface_code"",""d"":15,""noise_model"":""SI1000"",""p"":0.00185,""rounds"":1}"
    242065,        17,         0,    90.4,pymatching,d66f80668590cbdbc87db47f2f37cadf9c76d855ed4c43d1ca5e88ee1012aeca,"{""code"":""rotated_surface_code"",""d"":15,""noise_model"":""SI1000"",""p"":0.00185,""rounds"":1}"
    240773,        26,         0,   130.8,pymatching,d66f80668590cbdbc87db47f2f37cadf9c76d855ed4c43d1ca5e88ee1012aeca,"{""code"":""rotated_surface_code"",""d"":15,""noise_model"":""SI1000"",""p"":0.00185,""rounds"":1}"
    244041,        20,         0,    92.1,pymatching,d66f80668590cbdbc87db47f2f37cadf9c76d855ed4c43d1ca5e88ee1012aeca,"{""code"":""rotated_surface_code"",""d"":15,""noise_model"":""SI1000"",""p"":0.00185,""rounds"":1}"
    239856,        21,         0,   131.3,pymatching,d66f80668590cbdbc87db47f2f37cadf9c76d855ed4c43d1ca5e88ee1012aeca,"{""code"":""rotated_surface_code"",""d"":15,""noise_model"":""SI1000"",""p"":0.00185,""rounds"":1}"
    180636,        19,         0,   100.2,pymatching,d66f80668590cbdbc87db47f2f37cadf9c76d855ed4c43d1ca5e88ee1012aeca,"{""code"":""rotated_surface_code"",""d"":15,""noise_model"":""SI1000"",""p"":0.00185,""rounds"":1}"
    191878,        51,         0,    83.3,pymatching,a5a4c1dfc258143704523d92b39fbe31918554c13c17784224e62df4119042dc,"{""code"":""rotated_surface_code"",""d"":15,""noise_model"":""SI1000"",""p"":0.0020750000000000005,""rounds"":1}"
    191878,        31,         0,   118.9,pymatching,a5a4c1dfc258143704523d92b39fbe31918554c13c17784224e62df4119042dc,"{""code"":""rotated_surface_code"",""d"":15,""noise_model"":""SI1000"",""p"":0.0020750000000000005,""rounds"":1}"
    191878,        38,         0,   120.2,pymatching,a5a4c1dfc258143704523d92b39fbe31918554c13c17784224e62df4119042dc,"{""code"":""rotated_surface_code"",""d"":15,""noise_model"":""SI1000"",""p"":0.0020750000000000005,""rounds"":1}"
    191878,        49,         0,   120.0,pymatching,a5a4c1dfc258143704523d92b39fbe31918554c13c17784224e62df4119042dc,"{""code"":""rotated_surface_code"",""d"":15,""noise_model"":""SI1000"",""p"":0.0020750000000000005,""rounds"":1}"
    243065,        16,         0,   133.8,pymatching,d66f80668590cbdbc87db47f2f37cadf9c76d855ed4c43d1ca5e88ee1012aeca,"{""code"":""rotated_surface_code"",""d"":15,""noise_model"":""SI1000"",""p"":0.00185,""rounds"":1}"
    242118,        24,         0,   133.7,pymatching,d66f80668590cbdbc87db47f2f37cadf9c76d855ed4c43d1ca5e88ee1012aeca,"{""code"":""rotated_surface_code"",""d"":15,""noise_model"":""SI1000"",""p"":0.00185,""rounds"":1}"
    191878,        46,         0,    83.0,pymatching,a5a4c1dfc258143704523d92b39fbe31918554c13c17784224e62df4119042dc,"{""code"":""rotated_surface_code"",""d"":15,""noise_model"":""SI1000"",""p"":0.0020750000000000005,""rounds"":1}"
    191878,        38,         0,   118.2,pymatching,a5a4c1dfc258143704523d92b39fbe31918554c13c17784224e62df4119042dc,"{""code"":""rotated_surface_code"",""d"":15,""noise_model"":""SI1000"",""p"":0.0020750000000000005,""rounds"":1}"
    191878,        46,         0,   118.1,pymatching,a5a4c1dfc258143704523d92b39fbe31918554c13c17784224e62df4119042dc,"{""code"":""rotated_surface_code"",""d"":15,""noise_model"":""SI1000"",""p"":0.0020750000000000005,""rounds"":1}"
    211358,        48,         0,    91.6,pymatching,a5a4c1dfc258143704523d92b39fbe31918554c13c17784224e62df4119042dc,"{""code"":""rotated_surface_code"",""d"":15,""noise_model"":""SI1000"",""p"":0.0020750000000000005,""rounds"":1}"
    191878,        40,         0,   118.3,pymatching,a5a4c1dfc258143704523d92b39fbe31918554c13c17784224e62df4119042dc,"{""code"":""rotated_surface_code"",""d"":15,""noise_model"":""SI1000"",""p"":0.0020750000000000005,""rounds"":1}"
    209690,        37,         0,    91.2,pymatching,a5a4c1dfc258143704523d92b39fbe31918554c13c17784224e62df4119042dc,"{""code"":""rotated_surface_code"",""d"":15,""noise_model"":""SI1000"",""p"":0.0020750000000000005,""rounds"":1}"
    201889,        56,         0,   126.0,pymatching,a5a4c1dfc258143704523d92b39fbe31918554c13c17784224e62df4119042dc,"{""code"":""rotated_surface_code"",""d"":15,""noise_model"":""SI1000"",""p"":0.0020750000000000005,""rounds"":1}"
    206987,        55,         0,   128.2,pymatching,a5a4c1dfc258143704523d92b39fbe31918554c13c17784224e62df4119042dc,"{""code"":""rotated_surface_code"",""d"":15,""noise_model"":""SI1000"",""p"":0.0020750000000000005,""rounds"":1}"
    203895,        54,         0,   128.3,pymatching,a5a4c1dfc258143704523d92b39fbe31918554c13c17784224e62df4119042dc,"{""code"":""rotated_surface_code"",""d"":15,""noise_model"":""SI1000"",""p"":0.0020750000000000005,""rounds"":1}"
       100,         0,         0,   0.668,pymatching,1396c1a20143f21c3653ecc382443caee04c16a40aa1f45cdcf1e86b968afec4,"{""code"":""rotated_surface_code"",""d"":15,""noise_model"":""SI1000"",""p"":0.0023,""rounds"":1}"
       200,         0,         0,   0.665,pymatching,1396c1a20143f21c3653ecc382443caee04c16a40aa1f45cdcf1e86b968afec4,"{""code"":""rotated_surface_code"",""d"":15,""noise_model"":""SI1000"",""p"":0.0023,""rounds"":1}"
       600,         1,         0,   0.897,pymatching,1396c1a20143f21c3653ecc382443caee04c16a40aa1f45cdcf1e86b968afec4,"{""code"":""rotated_surface_code"",""d"":15,""noise_model"":""SI1000"",""p"":0.0023,""rounds"":1}"
      1800,         2,         0,    1.82,pymatching,1396c1a20143f21c3653ecc382443caee04c16a40aa1f45cdcf1e86b968afec4,"{""code"":""rotated_surface_code"",""d"":15,""noise_model"":""SI1000"",""p"":0.0023,""rounds"":1}"
      1800,         3,         0,    1.87,pymatching,1396c1a20143f21c3653ecc382443caee04c16a40aa1f45cdcf1e86b968afec4,"{""code"":""rotated_surface_code"",""d"":15,""noise_model"":""SI1000"",""p"":0.0023,""rounds"":1}"
      5400,         2,         0,    4.48,pymatching,1396c1a20143f21c3653ecc382443caee04c16a40aa1f45cdcf1e86b968afec4,"{""code"":""rotated_surface_code"",""d"":15,""noise_model"":""SI1000"",""p"":0.0023,""rounds"":1}"
    201889,        54,         0,   125.4,pymatching,a5a4c1dfc258143704523d92b39fbe31918554c13c17784224e62df4119042dc,"{""code"":""rotated_surface_code"",""d"":15,""noise_model"":""SI1000"",""p"":0.0020750000000000005,""rounds"":1}"
      9000,         8,         0,    6.93,pymatching,1396c1a20143f21c3653ecc382443caee04c16a40aa1f45cdcf1e86b968afec4,"{""code"":""rotated_surface_code"",""d"":15,""noise_model"":""SI1000"",""p"":0.0023,""rounds"":1}"
    201889,        40,         0,   125.5,pymatching,a5a4c1dfc258143704523d92b39fbe31918554c13c17784224e62df4119042dc,"{""code"":""rotated_surface_code"",""d"":15,""noise_model"":""SI1000"",""p"":0.0020750000000000005,""rounds"":1}"
     32551,         2,         0,    20.2,pymatching,a5a4c1dfc258143704523d92b39fbe31918554c13c17784224e62df4119042dc,"{""code"":""rotated_surface_code"",""d"":15,""noise_model"":""SI1000"",""p"":0.0020750000000000005,""rounds"":1}"
       100,         0,         0,   0.608,pymatching,5b0e112c9ce67c7d454deb19508787948ea71ff4423deabf1b23f2433273515a,"{""code"":""rotated_surface_code"",""d"":15,""noise_model"":""SI1000"",""p"":0.0025250000000000003,""rounds"":1}"
       200,         0,         0,   0.695,pymatching,5b0e112c9ce67c7d454deb19508787948ea71ff4423deabf1b23f2433273515a,"{""code"":""rotated_surface_code"",""d"":15,""noise_model"":""SI1000"",""p"":0.0025250000000000003,""rounds"":1}"
       600,         1,         0,   0.973,pymatching,5b0e112c9ce67c7d454deb19508787948ea71ff4423deabf1b23f2433273515a,"{""code"":""rotated_surface_code"",""d"":15,""noise_model"":""SI1000"",""p"":0.0025250000000000003,""rounds"":1}"
      1800,         0,         0,    1.99,pymatching,5b0e112c9ce67c7d454deb19508787948ea71ff4423deabf1b23f2433273515a,"{""code"":""rotated_surface_code"",""d"":15,""noise_model"":""SI1000"",""p"":0.0025250000000000003,""rounds"":1}"
     19800,         8,         0,    14.8,pymatching,1396c1a20143f21c3653ecc382443caee04c16a40aa1f45cdcf1e86b968afec4,"{""code"":""rotated_surface_code"",""d"":15,""noise_model"":""SI1000"",""p"":0.0023,""rounds"":1}"
     19800,         8,         0,    14.8,pymatching,1396c1a20143f21c3653ecc382443caee04c16a40aa1f45cdcf1e86b968afec4,"{""code"":""rotated_surface_code"",""d"":15,""noise_model"":""SI1000"",""p"":0.0023,""rounds"":1}"
     17100,        12,         0,    12.9,pymatching,1396c1a20143f21c3653ecc382443caee04c16a40aa1f45cdcf1e86b968afec4,"{""code"":""rotated_surface_code"",""d"":15,""noise_model"":""SI1000"",""p"":0.0023,""rounds"":1}"
      5400,         6,         0,    4.80,pymatching,5b0e112c9ce67c7d454deb19508787948ea71ff4423deabf1b23f2433273515a,"{""code"":""rotated_surface_code"",""d"":15,""noise_model"":""SI1000"",""p"":0.0025250000000000003,""rounds"":1}"
     37800,        25,         0,    26.7,pymatching,1396c1a20143f21c3653ecc382443caee04c16a40aa1f45cdcf1e86b968afec4,"{""code"":""rotated_surface_code"",""d"":15,""noise_model"":""SI1000"",""p"":0.0023,""rounds"":1}"
     16200,         7,         0,    13.1,pymatching,5b0e112c9ce67c7d454deb19508787948ea71ff4423deabf1b23f2433273515a,"{""code"":""rotated_surface_code"",""d"":15,""noise_model"":""SI1000"",""p"":0.0025250000000000003,""rounds"":1}"
    207780,        36,         0,   130.4,pymatching,a5a4c1dfc258143704523d92b39fbe31918554c13c17784224e62df4119042dc,"{""code"":""rotated_surface_code"",""d"":15,""noise_model"":""SI1000"",""p"":0.0020750000000000005,""rounds"":1}"
    212035,        44,         0,    92.7,pymatching,a5a4c1dfc258143704523d92b39fbe31918554c13c17784224e62df4119042dc,"{""code"":""rotated_surface_code"",""d"":15,""noise_model"":""SI1000"",""p"":0.0020750000000000005,""rounds"":1}"
    206321,        65,         0,   129.4,pymatching,a5a4c1dfc258143704523d92b39fbe31918554c13c17784224e62df4119042dc,"{""code"":""rotated_surface_code"",""d"":15,""noise_model"":""SI1000"",""p"":0.0020750000000000005,""rounds"":1}"
    214841,        42,         0,    94.8,pymatching,a5a4c1dfc258143704523d92b39fbe31918554c13c17784224e62df4119042dc,"{""code"":""rotated_surface_code"",""d"":15,""noise_model"":""SI1000"",""p"":0.0020750000000000005,""rounds"":1}"
       100,         0,         0,   0.535,pymatching,79135b0ddc9a4a300432a9e718f33501501830357c6d5b389d0400e4bcdafd33,"{""code"":""rotated_surface_code"",""d"":15,""noise_model"":""SI1000"",""p"":0.0027500000000000003,""rounds"":1}"
       200,         1,         0,   0.634,pymatching,79135b0ddc9a4a300432a9e718f33501501830357c6d5b389d0400e4bcdafd33,"{""code"":""rotated_surface_code"",""d"":15,""noise_model"":""SI1000"",""p"":0.0027500000000000003,""rounds"":1}"
     77400,        45,         0,    55.6,pymatching,1396c1a20143f21c3653ecc382443caee04c16a40aa1f45cdcf1e86b968afec4,"{""code"":""rotated_surface_code"",""d"":15,""noise_model"":""SI1000"",""p"":0.0023,""rounds"":1}"
       600,         1,         0,   0.754,pymatching,79135b0ddc9a4a300432a9e718f33501501830357c6d5b389d0400e4bcdafd33,"{""code"":""rotated_surface_code"",""d"":15,""noise_model"":""SI1000"",""p"":0.0027500000000000003,""rounds"":1}"
     48600,        60,         0,    27.7,pymatching,5b0e112c9ce67c7d454deb19508787948ea71ff4423deabf1b23f2433273515a,"{""code"":""rotated_surface_code"",""d"":15,""noise_model"":""SI1000"",""p"":0.0025250000000000003,""rounds"":1}"
     48600,        34,         0,    39.5,pymatching,5b0e112c9ce67c7d454deb19508787948ea71ff4423deabf1b23f2433273515a,"{""code"":""rotated_surface_code"",""d"":15,""noise_model"":""SI1000"",""p"":0.0025250000000000003,""rounds"":1}"
     69621,        41,         0,    48.8,pymatching,1396c1a20143f21c3653ecc382443caee04c16a40aa1f45cdcf1e86b968afec4,"{""code"":""rotated_surface_code"",""d"":15,""noise_model"":""SI1000"",""p"":0.0023,""rounds"":1}"
     24300,        28,         0,    19.8,pymatching,5b0e112c9ce67c7d454deb19508787948ea71ff4423deabf1b23f2433273515a,"{""code"":""rotated_surface_code"",""d"":15,""noise_model"":""SI1000"",""p"":0.0025250000000000003,""rounds"":1}"
    210390,        41,         0,   129.2,pymatching,a5a4c1dfc258143704523d92b39fbe31918554c13c17784224e62df4119042dc,"{""code"":""rotated_surface_code"",""d"":15,""noise_model"":""SI1000"",""p"":0.0020750000000000005,""rounds"":1}"
    117000,        63,         0,    80.1,pymatching,1396c1a20143f21c3653ecc382443caee04c16a40aa1f45cdcf1e86b968afec4,"{""code"":""rotated_surface_code"",""d"":15,""noise_model"":""SI1000"",""p"":0.0023,""rounds"":1}"
    145800,        76,         0,   101.0,pymatching,1396c1a20143f21c3653ecc382443caee04c16a40aa1f45cdcf1e86b968afec4,"{""code"":""rotated_surface_code"",""d"":15,""noise_model"":""SI1000"",""p"":0.0023,""rounds"":1}"
    157179,        93,         0,   108.9,pymatching,1396c1a20143f21c3653ecc382443caee04c16a40aa1f45cdcf1e86b968afec4,"{""code"":""rotated_surface_code"",""d"":15,""noise_model"":""SI1000"",""p"":0.0023,""rounds"":1}"
    142354,        77,         0,    69.8,pymatching,1396c1a20143f21c3653ecc382443caee04c16a40aa1f45cdcf1e86b968afec4,"{""code"":""rotated_surface_code"",""d"":15,""noise_model"":""SI1000"",""p"":0.0023,""rounds"":1}"
    161023,        87,         0,    79.6,pymatching,1396c1a20143f21c3653ecc382443caee04c16a40aa1f45cdcf1e86b968afec4,"{""code"":""rotated_surface_code"",""d"":15,""noise_model"":""SI1000"",""p"":0.0023,""rounds"":1}"
     90530,        45,         0,    64.9,pymatching,1396c1a20143f21c3653ecc382443caee04c16a40aa1f45cdcf1e86b968afec4,"{""code"":""rotated_surface_code"",""d"":15,""noise_model"":""SI1000"",""p"":0.0023,""rounds"":1}"
     50396,        22,         0,    36.7,pymatching,1396c1a20143f21c3653ecc382443caee04c16a40aa1f45cdcf1e86b968afec4,"{""code"":""rotated_surface_code"",""d"":15,""noise_model"":""SI1000"",""p"":0.0023,""rounds"":1}"
      8599,         5,         0,    4.75,pymatching,1396c1a20143f21c3653ecc382443caee04c16a40aa1f45cdcf1e86b968afec4,"{""code"":""rotated_surface_code"",""d"":15,""noise_model"":""SI1000"",""p"":0.0023,""rounds"":1}"
     17356,        13,         0,    12.7,pymatching,1396c1a20143f21c3653ecc382443caee04c16a40aa1f45cdcf1e86b968afec4,"{""code"":""rotated_surface_code"",""d"":15,""noise_model"":""SI1000"",""p"":0.0023,""rounds"":1}"
     17511,         7,         0,    12.9,pymatching,1396c1a20143f21c3653ecc382443caee04c16a40aa1f45cdcf1e86b968afec4,"{""code"":""rotated_surface_code"",""d"":15,""noise_model"":""SI1000"",""p"":0.0023,""rounds"":1}"
      1800,         4,         0,    2.12,pymatching,79135b0ddc9a4a300432a9e718f33501501830357c6d5b389d0400e4bcdafd33,"{""code"":""rotated_surface_code"",""d"":15,""noise_model"":""SI1000"",""p"":0.0027500000000000003,""rounds"":1}"
      5400,        14,         0,    5.36,pymatching,79135b0ddc9a4a300432a9e718f33501501830357c6d5b389d0400e4bcdafd33,"{""code"":""rotated_surface_code"",""d"":15,""noise_model"":""SI1000"",""p"":0.0027500000000000003,""rounds"":1}"
    161023,        84,         0,   112.7,pymatching,1396c1a20143f21c3653ecc382443caee04c16a40aa1f45cdcf1e86b968afec4,"{""code"":""rotated_surface_code"",""d"":15,""noise_model"":""SI1000"",""p"":0.0023,""rounds"":1}"
      8872,         2,         0,    7.01,pymatching,1396c1a20143f21c3653ecc382443caee04c16a40aa1f45cdcf1e86b968afec4,"{""code"":""rotated_surface_code"",""d"":15,""noise_model"":""SI1000"",""p"":0.0023,""rounds"":1}"
     16200,        41,         0,    15.2,pymatching,79135b0ddc9a4a300432a9e718f33501501830357c6d5b389d0400e4bcdafd33,"{""code"":""rotated_surface_code"",""d"":15,""noise_model"":""SI1000"",""p"":0.0027500000000000003,""rounds"":1}"
      7172,         3,         0,    5.68,pymatching,1396c1a20143f21c3653ecc382443caee04c16a40aa1f45cdcf1e86b968afec4,"{""code"":""rotated_surface_code"",""d"":15,""noise_model"":""SI1000"",""p"":0.0023,""rounds"":1}"
    163598,        88,         0,   115.1,pymatching,1396c1a20143f21c3653ecc382443caee04c16a40aa1f45cdcf1e86b968afec4,"{""code"":""rotated_surface_code"",""d"":15,""noise_model"":""SI1000"",""p"":0.0023,""rounds"":1}"
      2290,         1,         0,    2.13,pymatching,1396c1a20143f21c3653ecc382443caee04c16a40aa1f45cdcf1e86b968afec4,"{""code"":""rotated_surface_code"",""d"":15,""noise_model"":""SI1000"",""p"":0.0023,""rounds"":1}"
      2560,         3,         0,    2.43,pymatching,1396c1a20143f21c3653ecc382443caee04c16a40aa1f45cdcf1e86b968afec4,"{""code"":""rotated_surface_code"",""d"":15,""noise_model"":""SI1000"",""p"":0.0023,""rounds"":1}"
       552,         0,         0,   0.915,pymatching,1396c1a20143f21c3653ecc382443caee04c16a40aa1f45cdcf1e86b968afec4,"{""code"":""rotated_surface_code"",""d"":15,""noise_model"":""SI1000"",""p"":0.0023,""rounds"":1}"
    163598,        90,         0,   116.3,pymatching,1396c1a20143f21c3653ecc382443caee04c16a40aa1f45cdcf1e86b968afec4,"{""code"":""rotated_surface_code"",""d"":15,""noise_model"":""SI1000"",""p"":0.0023,""rounds"":1}"
    163184,       189,         0,   129.0,pymatching,5b0e112c9ce67c7d454deb19508787948ea71ff4423deabf1b23f2433273515a,"{""code"":""rotated_surface_code"",""d"":15,""noise_model"":""SI1000"",""p"":0.0025250000000000003,""rounds"":1}"
       100,         0,         0,   0.650,pymatching,28893f8e5b629a5387166fa1d1ee37f953655c8d7d3eb3217ba999b96f3de39d,"{""code"":""rotated_surface_code"",""d"":15,""noise_model"":""SI1000"",""p"":0.002975,""rounds"":1}"
       200,         1,         0,   0.678,pymatching,28893f8e5b629a5387166fa1d1ee37f953655c8d7d3eb3217ba999b96f3de39d,"{""code"":""rotated_surface_code"",""d"":15,""noise_model"":""SI1000"",""p"":0.002975,""rounds"":1}"
       600,         2,         0,    1.04,pymatching,28893f8e5b629a5387166fa1d1ee37f953655c8d7d3eb3217ba999b96f3de39d,"{""code"":""rotated_surface_code"",""d"":15,""noise_model"":""SI1000"",""p"":0.002975,""rounds"":1}"
      1800,         8,         0,    2.28,pymatching,28893f8e5b629a5387166fa1d1ee37f953655c8d7d3eb3217ba999b96f3de39d,"{""code"":""rotated_surface_code"",""d"":15,""noise_model"":""SI1000"",""p"":0.002975,""rounds"":1}"
      5400,        22,         0,    5.95,pymatching,28893f8e5b629a5387166fa1d1ee37f953655c8d7d3eb3217ba999b96f3de39d,"{""code"":""rotated_surface_code"",""d"":15,""noise_model"":""SI1000"",""p"":0.002975,""rounds"":1}"
    166032,        92,         0,   118.6,pymatching,1396c1a20143f21c3653ecc382443caee04c16a40aa1f45cdcf1e86b968afec4,"{""code"":""rotated_surface_code"",""d"":15,""noise_model"":""SI1000"",""p"":0.0023,""rounds"":1}"
     24300,        51,         0,    22.4,pymatching,79135b0ddc9a4a300432a9e718f33501501830357c6d5b389d0400e4bcdafd33,"{""code"":""rotated_surface_code"",""d"":15,""noise_model"":""SI1000"",""p"":0.0027500000000000003,""rounds"":1}"
     16200,        85,         0,    16.7,pymatching,28893f8e5b629a5387166fa1d1ee37f953655c8d7d3eb3217ba999b96f3de39d,"{""code"":""rotated_surface_code"",""d"":15,""noise_model"":""SI1000"",""p"":0.002975,""rounds"":1}"
     16200,        70,         0,    16.7,pymatching,28893f8e5b629a5387166fa1d1ee37f953655c8d7d3eb3217ba999b96f3de39d,"{""code"":""rotated_surface_code"",""d"":15,""noise_model"":""SI1000"",""p"":0.002975,""rounds"":1}"
    160326,       183,         0,    90.3,pymatching,5b0e112c9ce67c7d454deb19508787948ea71ff4423deabf1b23f2433273515a,"{""code"":""rotated_surface_code"",""d"":15,""noise_model"":""SI1000"",""p"":0.0025250000000000003,""rounds"":1}"
     48600,       107,         0,    42.9,pymatching,79135b0ddc9a4a300432a9e718f33501501830357c6d5b389d0400e4bcdafd33,"{""code"":""rotated_surface_code"",""d"":15,""noise_model"":""SI1000"",""p"":0.0027500000000000003,""rounds"":1}"
     84838,       101,         0,    66.8,pymatching,5b0e112c9ce67c7d454deb19508787948ea71ff4423deabf1b23f2433273515a,"{""code"":""rotated_surface_code"",""d"":15,""noise_model"":""SI1000"",""p"":0.0025250000000000003,""rounds"":1}"
     48600,       104,         0,    43.6,pymatching,79135b0ddc9a4a300432a9e718f33501501830357c6d5b389d0400e4bcdafd33,"{""code"":""rotated_surface_code"",""d"":15,""noise_model"":""SI1000"",""p"":0.0027500000000000003,""rounds"":1}"
    160326,       163,         0,    91.4,pymatching,5b0e112c9ce67c7d454deb19508787948ea71ff4423deabf1b23f2433273515a,"{""code"":""rotated_surface_code"",""d"":15,""noise_model"":""SI1000"",""p"":0.0025250000000000003,""rounds"":1}"
      8205,        25,         0,    7.96,pymatching,79135b0ddc9a4a300432a9e718f33501501830357c6d5b389d0400e4bcdafd33,"{""code"":""rotated_surface_code"",""d"":15,""noise_model"":""SI1000"",""p"":0.0027500000000000003,""rounds"":1}"
       100,         1,         0,   0.634,pymatching,10d0944c21769cce269d0db6cb96e9ae54ceecf951d41ec82e042134558a51cd,"{""code"":""rotated_surface_code"",""d"":15,""noise_model"":""SI1000"",""p"":0.0032,""rounds"":1}"
     21866,        50,         0,    20.0,pymatching,79135b0ddc9a4a300432a9e718f33501501830357c6d5b389d0400e4bcdafd33,"{""code"":""rotated_surface_code"",""d"":15,""noise_model"":""SI1000"",""p"":0.0027500000000000003,""rounds"":1}"
       200,         3,         0,   0.742,pymatching,10d0944c21769cce269d0db6cb96e9ae54ceecf951d41ec82e042134558a51cd,"{""code"":""rotated_surface_code"",""d"":15,""noise_model"":""SI1000"",""p"":0.0032,""rounds"":1}"
       200,         1,         0,   0.744,pymatching,10d0944c21769cce269d0db6cb96e9ae54ceecf951d41ec82e042134558a51cd,"{""code"":""rotated_surface_code"",""d"":15,""noise_model"":""SI1000"",""p"":0.0032,""rounds"":1}"
       600,         4,         0,    1.16,pymatching,10d0944c21769cce269d0db6cb96e9ae54ceecf951d41ec82e042134558a51cd,"{""code"":""rotated_surface_code"",""d"":15,""noise_model"":""SI1000"",""p"":0.0032,""rounds"":1}"
     12433,        55,         0,    9.41,pymatching,28893f8e5b629a5387166fa1d1ee37f953655c8d7d3eb3217ba999b96f3de39d,"{""code"":""rotated_surface_code"",""d"":15,""noise_model"":""SI1000"",""p"":0.002975,""rounds"":1}"
      1000,        10,         0,    1.62,pymatching,10d0944c21769cce269d0db6cb96e9ae54ceecf951d41ec82e042134558a51cd,"{""code"":""rotated_surface_code"",""d"":15,""noise_model"":""SI1000"",""p"":0.0032,""rounds"":1}"
      2660,        13,         0,    2.23,pymatching,28893f8e5b629a5387166fa1d1ee37f953655c8d7d3eb3217ba999b96f3de39d,"{""code"":""rotated_surface_code"",""d"":15,""noise_model"":""SI1000"",""p"":0.002975,""rounds"":1}"
      2200,        14,         0,    2.95,pymatching,10d0944c21769cce269d0db6cb96e9ae54ceecf951d41ec82e042134558a51cd,"{""code"":""rotated_surface_code"",""d"":15,""noise_model"":""SI1000"",""p"":0.0032,""rounds"":1}"
     75850,        93,         0,    60.0,pymatching,5b0e112c9ce67c7d454deb19508787948ea71ff4423deabf1b23f2433273515a,"{""code"":""rotated_surface_code"",""d"":15,""noise_model"":""SI1000"",""p"":0.0025250000000000003,""rounds"":1}"
      4200,        24,         0,    5.20,pymatching,10d0944c21769cce269d0db6cb96e9ae54ceecf951d41ec82e042134558a51cd,"{""code"":""rotated_surface_code"",""d"":15,""noise_model"":""SI1000"",""p"":0.0032,""rounds"":1}"
      4100,        34,         0,    3.81,pymatching,10d0944c21769cce269d0db6cb96e9ae54ceecf951d41ec82e042134558a51cd,"{""code"":""rotated_surface_code"",""d"":15,""noise_model"":""SI1000"",""p"":0.0032,""rounds"":1}"
    160326,       184,         0,   127.4,pymatching,5b0e112c9ce67c7d454deb19508787948ea71ff4423deabf1b23f2433273515a,"{""code"":""rotated_surface_code"",""d"":15,""noise_model"":""SI1000"",""p"":0.0025250000000000003,""rounds"":1}"
      4600,        43,         0,    5.56,pymatching,10d0944c21769cce269d0db6cb96e9ae54ceecf951d41ec82e042134558a51cd,"{""code"":""rotated_surface_code"",""d"":15,""noise_model"":""SI1000"",""p"":0.0032,""rounds"":1}"
      8600,        75,         0,    9.91,pymatching,10d0944c21769cce269d0db6cb96e9ae54ceecf951d41ec82e042134558a51cd,"{""code"":""rotated_surface_code"",""d"":15,""noise_model"":""SI1000"",""p"":0.0032,""rounds"":1}"
     48600,       117,         0,    43.0,pymatching,79135b0ddc9a4a300432a9e718f33501501830357c6d5b389d0400e4bcdafd33,"{""code"":""rotated_surface_code"",""d"":15,""noise_model"":""SI1000"",""p"":0.0027500000000000003,""rounds"":1}"
      7600,        58,         0,    8.55,pymatching,10d0944c21769cce269d0db6cb96e9ae54ceecf951d41ec82e042134558a51cd,"{""code"":""rotated_surface_code"",""d"":15,""noise_model"":""SI1000"",""p"":0.0032,""rounds"":1}"
      1774,        14,         0,    2.47,pymatching,10d0944c21769cce269d0db6cb96e9ae54ceecf951d41ec82e042134558a51cd,"{""code"":""rotated_surface_code"",""d"":15,""noise_model"":""SI1000"",""p"":0.0032,""rounds"":1}"
       100,         1,         0,   0.652,pymatching,c3f9a786f36d40126490245f1e2fac248ec5009d7c03985b110f0be7e47245ee,"{""code"":""rotated_surface_code"",""d"":15,""noise_model"":""SI1000"",""p"":0.003425,""rounds"":1}"
       104,         1,         0,   0.629,pymatching,10d0944c21769cce269d0db6cb96e9ae54ceecf951d41ec82e042134558a51cd,"{""code"":""rotated_surface_code"",""d"":15,""noise_model"":""SI1000"",""p"":0.0032,""rounds"":1}"
       200,         0,         0,   0.751,pymatching,c3f9a786f36d40126490245f1e2fac248ec5009d7c03985b110f0be7e47245ee,"{""code"":""rotated_surface_code"",""d"":15,""noise_model"":""SI1000"",""p"":0.003425,""rounds"":1}"
       200,         1,         0,   0.739,pymatching,c3f9a786f36d40126490245f1e2fac248ec5009d7c03985b110f0be7e47245ee,"{""code"":""rotated_surface_code"",""d"":15,""noise_model"":""SI1000"",""p"":0.003425,""rounds"":1}"
       600,         8,         0,    1.21,pymatching,c3f9a786f36d40126490245f1e2fac248ec5009d7c03985b110f0be7e47245ee,"{""code"":""rotated_surface_code"",""d"":15,""noise_model"":""SI1000"",""p"":0.003425,""rounds"":1}"
      1000,        11,         0,    1.76,pymatching,c3f9a786f36d40126490245f1e2fac248ec5009d7c03985b110f0be7e47245ee,"{""code"":""rotated_surface_code"",""d"":15,""noise_model"":""SI1000"",""p"":0.003425,""rounds"":1}"
     17000,       128,         0,    19.4,pymatching,10d0944c21769cce269d0db6cb96e9ae54ceecf951d41ec82e042134558a51cd,"{""code"":""rotated_surface_code"",""d"":15,""noise_model"":""SI1000"",""p"":0.0032,""rounds"":1}"
      2200,        27,         0,    3.22,pymatching,c3f9a786f36d40126490245f1e2fac248ec5009d7c03985b110f0be7e47245ee,"{""code"":""rotated_surface_code"",""d"":15,""noise_model"":""SI1000"",""p"":0.003425,""rounds"":1}"
     25200,       191,         0,    20.8,pymatching,10d0944c21769cce269d0db6cb96e9ae54ceecf951d41ec82e042134558a51cd,"{""code"":""rotated_surface_code"",""d"":15,""noise_model"":""SI1000"",""p"":0.0032,""rounds"":1}"
      1507,        11,         0,    1.53,pymatching,10d0944c21769cce269d0db6cb96e9ae54ceecf951d41ec82e042134558a51cd,"{""code"":""rotated_surface_code"",""d"":15,""noise_model"":""SI1000"",""p"":0.0032,""rounds"":1}"
      2473,        22,         0,    3.31,pymatching,10d0944c21769cce269d0db6cb96e9ae54ceecf951d41ec82e042134558a51cd,"{""code"":""rotated_surface_code"",""d"":15,""noise_model"":""SI1000"",""p"":0.0032,""rounds"":1}"
       150,         0,         0,   0.630,pymatching,10d0944c21769cce269d0db6cb96e9ae54ceecf951d41ec82e042134558a51cd,"{""code"":""rotated_surface_code"",""d"":15,""noise_model"":""SI1000"",""p"":0.0032,""rounds"":1}"
       100,         1,         0,   0.503,pymatching,c3f9a786f36d40126490245f1e2fac248ec5009d7c03985b110f0be7e47245ee,"{""code"":""rotated_surface_code"",""d"":15,""noise_model"":""SI1000"",""p"":0.003425,""rounds"":1}"
      4200,        56,         0,    5.69,pymatching,c3f9a786f36d40126490245f1e2fac248ec5009d7c03985b110f0be7e47245ee,"{""code"":""rotated_surface_code"",""d"":15,""noise_model"":""SI1000"",""p"":0.003425,""rounds"":1}"
       600,         9,         0,   0.840,pymatching,c3f9a786f36d40126490245f1e2fac248ec5009d7c03985b110f0be7e47245ee,"{""code"":""rotated_surface_code"",""d"":15,""noise_model"":""SI1000"",""p"":0.003425,""rounds"":1}"
     81000,       362,         0,    58.8,pymatching,28893f8e5b629a5387166fa1d1ee37f953655c8d7d3eb3217ba999b96f3de39d,"{""code"":""rotated_surface_code"",""d"":15,""noise_model"":""SI1000"",""p"":0.002975,""rounds"":1}"
     20030,       174,         0,    22.3,pymatching,10d0944c21769cce269d0db6cb96e9ae54ceecf951d41ec82e042134558a51cd,"{""code"":""rotated_surface_code"",""d"":15,""noise_model"":""SI1000"",""p"":0.0032,""rounds"":1}"
      3737,        21,         0,    3.08,pymatching,28893f8e5b629a5387166fa1d1ee37f953655c8d7d3eb3217ba999b96f3de39d,"{""code"":""rotated_surface_code"",""d"":15,""noise_model"":""SI1000"",""p"":0.002975,""rounds"":1}"
      8600,       125,         0,    11.1,pymatching,c3f9a786f36d40126490245f1e2fac248ec5009d7c03985b110f0be7e47245ee,"{""code"":""rotated_surface_code"",""d"":15,""noise_model"":""SI1000"",""p"":0.003425,""rounds"":1}"
       100,         0,         0,   0.634,pymatching,988602d772802ee7fc891d30cf701a1fb3361139b6666e28564a2bb887d51fe4,"{""code"":""rotated_surface_code"",""d"":15,""noise_model"":""SI1000"",""p"":0.0036500000000000005,""rounds"":1}"
      8600,       112,         0,    10.9,pymatching,c3f9a786f36d40126490245f1e2fac248ec5009d7c03985b110f0be7e47245ee,"{""code"":""rotated_surface_code"",""d"":15,""noise_model"":""SI1000"",""p"":0.003425,""rounds"":1}"
       200,         2,         0,   0.779,pymatching,988602d772802ee7fc891d30cf701a1fb3361139b6666e28564a2bb887d51fe4,"{""code"":""rotated_surface_code"",""d"":15,""noise_model"":""SI1000"",""p"":0.0036500000000000005,""rounds"":1}"
       600,        15,         0,   0.924,pymatching,988602d772802ee7fc891d30cf701a1fb3361139b6666e28564a2bb887d51fe4,"{""code"":""rotated_surface_code"",""d"":15,""noise_model"":""SI1000"",""p"":0.0036500000000000005,""rounds"":1}"
       834,        10,         0,    1.54,pymatching,c3f9a786f36d40126490245f1e2fac248ec5009d7c03985b110f0be7e47245ee,"{""code"":""rotated_surface_code"",""d"":15,""noise_model"":""SI1000"",""p"":0.003425,""rounds"":1}"
       600,         9,         0,    1.30,pymatching,988602d772802ee7fc891d30cf701a1fb3361139b6666e28564a2bb887d51fe4,"{""code"":""rotated_surface_code"",""d"":15,""noise_model"":""SI1000"",""p"":0.0036500000000000005,""rounds"":1}"
     27600,       243,         0,    31.0,pymatching,10d0944c21769cce269d0db6cb96e9ae54ceecf951d41ec82e042134558a51cd,"{""code"":""rotated_surface_code"",""d"":15,""noise_model"":""SI1000"",""p"":0.0032,""rounds"":1}"
     11600,       165,         0,    11.0,pymatching,c3f9a786f36d40126490245f1e2fac248ec5009d7c03985b110f0be7e47245ee,"{""code"":""rotated_surface_code"",""d"":15,""noise_model"":""SI1000"",""p"":0.003425,""rounds"":1}"
       233,         7,         0,   0.764,pymatching,c3f9a786f36d40126490245f1e2fac248ec5009d7c03985b110f0be7e47245ee,"{""code"":""rotated_surface_code"",""d"":15,""noise_model"":""SI1000"",""p"":0.003425,""rounds"":1}"
       100,         5,         0,   0.464,pymatching,441aac4651398e728b57f89a7efb739fefcad1cfb7bcbfec8dcbf9bdd9b8adb5,"{""code"":""rotated_surface_code"",""d"":15,""noise_model"":""SI1000"",""p"":0.0038750000000000004,""rounds"":1}"
      1800,        42,         0,    2.26,pymatching,988602d772802ee7fc891d30cf701a1fb3361139b6666e28564a2bb887d51fe4,"{""code"":""rotated_surface_code"",""d"":15,""noise_model"":""SI1000"",""p"":0.0036500000000000005,""rounds"":1}"
       200,         5,         0,   0.570,pymatching,441aac4651398e728b57f89a7efb739fefcad1cfb7bcbfec8dcbf9bdd9b8adb5,"{""code"":""rotated_surface_code"",""d"":15,""noise_model"":""SI1000"",""p"":0.0038750000000000004,""rounds"":1}"
      3000,        51,         0,    4.43,pymatching,988602d772802ee7fc891d30cf701a1fb3361139b6666e28564a2bb887d51fe4,"{""code"":""rotated_surface_code"",""d"":15,""noise_model"":""SI1000"",""p"":0.0036500000000000005,""rounds"":1}"
      2700,        57,         0,    4.10,pymatching,988602d772802ee7fc891d30cf701a1fb3361139b6666e28564a2bb887d51fe4,"{""code"":""rotated_surface_code"",""d"":15,""noise_model"":""SI1000"",""p"":0.0036500000000000005,""rounds"":1}"
       600,        18,         0,    1.34,pymatching,441aac4651398e728b57f89a7efb739fefcad1cfb7bcbfec8dcbf9bdd9b8adb5,"{""code"":""rotated_surface_code"",""d"":15,""noise_model"":""SI1000"",""p"":0.0038750000000000004,""rounds"":1}"
       605,        15,         0,    1.28,pymatching,988602d772802ee7fc891d30cf701a1fb3361139b6666e28564a2bb887d51fe4,"{""code"":""rotated_surface_code"",""d"":15,""noise_model"":""SI1000"",""p"":0.0036500000000000005,""rounds"":1}"
      4200,        96,         0,    4.64,pymatching,988602d772802ee7fc891d30cf701a1fb3361139b6666e28564a2bb887d51fe4,"{""code"":""rotated_surface_code"",""d"":15,""noise_model"":""SI1000"",""p"":0.0036500000000000005,""rounds"":1}"
      6600,       146,         0,    6.89,pymatching,988602d772802ee7fc891d30cf701a1fb3361139b6666e28564a2bb887d51fe4,"{""code"":""rotated_surface_code"",""d"":15,""noise_model"":""SI1000"",""p"":0.0036500000000000005,""rounds"":1}"
     17200,       213,         0,    20.3,pymatching,c3f9a786f36d40126490245f1e2fac248ec5009d7c03985b110f0be7e47245ee,"{""code"":""rotated_surface_code"",""d"":15,""noise_model"":""SI1000"",""p"":0.003425,""rounds"":1}"
      1800,        50,         0,    2.47,pymatching,441aac4651398e728b57f89a7efb739fefcad1cfb7bcbfec8dcbf9bdd9b8adb5,"{""code"":""rotated_surface_code"",""d"":15,""noise_model"":""SI1000"",""p"":0.0038750000000000004,""rounds"":1}"
      1800,        73,         0,    3.23,pymatching,441aac4651398e728b57f89a7efb739fefcad1cfb7bcbfec8dcbf9bdd9b8adb5,"{""code"":""rotated_surface_code"",""d"":15,""noise_model"":""SI1000"",""p"":0.0038750000000000004,""rounds"":1}"
        91,         0,         0,   0.626,pymatching,c3f9a786f36d40126490245f1e2fac248ec5009d7c03985b110f0be7e47245ee,"{""code"":""rotated_surface_code"",""d"":15,""noise_model"":""SI1000"",""p"":0.003425,""rounds"":1}"
     97200,       210,         0,    86.1,pymatching,79135b0ddc9a4a300432a9e718f33501501830357c6d5b389d0400e4bcdafd33,"{""code"":""rotated_surface_code"",""d"":15,""noise_model"":""SI1000"",""p"":0.0027500000000000003,""rounds"":1}"
       900,        27,         0,    1.33,pymatching,441aac4651398e728b57f89a7efb739fefcad1cfb7bcbfec8dcbf9bdd9b8adb5,"{""code"":""rotated_surface_code"",""d"":15,""noise_model"":""SI1000"",""p"":0.0038750000000000004,""rounds"":1}"
       122,         2,         0,   0.665,pymatching,c3f9a786f36d40126490245f1e2fac248ec5009d7c03985b110f0be7e47245ee,"{""code"":""rotated_surface_code"",""d"":15,""noise_model"":""SI1000"",""p"":0.003425,""rounds"":1}"
       100,         2,         0,   0.676,pymatching,04b86f60533ab2ff9db213d30dcc86133bf0b3f7d425bf9a053f37a7a651a945,"{""code"":""rotated_surface_code"",""d"":15,""noise_model"":""SI1000"",""p"":0.0041,""rounds"":1}"
       200,         8,         0,   0.834,pymatching,04b86f60533ab2ff9db213d30dcc86133bf0b3f7d425bf9a053f37a7a651a945,"{""code"":""rotated_surface_code"",""d"":15,""noise_model"":""SI1000"",""p"":0.0041,""rounds"":1}"
       600,        28,         0,    1.47,pymatching,04b86f60533ab2ff9db213d30dcc86133bf0b3f7d425bf9a053f37a7a651a945,"{""code"":""rotated_surface_code"",""d"":15,""noise_model"":""SI1000"",""p"":0.0041,""rounds"":1}"
     81000,       337,         0,    80.5,pymatching,28893f8e5b629a5387166fa1d1ee37f953655c8d7d3eb3217ba999b96f3de39d,"{""code"":""rotated_surface_code"",""d"":15,""noise_model"":""SI1000"",""p"":0.002975,""rounds"":1}"
      3263,       104,         0,    4.09,pymatching,441aac4651398e728b57f89a7efb739fefcad1cfb7bcbfec8dcbf9bdd9b8adb5,"{""code"":""rotated_surface_code"",""d"":15,""noise_model"":""SI1000"",""p"":0.0038750000000000004,""rounds"":1}"
       443,        12,         0,   0.831,pymatching,441aac4651398e728b57f89a7efb739fefcad1cfb7bcbfec8dcbf9bdd9b8adb5,"{""code"":""rotated_surface_code"",""d"":15,""noise_model"":""SI1000"",""p"":0.0038750000000000004,""rounds"":1}"
      5400,       158,         0,    6.29,pymatching,441aac4651398e728b57f89a7efb739fefcad1cfb7bcbfec8dcbf9bdd9b8adb5,"{""code"":""rotated_surface_code"",""d"":15,""noise_model"":""SI1000"",""p"":0.0038750000000000004,""rounds"":1}"
       257,         9,         0,   0.647,pymatching,441aac4651398e728b57f89a7efb739fefcad1cfb7bcbfec8dcbf9bdd9b8adb5,"{""code"":""rotated_surface_code"",""d"":15,""noise_model"":""SI1000"",""p"":0.0038750000000000004,""rounds"":1}"
      1800,        77,         0,    3.43,pymatching,04b86f60533ab2ff9db213d30dcc86133bf0b3f7d425bf9a053f37a7a651a945,"{""code"":""rotated_surface_code"",""d"":15,""noise_model"":""SI1000"",""p"":0.0041,""rounds"":1}"
      1157,        43,         0,    1.62,pymatching,441aac4651398e728b57f89a7efb739fefcad1cfb7bcbfec8dcbf9bdd9b8adb5,"{""code"":""rotated_surface_code"",""d"":15,""noise_model"":""SI1000"",""p"":0.0038750000000000004,""rounds"":1}"
      1800,        91,         0,    2.59,pymatching,04b86f60533ab2ff9db213d30dcc86133bf0b3f7d425bf9a053f37a7a651a945,"{""code"":""rotated_surface_code"",""d"":15,""noise_model"":""SI1000"",""p"":0.0041,""rounds"":1}"
      5891,        29,         0,    6.44,pymatching,28893f8e5b629a5387166fa1d1ee37f953655c8d7d3eb3217ba999b96f3de39d,"{""code"":""rotated_surface_code"",""d"":15,""noise_model"":""SI1000"",""p"":0.002975,""rounds"":1}"
     19193,       255,         0,    24.2,pymatching,c3f9a786f36d40126490245f1e2fac248ec5009d7c03985b110f0be7e47245ee,"{""code"":""rotated_surface_code"",""d"":15,""noise_model"":""SI1000"",""p"":0.003425,""rounds"":1}"
      7200,       240,         0,    11.4,pymatching,441aac4651398e728b57f89a7efb739fefcad1cfb7bcbfec8dcbf9bdd9b8adb5,"{""code"":""rotated_surface_code"",""d"":15,""noise_model"":""SI1000"",""p"":0.0038750000000000004,""rounds"":1}"
     12600,       252,         0,    17.3,pymatching,988602d772802ee7fc891d30cf701a1fb3361139b6666e28564a2bb887d51fe4,"{""code"":""rotated_surface_code"",""d"":15,""noise_model"":""SI1000"",""p"":0.0036500000000000005,""rounds"":1}"
      9000,       289,         0,    13.3,pymatching,441aac4651398e728b57f89a7efb739fefcad1cfb7bcbfec8dcbf9bdd9b8adb5,"{""code"":""rotated_surface_code"",""d"":15,""noise_model"":""SI1000"",""p"":0.0038750000000000004,""rounds"":1}"
      5400,       273,         0,    6.84,pymatching,04b86f60533ab2ff9db213d30dcc86133bf0b3f7d425bf9a053f37a7a651a945,"{""code"":""rotated_surface_code"",""d"":15,""noise_model"":""SI1000"",""p"":0.0041,""rounds"":1}"
       100,         6,         0,   0.623,pymatching,20d34831fcec70d1c364162b6937e514f93e7acce76c9627dcf2b2c43082155b,"{""code"":""rotated_surface_code"",""d"":15,""noise_model"":""SI1000"",""p"":0.004325000000000001,""rounds"":1}"
       100,         9,         0,   0.638,pymatching,faf0714054c2a366b633815398767d15089bad8f7ad10159c6a2a8c681fa0c77,"{""code"":""rotated_surface_code"",""d"":15,""noise_model"":""SI1000"",""p"":0.00455,""rounds"":1}"
       200,        15,         0,   0.554,pymatching,20d34831fcec70d1c364162b6937e514f93e7acce76c9627dcf2b2c43082155b,"{""code"":""rotated_surface_code"",""d"":15,""noise_model"":""SI1000"",""p"":0.004325000000000001,""rounds"":1}"
      5400,       258,         0,    8.74,pymatching,04b86f60533ab2ff9db213d30dcc86133bf0b3f7d425bf9a053f37a7a651a945,"{""code"":""rotated_surface_code"",""d"":15,""noise_model"":""SI1000"",""p"":0.0041,""rounds"":1}"
       100,         8,         0,   0.630,pymatching,20d34831fcec70d1c364162b6937e514f93e7acce76c9627dcf2b2c43082155b,"{""code"":""rotated_surface_code"",""d"":15,""noise_model"":""SI1000"",""p"":0.004325000000000001,""rounds"":1}"
       200,        12,         0,   0.800,pymatching,20d34831fcec70d1c364162b6937e514f93e7acce76c9627dcf2b2c43082155b,"{""code"":""rotated_surface_code"",""d"":15,""noise_model"":""SI1000"",""p"":0.004325000000000001,""rounds"":1}"
       100,        16,         0,   0.708,pymatching,d7614251acfce2daadb4dba94fb7259770bb983e052110f6b68dd3821b9ae84b,"{""code"":""rotated_surface_code"",""d"":15,""noise_model"":""SI1000"",""p"":0.004775,""rounds"":1}"
       200,        20,         0,   0.867,pymatching,faf0714054c2a366b633815398767d15089bad8f7ad10159c6a2a8c681fa0c77,"{""code"":""rotated_surface_code"",""d"":15,""noise_model"":""SI1000"",""p"":0.00455,""rounds"":1}"
      6509,       289,         0,    7.89,pymatching,04b86f60533ab2ff9db213d30dcc86133bf0b3f7d425bf9a053f37a7a651a945,"{""code"":""rotated_surface_code"",""d"":15,""noise_model"":""SI1000"",""p"":0.0041,""rounds"":1}"
       600,        46,         0,    1.11,pymatching,20d34831fcec70d1c364162b6937e514f93e7acce76c9627dcf2b2c43082155b,"{""code"":""rotated_surface_code"",""d"":15,""noise_model"":""SI1000"",""p"":0.004325000000000001,""rounds"":1}"
       200,        11,         0,   0.891,pymatching,faf0714054c2a366b633815398767d15089bad8f7ad10159c6a2a8c681fa0c77,"{""code"":""rotated_surface_code"",""d"":15,""noise_model"":""SI1000"",""p"":0.00455,""rounds"":1}"
       600,        39,         0,    1.43,pymatching,20d34831fcec70d1c364162b6937e514f93e7acce76c9627dcf2b2c43082155b,"{""code"":""rotated_surface_code"",""d"":15,""noise_model"":""SI1000"",""p"":0.004325000000000001,""rounds"":1}"
       600,        42,         0,    1.47,pymatching,20d34831fcec70d1c364162b6937e514f93e7acce76c9627dcf2b2c43082155b,"{""code"":""rotated_surface_code"",""d"":15,""noise_model"":""SI1000"",""p"":0.004325000000000001,""rounds"":1}"
       100,         9,         0,   0.689,pymatching,faf0714054c2a366b633815398767d15089bad8f7ad10159c6a2a8c681fa0c77,"{""code"":""rotated_surface_code"",""d"":15,""noise_model"":""SI1000"",""p"":0.00455,""rounds"":1}"
       600,        50,         0,    1.16,pymatching,faf0714054c2a366b633815398767d15089bad8f7ad10159c6a2a8c681fa0c77,"{""code"":""rotated_surface_code"",""d"":15,""noise_model"":""SI1000"",""p"":0.00455,""rounds"":1}"
       600,        62,         0,    1.61,pymatching,faf0714054c2a366b633815398767d15089bad8f7ad10159c6a2a8c681fa0c77,"{""code"":""rotated_surface_code"",""d"":15,""noise_model"":""SI1000"",""p"":0.00455,""rounds"":1}"
     18000,       385,         0,    23.7,pymatching,988602d772802ee7fc891d30cf701a1fb3361139b6666e28564a2bb887d51fe4,"{""code"":""rotated_surface_code"",""d"":15,""noise_model"":""SI1000"",""p"":0.0036500000000000005,""rounds"":1}"
      1200,        82,         0,    2.61,pymatching,20d34831fcec70d1c364162b6937e514f93e7acce76c9627dcf2b2c43082155b,"{""code"":""rotated_surface_code"",""d"":15,""noise_model"":""SI1000"",""p"":0.004325000000000001,""rounds"":1}"
       140,         9,         0,   0.773,pymatching,20d34831fcec70d1c364162b6937e514f93e7acce76c9627dcf2b2c43082155b,"{""code"":""rotated_surface_code"",""d"":15,""noise_model"":""SI1000"",""p"":0.004325000000000001,""rounds"":1}"
      1200,        93,         0,    2.59,pymatching,20d34831fcec70d1c364162b6937e514f93e7acce76c9627dcf2b2c43082155b,"{""code"":""rotated_surface_code"",""d"":15,""noise_model"":""SI1000"",""p"":0.004325000000000001,""rounds"":1}"
        42,         0,         0,   0.594,pymatching,20d34831fcec70d1c364162b6937e514f93e7acce76c9627dcf2b2c43082155b,"{""code"":""rotated_surface_code"",""d"":15,""noise_model"":""SI1000"",""p"":0.004325000000000001,""rounds"":1}"
      1200,       117,         0,    2.82,pymatching,faf0714054c2a366b633815398767d15089bad8f7ad10159c6a2a8c681fa0c77,"{""code"":""rotated_surface_code"",""d"":15,""noise_model"":""SI1000"",""p"":0.00455,""rounds"":1}"
      2400,       146,         0,    3.51,pymatching,20d34831fcec70d1c364162b6937e514f93e7acce76c9627dcf2b2c43082155b,"{""code"":""rotated_surface_code"",""d"":15,""noise_model"":""SI1000"",""p"":0.004325000000000001,""rounds"":1}"
       200,        26,         0,   0.945,pymatching,d7614251acfce2daadb4dba94fb7259770bb983e052110f6b68dd3821b9ae84b,"{""code"":""rotated_surface_code"",""d"":15,""noise_model"":""SI1000"",""p"":0.004775,""rounds"":1}"
       200,        28,         0,   0.930,pymatching,d7614251acfce2daadb4dba94fb7259770bb983e052110f6b68dd3821b9ae84b,"{""code"":""rotated_surface_code"",""d"":15,""noise_model"":""SI1000"",""p"":0.004775,""rounds"":1}"
       100,        16,         0,   0.750,pymatching,d7614251acfce2daadb4dba94fb7259770bb983e052110f6b68dd3821b9ae84b,"{""code"":""rotated_surface_code"",""d"":15,""noise_model"":""SI1000"",""p"":0.004775,""rounds"":1}"
       408,        20,         0,   0.929,pymatching,20d34831fcec70d1c364162b6937e514f93e7acce76c9627dcf2b2c43082155b,"{""code"":""rotated_surface_code"",""d"":15,""noise_model"":""SI1000"",""p"":0.004325000000000001,""rounds"":1}"
      2400,       211,         0,    3.79,pymatching,faf0714054c2a366b633815398767d15089bad8f7ad10159c6a2a8c681fa0c77,"{""code"":""rotated_surface_code"",""d"":15,""noise_model"":""SI1000"",""p"":0.00455,""rounds"":1}"
       217,        12,         0,   0.647,pymatching,20d34831fcec70d1c364162b6937e514f93e7acce76c9627dcf2b2c43082155b,"{""code"":""rotated_surface_code"",""d"":15,""noise_model"":""SI1000"",""p"":0.004325000000000001,""rounds"":1}"
       255,        24,         0,   0.751,pymatching,faf0714054c2a366b633815398767d15089bad8f7ad10159c6a2a8c681fa0c77,"{""code"":""rotated_surface_code"",""d"":15,""noise_model"":""SI1000"",""p"":0.00455,""rounds"":1}"
       600,        56,         0,    1.74,pymatching,d7614251acfce2daadb4dba94fb7259770bb983e052110f6b68dd3821b9ae84b,"{""code"":""rotated_surface_code"",""d"":15,""noise_model"":""SI1000"",""p"":0.004775,""rounds"":1}"
      1800,       170,         0,    4.09,pymatching,faf0714054c2a366b633815398767d15089bad8f7ad10159c6a2a8c681fa0c77,"{""code"":""rotated_surface_code"",""d"":15,""noise_model"":""SI1000"",""p"":0.00455,""rounds"":1}"
        70,         5,         0,   0.507,pymatching,20d34831fcec70d1c364162b6937e514f93e7acce76c9627dcf2b2c43082155b,"{""code"":""rotated_surface_code"",""d"":15,""noise_model"":""SI1000"",""p"":0.004325000000000001,""rounds"":1}"
       200,        22,         0,   0.725,pymatching,d7614251acfce2daadb4dba94fb7259770bb983e052110f6b68dd3821b9ae84b,"{""code"":""rotated_surface_code"",""d"":15,""noise_model"":""SI1000"",""p"":0.004775,""rounds"":1}"
       100,        19,         0,   0.680,pymatching,d10764ef02d80bd10f53a2e194401a6a2ad33201dd6e76f35dc9b2be463266d2,"{""code"":""rotated_surface_code"",""d"":15,""noise_model"":""SI1000"",""p"":0.005,""rounds"":1}"
      1000,       114,         0,    2.65,pymatching,d7614251acfce2daadb4dba94fb7259770bb983e052110f6b68dd3821b9ae84b,"{""code"":""rotated_surface_code"",""d"":15,""noise_model"":""SI1000"",""p"":0.004775,""rounds"":1}"
       200,        29,         0,   0.695,pymatching,d10764ef02d80bd10f53a2e194401a6a2ad33201dd6e76f35dc9b2be463266d2,"{""code"":""rotated_surface_code"",""d"":15,""noise_model"":""SI1000"",""p"":0.005,""rounds"":1}"
      3449,       221,         0,    6.54,pymatching,20d34831fcec70d1c364162b6937e514f93e7acce76c9627dcf2b2c43082155b,"{""code"":""rotated_surface_code"",""d"":15,""noise_model"":""SI1000"",""p"":0.004325000000000001,""rounds"":1}"
      1200,       153,         0,    3.07,pymatching,d7614251acfce2daadb4dba94fb7259770bb983e052110f6b68dd3821b9ae84b,"{""code"":""rotated_surface_code"",""d"":15,""noise_model"":""SI1000"",""p"":0.004775,""rounds"":1}"
      3600,       228,         0,    6.83,pymatching,20d34831fcec70d1c364162b6937e514f93e7acce76c9627dcf2b2c43082155b,"{""code"":""rotated_surface_code"",""d"":15,""noise_model"":""SI1000"",""p"":0.004325000000000001,""rounds"":1}"
       231,        26,         0,   0.999,pymatching,d7614251acfce2daadb4dba94fb7259770bb983e052110f6b68dd3821b9ae84b,"{""code"":""rotated_surface_code"",""d"":15,""noise_model"":""SI1000"",""p"":0.004775,""rounds"":1}"
       146,        11,         0,   0.788,pymatching,20d34831fcec70d1c364162b6937e514f93e7acce76c9627dcf2b2c43082155b,"{""code"":""rotated_surface_code"",""d"":15,""noise_model"":""SI1000"",""p"":0.004325000000000001,""rounds"":1}"
       131,        12,         0,   0.786,pymatching,20d34831fcec70d1c364162b6937e514f93e7acce76c9627dcf2b2c43082155b,"{""code"":""rotated_surface_code"",""d"":15,""noise_model"":""SI1000"",""p"":0.004325000000000001,""rounds"":1}"
       600,       102,         0,    1.35,pymatching,d10764ef02d80bd10f53a2e194401a6a2ad33201dd6e76f35dc9b2be463266d2,"{""code"":""rotated_surface_code"",""d"":15,""noise_model"":""SI1000"",""p"":0.005,""rounds"":1}"
      1200,       147,         0,    2.29,pymatching,d7614251acfce2daadb4dba94fb7259770bb983e052110f6b68dd3821b9ae84b,"{""code"":""rotated_surface_code"",""d"":15,""noise_model"":""SI1000"",""p"":0.004775,""rounds"":1}"
      1200,       139,         0,    3.08,pymatching,d7614251acfce2daadb4dba94fb7259770bb983e052110f6b68dd3821b9ae84b,"{""code"":""rotated_surface_code"",""d"":15,""noise_model"":""SI1000"",""p"":0.004775,""rounds"":1}"
      3600,       349,         0,    7.52,pymatching,faf0714054c2a366b633815398767d15089bad8f7ad10159c6a2a8c681fa0c77,"{""code"":""rotated_surface_code"",""d"":15,""noise_model"":""SI1000"",""p"":0.00455,""rounds"":1}"
       300,        51,         0,    1.11,pymatching,d10764ef02d80bd10f53a2e194401a6a2ad33201dd6e76f35dc9b2be463266d2,"{""code"":""rotated_surface_code"",""d"":15,""noise_model"":""SI1000"",""p"":0.005,""rounds"":1}"
       600,        85,         0,    1.62,pymatching,d10764ef02d80bd10f53a2e194401a6a2ad33201dd6e76f35dc9b2be463266d2,"{""code"":""rotated_surface_code"",""d"":15,""noise_model"":""SI1000"",""p"":0.005,""rounds"":1}"
       331,        56,         0,   0.726,pymatching,d10764ef02d80bd10f53a2e194401a6a2ad33201dd6e76f35dc9b2be463266d2,"{""code"":""rotated_surface_code"",""d"":15,""noise_model"":""SI1000"",""p"":0.005,""rounds"":1}"
       563,       106,         0,   0.995,pymatching,d10764ef02d80bd10f53a2e194401a6a2ad33201dd6e76f35dc9b2be463266d2,"{""code"":""rotated_surface_code"",""d"":15,""noise_model"":""SI1000"",""p"":0.005,""rounds"":1}"
      2400,       315,         0,    4.76,pymatching,d7614251acfce2daadb4dba94fb7259770bb983e052110f6b68dd3821b9ae84b,"{""code"":""rotated_surface_code"",""d"":15,""noise_model"":""SI1000"",""p"":0.004775,""rounds"":1}"
      1800,       274,         0,    2.46,pymatching,d10764ef02d80bd10f53a2e194401a6a2ad33201dd6e76f35dc9b2be463266d2,"{""code"":""rotated_surface_code"",""d"":15,""noise_model"":""SI1000"",""p"":0.005,""rounds"":1}"
      1800,       267,         0,    2.76,pymatching,d10764ef02d80bd10f53a2e194401a6a2ad33201dd6e76f35dc9b2be463266d2,"{""code"":""rotated_surface_code"",""d"":15,""noise_model"":""SI1000"",""p"":0.005,""rounds"":1}"
        83,        17,         0,   0.264,pymatching,d10764ef02d80bd10f53a2e194401a6a2ad33201dd6e76f35dc9b2be463266d2,"{""code"":""rotated_surface_code"",""d"":15,""noise_model"":""SI1000"",""p"":0.005,""rounds"":1}"
    129682,       306,         0,   103.9,pymatching,79135b0ddc9a4a300432a9e718f33501501830357c6d5b389d0400e4bcdafd33,"{""code"":""rotated_surface_code"",""d"":15,""noise_model"":""SI1000"",""p"":0.0027500000000000003,""rounds"":1}"
       100,         0,         0,   0.667,pymatching,f03d9b6a86b63522df970f1e6bbb57c22bd3a79aeec6fc471b2c8fcbed0bf95d,"{""code"":""rotated_surface_code"",""d"":5,""noise_model"":""SD6_1"",""p"":0.0025250000000000003,""rounds"":0}",
       100,         0,         0,   0.690,pymatching,a1bb9ae472cb87525d94fc2614fb7c24600fea338e639d29533a0999de292f4b,"{""code"":""rotated_surface_code"",""d"":5,""noise_model"":""SD6_1"",""p"":0.0009500000000000001,""rounds"":0}",
       100,         0,         0,   0.682,pymatching,1eb6829aa40f4cf5e0d945df128e555c1adc60ddca75b73b79ff91067a2f6686,"{""code"":""rotated_surface_code"",""d"":5,""noise_model"":""SD6_1"",""p"":0.0014000000000000002,""rounds"":0}",
       100,         0,         0,   0.694,pymatching,effa61c68e7e1f1a9bd48163650075732884cf30d473c28064d697579bbe620c,"{""code"":""rotated_surface_code"",""d"":5,""noise_model"":""SD6_1"",""p"":0.0016250000000000001,""rounds"":0}",
       100,         0,         0,   0.673,pymatching,1f99fc46b131344099e575b2ab123d3bb5f56688caae2e764f3ac53fea0bfc0b,"{""code"":""rotated_surface_code"",""d"":5,""noise_model"":""SD6_1"",""p"":0.0007250000000000001,""rounds"":0}",
       100,         1,         0,   0.704,pymatching,aae5883df63716e4b4c3e388597b6c5f406df9cf1a87c75031f5e8a479df6a96,"{""code"":""rotated_surface_code"",""d"":5,""noise_model"":""SD6_1"",""p"":0.0023,""rounds"":0}",
       100,         0,         0,   0.708,pymatching,82ca547243bb19c91342c1d8afb7391a48d297e635f4d20315fbbb45fdee12da,"{""code"":""rotated_surface_code"",""d"":5,""noise_model"":""SD6_1"",""p"":0.00185,""rounds"":0}",
       100,         0,         0,   0.711,pymatching,caa778bae4280929e6d62cc421917e06a0cf30014466c5cee31e129707abbcee,"{""code"":""rotated_surface_code"",""d"":5,""noise_model"":""SD6_1"",""p"":0.0005,""rounds"":0}",
       100,         0,         0,   0.718,pymatching,962490e4d09b6d8e23d0e19f7e9234461c8b88565e222fd3806924b947a44edb,"{""code"":""rotated_surface_code"",""d"":5,""noise_model"":""SD6_1"",""p"":0.001175,""rounds"":0}",
       100,         0,         0,   0.720,pymatching,28eaab875a3ccd347e05d59eee2c527769b27e9b872e90b55fdf27ed409ffabb,"{""code"":""rotated_surface_code"",""d"":5,""noise_model"":""SD6_1"",""p"":0.0020750000000000005,""rounds"":0}",
       100,         0,         0,   0.003,pymatching,dac6262c0b8ebdad7effabdc1d5e067c556be98f4b1214df8adc95ccc74b934d,"{""code"":""rotated_surface_code"",""d"":5,""noise_model"":""SD6_1"",""p"":0.0032,""rounds"":0}",
       100,         3,         0,   0.003,pymatching,4acd82e5ed3e7ab116d17ba8739bc705d8fbd58b867dd7ff61283b64b61903e7,"{""code"":""rotated_surface_code"",""d"":5,""noise_model"":""SD6_1"",""p"":0.0027500000000000003,""rounds"":0}",
       100,         4,         0,   0.003,pymatching,1808a201964f0bab1c656d6e932f58136843ccf4846a49635e086d06f03cfda0,"{""code"":""rotated_surface_code"",""d"":5,""noise_model"":""SD6_1"",""p"":0.003425,""rounds"":0}",
       100,         2,         0,   0.003,pymatching,d93018582bd6106f979e670f457f9ab37935d6a1ddc4a729137dc8d17f66973f,"{""code"":""rotated_surface_code"",""d"":5,""noise_model"":""SD6_1"",""p"":0.002975,""rounds"":0}",
       100,         3,         0,   0.003,pymatching,fbbf31e7c14eeb504b3fc77b4b2a16c983c0b850b32c15f42ef1723df5120eba,"{""code"":""rotated_surface_code"",""d"":5,""noise_model"":""SD6_1"",""p"":0.0036500000000000005,""rounds"":0}",
       100,         2,         0,   0.003,pymatching,0782fc64709e99773114fda3960c3a50de918ab1e47a3f8a0573bccfec0c14ec,"{""code"":""rotated_surface_code"",""d"":5,""noise_model"":""SD6_1"",""p"":0.0038750000000000004,""rounds"":0}",
       100,         1,         0,   0.003,pymatching,7c9cb93e75ef3e42c75c020eb6a58a61e82d45d34ac6f3aa3dfbe3a9c863a293,"{""code"":""rotated_surface_code"",""d"":5,""noise_model"":""SD6_1"",""p"":0.004325000000000001,""rounds"":0}",
       100,         3,         0,   0.003,pymatching,02709eaabd5893907a0e59fafbc638d66c12c2df87c1a5bca2e5ddc99cd22594,"{""code"":""rotated_surface_code"",""d"":5,""noise_model"":""SD6_1"",""p"":0.0041,""rounds"":0}",
       100,         7,         0,   0.003,pymatching,9f5a3275582d756d54c6be877ccffd43781c4cf05b104487054b9f7d47c40b1c,"{""code"":""rotated_surface_code"",""d"":5,""noise_model"":""SD6_1"",""p"":0.00455,""rounds"":0}",
       100,         6,         0,   0.003,pymatching,45a154831a31a708dc7398adcb99a510dd26d8a357537647a3ab8fac58489bea,"{""code"":""rotated_surface_code"",""d"":5,""noise_model"":""SD6_1"",""p"":0.004775,""rounds"":0}",
       100,         9,         0,   0.003,pymatching,50434095b3d4f2fa23e390c0b3d393c9bb2b81be8c53d58669ee111556228842,"{""code"":""rotated_surface_code"",""d"":5,""noise_model"":""SD6_1"",""p"":0.005,""rounds"":0}",
       100,         0,         0,   0.007,pymatching,39697e0c3454ab2f9f3360163d72835d3b38fcc5d69dabee99b87f1153b6439e,"{""code"":""rotated_surface_code"",""d"":7,""noise_model"":""SD6_1"",""p"":0.0007250000000000001,""rounds"":0}",
       100,         0,         0,   0.007,pymatching,cd1739e155d979342b3660df7fc78672a22dcc94a7a0a3c9429eb22ecf651910,"{""code"":""rotated_surface_code"",""d"":7,""noise_model"":""SD6_1"",""p"":0.0005,""rounds"":0}",
       100,         0,         0,   0.008,pymatching,ead72089c50c707a68b4bb6d4603ceb5f559256a762b6a3999469b854afe8de8,"{""code"":""rotated_surface_code"",""d"":7,""noise_model"":""SD6_1"",""p"":0.0009500000000000001,""rounds"":0}",
       100,         0,         0,   0.008,pymatching,0cacf41ccbf810d2572c2670096f85286734dd73707c5527ed8f3438dcdcc576,"{""code"":""rotated_surface_code"",""d"":7,""noise_model"":""SD6_1"",""p"":0.001175,""rounds"":0}",
       100,         0,         0,   0.008,pymatching,b6985100bfd14996bf50e546d4eb28addf651750789896df35ad6f0f162823da,"{""code"":""rotated_surface_code"",""d"":7,""noise_model"":""SD6_1"",""p"":0.0014000000000000002,""rounds"":0}",
       100,         0,         0,   0.008,pymatching,9febf4430fb62de59a0aeb788884a4d80c291208e3508c106011b8a0f2f0bd31,"{""code"":""rotated_surface_code"",""d"":7,""noise_model"":""SD6_1"",""p"":0.0016250000000000001,""rounds"":0}",
       100,         0,         0,   0.008,pymatching,7c89fb89ed1d80c81faf6e7f60251f0d86b3ce8749181bd1b86197639b0e03cf,"{""code"":""rotated_surface_code"",""d"":7,""noise_model"":""SD6_1"",""p"":0.00185,""rounds"":0}",
       100,         1,         0,   0.008,pymatching,e1463e3e3585a932bbac35b5f83c23b35f18f28232a4710aa5b41d71b51698d2,"{""code"":""rotated_surface_code"",""d"":7,""noise_model"":""SD6_1"",""p"":0.0020750000000000005,""rounds"":0}",
       100,         0,         0,   0.008,pymatching,e1278e54e5f1bc3f49bb87c2871490e6ffff2c7aa5b62da29ab279ae070c9bc6,"{""code"":""rotated_surface_code"",""d"":7,""noise_model"":""SD6_1"",""p"":0.0023,""rounds"":0}",
       100,         0,         0,   0.008,pymatching,89a827ce663834234b757a6856ac96505e9cb007cd435ea36c1d93f16f168778,"{""code"":""rotated_surface_code"",""d"":7,""noise_model"":""SD6_1"",""p"":0.0025250000000000003,""rounds"":0}",
       100,         1,         0,   0.008,pymatching,f9bb62a6f789caee920339b5b854d8c084055365ee547e22ee59fa3c7013ed6c,"{""code"":""rotated_surface_code"",""d"":7,""noise_model"":""SD6_1"",""p"":0.0027500000000000003,""rounds"":0}",
       100,         3,         0,   0.008,pymatching,7119489d04ef96ce54550425ce76ca565ca14228c92a3102c2ba780660564771,"{""code"":""rotated_surface_code"",""d"":7,""noise_model"":""SD6_1"",""p"":0.002975,""rounds"":0}",
       100,         2,         0,   0.008,pymatching,4431d59b4aaf5644a0bebda0d401f6b5911d887b3018f4a79a5ea0dc4920696e,"{""code"":""rotated_surface_code"",""d"":7,""noise_model"":""SD6_1"",""p"":0.0032,""rounds"":0}",
       100,         2,         0,   0.008,pymatching,ceba47d7e04d44d8f1e980739a7510cecb7716df4aa17faab7982f5a932c6bfc,"{""code"":""rotated_surface_code"",""d"":7,""noise_model"":""SD6_1"",""p"":0.0036500000000000005,""rounds"":0}",
       100,         1,         0,   0.008,pymatching,dbc7a74452de5f49779a0ad2dccb07166b635fa456c69c2c6bfe840bda9e3b29,"{""code"":""rotated_surface_code"",""d"":7,""noise_model"":""SD6_1"",""p"":0.0038750000000000004,""rounds"":0}",
       100,         2,         0,   0.008,pymatching,3a0f0c8eac4b9d3861ae4a84d0aacb227e02441659d97f751b3bec0744a85bf5,"{""code"":""rotated_surface_code"",""d"":7,""noise_model"":""SD6_1"",""p"":0.003425,""rounds"":0}",
       100,         7,         0,   0.008,pymatching,f52d1446ed8763c04c138ff1ed54422cee601ff74dacde95d50b189f9ef3ca75,"{""code"":""rotated_surface_code"",""d"":7,""noise_model"":""SD6_1"",""p"":0.0041,""rounds"":0}",
       100,         6,         0,   0.009,pymatching,55435dc8433e4b6975927ddbef7c12640a798afd53e75142bbdc260bd1359aad,"{""code"":""rotated_surface_code"",""d"":7,""noise_model"":""SD6_1"",""p"":0.004325000000000001,""rounds"":0}",
       100,         5,         0,   0.009,pymatching,4ed64782a8932a795ba5988eb641e5bc803272bfb1914a629c3751dea2c445fc,"{""code"":""rotated_surface_code"",""d"":7,""noise_model"":""SD6_1"",""p"":0.00455,""rounds"":0}",
       100,         7,         0,   0.009,pymatching,d271409d117131dadfb7e99bf0636860ab3b7f8454b74ab6a0f66d773c095e10,"{""code"":""rotated_surface_code"",""d"":7,""noise_model"":""SD6_1"",""p"":0.004775,""rounds"":0}",
       100,        10,         0,   0.009,pymatching,0bba4b5c389a212a557ea9553ef77993d49b98f24b1b126be3e70571a790d4ff,"{""code"":""rotated_surface_code"",""d"":7,""noise_model"":""SD6_1"",""p"":0.005,""rounds"":0}",
       100,         0,         0,   0.014,pymatching,b8b95a91b95490e1cad478c48ff99d9103d8117f834b97d96edcd6628325adeb,"{""code"":""rotated_surface_code"",""d"":9,""noise_model"":""SD6_1"",""p"":0.0005,""rounds"":0}",
       100,         0,         0,   0.014,pymatching,053535179f3da5ce058bb727c1fb31377ba60a517e15e60185526f7900be5fd7,"{""code"":""rotated_surface_code"",""d"":9,""noise_model"":""SD6_1"",""p"":0.0007250000000000001,""rounds"":0}",
       100,         0,         0,   0.014,pymatching,76c6e2832af53b7e1af333121e2942b39ac69222782d39e7f084a96115096896,"{""code"":""rotated_surface_code"",""d"":9,""noise_model"":""SD6_1"",""p"":0.001175,""rounds"":0}",
       100,         0,         0,   0.015,pymatching,5fcab3a52f4daadd0c8562005ddde5001e4f39f39463b12a5c1f53e4be80d2d7,"{""code"":""rotated_surface_code"",""d"":9,""noise_model"":""SD6_1"",""p"":0.0009500000000000001,""rounds"":0}",
       100,         0,         0,   0.015,pymatching,8f4ba76922ca5811a9f06b4f58bb334fa2c2c7697d1f6d694dcf0bdfde016eb6,"{""code"":""rotated_surface_code"",""d"":9,""noise_model"":""SD6_1"",""p"":0.0016250000000000001,""rounds"":0}",
       100,         0,         0,   0.014,pymatching,3ac56936c5b9682ced4c53f6fcc819331b3c8f5e2293b9f1079c88cbadeffa61,"{""code"":""rotated_surface_code"",""d"":9,""noise_model"":""SD6_1"",""p"":0.0014000000000000002,""rounds"":0}",
       100,         0,         0,   0.015,pymatching,f6b2d33d585d3ad702d5b360f2b314146b709eca7cfdf027257d641896718046,"{""code"":""rotated_surface_code"",""d"":9,""noise_model"":""SD6_1"",""p"":0.0020750000000000005,""rounds"":0}",
       100,         0,         0,   0.015,pymatching,4cf509c07e04f20d77b2bfe3b05aef85a9c57589b604d67bd33082695694efd2,"{""code"":""rotated_surface_code"",""d"":9,""noise_model"":""SD6_1"",""p"":0.00185,""rounds"":0}",
       100,         0,         0,   0.015,pymatching,a0bd16f16b8767a3e4d536a32bcb06379bd0d69f9c3a714d0bb66742101b5773,"{""code"":""rotated_surface_code"",""d"":9,""noise_model"":""SD6_1"",""p"":0.0023,""rounds"":0}",
       100,         0,         0,   0.015,pymatching,bda1a070c2b340d93e505d5f73aeab34d217e2b7564810dd66271c7ba192a102,"{""code"":""rotated_surface_code"",""d"":9,""noise_model"":""SD6_1"",""p"":0.0025250000000000003,""rounds"":0}",
       100,         0,         0,   0.015,pymatching,7318e4d4550887ed5e7fef620b129a21c925e8515cd2c2b349a4a6b475dd74fc,"{""code"":""rotated_surface_code"",""d"":9,""noise_model"":""SD6_1"",""p"":0.0027500000000000003,""rounds"":0}",
       100,         1,         0,   0.015,pymatching,0296abaa923221f78f0c27be1cef9601cfa90f0cd6e88ed4199a595ded12b2de,"{""code"":""rotated_surface_code"",""d"":9,""noise_model"":""SD6_1"",""p"":0.0032,""rounds"":0}",
       100,         0,         0,   0.016,pymatching,4ebaac339c638e7fe6e2530771f7faa15a7bf9f5a4854cda5b09eeb364ed7399,"{""code"":""rotated_surface_code"",""d"":9,""noise_model"":""SD6_1"",""p"":0.002975,""rounds"":0}",
       100,         1,         0,   0.016,pymatching,275b09adba3ca40ebde68ed91cca7aaca568c116af741312c766cc532ebec1ab,"{""code"":""rotated_surface_code"",""d"":9,""noise_model"":""SD6_1"",""p"":0.003425,""rounds"":0}",
       100,         2,         0,   0.016,pymatching,7b50ca4fb18d2dedd5a8002e5ef02aeb2f19880f2eb90395ded4d07b53ad8a06,"{""code"":""rotated_surface_code"",""d"":9,""noise_model"":""SD6_1"",""p"":0.0036500000000000005,""rounds"":0}",
       100,         3,         0,   0.016,pymatching,dab8c380f4914f38984b82221589156fdafdba4376dea5091f296d7a2c51b908,"{""code"":""rotated_surface_code"",""d"":9,""noise_model"":""SD6_1"",""p"":0.0038750000000000004,""rounds"":0}",
       100,         5,         0,   0.016,pymatching,818158aaeea7fcd824075c47e4fa2c6cb9fc5cd9644ce34fcaad6539e0fdf144,"{""code"":""rotated_surface_code"",""d"":9,""noise_model"":""SD6_1"",""p"":0.0041,""rounds"":0}",
       100,         2,         0,   0.017,pymatching,809d3db6136ecd617d06c3c6de7d0127249aed0132ae50f19b33e59183580543,"{""code"":""rotated_surface_code"",""d"":9,""noise_model"":""SD6_1"",""p"":0.004325000000000001,""rounds"":0}",
       100,         2,         0,   0.017,pymatching,55ec43f51e1e7035879eb39cf65d9a1d784d0937bf1c3bd5c04daac20fd894ad,"{""code"":""rotated_surface_code"",""d"":9,""noise_model"":""SD6_1"",""p"":0.00455,""rounds"":0}",
       100,         9,         0,   0.017,pymatching,224f1e95698a440a186039dc679c68fe64a501d39cad3c68532b3f772c743bd1,"{""code"":""rotated_surface_code"",""d"":9,""noise_model"":""SD6_1"",""p"":0.004775,""rounds"":0}",
       100,         4,         0,   0.018,pymatching,ca70d8f2fd4de2e4b10530e77c5b9f90e6ba920cbc2168bb4600a4fe0c97955d,"{""code"":""rotated_surface_code"",""d"":9,""noise_model"":""SD6_1"",""p"":0.005,""rounds"":0}",
       100,         0,         0,   0.024,pymatching,27a005a5fed618fe75412395e093894b63d75106511c6f0a498bf9937a400a3b,"{""code"":""rotated_surface_code"",""d"":11,""noise_model"":""SD6_1"",""p"":0.0005,""rounds"":0}",
       100,         0,         0,   0.024,pymatching,01188b506c5a7c4a90b397e224196c090f6713054201319b56e0e6e8640884fa,"{""code"":""rotated_surface_code"",""d"":11,""noise_model"":""SD6_1"",""p"":0.0007250000000000001,""rounds"":0}",
       100,         0,         0,   0.024,pymatching,d3318932c6e5af9133328d60d12dc619e3700fc1472c7b5c7fc8431590e03df9,"{""code"":""rotated_surface_code"",""d"":11,""noise_model"":""SD6_1"",""p"":0.0009500000000000001,""rounds"":0}",
       100,         0,         0,   0.025,pymatching,ab0649b82e24bda2dc751c13aaee76fa5afed155c65bea77d878bab78e025567,"{""code"":""rotated_surface_code"",""d"":11,""noise_model"":""SD6_1"",""p"":0.001175,""rounds"":0}",
       100,         0,         0,   0.025,pymatching,be27b12ac983ba4fc8a3e3f32da7fac6d7a6bb199955bbcdd70d17795dcda931,"{""code"":""rotated_surface_code"",""d"":11,""noise_model"":""SD6_1"",""p"":0.0014000000000000002,""rounds"":0}",
       100,         0,         0,   0.026,pymatching,3cffe8938571ee635eef90bf6b9d87ebfc551977e5bc98e948da692b1a931926,"{""code"":""rotated_surface_code"",""d"":11,""noise_model"":""SD6_1"",""p"":0.0016250000000000001,""rounds"":0}",
       100,         0,         0,   0.026,pymatching,a6ea0b4a2638d7962209d5d1e64b40d6591448f59b6784c6b4a86a662d1f6a7d,"{""code"":""rotated_surface_code"",""d"":11,""noise_model"":""SD6_1"",""p"":0.00185,""rounds"":0}",
       100,         0,         0,   0.026,pymatching,6bd40d2f1a0e0219b3cc3b302cd43d052e77c36ec7f2b53027bf8a5152ecee77,"{""code"":""rotated_surface_code"",""d"":11,""noise_model"":""SD6_1"",""p"":0.0020750000000000005,""rounds"":0}",
       100,         1,         0,   0.026,pymatching,4f943539899aa7b61d23bc8502178f2b65daa1852b19dc2fc167d95ecc344259,"{""code"":""rotated_surface_code"",""d"":11,""noise_model"":""SD6_1"",""p"":0.0023,""rounds"":0}",
       100,         0,         0,   0.026,pymatching,2fad913f0cd00ecd969f5242385c0d50e2fef973fd5a15accdf9fc1862def030,"{""code"":""rotated_surface_code"",""d"":11,""noise_model"":""SD6_1"",""p"":0.0025250000000000003,""rounds"":0}",
       100,         0,         0,   0.026,pymatching,e186468575d2f14cf2be71c97514500847ab0bd098d8d2bc66f2b63fc1e600ba,"{""code"":""rotated_surface_code"",""d"":11,""noise_model"":""SD6_1"",""p"":0.0027500000000000003,""rounds"":0}",
       100,         0,         0,   0.027,pymatching,16b573fe08a7a986fc389355e560788877ebeb03f651d0bda0d65977bfda8547,"{""code"":""rotated_surface_code"",""d"":11,""noise_model"":""SD6_1"",""p"":0.002975,""rounds"":0}",
       100,         0,         0,   0.027,pymatching,5a63652f0a926f14638221c176a43f27836786729500e9932f70fbb5abd47b82,"{""code"":""rotated_surface_code"",""d"":11,""noise_model"":""SD6_1"",""p"":0.0032,""rounds"":0}",
       100,         0,         0,   0.027,pymatching,a65e6a7de48ff0fc4daf70d7b18940c86f96bca68c3c102aa08ac7ae4ce890cb,"{""code"":""rotated_surface_code"",""d"":11,""noise_model"":""SD6_1"",""p"":0.003425,""rounds"":0}",
       100,         0,         0,   0.027,pymatching,f685aef202f4353f7d348813b358de77aaeb4f5236532880895d7cd03b8b1831,"{""code"":""rotated_surface_code"",""d"":11,""noise_model"":""SD6_1"",""p"":0.0036500000000000005,""rounds"":0}",
       100,         2,         0,   0.028,pymatching,32a0b85cbc39510dc4cb0370d582b3c77e555bb6d76cc9b7e8a6db8414ed21f1,"{""code"":""rotated_surface_code"",""d"":11,""noise_model"":""SD6_1"",""p"":0.0038750000000000004,""rounds"":0}",
       100,         2,         0,   0.028,pymatching,94329242ae0e0d5512c34d15b97996ff9bde233222507ae54c2ffbb00a8b46a8,"{""code"":""rotated_surface_code"",""d"":11,""noise_model"":""SD6_1"",""p"":0.0041,""rounds"":0}",
       100,         3,         0,   0.029,pymatching,718da9a8a74cac6de6385f5d969f817ce1c3f50b41e4039ed633f92d394a9018,"{""code"":""rotated_surface_code"",""d"":11,""noise_model"":""SD6_1"",""p"":0.00455,""rounds"":0}",
       100,         1,         0,   0.029,pymatching,dea83dfdee5d0c6ee24e212af6beb61a65c6d2aa7424a3f29cd19b91637561ca,"{""code"":""rotated_surface_code"",""d"":11,""noise_model"":""SD6_1"",""p"":0.004325000000000001,""rounds"":0}",
       100,         5,         0,   0.030,pymatching,ba0c8c923bf4804a6d63544448d0b8f601057cde48695f88e2c472f87e300943,"{""code"":""rotated_surface_code"",""d"":11,""noise_model"":""SD6_1"",""p"":0.004775,""rounds"":0}",
       100,         9,         0,   0.030,pymatching,c5bc82bebc37f7efd38b5748c10fc0beb20d11f9714f6f693478599c6a1e22b7,"{""code"":""rotated_surface_code"",""d"":11,""noise_model"":""SD6_1"",""p"":0.005,""rounds"":0}",
       100,         0,         0,   0.038,pymatching,b8526e295eb25e0ed0a63a8802e3d9ce74601f04daea2359d98653a13ed8c461,"{""code"":""rotated_surface_code"",""d"":13,""noise_model"":""SD6_1"",""p"":0.0007250000000000001,""rounds"":0}",
       100,         0,         0,   0.039,pymatching,3bbf64875af0f6f447b877f523edf6385b5708a34e174fb946b6a25d6d52059b,"{""code"":""rotated_surface_code"",""d"":13,""noise_model"":""SD6_1"",""p"":0.0005,""rounds"":0}",
       100,         0,         0,   0.039,pymatching,cc14d66f2ed8beca5d476a02d688115ccf96e7c12918472c87db98fe7479c26c,"{""code"":""rotated_surface_code"",""d"":13,""noise_model"":""SD6_1"",""p"":0.0009500000000000001,""rounds"":0}",
       100,         0,         0,   0.039,pymatching,fa04d0d088b47e03e0a02ecaf25dbec8c84fa4521587a47a340825fad8231054,"{""code"":""rotated_surface_code"",""d"":13,""noise_model"":""SD6_1"",""p"":0.001175,""rounds"":0}",
       100,         0,         0,   0.040,pymatching,9b8a850abf8116b328886fc7f39f33772fccc26b1d3da616858fa1a882e340cf,"{""code"":""rotated_surface_code"",""d"":13,""noise_model"":""SD6_1"",""p"":0.0014000000000000002,""rounds"":0}",
       100,         0,         0,   0.041,pymatching,805d97680253d6683792ba8ebf766ef7c15b978565193756f976489d119715f9,"{""code"":""rotated_surface_code"",""d"":13,""noise_model"":""SD6_1"",""p"":0.0016250000000000001,""rounds"":0}",
       100,         0,         0,   0.041,pymatching,42bc8e9169a7750c3a11400c12330aa5a52fbf803b693d198b0bad1dfa74eb0b,"{""code"":""rotated_surface_code"",""d"":13,""noise_model"":""SD6_1"",""p"":0.00185,""rounds"":0}",
       100,         0,         0,   0.041,pymatching,a0a7cb0f32401813999628b7a9c47b34eb405b977705d9afebafa64e0befd97b,"{""code"":""rotated_surface_code"",""d"":13,""noise_model"":""SD6_1"",""p"":0.0023,""rounds"":0}",
       100,         0,         0,   0.041,pymatching,60a5c9c27941b5aa7be79b8a59c5035f10a3b386771c2ad19680145ce998c7ae,"{""code"":""rotated_surface_code"",""d"":13,""noise_model"":""SD6_1"",""p"":0.0020750000000000005,""rounds"":0}",
       100,         0,         0,   0.042,pymatching,8ed6e03befd83697531615fdf2c2dd043fe8f6be119f873bab7c76f11e5d88dd,"{""code"":""rotated_surface_code"",""d"":13,""noise_model"":""SD6_1"",""p"":0.0025250000000000003,""rounds"":0}",
       100,         0,         0,   0.042,pymatching,31e442ebb898c5823d41623d896c0f3223a92a07adb8b6993b33ccfd71e0bf9c,"{""code"":""rotated_surface_code"",""d"":13,""noise_model"":""SD6_1"",""p"":0.0027500000000000003,""rounds"":0}",
       100,         0,         0,   0.043,pymatching,c8539266c04d760a53572bc59b1f7fc8f5100de2238a6f31d04283f6766bf560,"{""code"":""rotated_surface_code"",""d"":13,""noise_model"":""SD6_1"",""p"":0.002975,""rounds"":0}",
       100,         0,         0,   0.043,pymatching,f925a6f7d9dc70ba025cb0ed5aac54a44a50394188ec3a19f97194c5a4c18cea,"{""code"":""rotated_surface_code"",""d"":13,""noise_model"":""SD6_1"",""p"":0.0032,""rounds"":0}",
       100,         2,         0,   0.044,pymatching,661c59323e0a5aad44dd37ac8c3c0c9502d4831cd321fb42ed607b6a469fcab1,"{""code"":""rotated_surface_code"",""d"":13,""noise_model"":""SD6_1"",""p"":0.0036500000000000005,""rounds"":0}",
       100,         2,         0,   0.045,pymatching,addb8d797ff198e7c58d1592cf35e546b33afa14fe5da448778040c95f9c8163,"{""code"":""rotated_surface_code"",""d"":13,""noise_model"":""SD6_1"",""p"":0.003425,""rounds"":0}",
       100,         1,         0,   0.045,pymatching,2e449052fe5bb825da93539f19ff19a7aa7e6ac14fdb38c54df93a55b570fd3b,"{""code"":""rotated_surface_code"",""d"":13,""noise_model"":""SD6_1"",""p"":0.0038750000000000004,""rounds"":0}",
       100,         2,         0,   0.046,pymatching,83b2194c2c8630f311de4609dc4e5ee5f1859850d2dcf0fa70c912d3c7b7585f,"{""code"":""rotated_surface_code"",""d"":13,""noise_model"":""SD6_1"",""p"":0.0041,""rounds"":0}",
       100,         3,         0,   0.047,pymatching,a2648279924ec3406849d66a1fada8fe475ca2ebcb912bc700a3ffd78ae8a9a3,"{""code"":""rotated_surface_code"",""d"":13,""noise_model"":""SD6_1"",""p"":0.004325000000000001,""rounds"":0}",
       100,         4,         0,   0.048,pymatching,4ac806fb05a05ee6a8dd9954a2706d847624c10a4fc9fc97b1f15d54950eb3d3,"{""code"":""rotated_surface_code"",""d"":13,""noise_model"":""SD6_1"",""p"":0.00455,""rounds"":0}",
       100,         6,         0,   0.048,pymatching,ea001722b244cd961295965d761656036ab93f62ed625cee329679d09f2bc8ff,"{""code"":""rotated_surface_code"",""d"":13,""noise_model"":""SD6_1"",""p"":0.004775,""rounds"":0}",
       100,        10,         0,   0.050,pymatching,e60b59ed14c25254c381c9653a0f7e43ed8d9321648eeed9e0e21cbee8a77648,"{""code"":""rotated_surface_code"",""d"":13,""noise_model"":""SD6_1"",""p"":0.005,""rounds"":0}",
       100,         0,         0,   0.061,pymatching,94690900bcdbc26160f9ddea741172ad0954c34c5597fb5eacbcd98fe53ddbad,"{""code"":""rotated_surface_code"",""d"":15,""noise_model"":""SD6_1"",""p"":0.001175,""rounds"":0}",
       100,         0,         0,   0.061,pymatching,b1cfb87f9f69fcc5b94ab13625a57241b1c89f7c24eb90555456bbd3f445f2a0,"{""code"":""rotated_surface_code"",""d"":15,""noise_model"":""SD6_1"",""p"":0.0009500000000000001,""rounds"":0}",
       100,         0,         0,   0.064,pymatching,e03127885edbe4f33466a0259bdd96c0c5cedb47c98fafce676627b0e0d3dd3f,"{""code"":""rotated_surface_code"",""d"":15,""noise_model"":""SD6_1"",""p"":0.0005,""rounds"":0}",
       100,         0,         0,   0.066,pymatching,947771776716e9af64c39f3372c492a6e8ac8f789846a18470a700d2679a5c64,"{""code"":""rotated_surface_code"",""d"":15,""noise_model"":""SD6_1"",""p"":0.0007250000000000001,""rounds"":0}",
       100,         0,         0,   0.060,pymatching,2cf874ff74a99f2cb832614175d2f365fe1780e8f2cf16756dbedc9e4d82353a,"{""code"":""rotated_surface_code"",""d"":15,""noise_model"":""SD6_1"",""p"":0.0014000000000000002,""rounds"":0}",
       100,         0,         0,   0.063,pymatching,f7d657f4f5943ee6800ffdf8ed59fd1eb343d7c0789f3a8559ccf7112d896d54,"{""code"":""rotated_surface_code"",""d"":15,""noise_model"":""SD6_1"",""p"":0.0016250000000000001,""rounds"":0}",
       100,         0,         0,   0.063,pymatching,4f94cc2f07ce6fe4079da818851cebd9371824d0129a95eb9a6ca6d48d5e7433,"{""code"":""rotated_surface_code"",""d"":15,""noise_model"":""SD6_1"",""p"":0.0020750000000000005,""rounds"":0}",
       100,         0,         0,   0.062,pymatching,6464d3a9083bedfa6fe15170515d40fbc74291e043b6e1e2cecb61325a79b7b9,"{""code"":""rotated_surface_code"",""d"":15,""noise_model"":""SD6_1"",""p"":0.00185,""rounds"":0}",
       100,         0,         0,   0.062,pymatching,b46019aeafaf79eb5713ad9aa71a29437d68a28cd53a4fa0204410aa96b68a57,"{""code"":""rotated_surface_code"",""d"":15,""noise_model"":""SD6_1"",""p"":0.0023,""rounds"":0}",
       100,         0,         0,   0.062,pymatching,2fdf3f338b2f37f7319b32c6822ce3aac508f83c6f03a930ebf1b809d47f0d88,"{""code"":""rotated_surface_code"",""d"":15,""noise_model"":""SD6_1"",""p"":0.0025250000000000003,""rounds"":0}",
       100,         0,         0,   0.063,pymatching,d38bff258b3153b4670b8225e9465367eb116d12684a03b24f516f1e34c5f5ee,"{""code"":""rotated_surface_code"",""d"":15,""noise_model"":""SD6_1"",""p"":0.0027500000000000003,""rounds"":0}",
       100,         0,         0,   0.064,pymatching,fce038b3e4b65625826745df8a5b268d30a523dcb177f4f378018d6cee2dea32,"{""code"":""rotated_surface_code"",""d"":15,""noise_model"":""SD6_1"",""p"":0.002975,""rounds"":0}",
       100,         1,         0,   0.066,pymatching,6df17734d277b2ab59eb4072f76f738731183dfa4c55602507ad323c990499cf,"{""code"":""rotated_surface_code"",""d"":15,""noise_model"":""SD6_1"",""p"":0.003425,""rounds"":0}",
       100,         0,         0,   0.065,pymatching,aff27cb2198d961f87a3116e1537d797add3feaca8c87f11278eb0b41b6e4b11,"{""code"":""rotated_surface_code"",""d"":15,""noise_model"":""SD6_1"",""p"":0.0032,""rounds"":0}",
       100,         2,         0,   0.067,pymatching,7ba63f525a84033dfe1b4f0bc23ae14ed5c97af41e6a135e940e7139f0340625,"{""code"":""rotated_surface_code"",""d"":15,""noise_model"":""SD6_1"",""p"":0.0036500000000000005,""rounds"":0}",
       100,         1,         0,   0.068,pymatching,8fbc6274d1833274770c6b36ff48530d0b629ec7617791971178c5d0833104ae,"{""code"":""rotated_surface_code"",""d"":15,""noise_model"":""SD6_1"",""p"":0.0038750000000000004,""rounds"":0}",
       100,         0,         0,   0.069,pymatching,02229b6c591147da748c8cc8302eb1490d1d16914aab09d647905a55122a01d3,"{""code"":""rotated_surface_code"",""d"":15,""noise_model"":""SD6_1"",""p"":0.0041,""rounds"":0}",
       100,         1,         0,   0.070,pymatching,6ad35bb9fb474df65083c6f7f7207f3d18e107c1ab4db1974c80fc4a2694fdef,"{""code"":""rotated_surface_code"",""d"":15,""noise_model"":""SD6_1"",""p"":0.004325000000000001,""rounds"":0}",
       100,         3,         0,   0.073,pymatching,14d2f8e37c66b3b731d85a95bb73261818a74a49cc195ef3fae5eb6f3b21b964,"{""code"":""rotated_surface_code"",""d"":15,""noise_model"":""SD6_1"",""p"":0.00455,""rounds"":0}",
       100,         6,         0,   0.075,pymatching,6dceb1e941bb07f68c16d51e0597ee6420707a90bdc83e06835e025c0e353574,"{""code"":""rotated_surface_code"",""d"":15,""noise_model"":""SD6_1"",""p"":0.004775,""rounds"":0}",
       100,         3,         0,   0.074,pymatching,a0e5be2fa30aaa5008002dcb7e8b5a6ac95ab2119be875d7c11bbf442d61734d,"{""code"":""rotated_surface_code"",""d"":15,""noise_model"":""SD6_1"",""p"":0.005,""rounds"":0}",
       100,         0,         0,   0.394,pymatching,65bebbd8c9c831c2190dc17fa3fbc490ecd55de8bfeb1f6dbd47f14fd4961a78,"{""code"":""rotated_surface_code"",""d"":5,""noise_model"":""SI1000"",""p"":0.0020750000000000005,""rounds"":0}",
       100,         0,         0,   0.443,pymatching,f0052b3cf20afc29ebd3b4ae73c095a69610b84358ed4b1226dab119bdc93f97,"{""code"":""rotated_surface_code"",""d"":5,""noise_model"":""SI1000"",""p"":0.0016250000000000001,""rounds"":0}",
       100,         0,         0,   0.485,pymatching,425b1eca858a3fa68e002c30523df0d1959f89876f7ca3fcf1eb46d537360870,"{""code"":""rotated_surface_code"",""d"":5,""noise_model"":""SI1000"",""p"":0.0005,""rounds"":0}",
       100,         0,         0,   0.488,pymatching,238e1b5c3c7b2d0d075b011f724d3e6ecdc1df9e619c0f0cf666c57d8e91d556,"{""code"":""rotated_surface_code"",""d"":5,""noise_model"":""SI1000"",""p"":0.00185,""rounds"":0}",
       100,         1,         0,   0.553,pymatching,eee8e634b97a8abeee01c8b297d7ad8e49b099645cff376fb52dc50c0a351ddd,"{""code"":""rotated_surface_code"",""d"":5,""noise_model"":""SI1000"",""p"":0.0009500000000000001,""rounds"":0}",
       100,         0,         0,   0.551,pymatching,8bb91817806a7efa95fac8629247a69fe6a18abd792bd0afcdb3c5b7221bcffd,"{""code"":""rotated_surface_code"",""d"":5,""noise_model"":""SI1000"",""p"":0.0014000000000000002,""rounds"":0}",
       100,         1,         0,   0.545,pymatching,f5222fd275266a448cd0fa98822767d819f5640d191724dadbc2c97f5957de1c,"{""code"":""rotated_surface_code"",""d"":5,""noise_model"":""SI1000"",""p"":0.0025250000000000003,""rounds"":0}",
       100,         0,         0,   0.589,pymatching,27566359fa926f977526a54cf15b91364dbd97e05cfa1fe7752cd815ec83596a,"{""code"":""rotated_surface_code"",""d"":5,""noise_model"":""SI1000"",""p"":0.0023,""rounds"":0}",
       100,         0,         0,   0.597,pymatching,2b9b70d458d12ae3eb5e8cf086066bbe4a253b2123ffaf8bb11e810d55d48357,"{""code"":""rotated_surface_code"",""d"":5,""noise_model"":""SI1000"",""p"":0.0007250000000000001,""rounds"":0}",
       100,         1,         0,   0.618,pymatching,08e754ecf90c4162a3890530d563ebfb56148d20ca288b287b3cbac6ab810add,"{""code"":""rotated_surface_code"",""d"":5,""noise_model"":""SI1000"",""p"":0.001175,""rounds"":0}",
       100,         0,         0,   0.003,pymatching,605e134684acfc874bc82fe4f3c5e353f1f1f0a587dfd2745c28c919f42e0f1c,"{""code"":""rotated_surface_code"",""d"":5,""noise_model"":""SI1000"",""p"":0.0027500000000000003,""rounds"":0}",
       100,         5,         0,   0.003,pymatching,b5ce0246fc24c72f882efde70c028bd33d9c0c97118aee9413da032c43ae060c,"{""code"":""rotated_surface_code"",""d"":5,""noise_model"":""SI1000"",""p"":0.0032,""rounds"":0}",
       100,         7,         0,   0.003,pymatching,a76131f22e98a0a7f0723f62f7a9c732c00f913fb8ab0972f8fbea4a1f11a10e,"{""code"":""rotated_surface_code"",""d"":5,""noise_model"":""SI1000"",""p"":0.003425,""rounds"":0}",
       100,         0,         0,   0.003,pymatching,263eb2bd825866d54710b930a12fc9496c99b1a2c749611abf1d246fb29b051b,"{""code"":""rotated_surface_code"",""d"":5,""noise_model"":""SI1000"",""p"":0.002975,""rounds"":0}",
       100,         4,         0,   0.003,pymatching,cba238e248022fb2babe2fda5e80fc414e08267150607909cf713bfa39521185,"{""code"":""rotated_surface_code"",""d"":5,""noise_model"":""SI1000"",""p"":0.0036500000000000005,""rounds"":0}",
       100,         8,         0,   0.004,pymatching,be5adea14acd5788a9690d6cf7045b6987bfcf1e9f7bfc2216e5cec4526d285d,"{""code"":""rotated_surface_code"",""d"":5,""noise_model"":""SI1000"",""p"":0.004325000000000001,""rounds"":0}",
       100,         3,         0,   0.004,pymatching,3b83f6340c9a27d0ca8a6c7b6aefec99a3d6fffffe1585904743afc72cee7350,"{""code"":""rotated_surface_code"",""d"":5,""noise_model"":""SI1000"",""p"":0.0038750000000000004,""rounds"":0}",
       100,         8,         0,   0.004,pymatching,1a615249422b92310d1d50bf8efa332bd43445cbabb6994f608452b738542f05,"{""code"":""rotated_surface_code"",""d"":5,""noise_model"":""SI1000"",""p"":0.00455,""rounds"":0}",
       100,         6,         0,   0.004,pymatching,f8fc8d57d5921d5a698174720ca6b08c5f76ddce83ef3c67d9013a89f5448279,"{""code"":""rotated_surface_code"",""d"":5,""noise_model"":""SI1000"",""p"":0.0041,""rounds"":0}",
       100,         5,         0,   0.003,pymatching,120a8336e085baa2a008b77b33b85a86129837bf3d4175020180c39fd05dfa63,"{""code"":""rotated_surface_code"",""d"":5,""noise_model"":""SI1000"",""p"":0.004775,""rounds"":0}",
       100,         9,         0,   0.004,pymatching,3354867229eab09a7d5151a472dd39842860c9cadfe564691e92a3da31935312,"{""code"":""rotated_surface_code"",""d"":5,""noise_model"":""SI1000"",""p"":0.005,""rounds"":0}",
       100,         0,         0,   0.008,pymatching,6b5b4f1c765bd5cc11fb286633479a2f3c98d290b8dd727f9865f118c21422a9,"{""code"":""rotated_surface_code"",""d"":7,""noise_model"":""SI1000"",""p"":0.0005,""rounds"":0}",
       100,         0,         0,   0.008,pymatching,cf00840729cf26844824ce994feaafc762fe659c3da0c2ba8b6fc734addd7571,"{""code"":""rotated_surface_code"",""d"":7,""noise_model"":""SI1000"",""p"":0.0007250000000000001,""rounds"":0}",
       100,         0,         0,   0.008,pymatching,18d4b4e795065b566405fd5ef56cae3a9b4ac4730df91d719df2d4e4cf9c8eb1,"{""code"":""rotated_surface_code"",""d"":7,""noise_model"":""SI1000"",""p"":0.0009500000000000001,""rounds"":0}",
       100,         0,         0,   0.008,pymatching,5d9a5e5e8b9919aeade336450bdf65af326d5c98286dbdbd7676e31bc8683040,"{""code"":""rotated_surface_code"",""d"":7,""noise_model"":""SI1000"",""p"":0.001175,""rounds"":0}",
       100,         0,         0,   0.008,pymatching,c8b8b63ad3172dcf11122f87c3942c9ad40a33b9587ddc634a94108517960c68,"{""code"":""rotated_surface_code"",""d"":7,""noise_model"":""SI1000"",""p"":0.0014000000000000002,""rounds"":0}",
       100,         0,         0,   0.008,pymatching,abac6ff250b5ca1d7772fe621be3772c38fbde14f1b430f3756579df9f8d13ff,"{""code"":""rotated_surface_code"",""d"":7,""noise_model"":""SI1000"",""p"":0.0016250000000000001,""rounds"":0}",
       100,         1,         0,   0.008,pymatching,abdfc9f869585fc470db715cfc4b131e18220607677a4daeb31196b27092d5b1,"{""code"":""rotated_surface_code"",""d"":7,""noise_model"":""SI1000"",""p"":0.00185,""rounds"":0}",
       100,         1,         0,   0.008,pymatching,452de3e4ce190dbd67a8cee4584211543cdcf9bb11290f9ca2b745ba4d50db65,"{""code"":""rotated_surface_code"",""d"":7,""noise_model"":""SI1000"",""p"":0.0020750000000000005,""rounds"":0}",
       100,         0,         0,   0.008,pymatching,86c98856c5e11aa1f87c130b55b576c05490e28cd11d4e991becebde4db607c4,"{""code"":""rotated_surface_code"",""d"":7,""noise_model"":""SI1000"",""p"":0.0023,""rounds"":0}",
       100,         1,         0,   0.008,pymatching,4ab7fa86fe29a35d7e0d635c1a70f620156c9e915f95caaed167bc85416fcd19,"{""code"":""rotated_surface_code"",""d"":7,""noise_model"":""SI1000"",""p"":0.0025250000000000003,""rounds"":0}",
       100,         6,         0,   0.008,pymatching,fc5046646b30dc62433fb5ecae8a37058008b247aa528d510ae0cdc305f13601,"{""code"":""rotated_surface_code"",""d"":7,""noise_model"":""SI1000"",""p"":0.0027500000000000003,""rounds"":0}",
       100,         1,         0,   0.008,pymatching,8b892ab9c57171f7bc2022db8984d94ca5bc4fc3bb0acfc6d2ce8e2f6ab7b272,"{""code"":""rotated_surface_code"",""d"":7,""noise_model"":""SI1000"",""p"":0.002975,""rounds"":0}",
       100,         1,         0,   0.008,pymatching,ca780349792f45cc5d823335cec86f15e87e0e85663d286a25d8236660f51f44,"{""code"":""rotated_surface_code"",""d"":7,""noise_model"":""SI1000"",""p"":0.0032,""rounds"":0}",
       100,         0,         0,   0.009,pymatching,5ab203e8c54c29df0851300d596082021b97a0df968090c654403aa5f21a123a,"{""code"":""rotated_surface_code"",""d"":7,""noise_model"":""SI1000"",""p"":0.003425,""rounds"":0}",
       100,         1,         0,   0.009,pymatching,1370e0f49aed6c024b6a0005a466ab51df2da093519eda057053ccaf9b4b351c,"{""code"":""rotated_surface_code"",""d"":7,""noise_model"":""SI1000"",""p"":0.0036500000000000005,""rounds"":0}",
       100,         2,         0,   0.009,pymatching,8fb271225a8b2bf95e918f5acfad54d6d0ac5c029109e97f9f18695289617e71,"{""code"":""rotated_surface_code"",""d"":7,""noise_model"":""SI1000"",""p"":0.0038750000000000004,""rounds"":0}",
       100,         5,         0,   0.009,pymatching,0e054bab110d07e1f9a7025c5250af44e2c754c33be71a79e6155a4f6f5d2a51,"{""code"":""rotated_surface_code"",""d"":7,""noise_model"":""SI1000"",""p"":0.0041,""rounds"":0}",
       100,         5,         0,   0.009,pymatching,13050101ceb07205ba9ca471c91533452ec0a61f1f04ecad8ee8f31d40f914b1,"{""code"":""rotated_surface_code"",""d"":7,""noise_model"":""SI1000"",""p"":0.004325000000000001,""rounds"":0}",
       100,         8,         0,   0.009,pymatching,d1fbaa0f6870627fbbdab02cdaafd6b6d5b243c2d7e12231a3eb92d4b62e61da,"{""code"":""rotated_surface_code"",""d"":7,""noise_model"":""SI1000"",""p"":0.00455,""rounds"":0}",
       100,         9,         0,   0.009,pymatching,62a5c88774403bbd0016d25fd5f02f5186d8d8705542ac19aa4d21d323e4266f,"{""code"":""rotated_surface_code"",""d"":7,""noise_model"":""SI1000"",""p"":0.004775,""rounds"":0}",
       100,         6,         0,   0.009,pymatching,a1b9eaef4f1dc919cfd90c0a5b5c0acce5c9f92185be8d3d72968c3774aa2a88,"{""code"":""rotated_surface_code"",""d"":7,""noise_model"":""SI1000"",""p"":0.005,""rounds"":0}",
       100,         0,         0,   0.015,pymatching,c97c5ce9787d37c756ac4985fc3bd3d1bd29d497ded73898d0422ae9f666ce55,"{""code"":""rotated_surface_code"",""d"":9,""noise_model"":""SI1000"",""p"":0.0005,""rounds"":0}",
       100,         0,         0,   0.015,pymatching,4071eef9135a31e05aac6401a876020ac1bde882ab97606602592cf2e4881774,"{""code"":""rotated_surface_code"",""d"":9,""noise_model"":""SI1000"",""p"":0.0007250000000000001,""rounds"":0}",
       100,         0,         0,   0.015,pymatching,f87fe7bd66bc9093e786e64f53c952c5c475a8f8ded86c2ed7f6a33ba2a98366,"{""code"":""rotated_surface_code"",""d"":9,""noise_model"":""SI1000"",""p"":0.001175,""rounds"":0}",
       100,         0,         0,   0.015,pymatching,f83f42e0afdf157b4e612184afefdbeeb704cbf40c363e28a221d7879a2beb5e,"{""code"":""rotated_surface_code"",""d"":9,""noise_model"":""SI1000"",""p"":0.0009500000000000001,""rounds"":0}",
       100,         0,         0,   0.015,pymatching,ce7f90e4d6d1e6845986a00e2bc58de97be07c7c70cc231ae3a561b76a3e3aa7,"{""code"":""rotated_surface_code"",""d"":9,""noise_model"":""SI1000"",""p"":0.0014000000000000002,""rounds"":0}",
       100,         0,         0,   0.015,pymatching,696a8bd12811b89ab60861906348a4240d1141f9df910dbf81bb190016817b83,"{""code"":""rotated_surface_code"",""d"":9,""noise_model"":""SI1000"",""p"":0.0016250000000000001,""rounds"":0}",
       100,         0,         0,   0.016,pymatching,270548b166f93b8fa3cf98292bc2cc133ec48ff6d0b67fa0dd18c2b4458e001e,"{""code"":""rotated_surface_code"",""d"":9,""noise_model"":""SI1000"",""p"":0.00185,""rounds"":0}",
       100,         0,         0,   0.015,pymatching,b9a2e38eb896bcb4d9d85a15527a006880b79a6d9de3e3944ba242f4a7559dd4,"{""code"":""rotated_surface_code"",""d"":9,""noise_model"":""SI1000"",""p"":0.0020750000000000005,""rounds"":0}",
       100,         1,         0,   0.016,pymatching,fe6e613d7e316a2deec3462dd04ebc10c9ab31b61ea12e35e3d59595140e64c6,"{""code"":""rotated_surface_code"",""d"":9,""noise_model"":""SI1000"",""p"":0.0023,""rounds"":0}",
       100,         0,         0,   0.016,pymatching,7308bc64c267f543dac6ba8c5c39ba2484df3e72e618d9c2394f3d4c197d5d84,"{""code"":""rotated_surface_code"",""d"":9,""noise_model"":""SI1000"",""p"":0.0025250000000000003,""rounds"":0}",
       100,         2,         0,   0.016,pymatching,c6175eacfe1adafe64b67f64258774b978b2e93489b90fa7e14ace6a4caba38b,"{""code"":""rotated_surface_code"",""d"":9,""noise_model"":""SI1000"",""p"":0.0027500000000000003,""rounds"":0}",
       100,         0,         0,   0.016,pymatching,66cef70ffa73d5f91ef90af73e63d95a8e6dcb74c9395f0490853b3e61a1cdb1,"{""code"":""rotated_surface_code"",""d"":9,""noise_model"":""SI1000"",""p"":0.002975,""rounds"":0}",
       100,         1,         0,   0.016,pymatching,25b3f5f3f0fa4424a81edc5499452b3d12c6fb8080c3ff852fcb062deb1f4e6d,"{""code"":""rotated_surface_code"",""d"":9,""noise_model"":""SI1000"",""p"":0.0032,""rounds"":0}",
       100,         2,         0,   0.017,pymatching,b54b3ff78afdbee7b9509fddbe455f06b6c86da3e7b20d34a2447bb53f357a43,"{""code"":""rotated_surface_code"",""d"":9,""noise_model"":""SI1000"",""p"":0.003425,""rounds"":0}",
       100,         2,         0,   0.017,pymatching,9f8345e117f13a80a504de0ba5fd0967763426bd17110c4c49508c466615c6d6,"{""code"":""rotated_surface_code"",""d"":9,""noise_model"":""SI1000"",""p"":0.0036500000000000005,""rounds"":0}",
       100,         3,         0,   0.017,pymatching,4f40ec0576b3f705c91f021fdd72896b5df6a57ac40d33b10b93131a945f51da,"{""code"":""rotated_surface_code"",""d"":9,""noise_model"":""SI1000"",""p"":0.0038750000000000004,""rounds"":0}",
       100,         4,         0,   0.018,pymatching,46ec1888dbc9b071e2329e47ae891ace42c79f7f1d1ff6b555b07b380a71bdaf,"{""code"":""rotated_surface_code"",""d"":9,""noise_model"":""SI1000"",""p"":0.0041,""rounds"":0}",
       100,        10,         0,   0.018,pymatching,1ea6a5e2f74d9cff9f754826f35d1f834e29b87821288032070670eb3df7d5fb,"{""code"":""rotated_surface_code"",""d"":9,""noise_model"":""SI1000"",""p"":0.004325000000000001,""rounds"":0}",
       100,         8,         0,   0.018,pymatching,2e9b291f5e846384db6ab1812b7bc2c5761ca4b6ae76ecab12cd2606ddc11f67,"{""code"":""rotated_surface_code"",""d"":9,""noise_model"":""SI1000"",""p"":0.00455,""rounds"":0}",
       100,        12,         0,   0.018,pymatching,13335b3086a93b589edf54e6b6b117fd9ec5caeea5ec5c706f38aadd1b9574f7,"{""code"":""rotated_surface_code"",""d"":9,""noise_model"":""SI1000"",""p"":0.004775,""rounds"":0}",
       100,        10,         0,   0.019,pymatching,821b6da96bed832c066ba76e9d607e3db9e757f8dd4d4e5783f614c4543cf96e,"{""code"":""rotated_surface_code"",""d"":9,""noise_model"":""SI1000"",""p"":0.005,""rounds"":0}",
       100,         0,         0,   0.025,pymatching,bf8f963c7bdafbe436225f9b771718be20b105eca7792bcc979bf067912c634c,"{""code"":""rotated_surface_code"",""d"":11,""noise_model"":""SI1000"",""p"":0.0007250000000000001,""rounds"":0}",
       100,         0,         0,   0.025,pymatching,de1b45e5fa78e13d89841d889cbc2679bcd5c90a9420b9495f5771cb67268557,"{""code"":""rotated_surface_code"",""d"":11,""noise_model"":""SI1000"",""p"":0.0005,""rounds"":0}",
       100,         0,         0,   0.025,pymatching,2dafd3aff9c209387598856210d51064f5cffd65bd28ce65df7b5c7197ca30be,"{""code"":""rotated_surface_code"",""d"":11,""noise_model"":""SI1000"",""p"":0.0009500000000000001,""rounds"":0}",
       100,         0,         0,   0.025,pymatching,2f6e47ebca8957459d5e226d6a53601b06be2a78e45e3dbe20f3f146066b4338,"{""code"":""rotated_surface_code"",""d"":11,""noise_model"":""SI1000"",""p"":0.001175,""rounds"":0}",
       100,         0,         0,   0.026,pymatching,b2fd6976a0880ba31a2ed7f5926114b5b172c4b67d0613f3fd9c51927c2813b0,"{""code"":""rotated_surface_code"",""d"":11,""noise_model"":""SI1000"",""p"":0.0014000000000000002,""rounds"":0}",
       100,         0,         0,   0.027,pymatching,1e04e76eee5102c3e65f01e69b68e5d8852971d80c74bc548b367231c15369d6,"{""code"":""rotated_surface_code"",""d"":11,""noise_model"":""SI1000"",""p"":0.0016250000000000001,""rounds"":0}",
       100,         0,         0,   0.026,pymatching,91241a299d19715df504052161ccc432c7e114a2ef21ef08f0755f1d04028df8,"{""code"":""rotated_surface_code"",""d"":11,""noise_model"":""SI1000"",""p"":0.00185,""rounds"":0}",
       100,         1,         0,   0.027,pymatching,f147f3820d956dddb7e23bb3c3de4aad0f7b0e710c0bf7f22f5e5c705872f8a1,"{""code"":""rotated_surface_code"",""d"":11,""noise_model"":""SI1000"",""p"":0.0020750000000000005,""rounds"":0}",
       100,         1,         0,   0.027,pymatching,ae6b9f598b3a2a0fb44fb5dfb843f575b7c721b60251dd74ced531bc0dc8c5ac,"{""code"":""rotated_surface_code"",""d"":11,""noise_model"":""SI1000"",""p"":0.0023,""rounds"":0}",
       100,         0,         0,   0.027,pymatching,a8dc51b20fd682b519f860d047bf8ac7668f044a03a9acdc254eb0a26a3d712e,"{""code"":""rotated_surface_code"",""d"":11,""noise_model"":""SI1000"",""p"":0.0025250000000000003,""rounds"":0}",
       100,         0,         0,   0.028,pymatching,29ac0428fad0e14003d1d9ee87aa37f56e45d6bdd0e03032f610418ef948ff76,"{""code"":""rotated_surface_code"",""d"":11,""noise_model"":""SI1000"",""p"":0.0027500000000000003,""rounds"":0}",
       100,         2,         0,   0.028,pymatching,5a967c369dc92081f235272942a2d0586cd76c0ebfbb9064733c13d1021e9a41,"{""code"":""rotated_surface_code"",""d"":11,""noise_model"":""SI1000"",""p"":0.002975,""rounds"":0}",
       100,         1,         0,   0.029,pymatching,1089b8805e7d6d651f23bbc3fd003fb72b508692f615bacf6118138c4ac40d06,"{""code"":""rotated_surface_code"",""d"":11,""noise_model"":""SI1000"",""p"":0.0032,""rounds"":0}",
       100,         3,         0,   0.029,pymatching,ff67d0781eccdfdd651eb593826e9cc61b786d050b0e2565224408819026f167,"{""code"":""rotated_surface_code"",""d"":11,""noise_model"":""SI1000"",""p"":0.003425,""rounds"":0}",
       100,         3,         0,   0.030,pymatching,18d8fbc77084ddd445fa5eaeaff401675d15154f1d4524b61776b6d7d441794f,"{""code"":""rotated_surface_code"",""d"":11,""noise_model"":""SI1000"",""p"":0.0036500000000000005,""rounds"":0}",
       100,         5,         0,   0.030,pymatching,867a272e38e159ff632bed5aa6c5fe7eb3fc140f566531856cf6e2cac97974ec,"{""code"":""rotated_surface_code"",""d"":11,""noise_model"":""SI1000"",""p"":0.0038750000000000004,""rounds"":0}",
       100,         4,         0,   0.032,pymatching,b82063af0d35bdf5b86ae8a452321f51c7eedf809873be6061d0cfe0d9a4f5d9,"{""code"":""rotated_surface_code"",""d"":11,""noise_model"":""SI1000"",""p"":0.0041,""rounds"":0}",
       100,         8,         0,   0.031,pymatching,5a79b61f5b082979082ed99390c22ef119c6492a754f4a55dad4944cac462989,"{""code"":""rotated_surface_code"",""d"":11,""noise_model"":""SI1000"",""p"":0.004325000000000001,""rounds"":0}",
       100,         9,         0,   0.033,pymatching,199af7c1a16fe5d5c6e7584b2ad976a4d1b9528b5b868a8befe86984e79f5018,"{""code"":""rotated_surface_code"",""d"":11,""noise_model"":""SI1000"",""p"":0.00455,""rounds"":0}",
       100,         7,         0,   0.033,pymatching,268c4c828bb278559dd52abd0918dceb89ec538c2138789ebf636469a8774e3a,"{""code"":""rotated_surface_code"",""d"":11,""noise_model"":""SI1000"",""p"":0.004775,""rounds"":0}",
       100,        14,         0,   0.034,pymatching,4b3557bc7a1b515d4ad3c6b1dd6d513046d5c44f90cbd29cafcbf9511c5c7fd6,"{""code"":""rotated_surface_code"",""d"":11,""noise_model"":""SI1000"",""p"":0.005,""rounds"":0}",
       100,         0,         0,   0.040,pymatching,3f1de5a754107c435eec4945bffb512e0b7e3aae80d6ce0ac22053bea99f6254,"{""code"":""rotated_surface_code"",""d"":13,""noise_model"":""SI1000"",""p"":0.0005,""rounds"":0}",
       100,         0,         0,   0.039,pymatching,e0dcffa634899140a6244b2c32dee6584043aca55925d3fdae20159244244025,"{""code"":""rotated_surface_code"",""d"":13,""noise_model"":""SI1000"",""p"":0.0007250000000000001,""rounds"":0}",
       100,         0,         0,   0.040,pymatching,4a71601e4e5536c8d8267593c10c29e2833e12199169ec99210d56f051eb7492,"{""code"":""rotated_surface_code"",""d"":13,""noise_model"":""SI1000"",""p"":0.0009500000000000001,""rounds"":0}",
       100,         0,         0,   0.040,pymatching,6c29b9e5d000eec5db7203a713fea5f0eb3e46014a8ef0e52b1ad8f2a8a8eb41,"{""code"":""rotated_surface_code"",""d"":13,""noise_model"":""SI1000"",""p"":0.001175,""rounds"":0}",
       100,         0,         0,   0.041,pymatching,92ae554dceceb8f1a01dd3ea51262032080ecfdf6483a933daecfae0d0804ade,"{""code"":""rotated_surface_code"",""d"":13,""noise_model"":""SI1000"",""p"":0.0014000000000000002,""rounds"":0}",
       100,         0,         0,   0.041,pymatching,8ee88cb324c7f8e414a9393893b42ad428c9f976bafe3ec45c1b37070f8c53e7,"{""code"":""rotated_surface_code"",""d"":13,""noise_model"":""SI1000"",""p"":0.00185,""rounds"":0}",
       100,         0,         0,   0.042,pymatching,4f5c01df98c7d9ad64f041b6daf6cd921ada9cd143c062fb642792b9971b3b9d,"{""code"":""rotated_surface_code"",""d"":13,""noise_model"":""SI1000"",""p"":0.0016250000000000001,""rounds"":0}",
       100,         0,         0,   0.042,pymatching,4a4e860624acde6042931516fbfdc60a886f2a539c6edff7502071c06d570090,"{""code"":""rotated_surface_code"",""d"":13,""noise_model"":""SI1000"",""p"":0.0020750000000000005,""rounds"":0}",
       100,         0,         0,   0.044,pymatching,4093c25d1f01a7c0f2dfbef979a4cf7d8f0ddc4ec6048b463fd62e7a3adff328,"{""code"":""rotated_surface_code"",""d"":13,""noise_model"":""SI1000"",""p"":0.0023,""rounds"":0}",
       100,         0,         0,   0.043,pymatching,269d22002c348ce89492dd59ebe34d758c6b2380071995d22bb3248559422c83,"{""code"":""rotated_surface_code"",""d"":13,""noise_model"":""SI1000"",""p"":0.0025250000000000003,""rounds"":0}",
       100,         0,         0,   0.045,pymatching,0e88fb439bd1745baa0f8aa8ba7ab2cde954fac712ea29c285c00d4c6915b07f,"{""code"":""rotated_surface_code"",""d"":13,""noise_model"":""SI1000"",""p"":0.0027500000000000003,""rounds"":0}",
       100,         0,         0,   0.045,pymatching,40fee3d7cba71549070ddc6dfd9300c4f9770c36bdd4366e6999db94d3c4d816,"{""code"":""rotated_surface_code"",""d"":13,""noise_model"":""SI1000"",""p"":0.0032,""rounds"":0}",
       100,         1,         0,   0.046,pymatching,6d54a203f96241fd062cc2e679986045e12990c6177e757bb891ab7d82026878,"{""code"":""rotated_surface_code"",""d"":13,""noise_model"":""SI1000"",""p"":0.002975,""rounds"":0}",
       100,         3,         0,   0.047,pymatching,e1177bb9c4edcabacdd61befa501fc7aa785d13bdc4abdf31ad79bad797c3f92,"{""code"":""rotated_surface_code"",""d"":13,""noise_model"":""SI1000"",""p"":0.003425,""rounds"":0}",
       100,         3,         0,   0.047,pymatching,d31864826cc96baf18015e714e7e202ac8abc20a54b40ec1dfab92c60d76e121,"{""code"":""rotated_surface_code"",""d"":13,""noise_model"":""SI1000"",""p"":0.0036500000000000005,""rounds"":0}",
       100,         2,         0,   0.049,pymatching,4fc0fd8a9fe10e4891d38296d1631b60fa796fe3258d676f4ce245154082f9f4,"{""code"":""rotated_surface_code"",""d"":13,""noise_model"":""SI1000"",""p"":0.0038750000000000004,""rounds"":0}",
       100,         5,         0,   0.050,pymatching,89a776cb5c74435ef5ecd8cc0c12a769c1ccafd57924bb7915823f2d2308487a,"{""code"":""rotated_surface_code"",""d"":13,""noise_model"":""SI1000"",""p"":0.0041,""rounds"":0}",
       100,         6,         0,   0.051,pymatching,06e174b12bb029f773bef89e1a93bc77a73ccab9e71c713a8421089098918bf9,"{""code"":""rotated_surface_code"",""d"":13,""noise_model"":""SI1000"",""p"":0.004325000000000001,""rounds"":0}",
       100,        13,         0,   0.053,pymatching,c7743af3fc4bb84f9c1583d12f8d8cd59317c644f4a8cf726fe5b7dc26b45748,"{""code"":""rotated_surface_code"",""d"":13,""noise_model"":""SI1000"",""p"":0.00455,""rounds"":0}",
       100,        11,         0,   0.054,pymatching,5ea6d4e53bcce564c4728e68c809c56b912fb90bf0b42686e9e6561ef1f36d5f,"{""code"":""rotated_surface_code"",""d"":13,""noise_model"":""SI1000"",""p"":0.004775,""rounds"":0}",
       100,        14,         0,   0.055,pymatching,8181f566db0c56e6d9c2f895d68fb36a4bec879ea36508dce1da365e78e7e97f,"{""code"":""rotated_surface_code"",""d"":13,""noise_model"":""SI1000"",""p"":0.005,""rounds"":0}",
       100,         0,         0,   0.058,pymatching,69ba87c380475b2deadaef672b92e082f080a079734e33f7af05821c0fd5e3ff,"{""code"":""rotated_surface_code"",""d"":15,""noise_model"":""SI1000"",""p"":0.0005,""rounds"":0}",
       100,         0,         0,   0.058,pymatching,d18cc1e8b76e50bc7eae484b7a9c421674b35cee87eb2c6e73c9b66c7186b019,"{""code"":""rotated_surface_code"",""d"":15,""noise_model"":""SI1000"",""p"":0.0007250000000000001,""rounds"":0}",
       100,         0,         0,   0.059,pymatching,c6be7673ac78a41a7065ac8385c254a97ecc45ff18c9798a11a9730dab32b365,"{""code"":""rotated_surface_code"",""d"":15,""noise_model"":""SI1000"",""p"":0.0009500000000000001,""rounds"":0}",
       100,         0,         0,   0.060,pymatching,4c79c7e736a405f6e63503fa07a87fadd22d5a5c40af700ace0a1030b55766c4,"{""code"":""rotated_surface_code"",""d"":15,""noise_model"":""SI1000"",""p"":0.0014000000000000002,""rounds"":0}",
       100,         0,         0,   0.060,pymatching,558d72e3e2251059a50bbbd540c523da0acde2951343165b973486e0d22d87ff,"{""code"":""rotated_surface_code"",""d"":15,""noise_model"":""SI1000"",""p"":0.001175,""rounds"":0}",
       100,         0,         0,   0.060,pymatching,065a0ebbe9b49bb2cce8a625cfd22b97fae63798022366abd7877492c84ece78,"{""code"":""rotated_surface_code"",""d"":15,""noise_model"":""SI1000"",""p"":0.0016250000000000001,""rounds"":0}",
       100,         0,         0,   0.062,pymatching,808c819bce4d7fd7af8dd5b2ac06a1583b2dd034b09d49d8d9e8805ecb6edb38,"{""code"":""rotated_surface_code"",""d"":15,""noise_model"":""SI1000"",""p"":0.00185,""rounds"":0}",
       100,         0,         0,   0.063,pymatching,855f6fcb48c993d7d9e36c082a2c709565d4a1f267050171dffc673e660b45b3,"{""code"":""rotated_surface_code"",""d"":15,""noise_model"":""SI1000"",""p"":0.0020750000000000005,""rounds"":0}",
       100,         0,         0,   0.064,pymatching,eae19b4ec2aedb3eb60d42ded3e7fbc5fc7056e190b43c122e094e79e47a0243,"{""code"":""rotated_surface_code"",""d"":15,""noise_model"":""SI1000"",""p"":0.0023,""rounds"":0}",
       100,         0,         0,   0.064,pymatching,8b6a75d168d1e342720418fab35c266bceccb1c3452d97b942c617fb473c0318,"{""code"":""rotated_surface_code"",""d"":15,""noise_model"":""SI1000"",""p"":0.0025250000000000003,""rounds"":0}",
       100,         0,         0,   0.066,pymatching,ac14fb07728dc2535212468b2a94ffdf02ab2c2d8386523281ac177b123f9547,"{""code"":""rotated_surface_code"",""d"":15,""noise_model"":""SI1000"",""p"":0.0027500000000000003,""rounds"":0}",
       100,         1,         0,   0.068,pymatching,0d72933122168444682e4d36ad673ffbb0ecf884118b678c71349aaea958cb6c,"{""code"":""rotated_surface_code"",""d"":15,""noise_model"":""SI1000"",""p"":0.002975,""rounds"":0}",
       100,         1,         0,   0.069,pymatching,47a775e265f4b4cab4c557d2f9ceec04b0782ade3a066cab148b33ad7e8a4b14,"{""code"":""rotated_surface_code"",""d"":15,""noise_model"":""SI1000"",""p"":0.0032,""rounds"":0}",
       100,         3,         0,   0.072,pymatching,61e8d2d04bd7a8394c1577504ee3fb3ba196caad1484ff016f8cf0d1c315f84b,"{""code"":""rotated_surface_code"",""d"":15,""noise_model"":""SI1000"",""p"":0.0036500000000000005,""rounds"":0}",
       100,         0,         0,   0.074,pymatching,5708568632ffb2086e21025f2d73bab2ccb4b7f4d4a0185eb2adf57f1f37d56d,"{""code"":""rotated_surface_code"",""d"":15,""noise_model"":""SI1000"",""p"":0.003425,""rounds"":0}",
       100,         3,         0,   0.074,pymatching,24ac1f8bceeb29a7f410bb65dba83e9664e81a9e9d80db3fb2c2bb5de67d8ed2,"{""code"":""rotated_surface_code"",""d"":15,""noise_model"":""SI1000"",""p"":0.0038750000000000004,""rounds"":0}",
       100,         3,         0,   0.075,pymatching,cf7aedea74f30dd27c45e07f5bc786e036ed874e131f3fbb852046fdab198286,"{""code"":""rotated_surface_code"",""d"":15,""noise_model"":""SI1000"",""p"":0.0041,""rounds"":0}",
       100,        11,         0,   0.079,pymatching,59f2ab8b61fadd77a3c3c5baa1e30f2f7f65ffaad01e254125fb2ff970faf847,"{""code"":""rotated_surface_code"",""d"":15,""noise_model"":""SI1000"",""p"":0.004325000000000001,""rounds"":0}",
       100,         9,         0,   0.080,pymatching,36781e99c2a7d9b6bd248cc3cf19a262ad8a0d0accbcaa46efc9498fb4566570,"{""code"":""rotated_surface_code"",""d"":15,""noise_model"":""SI1000"",""p"":0.00455,""rounds"":0}",
       100,        17,         0,   0.082,pymatching,0b611e479f3af5bcc6aa91a71d0d859dfb6d9d86af16e34b0714f62803e0578d,"{""code"":""rotated_surface_code"",""d"":15,""noise_model"":""SI1000"",""p"":0.004775,""rounds"":0}",
       100,        15,         0,   0.083,pymatching,294adb952b47a2908bb24211204c341fcd01ece4d608cc3f38174332ac8f4f17,"{""code"":""rotated_surface_code"",""d"":15,""noise_model"":""SI1000"",""p"":0.005,""rounds"":0}",
       100,         0,         0,   0.380,pymatching,25b4dc60826e114248849796701647c5f759749fb0988ead87e1b4a955dd52c6,"{""code"":""rotated_surface_code"",""d"":5,""noise_model"":""SD6_5"",""p"":0.0007250000000000001,""rounds"":0}",
       100,         1,         0,   0.403,pymatching,263a1ecc8c19cf26a64b9636a4b3a1b9c70e24e7263f30e9ad9b27c0ca05d155,"{""code"":""rotated_surface_code"",""d"":5,""noise_model"":""SD6_5"",""p"":0.0020750000000000005,""rounds"":0}",
       100,         1,         0,   0.416,pymatching,026018696ed9ff53b51972073d8c5fa647c59533b038728d554dbf36a014c67e,"{""code"":""rotated_surface_code"",""d"":5,""noise_model"":""SD6_5"",""p"":0.0023,""rounds"":0}",
       100,         0,         0,   0.415,pymatching,f94ed77120c0580bbe7ead707a2775ce3fda539abb84c87b823585be9f210273,"{""code"":""rotated_surface_code"",""d"":5,""noise_model"":""SD6_5"",""p"":0.0014000000000000002,""rounds"":0}",
       100,         1,         0,   0.449,pymatching,03f50b38f18c54869bcbfd1bcf91bbaeb126ad0c639403e139badb0df5c37005,"{""code"":""rotated_surface_code"",""d"":5,""noise_model"":""SD6_5"",""p"":0.0009500000000000001,""rounds"":0}",
       100,         1,         0,   0.471,pymatching,e672f0366b58667c08a68979aa7c0368d9ddb7556501a2a70041595351e877c3,"{""code"":""rotated_surface_code"",""d"":5,""noise_model"":""SD6_5"",""p"":0.00185,""rounds"":0}",
       100,         0,         0,   0.490,pymatching,41c3e205bdfa03b520be13d3e2cbda171c8f91ac8d3c4f0c542b8ec9573fa5e8,"{""code"":""rotated_surface_code"",""d"":5,""noise_model"":""SD6_5"",""p"":0.0016250000000000001,""rounds"":0}",
       100,         0,         0,   0.495,pymatching,7846045a8616f566d9a3a6e52165609d94e2e1d4685ba2d973cba18505ba38c2,"{""code"":""rotated_surface_code"",""d"":5,""noise_model"":""SD6_5"",""p"":0.001175,""rounds"":0}",
       100,         0,         0,   0.505,pymatching,5219129efdb76ad327f19ce7369bfd0dfa4b4073b7f8f166515f68c77a08c095,"{""code"":""rotated_surface_code"",""d"":5,""noise_model"":""SD6_5"",""p"":0.0005,""rounds"":0}",
       100,         1,         0,   0.524,pymatching,60d8b24d41d61692dac84eab6b378ac98781b7215b87b2b09d317d8b0ea65ce3,"{""code"":""rotated_surface_code"",""d"":5,""noise_model"":""SD6_5"",""p"":0.0025250000000000003,""rounds"":0}",
       100,         1,         0,   0.003,pymatching,2f89e2a1850b87d47fd2f155390fbb84fb8e2466b2b7b7f218972b3eacde6284,"{""code"":""rotated_surface_code"",""d"":5,""noise_model"":""SD6_5"",""p"":0.0027500000000000003,""rounds"":0}",
       100,         6,         0,   0.003,pymatching,06258346aa7f5f145cf11df814d0023038229f0efb14e6c2dd9fe334d2b29373,"{""code"":""rotated_surface_code"",""d"":5,""noise_model"":""SD6_5"",""p"":0.0032,""rounds"":0}",
       100,         0,         0,   0.003,pymatching,81c8ee91dda196499c15e175ea9b5e1bfd1e5b55fb0a46d7d82cc871084e1b85,"{""code"":""rotated_surface_code"",""d"":5,""noise_model"":""SD6_5"",""p"":0.002975,""rounds"":0}",
       100,         6,         0,   0.003,pymatching,8a21f789e08e40ab4426ab9eca0ecc647ecf4387138782557d40ab4f4a372b7a,"{""code"":""rotated_surface_code"",""d"":5,""noise_model"":""SD6_5"",""p"":0.003425,""rounds"":0}",
       100,         4,         0,   0.003,pymatching,faa09f38ae36508b80c6355f622d79cc6eb9a68ed220b47dfda21cb74e456592,"{""code"":""rotated_surface_code"",""d"":5,""noise_model"":""SD6_5"",""p"":0.0036500000000000005,""rounds"":0}",
       100,         6,         0,   0.004,pymatching,55d57510c080bc89b4de8b766e9a2d52475ed9e082a4e0ec04ac7c59a0199fce,"{""code"":""rotated_surface_code"",""d"":5,""noise_model"":""SD6_5"",""p"":0.0038750000000000004,""rounds"":0}",
       100,         8,         0,   0.004,pymatching,3a34fe4d79cfd2d2af82d7f403542c16ea0aef8c0ad196e471cfcf21206bdd5e,"{""code"":""rotated_surface_code"",""d"":5,""noise_model"":""SD6_5"",""p"":0.004325000000000001,""rounds"":0}",
       100,         5,         0,   0.004,pymatching,5fa9ac0bd8db687583f65043e9b4979e71d16e33693a3f93a1a48dc416f5dc9e,"{""code"":""rotated_surface_code"",""d"":5,""noise_model"":""SD6_5"",""p"":0.00455,""rounds"":0}",
       100,         6,         0,   0.004,pymatching,9e332adabdccb47058c3a3410cd244687bccb2b77aaa4ae59a1df8cd0f467731,"{""code"":""rotated_surface_code"",""d"":5,""noise_model"":""SD6_5"",""p"":0.0041,""rounds"":0}",
       100,        12,         0,   0.003,pymatching,97532e670d979933cc304691fb4048cd197064a8e93593a78f42a6f8390f615a,"{""code"":""rotated_surface_code"",""d"":5,""noise_model"":""SD6_5"",""p"":0.004775,""rounds"":0}",
       100,         6,         0,   0.003,pymatching,1471a59d7b666f5201c68ba57d973a5a792faeb60a9f1e1746d0265c36617444,"{""code"":""rotated_surface_code"",""d"":5,""noise_model"":""SD6_5"",""p"":0.005,""rounds"":0}",
       100,         0,         0,   0.007,pymatching,5d1d1a7ad8cf85d5fcc296c03919314daee9c98afcaaf28fe6a8aa807c9ba50d,"{""code"":""rotated_surface_code"",""d"":7,""noise_model"":""SD6_5"",""p"":0.0005,""rounds"":0}",
       100,         0,         0,   0.008,pymatching,eb8f5a1b976206281dde1433c4b00a6b6c28923e0d33ff87f6ecbb125af6ab51,"{""code"":""rotated_surface_code"",""d"":7,""noise_model"":""SD6_5"",""p"":0.0007250000000000001,""rounds"":0}",
       100,         0,         0,   0.008,pymatching,43c59c629a77b2aa46ca6f2ba2dda4fde9f8c07cc253f0d31455571495c24733,"{""code"":""rotated_surface_code"",""d"":7,""noise_model"":""SD6_5"",""p"":0.0009500000000000001,""rounds"":0}",
       100,         0,         0,   0.008,pymatching,33baafadde31cbba7550f0ee2442ea8b922c010270c2f89d6bd4410a9b096942,"{""code"":""rotated_surface_code"",""d"":7,""noise_model"":""SD6_5"",""p"":0.001175,""rounds"":0}",
       100,         0,         0,   0.008,pymatching,2d4d228f80b43f06ba7b68af01414f3c9912db0ac1b2a30e2a1787bfb66eaba6,"{""code"":""rotated_surface_code"",""d"":7,""noise_model"":""SD6_5"",""p"":0.0014000000000000002,""rounds"":0}",
       100,         0,         0,   0.008,pymatching,ee024e315c557d68555aa6af842bf433ddace3c1606796f9d7dfcba706e69f2d,"{""code"":""rotated_surface_code"",""d"":7,""noise_model"":""SD6_5"",""p"":0.00185,""rounds"":0}",
       100,         0,         0,   0.008,pymatching,b3e89375c9e8da4645b453b9c9066b4664cac5a48fe751f0afa6cb81f5c36602,"{""code"":""rotated_surface_code"",""d"":7,""noise_model"":""SD6_5"",""p"":0.0016250000000000001,""rounds"":0}",
       100,         1,         0,   0.008,pymatching,bd711670e3d9deb1b7871786f0024a744aedd3838885143562fa4b7f3d19752b,"{""code"":""rotated_surface_code"",""d"":7,""noise_model"":""SD6_5"",""p"":0.0020750000000000005,""rounds"":0}",
       100,         1,         0,   0.008,pymatching,54d0f05dd022ddbe4ed12be63f8c10e5fb60c7d7266c24aadf5cd2d63f51653e,"{""code"":""rotated_surface_code"",""d"":7,""noise_model"":""SD6_5"",""p"":0.0023,""rounds"":0}",
       100,         1,         0,   0.008,pymatching,338810442fc379edfba117dd609d333e5ee719a98820f763aa8b48ccca5f9876,"{""code"":""rotated_surface_code"",""d"":7,""noise_model"":""SD6_5"",""p"":0.0025250000000000003,""rounds"":0}",
       100,         3,         0,   0.008,pymatching,65d841a7b419ee884f6a036e8194f8ea1e325ac04c8dc1e4578d19e959b795df,"{""code"":""rotated_surface_code"",""d"":7,""noise_model"":""SD6_5"",""p"":0.0027500000000000003,""rounds"":0}",
       100,         3,         0,   0.008,pymatching,27c1295976fead6901154558370d7ed06f1edf13ec0e2ada16396aecf8b0d640,"{""code"":""rotated_surface_code"",""d"":7,""noise_model"":""SD6_5"",""p"":0.002975,""rounds"":0}",
       100,         2,         0,   0.008,pymatching,26b07fffa4c88dd596d02b3c79fef74b97f2206912931a3eb0d57b8052565d35,"{""code"":""rotated_surface_code"",""d"":7,""noise_model"":""SD6_5"",""p"":0.0032,""rounds"":0}",
       100,         1,         0,   0.009,pymatching,78a6467ab305c8f3ce6d494d8955ce512179ed64e148228f6588920f6cd5f712,"{""code"":""rotated_surface_code"",""d"":7,""noise_model"":""SD6_5"",""p"":0.003425,""rounds"":0}",
       100,         1,         0,   0.008,pymatching,a25ba3d98949dc71d90b4996a73e38401c328da9701c7a17d2d9b7300b90d4f2,"{""code"":""rotated_surface_code"",""d"":7,""noise_model"":""SD6_5"",""p"":0.0036500000000000005,""rounds"":0}",
       100,         8,         0,   0.009,pymatching,7c290c93e1b6fbfc57ed5b804e0eff8f0fbca5fb19b2c3f1be75b08761e77fa4,"{""code"":""rotated_surface_code"",""d"":7,""noise_model"":""SD6_5"",""p"":0.0041,""rounds"":0}",
       100,         9,         0,   0.009,pymatching,67830015dd57d4ea91d343015e421c24a426ec2996dfa4cb68b2487a88bcfce7,"{""code"":""rotated_surface_code"",""d"":7,""noise_model"":""SD6_5"",""p"":0.004325000000000001,""rounds"":0}",
       100,         4,         0,   0.009,pymatching,10c39bcd7c96f72a8249c58e7df4875af707635cab32857a1f1f839bb2a1f07b,"{""code"":""rotated_surface_code"",""d"":7,""noise_model"":""SD6_5"",""p"":0.0038750000000000004,""rounds"":0}",
       100,         8,         0,   0.009,pymatching,953a5e1006a16643a1e2964307bf996e00c16e5aa803d4d35bcb2e6bc0285e8d,"{""code"":""rotated_surface_code"",""d"":7,""noise_model"":""SD6_5"",""p"":0.00455,""rounds"":0}",
       100,         7,         0,   0.009,pymatching,04e4c695bf596284b573cd9fb5a14e75d715033ac73f1baa10f077852071a7ec,"{""code"":""rotated_surface_code"",""d"":7,""noise_model"":""SD6_5"",""p"":0.004775,""rounds"":0}",
       100,        14,         0,   0.009,pymatching,8a17a11cf69205289256a3ecc9b75b31145642175ff1e19df6a991938f46559d,"{""code"":""rotated_surface_code"",""d"":7,""noise_model"":""SD6_5"",""p"":0.005,""rounds"":0}",
       100,         0,         0,   0.014,pymatching,059af62b7a319ea9f0620ae6e588eb2354c4b3e4c087b2f32ec35461a849b7ca,"{""code"":""rotated_surface_code"",""d"":9,""noise_model"":""SD6_5"",""p"":0.0005,""rounds"":0}",
       100,         0,         0,   0.015,pymatching,b5fbb483059dd8907fc810b9c9809327483a83f8b792d5b5818b6af2b616f16b,"{""code"":""rotated_surface_code"",""d"":9,""noise_model"":""SD6_5"",""p"":0.0009500000000000001,""rounds"":0}",
       100,         0,         0,   0.015,pymatching,8ff7b3634e7c453f49a674f16041e9a0980b2e6d511657a4c08c75aba08ace93,"{""code"":""rotated_surface_code"",""d"":9,""noise_model"":""SD6_5"",""p"":0.001175,""rounds"":0}",
       100,         0,         0,   0.015,pymatching,f10b363a1b05e645691200ce24551c59fdfcc81caf6bedb7fc2e9b8da928c96d,"{""code"":""rotated_surface_code"",""d"":9,""noise_model"":""SD6_5"",""p"":0.0016250000000000001,""rounds"":0}",
       100,         0,         0,   0.021,pymatching,9b2a6e9607c953f93a12c05c9dee1aaa34eea3b72a4a62102886778f163a3c47,"{""code"":""rotated_surface_code"",""d"":9,""noise_model"":""SD6_5"",""p"":0.0007250000000000001,""rounds"":0}",
       100,         0,         0,   0.016,pymatching,fac988899cecbdc722571cd560e5b7249cce0d2fa635186945de6a4703deaff2,"{""code"":""rotated_surface_code"",""d"":9,""noise_model"":""SD6_5"",""p"":0.0014000000000000002,""rounds"":0}",
       100,         0,         0,   0.015,pymatching,5cffc2d5917a4f77555a73d69f66ee51e1f31d4c4b454cabb1ce7436b0e09594,"{""code"":""rotated_surface_code"",""d"":9,""noise_model"":""SD6_5"",""p"":0.0020750000000000005,""rounds"":0}",
       100,         1,         0,   0.015,pymatching,9f8ff1dfe74ce067424b82bef48e42d72b864acfcf8f5cc086bea89ff940b61b,"{""code"":""rotated_surface_code"",""d"":9,""noise_model"":""SD6_5"",""p"":0.00185,""rounds"":0}",
       100,         2,         0,   0.016,pymatching,9a780e55da12a0d0495462c050f0d17dda3e0f93c10ea5c370a9522a18ad2b44,"{""code"":""rotated_surface_code"",""d"":9,""noise_model"":""SD6_5"",""p"":0.0023,""rounds"":0}",
       100,         2,         0,   0.017,pymatching,462e467dab48082234ccb3ae185b7a776906eabc97cddeec3549639186440a0f,"{""code"":""rotated_surface_code"",""d"":9,""noise_model"":""SD6_5"",""p"":0.0032,""rounds"":0}",
       100,         0,         0,   0.017,pymatching,6c2c63707723bdac2740f00a3d0fb7bfd4d5ef5ec780909c2eb1567f1d4a89e9,"{""code"":""rotated_surface_code"",""d"":9,""noise_model"":""SD6_5"",""p"":0.0025250000000000003,""rounds"":0}",
       100,         1,         0,   0.019,pymatching,b43d2a87d7408438844fd6ce05f78ee3673aa8589398aa62d69b48e4dfffb642,"{""code"":""rotated_surface_code"",""d"":9,""noise_model"":""SD6_5"",""p"":0.002975,""rounds"":0}",
       100,         1,         0,   0.021,pymatching,3a84f8669d48c99ca323e2e9b7ca6321d0a61484ad8c308068dea96fdc26e2ed,"{""code"":""rotated_surface_code"",""d"":9,""noise_model"":""SD6_5"",""p"":0.0027500000000000003,""rounds"":0}",
       100,         3,         0,   0.018,pymatching,52484d21091e019d61eefc8451ed8bfb1a8db6df82e3baa0c80829c385be1dbd,"{""code"":""rotated_surface_code"",""d"":9,""noise_model"":""SD6_5"",""p"":0.003425,""rounds"":0}",
       100,         2,         0,   0.017,pymatching,5c14fdda23e00c9dc4df96ede9e98a508ed6c1dff15ae4b36e3f58579f74ebe9,"{""code"":""rotated_surface_code"",""d"":9,""noise_model"":""SD6_5"",""p"":0.0036500000000000005,""rounds"":0}",
       100,         1,         0,   0.017,pymatching,cd8c3f09cbf37c76a61c7cd8d459c53969bb14925a669e12abc8695ab94e90f9,"{""code"":""rotated_surface_code"",""d"":9,""noise_model"":""SD6_5"",""p"":0.0038750000000000004,""rounds"":0}",
       100,         1,         0,   0.017,pymatching,1a0a8c7daaeea54038242118110d2a3eb58650d07a0fb74326370854605e5459,"{""code"":""rotated_surface_code"",""d"":9,""noise_model"":""SD6_5"",""p"":0.0041,""rounds"":0}",
       100,         8,         0,   0.018,pymatching,77b102df8b2cc7f849143591456473da21f5140508ca057efd0aed5aee0a617d,"{""code"":""rotated_surface_code"",""d"":9,""noise_model"":""SD6_5"",""p"":0.004325000000000001,""rounds"":0}",
       100,         7,         0,   0.019,pymatching,999df8de2eb67b09da5945411a3b24f9de9e8ea08fe1c8d15f5da66a9f3463f6,"{""code"":""rotated_surface_code"",""d"":9,""noise_model"":""SD6_5"",""p"":0.00455,""rounds"":0}",
       100,         2,         0,   0.018,pymatching,f449cbdb067d0526b12d509181be167d52d5385ecb1a23d2f802481e80a24730,"{""code"":""rotated_surface_code"",""d"":9,""noise_model"":""SD6_5"",""p"":0.004775,""rounds"":0}",
       100,        18,         0,   0.019,pymatching,8e81dd089f1f433ef718e4e4c5fbecbbdc17fa7e0975f4c192ea7ee0d6479b13,"{""code"":""rotated_surface_code"",""d"":9,""noise_model"":""SD6_5"",""p"":0.005,""rounds"":0}",
       100,         0,         0,   0.025,pymatching,1a32fbf1fd805e7f84ca9de3a0d2a5db0a0e0873a7190840894f1a8c2cdb7758,"{""code"":""rotated_surface_code"",""d"":11,""noise_model"":""SD6_5"",""p"":0.0005,""rounds"":0}",
       100,         0,         0,   0.025,pymatching,0db116f70993ea5f695432bc0f03910641f7fd01966f596cf275fb92b942b574,"{""code"":""rotated_surface_code"",""d"":11,""noise_model"":""SD6_5"",""p"":0.0007250000000000001,""rounds"":0}",
       100,         0,         0,   0.025,pymatching,8146ec99fe5c6f1f44d1fec0cde3ea9bd965de01bfa64027d0203f94adf48b4c,"{""code"":""rotated_surface_code"",""d"":11,""noise_model"":""SD6_5"",""p"":0.001175,""rounds"":0}",
       100,         0,         0,   0.025,pymatching,e74508bfa87869441477b95b3f9deac39ae7b189bbd69d1fb6df1016b8f93d7f,"{""code"":""rotated_surface_code"",""d"":11,""noise_model"":""SD6_5"",""p"":0.0009500000000000001,""rounds"":0}",
       100,         0,         0,   0.025,pymatching,0393f0d6c89e3958262697d69ebfd014fe497aa64f80b0a1312a3aa550b143c5,"{""code"":""rotated_surface_code"",""d"":11,""noise_model"":""SD6_5"",""p"":0.0014000000000000002,""rounds"":0}",
       100,         0,         0,   0.026,pymatching,0c0ae6941fcfb6d5cc32c0e6a04257c9fcff69b9528fe53a200b0661f6c8768a,"{""code"":""rotated_surface_code"",""d"":11,""noise_model"":""SD6_5"",""p"":0.0016250000000000001,""rounds"":0}",
       100,         0,         0,   0.026,pymatching,e5cdd19efcc158d3e5a753adc83e92520a1e178cfd34f68b1b2f0770eca8fdd0,"{""code"":""rotated_surface_code"",""d"":11,""noise_model"":""SD6_5"",""p"":0.00185,""rounds"":0}",
       100,         0,         0,   0.026,pymatching,cba3ccb668bdfddcc8213335b3c02d10d639757c41dc01ed683e4d119f8d7a58,"{""code"":""rotated_surface_code"",""d"":11,""noise_model"":""SD6_5"",""p"":0.0020750000000000005,""rounds"":0}",
       100,         0,         0,   0.027,pymatching,570f9ec6092a194a8c8e1aae115569ab0b447b7eaf411e4b450960b513ea5ab5,"{""code"":""rotated_surface_code"",""d"":11,""noise_model"":""SD6_5"",""p"":0.0023,""rounds"":0}",
       100,         0,         0,   0.027,pymatching,263e37cd1da30ca4bca5ff5f29b3bb7679c6019d3d634111dbb662aa08d8bce0,"{""code"":""rotated_surface_code"",""d"":11,""noise_model"":""SD6_5"",""p"":0.0025250000000000003,""rounds"":0}",
       100,         1,         0,   0.028,pymatching,d22145e3b35d279c132ac7ac273196464b658a817a86fcee87115676465c55e4,"{""code"":""rotated_surface_code"",""d"":11,""noise_model"":""SD6_5"",""p"":0.0027500000000000003,""rounds"":0}",
       100,         1,         0,   0.028,pymatching,23bd641ca90a866fd4e7af6c88ce87936d96010a302b93e76a9072247d301fc4,"{""code"":""rotated_surface_code"",""d"":11,""noise_model"":""SD6_5"",""p"":0.0032,""rounds"":0}",
       100,         1,         0,   0.029,pymatching,e761f9ed618ac62960202550b44494f2765cdbebf9d806152599bfdce23083c3,"{""code"":""rotated_surface_code"",""d"":11,""noise_model"":""SD6_5"",""p"":0.002975,""rounds"":0}",
       100,         2,         0,   0.029,pymatching,a4477175d0bc07732f25e3018e737cb31914864b8e4eb629c0336248ac500576,"{""code"":""rotated_surface_code"",""d"":11,""noise_model"":""SD6_5"",""p"":0.003425,""rounds"":0}",
       100,         3,         0,   0.029,pymatching,2fc6c428347f3dd36e6bb8ceea18dc9bbc5e11141e069ee83f9d68edea100a7e,"{""code"":""rotated_surface_code"",""d"":11,""noise_model"":""SD6_5"",""p"":0.0036500000000000005,""rounds"":0}",
       100,         4,         0,   0.030,pymatching,1b878b393adeaa81ea642e3db8555c5fbcd995469669b16d8fd4d8f8c3d19247,"{""code"":""rotated_surface_code"",""d"":11,""noise_model"":""SD6_5"",""p"":0.0038750000000000004,""rounds"":0}",
       100,         5,         0,   0.031,pymatching,956bad1409fc4f3d403acefdb51536ee69fe0116b985e2f8e0a955d21e1efe55,"{""code"":""rotated_surface_code"",""d"":11,""noise_model"":""SD6_5"",""p"":0.0041,""rounds"":0}",
       100,         5,         0,   0.033,pymatching,967058dac526e5932fd51411983816916e1c1f38e53309368a1800eec3fe1a66,"{""code"":""rotated_surface_code"",""d"":11,""noise_model"":""SD6_5"",""p"":0.00455,""rounds"":0}",
       100,         4,         0,   0.033,pymatching,33bcea1560afa8866e4925fec74366b7641c6657b4a57b540c988bdd371944d7,"{""code"":""rotated_surface_code"",""d"":11,""noise_model"":""SD6_5"",""p"":0.004325000000000001,""rounds"":0}",
       100,        13,         0,   0.033,pymatching,011c6f5b412aab118476d7d3c194d00738f36029dcc2b215a0727d3d57f97078,"{""code"":""rotated_surface_code"",""d"":11,""noise_model"":""SD6_5"",""p"":0.004775,""rounds"":0}",
       100,        12,         0,   0.032,pymatching,dcb2261e661dffe1cdfacfa0dae800d4983d099159e269eee96ffd7e0c09284b,"{""code"":""rotated_surface_code"",""d"":11,""noise_model"":""SD6_5"",""p"":0.005,""rounds"":0}",
       100,         0,         0,   0.038,pymatching,27817bd012e8ca81961c31d20a234e58449af544cd01a7a1321081c2ffff7f29,"{""code"":""rotated_surface_code"",""d"":13,""noise_model"":""SD6_5"",""p"":0.0005,""rounds"":0}",
       100,         0,         0,   0.038,pymatching,8cc82903d87e96f4537d08f7bbcc0a33c3faeb9bae8890c3279aacf9df6ba438,"{""code"":""rotated_surface_code"",""d"":13,""noise_model"":""SD6_5"",""p"":0.0007250000000000001,""rounds"":0}",
       100,         0,         0,   0.038,pymatching,8f0230535239557e4b5c8e922c1ea7a213527b41f6361159b2041a02b93ffdab,"{""code"":""rotated_surface_code"",""d"":13,""noise_model"":""SD6_5"",""p"":0.0009500000000000001,""rounds"":0}",
       100,         0,         0,   0.039,pymatching,b1f4b4a4b8a019b4168fd267287200f870ae9a6e761b49815f7a5bb834f9dffa,"{""code"":""rotated_surface_code"",""d"":13,""noise_model"":""SD6_5"",""p"":0.001175,""rounds"":0}",
       100,         0,         0,   0.040,pymatching,4d670adcb7c30ccd5f69f3bad02139583849da0d58fdc533cdb046ba36b504b4,"{""code"":""rotated_surface_code"",""d"":13,""noise_model"":""SD6_5"",""p"":0.0014000000000000002,""rounds"":0}",
       100,         0,         0,   0.040,pymatching,95a7223ad0efe11ec85ef74c28df90595685d5a4c1ac023f5f96ff8ee606b633,"{""code"":""rotated_surface_code"",""d"":13,""noise_model"":""SD6_5"",""p"":0.0016250000000000001,""rounds"":0}",
       100,         0,         0,   0.041,pymatching,6661258c8b4bcce84f13ce34e1d64b11593ff59280ba87baba4f9f67b415ee70,"{""code"":""rotated_surface_code"",""d"":13,""noise_model"":""SD6_5"",""p"":0.00185,""rounds"":0}",
       100,         0,         0,   0.041,pymatching,8594daabceab3315477791574e3162364520e48f8eb86bd78a3cce4fc85385d2,"{""code"":""rotated_surface_code"",""d"":13,""noise_model"":""SD6_5"",""p"":0.0020750000000000005,""rounds"":0}",
       100,         0,         0,   0.042,pymatching,482a37e8e29a80468c9372bea3f3709971ec4539802282213ec7c0e1a03c35ee,"{""code"":""rotated_surface_code"",""d"":13,""noise_model"":""SD6_5"",""p"":0.0023,""rounds"":0}",
       100,         0,         0,   0.042,pymatching,bdce43d8e7b9b01d98b87de16ba10c18856c5a78d14b2b8374ec71834532f019,"{""code"":""rotated_surface_code"",""d"":13,""noise_model"":""SD6_5"",""p"":0.0025250000000000003,""rounds"":0}",
       100,         0,         0,   0.044,pymatching,b8d6797b76b2b49b8dc425b25969d952e29aa9158a86e2b734210f1f52597e95,"{""code"":""rotated_surface_code"",""d"":13,""noise_model"":""SD6_5"",""p"":0.0027500000000000003,""rounds"":0}",
       100,         1,         0,   0.045,pymatching,d755823250033a2ab84002bcef398d6b0997ba5f1a154c2f721abb31b034acae,"{""code"":""rotated_surface_code"",""d"":13,""noise_model"":""SD6_5"",""p"":0.0032,""rounds"":0}",
       100,         0,         0,   0.044,pymatching,c56953d5ae628881da6e1bacc9975ceedf3db40e645da4dd4351276770089af1,"{""code"":""rotated_surface_code"",""d"":13,""noise_model"":""SD6_5"",""p"":0.002975,""rounds"":0}",
       100,         3,         0,   0.046,pymatching,95c2b75d0e34dfff61388121acc165ed0042069bf34bab7dcec88496a5abe983,"{""code"":""rotated_surface_code"",""d"":13,""noise_model"":""SD6_5"",""p"":0.003425,""rounds"":0}",
       100,         1,         0,   0.047,pymatching,bda3639cbdc88d9c1131bae2b22a41463efd02c50bf35fdb2fe14c8df9841fd9,"{""code"":""rotated_surface_code"",""d"":13,""noise_model"":""SD6_5"",""p"":0.0036500000000000005,""rounds"":0}",
       100,         8,         0,   0.048,pymatching,2415da0de64cd4c2716f6d8e1b0dca7cd26bbb84a18026cc5127810bdde55887,"{""code"":""rotated_surface_code"",""d"":13,""noise_model"":""SD6_5"",""p"":0.0038750000000000004,""rounds"":0}",
       100,         5,         0,   0.048,pymatching,7709e2f12ca1aa3e98128329580faf6917e86fe6fa3003901ec5a934004118ef,"{""code"":""rotated_surface_code"",""d"":13,""noise_model"":""SD6_5"",""p"":0.0041,""rounds"":0}",
       100,         6,         0,   0.051,pymatching,191e09107e7666c3b45834484ba70c69983860c4cbbc0a98102be17641ea4098,"{""code"":""rotated_surface_code"",""d"":13,""noise_model"":""SD6_5"",""p"":0.004325000000000001,""rounds"":0}",
       100,        11,         0,   0.051,pymatching,4842b9119ade7a43a9d26e3f2975def98faa024ce60c491960ebccba06ccc59d,"{""code"":""rotated_surface_code"",""d"":13,""noise_model"":""SD6_5"",""p"":0.00455,""rounds"":0}",
       100,         8,         0,   0.053,pymatching,7a6a805daea9c31ad19c64f59d917af6625db0eea535be1492c67299043aed3d,"{""code"":""rotated_surface_code"",""d"":13,""noise_model"":""SD6_5"",""p"":0.004775,""rounds"":0}",
       100,        16,         0,   0.052,pymatching,c9aa02722d9f2cb358e050ccb1ce49d1ff6e2d3affca011e2d8ed4cd0af4a783,"{""code"":""rotated_surface_code"",""d"":13,""noise_model"":""SD6_5"",""p"":0.005,""rounds"":0}",
       100,         0,         0,   0.056,pymatching,9538d8d6f3c463ffdc0e898c16d85b75e9dc677ab8b16facce46ed6720d8924d,"{""code"":""rotated_surface_code"",""d"":15,""noise_model"":""SD6_5"",""p"":0.0005,""rounds"":0}",
       100,         0,         0,   0.057,pymatching,2ff31047c0be27f7dd0e6c94e892fae75d3d0f779d8f95b0a893cb1768e79aa7,"{""code"":""rotated_surface_code"",""d"":15,""noise_model"":""SD6_5"",""p"":0.0007250000000000001,""rounds"":0}",
       100,         0,         0,   0.058,pymatching,70524ac903b681dfa2bf1d311b53259bc631046ac9b932fb65729627a44c3777,"{""code"":""rotated_surface_code"",""d"":15,""noise_model"":""SD6_5"",""p"":0.0009500000000000001,""rounds"":0}",
       100,         0,         0,   0.058,pymatching,163c6487f6da97052e0700e0e54aeb2bcb01e1f58fe52f23d51cbc18fb50c057,"{""code"":""rotated_surface_code"",""d"":15,""noise_model"":""SD6_5"",""p"":0.001175,""rounds"":0}",
       100,         0,         0,   0.058,pymatching,c3468c711951ea12533dc31319f855def481193b33508eb9197fbfe9bd0e92a2,"{""code"":""rotated_surface_code"",""d"":15,""noise_model"":""SD6_5"",""p"":0.0014000000000000002,""rounds"":0}",
       100,         0,         0,   0.060,pymatching,6624b763ef69562914f6538dddc9791c0dcd4cfa44ebb7fd519b7b5d909156ef,"{""code"":""rotated_surface_code"",""d"":15,""noise_model"":""SD6_5"",""p"":0.00185,""rounds"":0}",
       100,         0,         0,   0.060,pymatching,9f439043419e135006b5356fc550208fa662de5df76d17d5fd3551ba56962824,"{""code"":""rotated_surface_code"",""d"":15,""noise_model"":""SD6_5"",""p"":0.0016250000000000001,""rounds"":0}",
       100,         0,         0,   0.061,pymatching,e71fb5e9a329d6802e4239265f15ae07dbc4cb6db7944409e9a70869271aa75b,"{""code"":""rotated_surface_code"",""d"":15,""noise_model"":""SD6_5"",""p"":0.0020750000000000005,""rounds"":0}",
       100,         0,         0,   0.063,pymatching,6d077e94441b50cf1ec963f91c64c25bdede9cad2ad9bf6dd39dc1d71231d339,"{""code"":""rotated_surface_code"",""d"":15,""noise_model"":""SD6_5"",""p"":0.0025250000000000003,""rounds"":0}",
       100,         0,         0,   0.064,pymatching,7de6ce8e2ba411fd9b35c94430f1d2a67f873ea1bac285bc4e0a785d41781b8a,"{""code"":""rotated_surface_code"",""d"":15,""noise_model"":""SD6_5"",""p"":0.0023,""rounds"":0}",
       100,         1,         0,   0.065,pymatching,28bbad658060ddd13bc7b98cd40a0f62bc7ed19e7c77685e51ddede87e8d06eb,"{""code"":""rotated_surface_code"",""d"":15,""noise_model"":""SD6_5"",""p"":0.0027500000000000003,""rounds"":0}",
       100,         0,         0,   0.067,pymatching,e5cc4e6da0510b879279b580046cee674d35df38844ce53431a34e0f02459cc4,"{""code"":""rotated_surface_code"",""d"":15,""noise_model"":""SD6_5"",""p"":0.002975,""rounds"":0}",
       100,         1,         0,   0.067,pymatching,ce3226118a3641a128d3529283e0ccaaca843647dd6a6115162ae7fe85a3ee87,"{""code"":""rotated_surface_code"",""d"":15,""noise_model"":""SD6_5"",""p"":0.0032,""rounds"":0}",
       100,         0,         0,   0.070,pymatching,f8381e6e2f7f61f7f292193c36780b6eeec33b1b60be3a080560416158687e8a,"{""code"":""rotated_surface_code"",""d"":15,""noise_model"":""SD6_5"",""p"":0.003425,""rounds"":0}",
       100,         3,         0,   0.071,pymatching,db29b5ac7294e8145691ae1c8ff987ec05276050b33e77583fd43cd32176b8aa,"{""code"":""rotated_surface_code"",""d"":15,""noise_model"":""SD6_5"",""p"":0.0036500000000000005,""rounds"":0}",
       100,         4,         0,   0.072,pymatching,44da7f185fb75f1f105ee6f417d6707d269aa7a22c3d789197a19e3f10b398c3,"{""code"":""rotated_surface_code"",""d"":15,""noise_model"":""SD6_5"",""p"":0.0038750000000000004,""rounds"":0}",
       100,         4,         0,   0.075,pymatching,4e489f7f9dd8690108d7c81400fb447a496e8508e52f129f092d80fe0c9e18eb,"{""code"":""rotated_surface_code"",""d"":15,""noise_model"":""SD6_5"",""p"":0.0041,""rounds"":0}",
       100,         8,         0,   0.077,pymatching,37cddf48643fd20fa086c99120d264de365c596d696c2818ba55ad5ef3a4f25e,"{""code"":""rotated_surface_code"",""d"":15,""noise_model"":""SD6_5"",""p"":0.004325000000000001,""rounds"":0}",
       100,        10,         0,   0.081,pymatching,274f3a514111d7ea0c05fd1fc14bd6a4c0c1ec38ff398ef578514a36b4923b8c,"{""code"":""rotated_surface_code"",""d"":15,""noise_model"":""SD6_5"",""p"":0.004775,""rounds"":0}",
       100,         8,         0,   0.081,pymatching,9fdd86aa50ea7fe633e9a90f23d6be751e83cd6c9ce35c34ccb5f2de9e178e58,"{""code"":""rotated_surface_code"",""d"":15,""noise_model"":""SD6_5"",""p"":0.00455,""rounds"":0}",
       100,        18,         0,   0.082,pymatching,7688de64411da6d6cdcd41df0a59754bb1a03f98e9386fe1a5e9700646eb9a27,"{""code"":""rotated_surface_code"",""d"":15,""noise_model"":""SD6_5"",""p"":0.005,""rounds"":0}",
       100,         0,         0,   0.338,pymatching,7e8d92b2bb30cd439b7537a53f95b53e1ae6a0f3dfe6044f16d85c3419cde7fb,"{""code"":""rotated_surface_code"",""d"":5,""noise_model"":""SD6_10"",""p"":0.0005,""rounds"":0}",
       100,         0,         0,   0.407,pymatching,d399efbbbce404ea5528e546e55ac9dca8ebbdc6e3c55ddac3822dfb79c60c52,"{""code"":""rotated_surface_code"",""d"":5,""noise_model"":""SD6_10"",""p"":0.0016250000000000001,""rounds"":0}",
       100,         2,         0,   0.419,pymatching,e81583ba2d1f792eeba8c12cfabbb3487e54adb7c34fc1dd784cf741e315d134,"{""code"":""rotated_surface_code"",""d"":5,""noise_model"":""SD6_10"",""p"":0.0023,""rounds"":0}",
       100,         0,         0,   0.429,pymatching,069662faa62717eb9f0c1508cc1fc9a529d10b550f9201f421476b59c4a8b20b,"{""code"":""rotated_surface_code"",""d"":5,""noise_model"":""SD6_10"",""p"":0.0007250000000000001,""rounds"":0}",
       100,         0,         0,   0.591,pymatching,faebef52d6193c2ba8ad1a4da8b650933bf4f31ea76237d7aebf21ceb5a278c8,"{""code"":""rotated_surface_code"",""d"":5,""noise_model"":""SD6_10"",""p"":0.0009500000000000001,""rounds"":0}",
       100,         3,         0,   0.598,pymatching,3ecdb844dad8eb925ca97e7f4741a18368a1326cd7a1bdd238d016bc8be292b3,"{""code"":""rotated_surface_code"",""d"":5,""noise_model"":""SD6_10"",""p"":0.0025250000000000003,""rounds"":0}",
       100,         0,         0,   0.589,pymatching,370be0c6b43b50ab0f2678b3564298b69ea176556d57608e3a8c97c828ddb252,"{""code"":""rotated_surface_code"",""d"":5,""noise_model"":""SD6_10"",""p"":0.0014000000000000002,""rounds"":0}",
       100,         1,         0,   0.623,pymatching,f0dcd5b5b1ba20e6c1bb44981d0a3018563e1978ec09df0bc58146e741a33fca,"{""code"":""rotated_surface_code"",""d"":5,""noise_model"":""SD6_10"",""p"":0.0020750000000000005,""rounds"":0}",
       100,         1,         0,   0.654,pymatching,f2420b2e15276912d9f1acbe1ac83c09a3d2a91574c6c5075d30e5e6271ca87a,"{""code"":""rotated_surface_code"",""d"":5,""noise_model"":""SD6_10"",""p"":0.00185,""rounds"":0}",
       100,         0,         0,   0.661,pymatching,6ff44f863ba4c5296686eacb8ffb7fb47c31d09088b97300877776cb4ff0c70e,"{""code"":""rotated_surface_code"",""d"":5,""noise_model"":""SD6_10"",""p"":0.001175,""rounds"":0}",
       100,         5,         0,   0.003,pymatching,bc191b5a1ebfc596eed2dbe5bd0dac3405cec5ca362aae6196701c5cdcbfd9f2,"{""code"":""rotated_surface_code"",""d"":5,""noise_model"":""SD6_10"",""p"":0.0027500000000000003,""rounds"":0}",
       100,         3,         0,   0.003,pymatching,e33f238d6423d21ff585547d5b9756db88bcdd27166f313cd3c3f16e154b0353,"{""code"":""rotated_surface_code"",""d"":5,""noise_model"":""SD6_10"",""p"":0.002975,""rounds"":0}",
       100,         4,         0,   0.003,pymatching,13dbc9b12b22acbea009563d38270909f3990ab1df926bde74991a2792b6bce6,"{""code"":""rotated_surface_code"",""d"":5,""noise_model"":""SD6_10"",""p"":0.0032,""rounds"":0}",
       100,         7,         0,   0.003,pymatching,ed3fc77d9b19066802fa3b4acce2544e9e8aead95a09d1153883a3ab5b9496b5,"{""code"":""rotated_surface_code"",""d"":5,""noise_model"":""SD6_10"",""p"":0.003425,""rounds"":0}",
       100,         5,         0,   0.004,pymatching,bbbb0249935f539a5d70255a6b3e5c8f2e14063c09f8225822e2ede078bd6497,"{""code"":""rotated_surface_code"",""d"":5,""noise_model"":""SD6_10"",""p"":0.0036500000000000005,""rounds"":0}",
       100,         6,         0,   0.004,pymatching,febe3fefa06c8527dd462163ae9bace141170219e37e34912c8d991bf39cc637,"{""code"":""rotated_surface_code"",""d"":5,""noise_model"":""SD6_10"",""p"":0.0041,""rounds"":0}",
       100,         6,         0,   0.004,pymatching,e069506b601025632bf698c9f364d7d415e74e6203811e1025bd74687855786f,"{""code"":""rotated_surface_code"",""d"":5,""noise_model"":""SD6_10"",""p"":0.0038750000000000004,""rounds"":0}",
       100,        12,         0,   0.004,pymatching,012b9145482f52aa721e1386dc0ce26b25735859b9a29621f880234642470c34,"{""code"":""rotated_surface_code"",""d"":5,""noise_model"":""SD6_10"",""p"":0.004325000000000001,""rounds"":0}",
       100,        10,         0,   0.004,pymatching,9d2e8bf6ebbcb668b8df89b11ff36ba0d94010511f6f529b689895187c4d402c,"{""code"":""rotated_surface_code"",""d"":5,""noise_model"":""SD6_10"",""p"":0.00455,""rounds"":0}",
       100,        18,         0,   0.004,pymatching,ae46d36484d6ac91c1036f6c7678eea33cc10ae0feed62569465f9699865e375,"{""code"":""rotated_surface_code"",""d"":5,""noise_model"":""SD6_10"",""p"":0.004775,""rounds"":0}",
       100,        18,         0,   0.004,pymatching,04f40c7cee7dae7b4fbb22ea1a263979bdb16e6bb81ca1669763980ab5cc1ddb,"{""code"":""rotated_surface_code"",""d"":5,""noise_model"":""SD6_10"",""p"":0.005,""rounds"":0}",
       100,         0,         0,   0.008,pymatching,1607c18c0a82cd8dc1134821a07b1822ddc2e448d204709a8809ce83b8cf547a,"{""code"":""rotated_surface_code"",""d"":7,""noise_model"":""SD6_10"",""p"":0.0005,""rounds"":0}",
       100,         0,         0,   0.007,pymatching,8204bc39b00900421372d2926bb1c513d66e80ce8ce2cf92b548d5d9954df8a4,"{""code"":""rotated_surface_code"",""d"":7,""noise_model"":""SD6_10"",""p"":0.0007250000000000001,""rounds"":0}",
       100,         0,         0,   0.008,pymatching,c1e5e27f75757e5dc2629964f6931602fa3c2295c66cea7bf29cb3dceb25792c,"{""code"":""rotated_surface_code"",""d"":7,""noise_model"":""SD6_10"",""p"":0.0009500000000000001,""rounds"":0}",
       100,         0,         0,   0.008,pymatching,6b9a5c09caf36cac84289bad72642186f5f52a4b5f3ad826baf6aa1ef97274b4,"{""code"":""rotated_surface_code"",""d"":7,""noise_model"":""SD6_10"",""p"":0.001175,""rounds"":0}",
       100,         0,         0,   0.008,pymatching,6372b8c6f89a3671d692620bba99d19720d6fcd17be8c95052224df1df14d1e2,"{""code"":""rotated_surface_code"",""d"":7,""noise_model"":""SD6_10"",""p"":0.0016250000000000001,""rounds"":0}",
       100,         1,         0,   0.008,pymatching,36794aa0ed66c80a998825916d5deb6c49f9b462bbb42fb25e1f251cfc514db9,"{""code"":""rotated_surface_code"",""d"":7,""noise_model"":""SD6_10"",""p"":0.00185,""rounds"":0}",
       100,         0,         0,   0.008,pymatching,3aabebabb99676dd263a655e5d1e188c5fc0aefb76b933aed51c67446c1f00a6,"{""code"":""rotated_surface_code"",""d"":7,""noise_model"":""SD6_10"",""p"":0.0014000000000000002,""rounds"":0}",
       100,         1,         0,   0.008,pymatching,c231c9ef490f66687da38f1011713abd261d24ec973aabe4cece70edbe3fd20b,"{""code"":""rotated_surface_code"",""d"":7,""noise_model"":""SD6_10"",""p"":0.0020750000000000005,""rounds"":0}",
       100,         1,         0,   0.008,pymatching,25069aa78a7211a9fff451a92f27e45ad1f2f017fe7499e7d3f69e2ecce48d53,"{""code"":""rotated_surface_code"",""d"":7,""noise_model"":""SD6_10"",""p"":0.0023,""rounds"":0}",
       100,         2,         0,   0.008,pymatching,c011d51a7b847d01114f6756e961452bf11b487f891189f52e3a6197b10230c3,"{""code"":""rotated_surface_code"",""d"":7,""noise_model"":""SD6_10"",""p"":0.0025250000000000003,""rounds"":0}",
       100,         7,         0,   0.009,pymatching,4a151caa2145ef57de7d45731d9e239a0c6e0d3d4931c4b9680a2114835d9e21,"{""code"":""rotated_surface_code"",""d"":7,""noise_model"":""SD6_10"",""p"":0.002975,""rounds"":0}",
       100,         3,         0,   0.009,pymatching,6929bac4b042bb86572b80a20a19352c2f662f21c60e4a034189abb738b6d491,"{""code"":""rotated_surface_code"",""d"":7,""noise_model"":""SD6_10"",""p"":0.0027500000000000003,""rounds"":0}",
       100,         3,         0,   0.009,pymatching,bac67033f9cc49ab255d4f0a01b8aa863f46911807b8c480442ca96832b4212c,"{""code"":""rotated_surface_code"",""d"":7,""noise_model"":""SD6_10"",""p"":0.0032,""rounds"":0}",
       100,         8,         0,   0.009,pymatching,838d662ee130fd9cd8143413a34ac915f6cca3c7fbb71bceb0edec84640d132e,"{""code"":""rotated_surface_code"",""d"":7,""noise_model"":""SD6_10"",""p"":0.003425,""rounds"":0}",
       100,         8,         0,   0.009,pymatching,289ba818878375fae565e1d4ccbd4967c788cb9b7f204953497889800b1534da,"{""code"":""rotated_surface_code"",""d"":7,""noise_model"":""SD6_10"",""p"":0.0036500000000000005,""rounds"":0}",
       100,         6,         0,   0.009,pymatching,f1a53c847a75bf8a29c64252c2a1be36073a5f62953e978e2eb8d7ef145380da,"{""code"":""rotated_surface_code"",""d"":7,""noise_model"":""SD6_10"",""p"":0.0038750000000000004,""rounds"":0}",
       100,        11,         0,   0.011,pymatching,4b1ccf0fbfe85c5522201d49055f24804b66a6a7940a62aa7acb12326dd61681,"{""code"":""rotated_surface_code"",""d"":7,""noise_model"":""SD6_10"",""p"":0.0041,""rounds"":0}",
       100,         9,         0,   0.010,pymatching,b82223cd4d45fb6a17d1708b0e4459477beb8e82803c7e28d195ddebb0fc83f1,"{""code"":""rotated_surface_code"",""d"":7,""noise_model"":""SD6_10"",""p"":0.004325000000000001,""rounds"":0}",
       100,        15,         0,   0.010,pymatching,b802eca0e5e052c33d48823c56f6ce2edfddfb0356a08101d58c4be603fe89b4,"{""code"":""rotated_surface_code"",""d"":7,""noise_model"":""SD6_10"",""p"":0.00455,""rounds"":0}",
       100,        11,         0,   0.010,pymatching,50df61b3c418934bfab1dfecc7fb70c60f7d85e8ed9ff17ed0e5b4b1920180a3,"{""code"":""rotated_surface_code"",""d"":7,""noise_model"":""SD6_10"",""p"":0.004775,""rounds"":0}",
       100,        13,         0,   0.010,pymatching,73534d36ebb90a1af6e9ba0f752332e29ea63830a72115f4d9f61722726542a4,"{""code"":""rotated_surface_code"",""d"":7,""noise_model"":""SD6_10"",""p"":0.005,""rounds"":0}",
       100,         0,         0,   0.014,pymatching,389c3ca3d3ed28616fdd54791e05d153c88f3d3065af8fc60ec583de777d40dd,"{""code"":""rotated_surface_code"",""d"":9,""noise_model"":""SD6_10"",""p"":0.0005,""rounds"":0}",
       100,         0,         0,   0.015,pymatching,b1b449693a578c6218fa94ac6d71ade85ccdba6504f04efd7f9412b567a92d9e,"{""code"":""rotated_surface_code"",""d"":9,""noise_model"":""SD6_10"",""p"":0.0007250000000000001,""rounds"":0}",
       100,         0,         0,   0.015,pymatching,6e843e18976703526309916cbb3d3b7f141baa3266a2c57352bc77e79a47769a,"{""code"":""rotated_surface_code"",""d"":9,""noise_model"":""SD6_10"",""p"":0.0014000000000000002,""rounds"":0}",
       100,         0,         0,   0.015,pymatching,061ac7e3d58a3b1c9e017d3c66c0734a1f0d8a79f3928761d83819c1827ad5e1,"{""code"":""rotated_surface_code"",""d"":9,""noise_model"":""SD6_10"",""p"":0.0009500000000000001,""rounds"":0}",
       100,         0,         0,   0.019,pymatching,211b77de4624f4d52695270ec50a633d245436af8f6d5d54b27f0e3f556ceb8b,"{""code"":""rotated_surface_code"",""d"":9,""noise_model"":""SD6_10"",""p"":0.001175,""rounds"":0}",
       100,         0,         0,   0.019,pymatching,202be9cadf4b456f16f8bc5d21c5cc858bca54cdbbe1aa6186bfff91ff97af71,"{""code"":""rotated_surface_code"",""d"":9,""noise_model"":""SD6_10"",""p"":0.0016250000000000001,""rounds"":0}",
       100,         1,         0,   0.016,pymatching,83b6fc451a6a2721fb1c14c7d88c3ff2097e150afb8c7738f8119d964c8ce2fa,"{""code"":""rotated_surface_code"",""d"":9,""noise_model"":""SD6_10"",""p"":0.00185,""rounds"":0}",
       100,         0,         0,   0.016,pymatching,e7fb38695ff5d2e4dedbe185960e0eec7e96262a97c922844e2ef5da1ca84016,"{""code"":""rotated_surface_code"",""d"":9,""noise_model"":""SD6_10"",""p"":0.0020750000000000005,""rounds"":0}",
       100,         1,         0,   0.016,pymatching,09bc03b752fabf14e95174f42126c63ba9ccc2781f667015bf32ae61ad7bc19d,"{""code"":""rotated_surface_code"",""d"":9,""noise_model"":""SD6_10"",""p"":0.0023,""rounds"":0}",
       100,         0,         0,   0.017,pymatching,200099786bd723a52e8ab57c1dbcc7243bf48b913409000d9c1c203ba86994e4,"{""code"":""rotated_surface_code"",""d"":9,""noise_model"":""SD6_10"",""p"":0.0025250000000000003,""rounds"":0}",
       100,         2,         0,   0.017,pymatching,558e0e4d0138b640625ee7bf4e5a4746b5ec1f63347a77e43a741170e454f5e4,"{""code"":""rotated_surface_code"",""d"":9,""noise_model"":""SD6_10"",""p"":0.0027500000000000003,""rounds"":0}",
       100,         4,         0,   0.018,pymatching,ec70d08bbf35306b17155626569122ab8b3603cc2e1844d5f368cc3ff67082f8,"{""code"":""rotated_surface_code"",""d"":9,""noise_model"":""SD6_10"",""p"":0.002975,""rounds"":0}",
       100,         4,         0,   0.018,pymatching,13dec4da3cccdabf49e5d1a0a181030268bde33a3f97712441d4899cc51ae560,"{""code"":""rotated_surface_code"",""d"":9,""noise_model"":""SD6_10"",""p"":0.0032,""rounds"":0}",
       100,         3,         0,   0.019,pymatching,2b5ae86b073fd3c015420d4aecbb000efb86d15bf85bb808a7d35265917b0c1a,"{""code"":""rotated_surface_code"",""d"":9,""noise_model"":""SD6_10"",""p"":0.003425,""rounds"":0}",
       100,         7,         0,   0.019,pymatching,8f68fb8ee013bc4685991e4d18d2e6015db1b4c2a4f5abf5b2e20893a9ba6a68,"{""code"":""rotated_surface_code"",""d"":9,""noise_model"":""SD6_10"",""p"":0.0036500000000000005,""rounds"":0}",
       100,        10,         0,   0.019,pymatching,856fc6cbd3d3b7e4509d2fe74985d719943b5c75c02b468428430adc83b20d36,"{""code"":""rotated_surface_code"",""d"":9,""noise_model"":""SD6_10"",""p"":0.0038750000000000004,""rounds"":0}",
       100,        13,         0,   0.019,pymatching,5141a155b26e0f468172749d68d7e64dc42736229452f057c7b1f261952e0e15,"{""code"":""rotated_surface_code"",""d"":9,""noise_model"":""SD6_10"",""p"":0.0041,""rounds"":0}",
       100,        17,         0,   0.019,pymatching,620e5987eab2401489f5808a9bda08ac7236e0dc5d370988cb8ec2b76c8acce1,"{""code"":""rotated_surface_code"",""d"":9,""noise_model"":""SD6_10"",""p"":0.004325000000000001,""rounds"":0}",
       100,        16,         0,   0.019,pymatching,75d57b957cfe00b57eaf54f1616fa7f9c50280f9992c54dff4719f9ac67cc53f,"{""code"":""rotated_surface_code"",""d"":9,""noise_model"":""SD6_10"",""p"":0.00455,""rounds"":0}",
       100,        17,         0,   0.021,pymatching,3de519a9be4cfb0723118c3b7225af24cf38805142032edf3360e13a15d4efe8,"{""code"":""rotated_surface_code"",""d"":9,""noise_model"":""SD6_10"",""p"":0.004775,""rounds"":0}",
       100,        27,         0,   0.021,pymatching,235224d23210e38e3761149ca57115fd975a49686907df356871235e05eaa94a,"{""code"":""rotated_surface_code"",""d"":9,""noise_model"":""SD6_10"",""p"":0.005,""rounds"":0}",
       100,         0,         0,   0.024,pymatching,2307e0f4cd65a8a37f0ce2043978cfe3e1336a808750c5c787ecb89843759f90,"{""code"":""rotated_surface_code"",""d"":11,""noise_model"":""SD6_10"",""p"":0.0005,""rounds"":0}",
       100,         0,         0,   0.025,pymatching,5d85449f3e6f9e9f5663e9b8d73d8083edd54c0045daf6450c5a63bc011875b8,"{""code"":""rotated_surface_code"",""d"":11,""noise_model"":""SD6_10"",""p"":0.0007250000000000001,""rounds"":0}",
       100,         0,         0,   0.025,pymatching,3b03ec485159209e627eacfea35979887e4510b8e1ce32fd66460bde500d7ffb,"{""code"":""rotated_surface_code"",""d"":11,""noise_model"":""SD6_10"",""p"":0.0009500000000000001,""rounds"":0}",
       100,         0,         0,   0.026,pymatching,a40d36450422da8272cc1d0d6e13dd3da52705001e17e51c05033b927401de68,"{""code"":""rotated_surface_code"",""d"":11,""noise_model"":""SD6_10"",""p"":0.0014000000000000002,""rounds"":0}",
       100,         0,         0,   0.026,pymatching,69eb29d67119ef0ba082e6cc153861d1df3c66413d7148f8d3d7aa2c71a003a1,"{""code"":""rotated_surface_code"",""d"":11,""noise_model"":""SD6_10"",""p"":0.001175,""rounds"":0}",
       100,         0,         0,   0.028,pymatching,9224d857811f838dc70d53471ff7fe79413ef93f685e5659cf754a943891ee03,"{""code"":""rotated_surface_code"",""d"":11,""noise_model"":""SD6_10"",""p"":0.0016250000000000001,""rounds"":0}",
       100,         0,         0,   0.027,pymatching,cf346fc9007a9d1abab3f3f13d8be52de1d7d7a1b5514d7e67a3e64b0c8bf06c,"{""code"":""rotated_surface_code"",""d"":11,""noise_model"":""SD6_10"",""p"":0.00185,""rounds"":0}",
       100,         0,         0,   0.027,pymatching,2203f2c8888270da604590dff33332744fa126d3ca5091b4eacea2b816741310,"{""code"":""rotated_surface_code"",""d"":11,""noise_model"":""SD6_10"",""p"":0.0020750000000000005,""rounds"":0}",
       100,         0,         0,   0.028,pymatching,3650f25baf956cb02ab9b7d61cd43e9218d9f9813fcc660739eb6ed436580bc5,"{""code"":""rotated_surface_code"",""d"":11,""noise_model"":""SD6_10"",""p"":0.0023,""rounds"":0}",
       100,         1,         0,   0.029,pymatching,9fc74e6c5a55a195e4c588e9c497dd1166759f916d475162b7d2b012f36a23c9,"{""code"":""rotated_surface_code"",""d"":11,""noise_model"":""SD6_10"",""p"":0.0025250000000000003,""rounds"":0}",
       100,         2,         0,   0.030,pymatching,ceb6c10da04902aac5cd5e389e65b19defc880a1a7a0d1eee9799c1560d7bca3,"{""code"":""rotated_surface_code"",""d"":11,""noise_model"":""SD6_10"",""p"":0.0027500000000000003,""rounds"":0}",
       100,         1,         0,   0.031,pymatching,56177d6083c22d78f6c94e47f9a86b6ecae0324bac83588f0cb86c07c9da9715,"{""code"":""rotated_surface_code"",""d"":11,""noise_model"":""SD6_10"",""p"":0.002975,""rounds"":0}",
       100,         1,         0,   0.031,pymatching,f73ff34b9b5ce2285484205d8d52318e96e4b311e8d59336dadb01cd69fd52dd,"{""code"":""rotated_surface_code"",""d"":11,""noise_model"":""SD6_10"",""p"":0.0032,""rounds"":0}",
       100,         3,         0,   0.031,pymatching,f0f4ff2956ae2e34da2632531f1369eab4f183fdf0cecc9a2ed94693110f694c,"{""code"":""rotated_surface_code"",""d"":11,""noise_model"":""SD6_10"",""p"":0.003425,""rounds"":0}",
       100,         5,         0,   0.032,pymatching,afdc2cb41f16ab87f3439c0c5884fcdeab242d4b979df1470ee131f58f53e16e,"{""code"":""rotated_surface_code"",""d"":11,""noise_model"":""SD6_10"",""p"":0.0036500000000000005,""rounds"":0}",
       100,        10,         0,   0.034,pymatching,2bc3df210b721019a952bdba5894d177c8107f6a63187c9d7ff5fc2f225f5696,"{""code"":""rotated_surface_code"",""d"":11,""noise_model"":""SD6_10"",""p"":0.0038750000000000004,""rounds"":0}",
       100,        14,         0,   0.034,pymatching,7913bd3615887fc88ddec68700930f3ed2fe837da90f0e69a5d271721eb58835,"{""code"":""rotated_surface_code"",""d"":11,""noise_model"":""SD6_10"",""p"":0.0041,""rounds"":0}",
       100,        14,         0,   0.035,pymatching,dd1685fcfb4aae24649565f90224a6402baa16da8cca5833e2bc02b5cf4b918e,"{""code"":""rotated_surface_code"",""d"":11,""noise_model"":""SD6_10"",""p"":0.004325000000000001,""rounds"":0}",
       100,        18,         0,   0.036,pymatching,30071c975c16bee7e95f32ebb9a0d07825066510a956953053e05a065b383ed7,"{""code"":""rotated_surface_code"",""d"":11,""noise_model"":""SD6_10"",""p"":0.00455,""rounds"":0}",
       100,        24,         0,   0.038,pymatching,f94210f8fbe85610bfc63cd0e948e3072521fa2de9cc21eeb22a9d339defbf8b,"{""code"":""rotated_surface_code"",""d"":11,""noise_model"":""SD6_10"",""p"":0.004775,""rounds"":0}",
       100,        26,         0,   0.038,pymatching,23f7728ebe0becc10011ddeac37bb4803ed53d554d0ea4cca8af1a9ade605cee,"{""code"":""rotated_surface_code"",""d"":11,""noise_model"":""SD6_10"",""p"":0.005,""rounds"":0}",
       100,         0,         0,   0.038,pymatching,8a5e48ddc76404c609d933c0afdf9d3b3c315643b38185d1697cbada509ad58e,"{""code"":""rotated_surface_code"",""d"":13,""noise_model"":""SD6_10"",""p"":0.0005,""rounds"":0}",
       100,         0,         0,   0.039,pymatching,d143a547c70960b083dd97301c1a43cb9fddaabb9928c979bd2dd2d4b1758796,"{""code"":""rotated_surface_code"",""d"":13,""noise_model"":""SD6_10"",""p"":0.0007250000000000001,""rounds"":0}",
       100,         0,         0,   0.040,pymatching,2996841b8794c38d7a78be28dd4ec368ba8e9ec3342c068ff3906013e56ee9f6,"{""code"":""rotated_surface_code"",""d"":13,""noise_model"":""SD6_10"",""p"":0.0009500000000000001,""rounds"":0}",
       100,         0,         0,   0.040,pymatching,2b1e6b6375ade081c782defa0e9f0c9967ea35e06b73c8cfee0d87a9bd925058,"{""code"":""rotated_surface_code"",""d"":13,""noise_model"":""SD6_10"",""p"":0.001175,""rounds"":0}",
       100,         0,         0,   0.041,pymatching,79cc734d60c8774bedc3273b7c6d69f95c4ccd68d9c2138a0ff278a0975f4411,"{""code"":""rotated_surface_code"",""d"":13,""noise_model"":""SD6_10"",""p"":0.0014000000000000002,""rounds"":0}",
       100,         0,         0,   0.042,pymatching,3cd45d5dfadbdeac8e73128739cbca9b1bb2d981a08e2a5a6cbd5d59e3c36c74,"{""code"":""rotated_surface_code"",""d"":13,""noise_model"":""SD6_10"",""p"":0.0016250000000000001,""rounds"":0}",
       100,         0,         0,   0.043,pymatching,9a3b6c822e4d5d55c3ca0051e8dea65f5af0d82ff9954575db67002f2b35e1d3,"{""code"":""rotated_surface_code"",""d"":13,""noise_model"":""SD6_10"",""p"":0.00185,""rounds"":0}",
       100,         0,         0,   0.043,pymatching,64e06546a998f2adffa8e2515b2a4baa368e526ce8d61b9c828a8bd435697a2b,"{""code"":""rotated_surface_code"",""d"":13,""noise_model"":""SD6_10"",""p"":0.0020750000000000005,""rounds"":0}",
       100,         2,         0,   0.044,pymatching,b55d6a797f5701c67d2810694e7a1ab718ab0a4e95e83243117c43d788ded01a,"{""code"":""rotated_surface_code"",""d"":13,""noise_model"":""SD6_10"",""p"":0.0023,""rounds"":0}",
       100,         0,         0,   0.045,pymatching,9205ba7caba5b7ee9cbe409709a519276a06eb5c40eea69ec086757c3d5a0954,"{""code"":""rotated_surface_code"",""d"":13,""noise_model"":""SD6_10"",""p"":0.0025250000000000003,""rounds"":0}",
       100,         2,         0,   0.048,pymatching,a6425ffd7e49324f54b6c3c9d73551d607e2676788007101a778679951c8a474,"{""code"":""rotated_surface_code"",""d"":13,""noise_model"":""SD6_10"",""p"":0.0027500000000000003,""rounds"":0}",
       100,         2,         0,   0.049,pymatching,e0ed8e2be3c20f48f232c076237d434e613f8462a0c1f306cd0fcccecff5d9f6,"{""code"":""rotated_surface_code"",""d"":13,""noise_model"":""SD6_10"",""p"":0.0032,""rounds"":0}",
       100,         1,         0,   0.049,pymatching,a9de78753e70938fc3f0ede828ad7a4d51be843b327375c5e4e4398aee2a8fa9,"{""code"":""rotated_surface_code"",""d"":13,""noise_model"":""SD6_10"",""p"":0.002975,""rounds"":0}",
       100,         4,         0,   0.051,pymatching,c6b8e912be558b50b61d97f0c9fb97931f501b1848aa964dd7abf793bd9e6f7b,"{""code"":""rotated_surface_code"",""d"":13,""noise_model"":""SD6_10"",""p"":0.003425,""rounds"":0}",
       100,         8,         0,   0.053,pymatching,fdb10cbe23c5d1d11db1cb257ef9b4a77d019dc7c211a7c2a7320566eab7d4f0,"{""code"":""rotated_surface_code"",""d"":13,""noise_model"":""SD6_10"",""p"":0.0036500000000000005,""rounds"":0}",
       100,         9,         0,   0.054,pymatching,f7fb10df4dafec80eeed0595cb9d730950c8f735231ba201c4503ddb597a9ebc,"{""code"":""rotated_surface_code"",""d"":13,""noise_model"":""SD6_10"",""p"":0.0038750000000000004,""rounds"":0}",
       100,        10,         0,   0.056,pymatching,03a4b446fe62118838d27d85be2d9212bc311ffdc27fe6a1efc826a6e89045b0,"{""code"":""rotated_surface_code"",""d"":13,""noise_model"":""SD6_10"",""p"":0.0041,""rounds"":0}",
       100,        18,         0,   0.058,pymatching,0070d3b94a36b1fec38b4e1809ebbeb081501e918d276d1a6219c9973a10ee0c,"{""code"":""rotated_surface_code"",""d"":13,""noise_model"":""SD6_10"",""p"":0.004325000000000001,""rounds"":0}",
       100,        14,         0,   0.060,pymatching,96e087f71f356df32aaed3bce97bfbbf742956e647e6b5479ab2393449a8c044,"{""code"":""rotated_surface_code"",""d"":13,""noise_model"":""SD6_10"",""p"":0.00455,""rounds"":0}",
       100,        16,         0,   0.060,pymatching,7879957b30443010f0536be1b5aad32b526181c1da609844af1385ebb5b84d94,"{""code"":""rotated_surface_code"",""d"":13,""noise_model"":""SD6_10"",""p"":0.004775,""rounds"":0}",
       100,         0,         0,   0.055,pymatching,2c14ff9122d2857a91936d74da74554b2adafb5c0dbf752480e1e8fd3b843239,"{""code"":""rotated_surface_code"",""d"":15,""noise_model"":""SD6_10"",""p"":0.0005,""rounds"":0}",
       100,        22,         0,   0.063,pymatching,55a1988e2d33f5c00471f71580407b0e1c5fa68f854789c0bd185033b5f980d7,"{""code"":""rotated_surface_code"",""d"":13,""noise_model"":""SD6_10"",""p"":0.005,""rounds"":0}",
       100,         0,         0,   0.057,pymatching,04efc50893175b70b9139313cd2b1c35169c1cd5ae7e4adbd2c455243549d271,"{""code"":""rotated_surface_code"",""d"":15,""noise_model"":""SD6_10"",""p"":0.0007250000000000001,""rounds"":0}",
       100,         0,         0,   0.058,pymatching,95407c8c13a9b962fd0a5c0396d88840aa56a2b56cdd947ff72dfef26cf5cd98,"{""code"":""rotated_surface_code"",""d"":15,""noise_model"":""SD6_10"",""p"":0.0009500000000000001,""rounds"":0}",
       100,         0,         0,   0.059,pymatching,8f5945212eb6fc44e0eb9d0b89ee3de922f5cf14244be138458132fca02c3fb7,"{""code"":""rotated_surface_code"",""d"":15,""noise_model"":""SD6_10"",""p"":0.001175,""rounds"":0}",
       100,         0,         0,   0.060,pymatching,d355ce2996f4b8f103d9f1e47e0ec277f65983e037afc585e00d9ec0b7a241de,"{""code"":""rotated_surface_code"",""d"":15,""noise_model"":""SD6_10"",""p"":0.0014000000000000002,""rounds"":0}",
       100,         0,         0,   0.062,pymatching,8a02b37665d8f19f3847acb19dd73ec01554b4d9e26ee325d73f125d728fe5b8,"{""code"":""rotated_surface_code"",""d"":15,""noise_model"":""SD6_10"",""p"":0.0016250000000000001,""rounds"":0}",
       100,         0,         0,   0.063,pymatching,99882877a325e058778ae484779b9a540a636d35647c44f1aa6f56022fc3e06e,"{""code"":""rotated_surface_code"",""d"":15,""noise_model"":""SD6_10"",""p"":0.00185,""rounds"":0}",
       100,         0,         0,   0.064,pymatching,c82f9972de48cbfe1519a725a4c7c537b9607efbdd511917ab370934c41db2dd,"{""code"":""rotated_surface_code"",""d"":15,""noise_model"":""SD6_10"",""p"":0.0020750000000000005,""rounds"":0}",
       100,         0,         0,   0.066,pymatching,7412d97ee990db23eb0ce9a048e21facb2db4ef3d9e287724a7453e37c896ec0,"{""code"":""rotated_surface_code"",""d"":15,""noise_model"":""SD6_10"",""p"":0.0023,""rounds"":0}",
       100,         1,         0,   0.067,pymatching,54aa40c86a857ad897670b816cf3629e0c571059a26fbbb70418a64ed7870131,"{""code"":""rotated_surface_code"",""d"":15,""noise_model"":""SD6_10"",""p"":0.0025250000000000003,""rounds"":0}",
       100,         1,         0,   0.069,pymatching,cbfd91a9f674a2691f1ed7a068fa51d7a7c05382bf489ed336ec88ac77a6eb63,"{""code"":""rotated_surface_code"",""d"":15,""noise_model"":""SD6_10"",""p"":0.0027500000000000003,""rounds"":0}",
       100,         0,         0,   0.071,pymatching,569dc4827573b0ed2fe5402c6751fe12a39b0b62c4b9ea13e302cda302ad9db9,"{""code"":""rotated_surface_code"",""d"":15,""noise_model"":""SD6_10"",""p"":0.002975,""rounds"":0}",
       100,         1,         0,   0.074,pymatching,5f18d44cfd2d027ce27a1ae495570566c99f80445ad102f279f25f3487c88ee2,"{""code"":""rotated_surface_code"",""d"":15,""noise_model"":""SD6_10"",""p"":0.0032,""rounds"":0}",
       100,         6,         0,   0.078,pymatching,0d7761c4fb5904b8802265fa02eaf91826803c99382397ab13dca002259765c3,"{""code"":""rotated_surface_code"",""d"":15,""noise_model"":""SD6_10"",""p"":0.003425,""rounds"":0}",
       100,         5,         0,   0.079,pymatching,d20e78dc7ee741bdba92183bd9f66e022012c5f699049495e9c17ec519bda8f8,"{""code"":""rotated_surface_code"",""d"":15,""noise_model"":""SD6_10"",""p"":0.0036500000000000005,""rounds"":0}",
       100,         8,         0,   0.082,pymatching,4ddb29e67fa158dd62730b582b69a089b9901892707e52cf6f11c17b92d30fed,"{""code"":""rotated_surface_code"",""d"":15,""noise_model"":""SD6_10"",""p"":0.0038750000000000004,""rounds"":0}",
       100,        15,         0,   0.084,pymatching,5bdfb3e81a17552bc6d5bb6306653dfd0377401612011fe35bf3a54901bf459f,"{""code"":""rotated_surface_code"",""d"":15,""noise_model"":""SD6_10"",""p"":0.0041,""rounds"":0}",
       100,        13,         0,   0.088,pymatching,e05809ce3f8e8f78fa23abf202ada35bd60d5593441d91eef95865bd88d78c9f,"{""code"":""rotated_surface_code"",""d"":15,""noise_model"":""SD6_10"",""p"":0.004325000000000001,""rounds"":0}",
       100,        28,         0,   0.091,pymatching,72c1348eb02c62a153780a910eb6933bf8b28e30639eef78b9bde060466d020c,"{""code"":""rotated_surface_code"",""d"":15,""noise_model"":""SD6_10"",""p"":0.00455,""rounds"":0}",
       100,        25,         0,   0.092,pymatching,c323625c3c4d59f18adbee3ed38d2556cd5133fb6d638e9b1b5ca28ded974068,"{""code"":""rotated_surface_code"",""d"":15,""noise_model"":""SD6_10"",""p"":0.004775,""rounds"":0}",
       100,        25,         0,   0.096,pymatching,72b775f1d8e34bf7d7e10db7b274cdf11252d9b653403c3c5a37db52b7023a74,"{""code"":""rotated_surface_code"",""d"":15,""noise_model"":""SD6_10"",""p"":0.005,""rounds"":0}",
       100,         2,         0,   0.326,pymatching,506c97c2474c1075a7abb330461c1f1af4a0a32f5d3e5381a6987c1d02c554df,"{""code"":""rotated_surface_code"",""d"":5,""noise_model"":""SD6_20"",""p"":0.0014000000000000002,""rounds"":0}",
       100,         5,         0,   0.564,pymatching,872a9ce12737404f83f03095b5d924e147b7c386843e26afd209760891975415,"{""code"":""rotated_surface_code"",""d"":5,""noise_model"":""SD6_20"",""p"":0.00185,""rounds"":0}",
       100,         5,         0,   0.616,pymatching,3536401afdf4dbd4bb2ffff76b1b32363a6cbfdd0e0ec44e704a607fd4460e4d,"{""code"":""rotated_surface_code"",""d"":5,""noise_model"":""SD6_20"",""p"":0.0020750000000000005,""rounds"":0}",
       100,         6,         0,   0.613,pymatching,e7edb75a59e5f61adf5377be0fbdb69d8549893a72986b7c06a564be4f0f6fa6,"{""code"":""rotated_surface_code"",""d"":5,""noise_model"":""SD6_20"",""p"":0.0025250000000000003,""rounds"":0}",
       100,         0,         0,   0.635,pymatching,22f126d204a49d832dc467318572062e5d5390fcd7a3d7312855029b488160bc,"{""code"":""rotated_surface_code"",""d"":5,""noise_model"":""SD6_20"",""p"":0.0005,""rounds"":0}",
       100,         0,         0,   0.639,pymatching,50400fd8bc4c858c18255fb6ff792dba4edb40f923e4cb0f992ce402923606d1,"{""code"":""rotated_surface_code"",""d"":5,""noise_model"":""SD6_20"",""p"":0.001175,""rounds"":0}",
       100,         0,         0,   0.648,pymatching,ff185a669b76a31f23b8ed05b12e93ef225caf077a4b23fb7ccb364cca478dc1,"{""code"":""rotated_surface_code"",""d"":5,""noise_model"":""SD6_20"",""p"":0.0009500000000000001,""rounds"":0}",
       100,         3,         0,   0.663,pymatching,f68a4e560ffc17bba42816bf5dc4e4d8c5f12745b23488ffedfa4e459a196622,"{""code"":""rotated_surface_code"",""d"":5,""noise_model"":""SD6_20"",""p"":0.0023,""rounds"":0}",
       100,         1,         0,   0.676,pymatching,8f62a9e02cb21a4c1c5fda0ceed1acfb1876027b73cd301877cb36a64356ebb6,"{""code"":""rotated_surface_code"",""d"":5,""noise_model"":""SD6_20"",""p"":0.0007250000000000001,""rounds"":0}",
       100,         2,         0,   0.693,pymatching,d9a2de05c209ab6981b034421d8a9d96e524b6f3afbf096427d06ed0905e511f,"{""code"":""rotated_surface_code"",""d"":5,""noise_model"":""SD6_20"",""p"":0.0016250000000000001,""rounds"":0}",
       100,        12,         0,   0.004,pymatching,e814274f6be0e97094f4b5262d263b083ff9a022852dcc367ed3cd1490068863,"{""code"":""rotated_surface_code"",""d"":5,""noise_model"":""SD6_20"",""p"":0.0027500000000000003,""rounds"":0}",
       100,        17,         0,   0.004,pymatching,f55f2d5ebdec65be85284a3dc4f5c95f2c32084e04cd128a85f270faa6c93a3e,"{""code"":""rotated_surface_code"",""d"":5,""noise_model"":""SD6_20"",""p"":0.0032,""rounds"":0}",
       100,         8,         0,   0.004,pymatching,ea6f8b762d349f85dd2e52e22f3cb7fec9d5a6cbbcc169632b8a7d17b1aa0567,"{""code"":""rotated_surface_code"",""d"":5,""noise_model"":""SD6_20"",""p"":0.002975,""rounds"":0}",
       100,        15,         0,   0.004,pymatching,06ba17d0e731f81b19ebf8663e66529ea2debed02fbee1716ebb29e5bf640250,"{""code"":""rotated_surface_code"",""d"":5,""noise_model"":""SD6_20"",""p"":0.003425,""rounds"":0}",
       100,        18,         0,   0.004,pymatching,903f7b2446a47688a6b98a27e08bbaaecfdc94146c07a3ba5d310eb4250ec824,"{""code"":""rotated_surface_code"",""d"":5,""noise_model"":""SD6_20"",""p"":0.0036500000000000005,""rounds"":0}",
       100,        23,         0,   0.004,pymatching,915e4f82bfcf64562ac15916583907ac166eb8cfb61b88f0f7bdeea1f77c2b5c,"{""code"":""rotated_surface_code"",""d"":5,""noise_model"":""SD6_20"",""p"":0.004325000000000001,""rounds"":0}",
       100,        22,         0,   0.004,pymatching,d6e49a95f7a4aceb7e6903d2c5ae4c71a88c5c0353b36871d7820d2bab41c27a,"{""code"":""rotated_surface_code"",""d"":5,""noise_model"":""SD6_20"",""p"":0.0038750000000000004,""rounds"":0}",
       100,        23,         0,   0.004,pymatching,993cba20f7b32310923b4610c207a3966f145569d3a719a59205e5c1b6190052,"{""code"":""rotated_surface_code"",""d"":5,""noise_model"":""SD6_20"",""p"":0.0041,""rounds"":0}",
       100,        25,         0,   0.005,pymatching,eeb993ff752affd64674347637d4e663b53233b6be889e9a8b825f1e3bbf7430,"{""code"":""rotated_surface_code"",""d"":5,""noise_model"":""SD6_20"",""p"":0.00455,""rounds"":0}",
       100,        25,         0,   0.004,pymatching,7b0bcc12baf1a9bf1f33d0713960034e7078167e95d22ba3f9b65b7a9c5ea695,"{""code"":""rotated_surface_code"",""d"":5,""noise_model"":""SD6_20"",""p"":0.004775,""rounds"":0}",
       100,        32,         0,   0.004,pymatching,ab90f31733ad3510b55a17f43f0856e9d6401c6ee74246a44bc08d15981c9474,"{""code"":""rotated_surface_code"",""d"":5,""noise_model"":""SD6_20"",""p"":0.005,""rounds"":0}",
       100,         0,         0,   0.008,pymatching,60eae23cb98d12569d31f0482d991a3723a271af4904cf5a1d55e3099c015fbd,"{""code"":""rotated_surface_code"",""d"":7,""noise_model"":""SD6_20"",""p"":0.0005,""rounds"":0}",
       100,         0,         0,   0.008,pymatching,2a91179ce8c3d79e93566f51233dcf102dc37c4126f3697f42a3a3c2830ac3f1,"{""code"":""rotated_surface_code"",""d"":7,""noise_model"":""SD6_20"",""p"":0.0007250000000000001,""rounds"":0}",
       100,         1,         0,   0.008,pymatching,607108c33583e457eb1e691c9b8abe7b6b217e3e2d979c7467e17930cc3bbaa8,"{""code"":""rotated_surface_code"",""d"":7,""noise_model"":""SD6_20"",""p"":0.0009500000000000001,""rounds"":0}",
       100,         0,         0,   0.008,pymatching,9453d4aaed283d872c5a09351a322346e7ff3aab645196b82e42979657b4d723,"{""code"":""rotated_surface_code"",""d"":7,""noise_model"":""SD6_20"",""p"":0.001175,""rounds"":0}",
       100,         1,         0,   0.008,pymatching,2f34029b0f696367753c46acb299d4f649c16f498c89acbdd8a6966b7101cfe0,"{""code"":""rotated_surface_code"",""d"":7,""noise_model"":""SD6_20"",""p"":0.0014000000000000002,""rounds"":0}",
       100,         1,         0,   0.008,pymatching,7d0712a2aad24564714661051ecfaab3dd91e9a7996bd56cff4119186ec5249e,"{""code"":""rotated_surface_code"",""d"":7,""noise_model"":""SD6_20"",""p"":0.0016250000000000001,""rounds"":0}",
       100,         2,         0,   0.009,pymatching,55906f6a6cde0cb1ff1be817daeb330f3fdba304be4c2c5fb9670ec476771942,"{""code"":""rotated_surface_code"",""d"":7,""noise_model"":""SD6_20"",""p"":0.00185,""rounds"":0}",
       100,         3,         0,   0.009,pymatching,be48c4067815304b396d11a6547a1e870e684c252bf0396c19fb4ae0cf0edf7d,"{""code"":""rotated_surface_code"",""d"":7,""noise_model"":""SD6_20"",""p"":0.0020750000000000005,""rounds"":0}",
       100,         6,         0,   0.027,pymatching,fa9d22853c4a947e7994ff65d0622e48c738621dcc6dfb846a1525918be7489d,"{""code"":""rotated_surface_code"",""d"":7,""noise_model"":""SD6_20"",""p"":0.0023,""rounds"":0}",
       100,         4,         0,   0.009,pymatching,8e789d6cedda862894c76649a1f045c2a8e6e48e3db6140d5796e196d6021345,"{""code"":""rotated_surface_code"",""d"":7,""noise_model"":""SD6_20"",""p"":0.0025250000000000003,""rounds"":0}",
       100,         6,         0,   0.010,pymatching,a5caff6b2a5b886c02617f84c8b7ecf81c2251228ea6a164ba47c02fd9c6f8c2,"{""code"":""rotated_surface_code"",""d"":7,""noise_model"":""SD6_20"",""p"":0.0027500000000000003,""rounds"":0}",
       100,        15,         0,   0.010,pymatching,c9a2deb4f17e7a4c0929fa5bcee2e97d22eaafaa703b1d3b17f36c4ce89e9e44,"{""code"":""rotated_surface_code"",""d"":7,""noise_model"":""SD6_20"",""p"":0.0032,""rounds"":0}",
       100,        16,         0,   0.010,pymatching,314a5261b9b89d775f8389bf85bf4f8926db9f1969c815700ab19c078144eab0,"{""code"":""rotated_surface_code"",""d"":7,""noise_model"":""SD6_20"",""p"":0.002975,""rounds"":0}",
       100,        16,         0,   0.010,pymatching,a2f5fea20dbe9e993ed97dd7d47f47bc7c25a5973e7c6422bc4d40d1258fe3dc,"{""code"":""rotated_surface_code"",""d"":7,""noise_model"":""SD6_20"",""p"":0.003425,""rounds"":0}",
       100,        12,         0,   0.010,pymatching,371624ef56a9e28b92da9a0a6a55796805d54b5a5087b313e3eeffd3b28ac15c,"{""code"":""rotated_surface_code"",""d"":7,""noise_model"":""SD6_20"",""p"":0.0036500000000000005,""rounds"":0}",
       100,        27,         0,   0.011,pymatching,5766900976df262235de1a40f6642756b65fe53a309b45f101dbb172b4824f05,"{""code"":""rotated_surface_code"",""d"":7,""noise_model"":""SD6_20"",""p"":0.0038750000000000004,""rounds"":0}",
       100,        21,         0,   0.010,pymatching,5aa2b56684c720683441ff9476216d0f4efae38dc6eb32ee4db7a08beb5b1141,"{""code"":""rotated_surface_code"",""d"":7,""noise_model"":""SD6_20"",""p"":0.0041,""rounds"":0}",
       100,        23,         0,   0.011,pymatching,d2dfeb2bfbb6b79c7b123b19a3b9c2d6a89af8f7042f1c5e1d53b30c9eb9b806,"{""code"":""rotated_surface_code"",""d"":7,""noise_model"":""SD6_20"",""p"":0.004325000000000001,""rounds"":0}",
       100,        27,         0,   0.011,pymatching,98b3682499d93cfc833f2a5614207e681e35b759c849c69bc7f47c72b9d29217,"{""code"":""rotated_surface_code"",""d"":7,""noise_model"":""SD6_20"",""p"":0.00455,""rounds"":0}",
       100,        32,         0,   0.011,pymatching,f86a105b67068bcd949d1408016846c74ae5c99be5d8818065753eaaead8ed8d,"{""code"":""rotated_surface_code"",""d"":7,""noise_model"":""SD6_20"",""p"":0.004775,""rounds"":0}",
       100,        24,         0,   0.012,pymatching,4ec01d1fd50fac320c39a14c0852b05987ace5886f8e5f599bc258316b791747,"{""code"":""rotated_surface_code"",""d"":7,""noise_model"":""SD6_20"",""p"":0.005,""rounds"":0}",
       100,         0,         0,   0.015,pymatching,70078c6e519c1ead360f075ea59ca162b8659f5ac32301b97af0686bcd53fc57,"{""code"":""rotated_surface_code"",""d"":9,""noise_model"":""SD6_20"",""p"":0.0005,""rounds"":0}",
       100,         0,         0,   0.015,pymatching,dd048e63510d32c9f8338b39273cca0235b2e96700b78aaa1329a60782d5ad99,"{""code"":""rotated_surface_code"",""d"":9,""noise_model"":""SD6_20"",""p"":0.0007250000000000001,""rounds"":0}",
       100,         0,         0,   0.017,pymatching,7dd21e42bf56b0e4b7609ca66f388cbd1dc3456415a732023699409ced523e2a,"{""code"":""rotated_surface_code"",""d"":9,""noise_model"":""SD6_20"",""p"":0.0009500000000000001,""rounds"":0}",
       100,         0,         0,   0.017,pymatching,fd42ad8d0c4b4c9bcf46da9136c0f4b179c02d56a4f6adab0d57f2596977e7e8,"{""code"":""rotated_surface_code"",""d"":9,""noise_model"":""SD6_20"",""p"":0.001175,""rounds"":0}",
       100,         0,         0,   0.016,pymatching,16e9e0a6822b44583a191240f17056118c5458f4a5ca6ac87b1ec0879706df3f,"{""code"":""rotated_surface_code"",""d"":9,""noise_model"":""SD6_20"",""p"":0.0014000000000000002,""rounds"":0}",
       100,         0,         0,   0.016,pymatching,5d8b8162cd8d30c18671268a78b9007c89dcabb17e062dd8519a97cf6d9ba378,"{""code"":""rotated_surface_code"",""d"":9,""noise_model"":""SD6_20"",""p"":0.0016250000000000001,""rounds"":0}",
       100,         2,         0,   0.017,pymatching,8b966517766151fb634d054261c996a8f662310e95b4b9263aff7f297cedd6f8,"{""code"":""rotated_surface_code"",""d"":9,""noise_model"":""SD6_20"",""p"":0.00185,""rounds"":0}",
       100,         2,         0,   0.017,pymatching,22a577f837153529f73d7a3bb82b8e35e1d8478f090f2759f6418c5645d14580,"{""code"":""rotated_surface_code"",""d"":9,""noise_model"":""SD6_20"",""p"":0.0020750000000000005,""rounds"":0}",
       100,         5,         0,   0.018,pymatching,db1b86bb7fe4a71a54058b12ff6137c8907417969334292c1e1bfc05b995b795,"{""code"":""rotated_surface_code"",""d"":9,""noise_model"":""SD6_20"",""p"":0.0023,""rounds"":0}",
       100,         4,         0,   0.018,pymatching,d96ecad6e2669d886c0489d3b8556cc96ef25a752ad2083a13721971baeeeb86,"{""code"":""rotated_surface_code"",""d"":9,""noise_model"":""SD6_20"",""p"":0.0025250000000000003,""rounds"":0}",
       100,         8,         0,   0.019,pymatching,0586edf8cc773deef8a3a5292d8cba8d1af25a936e1b65df8604ff34630d7d2c,"{""code"":""rotated_surface_code"",""d"":9,""noise_model"":""SD6_20"",""p"":0.0027500000000000003,""rounds"":0}",
       100,        11,         0,   0.020,pymatching,b64b04c803b7b608b3e21c40d6a341587bebd79a7735ccb4222ec64d5f663029,"{""code"":""rotated_surface_code"",""d"":9,""noise_model"":""SD6_20"",""p"":0.002975,""rounds"":0}",
       100,        12,         0,   0.020,pymatching,e334e8d84a4aefbdb501102759e97f7a77de7cf410c61f14f909d1e7a80fc9fd,"{""code"":""rotated_surface_code"",""d"":9,""noise_model"":""SD6_20"",""p"":0.0032,""rounds"":0}",
       100,        15,         0,   0.021,pymatching,def354d6d874e351f8b5537539f24493ccd36e98a41c793edaa4fa03f736ed48,"{""code"":""rotated_surface_code"",""d"":9,""noise_model"":""SD6_20"",""p"":0.003425,""rounds"":0}",
       100,        13,         0,   0.021,pymatching,c3ff1fb11514ee360d75a84fa09f2f5901904d2cbc6f5e8cef88beabe907903d,"{""code"":""rotated_surface_code"",""d"":9,""noise_model"":""SD6_20"",""p"":0.0036500000000000005,""rounds"":0}",
       100,        27,         0,   0.022,pymatching,993ff757ab475eb2be1bc10a14e8ec776b4c3e9e870e8e36eed2a3b0d9516b36,"{""code"":""rotated_surface_code"",""d"":9,""noise_model"":""SD6_20"",""p"":0.0038750000000000004,""rounds"":0}",
       100,        31,         0,   0.022,pymatching,c4e240e083f4b3dfa0b8a8c76c547cad0d2210f90b3c922e38d08aa86664561a,"{""code"":""rotated_surface_code"",""d"":9,""noise_model"":""SD6_20"",""p"":0.0041,""rounds"":0}",
       100,        22,         0,   0.023,pymatching,9145e95ca875c6d2b76c644b4bcc4748aa618f43e81d24c8b0d55db181c61f5d,"{""code"":""rotated_surface_code"",""d"":9,""noise_model"":""SD6_20"",""p"":0.004325000000000001,""rounds"":0}",
       100,        33,         0,   0.024,pymatching,06e70a33cc232b8f0d5fea302f314848e8c42bdf855503fde986aa6dcaae6dd2,"{""code"":""rotated_surface_code"",""d"":9,""noise_model"":""SD6_20"",""p"":0.00455,""rounds"":0}",
       100,        40,         0,   0.024,pymatching,e570a7d420d38dc680435d6d8ac49871f352fe3a23f28c0dc4ad66ca8aba73a3,"{""code"":""rotated_surface_code"",""d"":9,""noise_model"":""SD6_20"",""p"":0.004775,""rounds"":0}",
       100,        41,         0,   0.024,pymatching,c234987f211559fde7c1c6be366efaadfed804b68e349a63bcc103de0a7859fe,"{""code"":""rotated_surface_code"",""d"":9,""noise_model"":""SD6_20"",""p"":0.005,""rounds"":0}",
       100,         0,         0,   0.025,pymatching,33c56ab1f74467c0b4572b3c7bafc7f65404d80b39b6dcf43c0668dd51db9a88,"{""code"":""rotated_surface_code"",""d"":11,""noise_model"":""SD6_20"",""p"":0.0005,""rounds"":0}",
       100,         0,         0,   0.025,pymatching,2be974a3d7ccb0893135a4b85cb45328a30f08146306090e4f2a467e82152799,"{""code"":""rotated_surface_code"",""d"":11,""noise_model"":""SD6_20"",""p"":0.0007250000000000001,""rounds"":0}",
       100,         0,         0,   0.026,pymatching,e9e1efe5092917374aa39a5ae565c8c8b708ac06d6cbdad3065f25b6ce09b9ac,"{""code"":""rotated_surface_code"",""d"":11,""noise_model"":""SD6_20"",""p"":0.0009500000000000001,""rounds"":0}",
       100,         0,         0,   0.026,pymatching,d432b9e5ad9de6bc2cf83acff14716fcda7378aca4e8f537ee11ec357fff2800,"{""code"":""rotated_surface_code"",""d"":11,""noise_model"":""SD6_20"",""p"":0.001175,""rounds"":0}",
       100,         0,         0,   0.027,pymatching,0f950ce08cfaa1ec8c75208c3527ecce3cfbfb38f61e98a582be84597d16e340,"{""code"":""rotated_surface_code"",""d"":11,""noise_model"":""SD6_20"",""p"":0.0014000000000000002,""rounds"":0}",
       100,         1,         0,   0.028,pymatching,11814fed4dbc771813da735ec06a74e24323b62aeea5dcc911fea1411b06d512,"{""code"":""rotated_surface_code"",""d"":11,""noise_model"":""SD6_20"",""p"":0.0016250000000000001,""rounds"":0}",
       100,         0,         0,   0.029,pymatching,fe8e826685cec6e275bef07cfa61aec0f5ba45891e06113c6f642d4af8daa276,"{""code"":""rotated_surface_code"",""d"":11,""noise_model"":""SD6_20"",""p"":0.00185,""rounds"":0}",
       100,         4,         0,   0.029,pymatching,d09a4c18ff88fb80a6d6330e7a20de80e3881bf4147e29c3a0d313f941011482,"{""code"":""rotated_surface_code"",""d"":11,""noise_model"":""SD6_20"",""p"":0.0020750000000000005,""rounds"":0}",
       100,         7,         0,   0.031,pymatching,065635f3d0d4099e5f72034be0087c3a09bcf85f8d0230595f6ce3b9e4eaf187,"{""code"":""rotated_surface_code"",""d"":11,""noise_model"":""SD6_20"",""p"":0.0023,""rounds"":0}",
       100,         4,         0,   0.031,pymatching,2a598a3462acc91676ef22b436fc7a5bdad98ab7bd97649664a23f9ec74f55d2,"{""code"":""rotated_surface_code"",""d"":11,""noise_model"":""SD6_20"",""p"":0.0025250000000000003,""rounds"":0}",
       100,         6,         0,   0.033,pymatching,5a992efcc523caaea48bdad5260e8ae39e6ef02e601e460c3d8e183d0fc2202e,"{""code"":""rotated_surface_code"",""d"":11,""noise_model"":""SD6_20"",""p"":0.0027500000000000003,""rounds"":0}",
       100,        13,         0,   0.035,pymatching,5587a4e042eaea864227ca5a45cd2b3b703d6156c7849fa9cafeffc294cd9f81,"{""code"":""rotated_surface_code"",""d"":11,""noise_model"":""SD6_20"",""p"":0.002975,""rounds"":0}",
       100,        13,         0,   0.036,pymatching,02dcfcb28856aac8514d6fe66a1a31552c1d8711b790560f8952957419b211de,"{""code"":""rotated_surface_code"",""d"":11,""noise_model"":""SD6_20"",""p"":0.0032,""rounds"":0}",
       100,        27,         0,   0.038,pymatching,cafca6ef1153b64e0fda002ace571cc73429066840b4f1b741764ad47264c9d3,"{""code"":""rotated_surface_code"",""d"":11,""noise_model"":""SD6_20"",""p"":0.003425,""rounds"":0}",
       100,        23,         0,   0.039,pymatching,45da6b67c295e553c708a3def5c8ac0781b0b32eef4d7b407e660fe931ca8cce,"{""code"":""rotated_surface_code"",""d"":11,""noise_model"":""SD6_20"",""p"":0.0036500000000000005,""rounds"":0}",
       100,        23,         0,   0.041,pymatching,9144d5347b9987c1d5e92ff830a0df30ee109a2e806a5c4756245a9a7a22bf30,"{""code"":""rotated_surface_code"",""d"":11,""noise_model"":""SD6_20"",""p"":0.0038750000000000004,""rounds"":0}",
       100,        23,         0,   0.041,pymatching,bd6fd89a15ed80e466e0dc19a23eff4ef60097e0797e897a13f6ad80a9d20f6a,"{""code"":""rotated_surface_code"",""d"":11,""noise_model"":""SD6_20"",""p"":0.0041,""rounds"":0}",
       100,        40,         0,   0.042,pymatching,c7dbfe6cd202bf67ac67bd4d4319aa79729c815660ebe524e579ac60d01ce743,"{""code"":""rotated_surface_code"",""d"":11,""noise_model"":""SD6_20"",""p"":0.004325000000000001,""rounds"":0}",
       100,        43,         0,   0.043,pymatching,41507157214b573a6316c2c7d89c43b7f1ff8fd7de79061c2fce4c3937336914,"{""code"":""rotated_surface_code"",""d"":11,""noise_model"":""SD6_20"",""p"":0.00455,""rounds"":0}",
       100,        37,         0,   0.044,pymatching,fc777579171548f77055a3e0f69dad86be9047991924a75bb972c8ad6f203146,"{""code"":""rotated_surface_code"",""d"":11,""noise_model"":""SD6_20"",""p"":0.004775,""rounds"":0}",
       100,        52,         0,   0.047,pymatching,a81a8438b7c0e2de952ab1ca8143c3475ffca8bfc201381f244854a7d9fc68b5,"{""code"":""rotated_surface_code"",""d"":11,""noise_model"":""SD6_20"",""p"":0.005,""rounds"":0}",
       100,         0,         0,   0.039,pymatching,a98f8352f9f78dd103cd9653a8e0d58144b19e4875bf3a6ae523f9a2ad7f5512,"{""code"":""rotated_surface_code"",""d"":13,""noise_model"":""SD6_20"",""p"":0.0005,""rounds"":0}",
       100,         0,         0,   0.040,pymatching,b24ab07948f72bc74f8beda3b2351834fa90e884bd4c6ee62c6ecc0cfb917484,"{""code"":""rotated_surface_code"",""d"":13,""noise_model"":""SD6_20"",""p"":0.0007250000000000001,""rounds"":0}",
       100,         0,         0,   0.041,pymatching,54c13e169d773b1bf968dd21ca1aee18e7d6d6ae9d326219a506358254ae8abc,"{""code"":""rotated_surface_code"",""d"":13,""noise_model"":""SD6_20"",""p"":0.0009500000000000001,""rounds"":0}",
       100,         0,         0,   0.041,pymatching,d3ffbe896d6799f573feda7c6dba9e4fd6510a42456b9fa8cdcf054ec4130216,"{""code"":""rotated_surface_code"",""d"":13,""noise_model"":""SD6_20"",""p"":0.001175,""rounds"":0}",
       100,         0,         0,   0.042,pymatching,a51d4355b77bdad3313bb90cd263a397bf6f451bed11933397d08d777d13ee80,"{""code"":""rotated_surface_code"",""d"":13,""noise_model"":""SD6_20"",""p"":0.0014000000000000002,""rounds"":0}",
       100,         0,         0,   0.045,pymatching,4ddb56bce68bb8f0bfa526b2ab9b586e0ad767c062a4010fb8f5d5a387861408,"{""code"":""rotated_surface_code"",""d"":13,""noise_model"":""SD6_20"",""p"":0.0016250000000000001,""rounds"":0}",
       100,         1,         0,   0.046,pymatching,1b05990278399d89052af00c3ba240f465f436d8d9e4e2898e4ada0b4ca5b2cd,"{""code"":""rotated_surface_code"",""d"":13,""noise_model"":""SD6_20"",""p"":0.00185,""rounds"":0}",
       100,         1,         0,   0.047,pymatching,867f9821329ceac101425de203196493cd6efdd4eb7484ada91ad1934f032912,"{""code"":""rotated_surface_code"",""d"":13,""noise_model"":""SD6_20"",""p"":0.0020750000000000005,""rounds"":0}",
       100,         5,         0,   0.050,pymatching,13c710f2be22bebf254fe656e61bdacecb2f6ca8bc08f77d941d3a9a82b2a33a,"{""code"":""rotated_surface_code"",""d"":13,""noise_model"":""SD6_20"",""p"":0.0023,""rounds"":0}",
       100,         4,         0,   0.053,pymatching,b2f4282b1ca32e565188337baeed9c9a08c7a313def62f0a0ae4d3ea98ceff35,"{""code"":""rotated_surface_code"",""d"":13,""noise_model"":""SD6_20"",""p"":0.0025250000000000003,""rounds"":0}",
       100,         6,         0,   0.053,pymatching,dd3e21da1fb26520ace034ff5b000263faa0ecb76f46f1a4456817383ac892f9,"{""code"":""rotated_surface_code"",""d"":13,""noise_model"":""SD6_20"",""p"":0.0027500000000000003,""rounds"":0}",
       100,        11,         0,   0.057,pymatching,6ac930175fe005eb36f955e35e7957511b20202fbba5293d1a02e623370a210a,"{""code"":""rotated_surface_code"",""d"":13,""noise_model"":""SD6_20"",""p"":0.002975,""rounds"":0}",
       100,        11,         0,   0.059,pymatching,500e82b1b461e2bb2261d6fb6cb07caca69cd07f139371276c1fc59c3bdb9c5a,"{""code"":""rotated_surface_code"",""d"":13,""noise_model"":""SD6_20"",""p"":0.0032,""rounds"":0}",
       100,        24,         0,   0.062,pymatching,4f08d6014da8859d17050c9200e83d5d221dc04789f6302b1f7dbb183e62b621,"{""code"":""rotated_surface_code"",""d"":13,""noise_model"":""SD6_20"",""p"":0.003425,""rounds"":0}",
       100,        19,         0,   0.065,pymatching,f3f84ef5bf6066ae5320f0e8b7b65b25299bab724d7ba3e1b6622a61b832434a,"{""code"":""rotated_surface_code"",""d"":13,""noise_model"":""SD6_20"",""p"":0.0036500000000000005,""rounds"":0}",
       100,        37,         0,   0.065,pymatching,455e0bcd2ff2541179b899e2d66a9438efaca82916a4b50c6e7d7681dfc9ea37,"{""code"":""rotated_surface_code"",""d"":13,""noise_model"":""SD6_20"",""p"":0.0038750000000000004,""rounds"":0}",
       100,        33,         0,   0.067,pymatching,b837ea6123a8461ef382a0b9d3f1e649cffe572203a5b39fd028be1aff356354,"{""code"":""rotated_surface_code"",""d"":13,""noise_model"":""SD6_20"",""p"":0.0041,""rounds"":0}",
       100,        38,         0,   0.072,pymatching,eb9155fee9b0f4f47ca0f0d8e66157804467a46d76694edc3fb15f9d4ece82d6,"{""code"":""rotated_surface_code"",""d"":13,""noise_model"":""SD6_20"",""p"":0.004325000000000001,""rounds"":0}",
       100,        50,         0,   0.074,pymatching,660de30723ca6d9ea2750fc8acc792c46633682960cc00cd624d422f3174cd35,"{""code"":""rotated_surface_code"",""d"":13,""noise_model"":""SD6_20"",""p"":0.00455,""rounds"":0}",
       100,        50,         0,   0.076,pymatching,a328775312904b46fb96bc9b7441453eb1d7aff3161e9a23424f9d69e4db196c,"{""code"":""rotated_surface_code"",""d"":13,""noise_model"":""SD6_20"",""p"":0.004775,""rounds"":0}",
       100,        41,         0,   0.079,pymatching,46036f8774ac3f07041bbee851bb2807eacc8bc2f0455ceefc4d1e2be6de0dbe,"{""code"":""rotated_surface_code"",""d"":13,""noise_model"":""SD6_20"",""p"":0.005,""rounds"":0}",
       100,         0,         0,   0.057,pymatching,c889966133756080154c9d0aa86789441f72688952636b135df7c1b067f6e412,"{""code"":""rotated_surface_code"",""d"":15,""noise_model"":""SD6_20"",""p"":0.0005,""rounds"":0}",
       100,         0,         0,   0.059,pymatching,ef1d2acc4a7fe8ff0433152fbf42ed43bb19eb150a975bc7e0955295de0faf5f,"{""code"":""rotated_surface_code"",""d"":15,""noise_model"":""SD6_20"",""p"":0.0007250000000000001,""rounds"":0}",
       100,         0,         0,   0.060,pymatching,d7a20d406a085bc79d837e2effa9fb9f63cd60a8910c8a12d34ee90983bac861,"{""code"":""rotated_surface_code"",""d"":15,""noise_model"":""SD6_20"",""p"":0.0009500000000000001,""rounds"":0}",
       100,         0,         0,   0.061,pymatching,0ff6e670d59c1587bb2f2fdae614cf7d4ae18c4bb7c6c29b9492265114e0d445,"{""code"":""rotated_surface_code"",""d"":15,""noise_model"":""SD6_20"",""p"":0.001175,""rounds"":0}",
       100,         0,         0,   0.063,pymatching,b66caeecbd7383e0cba4c6a30aa3ddc022fb328626860d4902d8d4c863e8eba6,"{""code"":""rotated_surface_code"",""d"":15,""noise_model"":""SD6_20"",""p"":0.0014000000000000002,""rounds"":0}",
       100,         0,         0,   0.065,pymatching,d499a3a095c1766fbc4a04786277c3131dc9bd3163486c0f657ac0f0ca6a316e,"{""code"":""rotated_surface_code"",""d"":15,""noise_model"":""SD6_20"",""p"":0.0016250000000000001,""rounds"":0}",
       100,         0,         0,   0.067,pymatching,6424b06562c57e5540a246895a7c0d348c99c5f3eec30cf277f1acbaa28061fe,"{""code"":""rotated_surface_code"",""d"":15,""noise_model"":""SD6_20"",""p"":0.00185,""rounds"":0}",
       100,         2,         0,   0.070,pymatching,afe37ef4462998dcc9aa72ff785f27776515ded633fef8e388aa1c444bfd0534,"{""code"":""rotated_surface_code"",""d"":15,""noise_model"":""SD6_20"",""p"":0.0020750000000000005,""rounds"":0}",
       100,         1,         0,   0.074,pymatching,41dfda9c5ae064ab18a78c074b59f836f8e524913fe42ca031f94232f578c900,"{""code"":""rotated_surface_code"",""d"":15,""noise_model"":""SD6_20"",""p"":0.0023,""rounds"":0}",
       100,         5,         0,   0.077,pymatching,f3e41aa80a1b43e1ffc03b5e2bb909a4de80196640b7e3b63b174c1aa2a7034c,"{""code"":""rotated_surface_code"",""d"":15,""noise_model"":""SD6_20"",""p"":0.0025250000000000003,""rounds"":0}",
       100,        10,         0,   0.081,pymatching,bfffe01909d3cd8b9325ae395032b2d1b3e155f18cb944c49313679bfb92fa59,"{""code"":""rotated_surface_code"",""d"":15,""noise_model"":""SD6_20"",""p"":0.0027500000000000003,""rounds"":0}",
       100,         9,         0,   0.084,pymatching,ca0c51e6116f1c579aff0052ffe23a86ddd9fa8c386168aad1816ae4dd81e640,"{""code"":""rotated_surface_code"",""d"":15,""noise_model"":""SD6_20"",""p"":0.002975,""rounds"":0}",
       100,        14,         0,   0.087,pymatching,2c274a8317f62dd7e3d66ea82f308b4fe9e9f24b9dc2013f5968aae364ee93e9,"{""code"":""rotated_surface_code"",""d"":15,""noise_model"":""SD6_20"",""p"":0.0032,""rounds"":0}",
       100,        19,         0,   0.092,pymatching,14216e2b89a7af63a3b7e97bfb59405bb9783d6ee998d1b094e8e0cf93ce9517,"{""code"":""rotated_surface_code"",""d"":15,""noise_model"":""SD6_20"",""p"":0.003425,""rounds"":0}",
       100,        25,         0,   0.096,pymatching,8c7c127ddb852ec61b42e9883ab0800d85353bedb34e03fa9281942612e45be0,"{""code"":""rotated_surface_code"",""d"":15,""noise_model"":""SD6_20"",""p"":0.0036500000000000005,""rounds"":0}",
       100,        35,         0,   0.102,pymatching,190fb09e7da555f3cdc69dd9f63046e158b5e826694e3c925657ec204ccca522,"{""code"":""rotated_surface_code"",""d"":15,""noise_model"":""SD6_20"",""p"":0.0038750000000000004,""rounds"":0}",
       100,        46,         0,   0.108,pymatching,184abc82970fea7066b715d9406a8ac2638dbd4df552853192b20b21c20d5d26,"{""code"":""rotated_surface_code"",""d"":15,""noise_model"":""SD6_20"",""p"":0.0041,""rounds"":0}",
       100,        34,         0,   0.111,pymatching,c788f5ba6a7bae57c5bd404a3f920d26aa26b10eb5bf0efba58616908c83443b,"{""code"":""rotated_surface_code"",""d"":15,""noise_model"":""SD6_20"",""p"":0.004325000000000001,""rounds"":0}",
       100,        53,         0,   0.115,pymatching,4709c1f393245b6cc3c746407f915de542a2647795e6b375868f29ce1d267988,"{""code"":""rotated_surface_code"",""d"":15,""noise_model"":""SD6_20"",""p"":0.00455,""rounds"":0}",
       100,        49,         0,   0.118,pymatching,c91df29b9fbf5f6cdce27de7e08006da16def10d9de157064a9bbbf2f20adfa0,"{""code"":""rotated_surface_code"",""d"":15,""noise_model"":""SD6_20"",""p"":0.004775,""rounds"":0}",
       100,        43,         0,   0.120,pymatching,10b18d51308d9ac2dc5218dd25f0f0de2214b4e0b247656ca7786c120e30c4d9,"{""code"":""rotated_surface_code"",""d"":15,""noise_model"":""SD6_20"",""p"":0.005,""rounds"":0}",
