     shots,    errors,  discards, seconds,decoder,strong_id,json_metadata
       100,         0,         0,   0.117,pymatching,11adefb94de876ee256961954f9568ec1001ff58def3f90a322a2df1cfe95579,"{""code"":""double_measurement_surface_code"",""diameter"":4,""noise_model"":""SI1000"",""p"":0.0005,""rounds"":4}"
       100,         1,         0,   0.004,pymatching,c49a0c4cead68a8fae21631a98fca963600c6eff7cf4c700143829060060d4e2,"{""code"":""double_measurement_surface_code"",""diameter"":4,""noise_model"":""SI1000"",""p"":0.0014000000000000002,""rounds"":4}"
       100,         0,         0,   0.006,pymatching,70b035cecb2509682382eda21d28931f959ed2023a8dd3d2c475069dc6f437f6,"{""code"":""double_measurement_surface_code"",""diameter"":4,""noise_model"":""SI1000"",""p"":0.0020750000000000005,""rounds"":4}"
       100,         0,         0,   0.004,pymatching,d84d58d06f14ba60d223ac41b34c4d50f5e3a55035c99443fa87e8432acc6a6e,"{""code"":""double_measurement_surface_code"",""diameter"":4,""noise_model"":""SI1000"",""p"":0.00185,""rounds"":4}"
       100,         1,         0,   0.004,pymatching,6f7e75fa216c9a688848e58aa3ec9d966a937ced37e3d1f327a2ab129424d1ad,"{""code"":""double_measurement_surface_code"",""diameter"":4,""noise_model"":""SI1000"",""p"":0.0016250000000000001,""rounds"":4}"
       100,         0,         0,   0.142,pymatching,ad0e939b2e077ce65998ad4e929e952d1e0559b1f236c1d6d69a1208cb32a086,"{""code"":""double_measurement_surface_code"",""diameter"":4,""noise_model"":""SI1000"",""p"":0.0007250000000000001,""rounds"":4}"
       100,         0,         0,   0.170,pymatching,c99a8f21966fd718f41885934713b444b776cf6e4e324571b12e0df26b1448b2,"{""code"":""double_measurement_surface_code"",""diameter"":4,""noise_model"":""SI1000"",""p"":0.001175,""rounds"":4}"
       100,         0,         0,   0.127,pymatching,49dedb51519ac9bdb51a67979b9a2e0809171a96ef0215ea53da47ea4e834bd6,"{""code"":""double_measurement_surface_code"",""diameter"":4,""noise_model"":""SI1000"",""p"":0.0009500000000000001,""rounds"":4}"
       100,         1,         0,   0.007,pymatching,74e50cdad2de914767ba8ad5373f5a6cd654549d5f7f029ad58b32c6991745b2,"{""code"":""double_measurement_surface_code"",""diameter"":4,""noise_model"":""SI1000"",""p"":0.0023,""rounds"":4}"
       100,         3,         0,   0.005,pymatching,16a7272943849108099c735fc2b23b33cd452e9171efecd38e7d448932c6532d,"{""code"":""double_measurement_surface_code"",""diameter"":4,""noise_model"":""SI1000"",""p"":0.003425,""rounds"":4}"
       100,         2,         0,   0.006,pymatching,29e128da197d752e800266b9bac3cd93435ded366ec8027cb805ebdd37d9aecd,"{""code"":""double_measurement_surface_code"",""diameter"":4,""noise_model"":""SI1000"",""p"":0.0038750000000000004,""rounds"":4}"
       100,         5,         0,   0.008,pymatching,9e100bc3a5c57ec665b580c4c68d83fd686f0bd2da8f77f0ce582051fa9a3f7f,"{""code"":""double_measurement_surface_code"",""diameter"":4,""noise_model"":""SI1000"",""p"":0.0036500000000000005,""rounds"":4}"
       100,         0,         0,   0.136,pymatching,0df6c676bd34324618b6dd747e8af753bb0b40a95f53c96916e5d274d913452f,"{""code"":""double_measurement_surface_code"",""diameter"":4,""noise_model"":""SI1000"",""p"":0.0025250000000000003,""rounds"":4}"
       100,         0,         0,   0.164,pymatching,1b2bc94de40e3a1ae5b6b5a24b180209f6311c8ae46df7259b6850eac8742f66,"{""code"":""double_measurement_surface_code"",""diameter"":4,""noise_model"":""SI1000"",""p"":0.002975,""rounds"":4}"
       100,         4,         0,   0.004,pymatching,c1671f35073977e8a289f8abf53faa1148b2906644d95ab89706248f7ee50119,"{""code"":""double_measurement_surface_code"",""diameter"":4,""noise_model"":""SI1000"",""p"":0.0041,""rounds"":4}"
       100,         6,         0,   0.006,pymatching,1b7e6a044345aa5726b7c3097b741e3f756757a35331ef97c674ff5062ace6d3,"{""code"":""double_measurement_surface_code"",""diameter"":4,""noise_model"":""SI1000"",""p"":0.004325000000000001,""rounds"":4}"
       100,         1,         0,   0.178,pymatching,1bf64b1fec536e8474c2803284d71795da0e975eb0c61c52a7ace158a76fea08,"{""code"":""double_measurement_surface_code"",""diameter"":4,""noise_model"":""SI1000"",""p"":0.0027500000000000003,""rounds"":4}"
       100,         1,         0,   0.178,pymatching,f058935c6fe431b145400b8d2fbe6ce2413fa1dde0eb502cf7cbda9a30e66d1c,"{""code"":""double_measurement_surface_code"",""diameter"":4,""noise_model"":""SI1000"",""p"":0.0032,""rounds"":4}"
       100,         5,         0,   0.006,pymatching,1c7ae6da0a6ece509db106d84671592612b574ca95598d2cb580cfcfa65733ea,"{""code"":""double_measurement_surface_code"",""diameter"":4,""noise_model"":""SI1000"",""p"":0.00455,""rounds"":4}"
       100,         1,         0,   0.004,pymatching,a804cf85a7f87da8ada1fc0b35529efb3f9fe5ea7c40b55e09e5c5e862f87fc1,"{""code"":""double_measurement_surface_code"",""diameter"":4,""noise_model"":""SI1000"",""p"":0.004775,""rounds"":4}"
       100,         4,         0,   0.004,pymatching,539b475517b552536ae3dc8e5814a7415f29acda39d9e4aa102b687f1d36dfe8,"{""code"":""double_measurement_surface_code"",""diameter"":4,""noise_model"":""SI1000"",""p"":0.005,""rounds"":4}"
       100,         0,         0,   0.028,pymatching,891f63166fdab11945899f54d9d6837ace25555c0b331406fbb72a130ab5e79e,"{""code"":""double_measurement_surface_code"",""diameter"":8,""noise_model"":""SI1000"",""p"":0.0009500000000000001,""rounds"":8}"
       100,         0,         0,   0.028,pymatching,f497dd54e97360c792de395646a57d736752cd2def0dec1a9dcc8ec2664d18c2,"{""code"":""double_measurement_surface_code"",""diameter"":8,""noise_model"":""SI1000"",""p"":0.001175,""rounds"":8}"
       100,         0,         0,   0.028,pymatching,001f707746df8e11ecbd7ff2650cec5256e6716c6844d7200989a311b37b4261,"{""code"":""double_measurement_surface_code"",""diameter"":8,""noise_model"":""SI1000"",""p"":0.0007250000000000001,""rounds"":8}"
       100,         0,         0,   0.037,pymatching,4488041dab2b9b71eaa8e1b7630b33c979ab61ca933d1ff0002736ddcc8ebc28,"{""code"":""double_measurement_surface_code"",""diameter"":8,""noise_model"":""SI1000"",""p"":0.0005,""rounds"":8}"
       100,         0,         0,   0.027,pymatching,c6334dff930bef336d35925dc49318ec797edf7efb8c5515320ce37186bfcc88,"{""code"":""double_measurement_surface_code"",""diameter"":8,""noise_model"":""SI1000"",""p"":0.0014000000000000002,""rounds"":8}"
       100,         0,         0,   0.026,pymatching,8969ca86c7719e3975465ebf2db957e6a9938db87d3c07af0a4372ab51d3dd5f,"{""code"":""double_measurement_surface_code"",""diameter"":8,""noise_model"":""SI1000"",""p"":0.0016250000000000001,""rounds"":8}"
       100,         0,         0,   0.023,pymatching,8038a0c19be762062e8970fcf59a15eb2d6c4b4b21d093919db5488795aca867,"{""code"":""double_measurement_surface_code"",""diameter"":8,""noise_model"":""SI1000"",""p"":0.00185,""rounds"":8}"
       100,         0,         0,   0.030,pymatching,78847b60302760324733c7d16af73a5e10568ea51113c8b6993e9d079bc8277e,"{""code"":""double_measurement_surface_code"",""diameter"":8,""noise_model"":""SI1000"",""p"":0.0020750000000000005,""rounds"":8}"
       100,         0,         0,   0.030,pymatching,880cdd758d07dc1285814cf402332337bf78b2ea435633eec957b833b3a3da30,"{""code"":""double_measurement_surface_code"",""diameter"":8,""noise_model"":""SI1000"",""p"":0.0023,""rounds"":8}"
       100,         0,         0,   0.030,pymatching,00eef09d56f0164739b2a1d74576a28cae22e0bbf0e06630e5dac84a94aff235,"{""code"":""double_measurement_surface_code"",""diameter"":8,""noise_model"":""SI1000"",""p"":0.0025250000000000003,""rounds"":8}"
       100,         1,         0,   0.030,pymatching,c525ba02a20b66f58ffc42c81000dc548108b9beaa7f32cb1337e683ca2e2d34,"{""code"":""double_measurement_surface_code"",""diameter"":8,""noise_model"":""SI1000"",""p"":0.0027500000000000003,""rounds"":8}"
       100,         0,         0,   0.028,pymatching,dc54d8a53f04c26f5ba6c208fbf91da649d39ad838eaf4b9ef8dd82bf8643505,"{""code"":""double_measurement_surface_code"",""diameter"":8,""noise_model"":""SI1000"",""p"":0.0032,""rounds"":8}"
       100,         0,         0,   0.037,pymatching,867d6b924ef56130daf425683944efaf8f4a6448659265a84dc7cae2ff232f2d,"{""code"":""double_measurement_surface_code"",""diameter"":8,""noise_model"":""SI1000"",""p"":0.002975,""rounds"":8}"
       100,         1,         0,   0.029,pymatching,d30eeca7c8ab15fe8fc70c4a3512f828b19f03b081c087df113649cc8da09832,"{""code"":""double_measurement_surface_code"",""diameter"":8,""noise_model"":""SI1000"",""p"":0.003425,""rounds"":8}"
       100,         0,         0,   0.031,pymatching,e77862ecc631518748d970868cd8825f428a020afa5b3d9f864a3b0aea411a36,"{""code"":""double_measurement_surface_code"",""diameter"":8,""noise_model"":""SI1000"",""p"":0.0041,""rounds"":8}"
       100,         7,         0,   0.032,pymatching,6cd5efd99f09df842f008590938187461d0b732b9155c0b970b15d1efde22d3a,"{""code"":""double_measurement_surface_code"",""diameter"":8,""noise_model"":""SI1000"",""p"":0.004325000000000001,""rounds"":8}"
       100,         1,         0,   0.046,pymatching,d6c945948ffdf5d4ca150b30f9cf63bad2729d16e9bd9bf9190cb97863181792,"{""code"":""double_measurement_surface_code"",""diameter"":8,""noise_model"":""SI1000"",""p"":0.0036500000000000005,""rounds"":8}"
       100,         3,         0,   0.046,pymatching,f1f6322a30460bc034838c9d73aa646c227394e80f97c88a33de90c56dd6d934,"{""code"":""double_measurement_surface_code"",""diameter"":8,""noise_model"":""SI1000"",""p"":0.0038750000000000004,""rounds"":8}"
       100,         6,         0,   0.033,pymatching,79cd1bd72cc64af5342b5804a33eccc3d17b52ec21cde45866ba470a3701571c,"{""code"":""double_measurement_surface_code"",""diameter"":8,""noise_model"":""SI1000"",""p"":0.00455,""rounds"":8}"
       100,         5,         0,   0.035,pymatching,e8135bf7fa85366c71bff102e593bdd8cba7328f3ac9e599dc6654f2dde0ce70,"{""code"":""double_measurement_surface_code"",""diameter"":8,""noise_model"":""SI1000"",""p"":0.004775,""rounds"":8}"
       100,         6,         0,   0.044,pymatching,43d79ffa209e5618b8bb726a0a4c22afc0c192f32a6093b23955fa387e3a78a9,"{""code"":""double_measurement_surface_code"",""diameter"":8,""noise_model"":""SI1000"",""p"":0.005,""rounds"":8}"
       100,         0,         0,   0.060,pymatching,a15d3cd4c7da2640a527d41921cc053972fae112e0f8a2e775d6fda302b91cca,"{""code"":""double_measurement_surface_code"",""diameter"":10,""noise_model"":""SI1000"",""p"":0.0005,""rounds"":10}"
       100,         0,         0,   0.059,pymatching,1296a21dc4e0e346292d113da4b261eb67e53a793935aef4ae75316683c3fe45,"{""code"":""double_measurement_surface_code"",""diameter"":10,""noise_model"":""SI1000"",""p"":0.0007250000000000001,""rounds"":10}"
       100,         0,         0,   0.076,pymatching,ab8cd96f938937ef323522d6ae7d339d7fd3147887f711b76d4fcaccb8366e10,"{""code"":""double_measurement_surface_code"",""diameter"":10,""noise_model"":""SI1000"",""p"":0.0009500000000000001,""rounds"":10}"
       100,         0,         0,   0.055,pymatching,1e95d198c526e26d4e0bccffb3b2210918952bf0e746579fc50df9e1dbc7f27e,"{""code"":""double_measurement_surface_code"",""diameter"":10,""noise_model"":""SI1000"",""p"":0.0016250000000000001,""rounds"":10}"
       100,         0,         0,   0.077,pymatching,2133ede72a832b3b73752ae01b2ece33ef903f9adbe5695f715fd0e0f69317d5,"{""code"":""double_measurement_surface_code"",""diameter"":10,""noise_model"":""SI1000"",""p"":0.001175,""rounds"":10}"
       100,         0,         0,   0.077,pymatching,8a59f75302308f53bf84b221133eae3379789db5025ef8bfd31c0252e95a03f1,"{""code"":""double_measurement_surface_code"",""diameter"":10,""noise_model"":""SI1000"",""p"":0.0014000000000000002,""rounds"":10}"
       100,         0,         0,   0.070,pymatching,5aa2aac74f3eb6242b9cee63b2cc6a90e6fb8b5126c41030347d3036fd5717c0,"{""code"":""double_measurement_surface_code"",""diameter"":10,""noise_model"":""SI1000"",""p"":0.0020750000000000005,""rounds"":10}"
       100,         0,         0,   0.070,pymatching,875358b3710dd8fb3e2a9922d0a7c95f9e6d782037d66ed05c4df2a20c8695c8,"{""code"":""double_measurement_surface_code"",""diameter"":10,""noise_model"":""SI1000"",""p"":0.0025250000000000003,""rounds"":10}"
       100,         1,         0,   0.072,pymatching,609c0b1371584f0c01ed202408ddf7ed26311aa8916979643538a8b4ef615427,"{""code"":""double_measurement_surface_code"",""diameter"":10,""noise_model"":""SI1000"",""p"":0.0023,""rounds"":10}"
       100,         0,         0,   0.071,pymatching,aabe848a66cf3ee4d10baeb7ce47c2fbd8fbb046926c0fef3a71a186d986dceb,"{""code"":""double_measurement_surface_code"",""diameter"":10,""noise_model"":""SI1000"",""p"":0.002975,""rounds"":10}"
       100,         0,         0,   0.101,pymatching,14911ab20ff10e6518e679c4600ff0a3b7243108b3106823fcd3b6b8c1571dea,"{""code"":""double_measurement_surface_code"",""diameter"":10,""noise_model"":""SI1000"",""p"":0.00185,""rounds"":10}"
       100,         0,         0,   0.103,pymatching,16811a3ce18a825bd89134c3bdd164a0505108ce9e3b2598d48723e51a809966,"{""code"":""double_measurement_surface_code"",""diameter"":10,""noise_model"":""SI1000"",""p"":0.0027500000000000003,""rounds"":10}"
       100,         2,         0,   0.076,pymatching,6f218dff6adeba3ca77541f74779273c9f1d60167c7ec99f2dabe11d66c25ebf,"{""code"":""double_measurement_surface_code"",""diameter"":10,""noise_model"":""SI1000"",""p"":0.0036500000000000005,""rounds"":10}"
       100,         0,         0,   0.077,pymatching,dc07f7f45ac959f3060187ba10b2363546a0f1774b1a07786eac856ed8058cd9,"{""code"":""double_measurement_surface_code"",""diameter"":10,""noise_model"":""SI1000"",""p"":0.0038750000000000004,""rounds"":10}"
       100,         1,         0,   0.079,pymatching,133292b08a30b8ef4da206482458bfdca2ed27f2fe638c42e9b79b3a470c9adb,"{""code"":""double_measurement_surface_code"",""diameter"":10,""noise_model"":""SI1000"",""p"":0.0041,""rounds"":10}"
       100,         2,         0,   0.081,pymatching,8189d0ba912adedff77cd4d34e6e69f21dc4388020e7cb993986b85cc31c5112,"{""code"":""double_measurement_surface_code"",""diameter"":10,""noise_model"":""SI1000"",""p"":0.004325000000000001,""rounds"":10}"
       100,         0,         0,   0.108,pymatching,a29a2f71d5c57769d20c974d6ab109c05483c3e978892bc29afa3e92ceed2593,"{""code"":""double_measurement_surface_code"",""diameter"":10,""noise_model"":""SI1000"",""p"":0.0032,""rounds"":10}"
       100,         0,         0,   0.109,pymatching,8fb9b7ec62c9c362366a8c51bd5cd4b9d6ef89c6f3516f50dcb0101ee8172411,"{""code"":""double_measurement_surface_code"",""diameter"":10,""noise_model"":""SI1000"",""p"":0.003425,""rounds"":10}"
       100,         1,         0,   0.083,pymatching,c567e3a8d6b095562256145c68a09f08bcc549b8007a3407d0f4a7fb9abb7ec1,"{""code"":""double_measurement_surface_code"",""diameter"":10,""noise_model"":""SI1000"",""p"":0.005,""rounds"":10}"
       100,         0,         0,   0.114,pymatching,bec751e1451e61d4b2c81bde5b9e0e987079f0fde0e0d64478917263a0db096b,"{""code"":""double_measurement_surface_code"",""diameter"":12,""noise_model"":""SI1000"",""p"":0.0005,""rounds"":12}"
       100,         0,         0,   0.115,pymatching,af51ac6540da94b096e96d4d00f415849bfab4b83dfa914d475019ca8068c78b,"{""code"":""double_measurement_surface_code"",""diameter"":12,""noise_model"":""SI1000"",""p"":0.0007250000000000001,""rounds"":12}"
       100,         0,         0,   0.117,pymatching,d60fe2b0b38877c0778b380935b6fb3d29d0d0291eef1e16c2d41c61bbf24777,"{""code"":""double_measurement_surface_code"",""diameter"":12,""noise_model"":""SI1000"",""p"":0.0009500000000000001,""rounds"":12}"
       100,         2,         0,   0.128,pymatching,8665bb0cfa555377ce808297bc460887071b7d8eafdb1e35b4ce53b529fd275e,"{""code"":""double_measurement_surface_code"",""diameter"":10,""noise_model"":""SI1000"",""p"":0.00455,""rounds"":10}"
       100,         2,         0,   0.129,pymatching,ab77099d76b88aacb0f29ea31c34285347eb6cc16b81f8dff40d37a2c9dd7ee6,"{""code"":""double_measurement_surface_code"",""diameter"":10,""noise_model"":""SI1000"",""p"":0.004775,""rounds"":10}"
       100,         0,         0,   0.117,pymatching,edd564e23ac4e9ab3630dcf96c02fbf32c90e85a91408a36400a78f37cd417ee,"{""code"":""double_measurement_surface_code"",""diameter"":12,""noise_model"":""SI1000"",""p"":0.0016250000000000001,""rounds"":12}"
       100,         0,         0,   0.119,pymatching,6c0e562926ee33cbe66088e1e4e3671bfa62c57340ac849a9eb8eeceb0a0aa16,"{""code"":""double_measurement_surface_code"",""diameter"":12,""noise_model"":""SI1000"",""p"":0.00185,""rounds"":12}"
       100,         0,         0,   0.124,pymatching,8245b0ffca2bcc5a88693e0c6bbacbd8075112039be0fcb18c1c42fce69aab15,"{""code"":""double_measurement_surface_code"",""diameter"":12,""noise_model"":""SI1000"",""p"":0.0020750000000000005,""rounds"":12}"
       100,         0,         0,   0.127,pymatching,7223d436a11d2bcd4d704d3ef38be71e3049699e74e88ccddaa8dae6721b81e7,"{""code"":""double_measurement_surface_code"",""diameter"":12,""noise_model"":""SI1000"",""p"":0.0023,""rounds"":12}"
       100,         0,         0,   0.173,pymatching,093c196ec29779c9cef2534c961d5958a23ff2e1439c1129270ccc41d2fa4051,"{""code"":""double_measurement_surface_code"",""diameter"":12,""noise_model"":""SI1000"",""p"":0.001175,""rounds"":12}"
       100,         0,         0,   0.174,pymatching,a2c9592c2569ceb20b417efe5ab34e2a265c2a0fb586316e4d046b92baa74ccb,"{""code"":""double_measurement_surface_code"",""diameter"":12,""noise_model"":""SI1000"",""p"":0.0014000000000000002,""rounds"":12}"
       100,         0,         0,   0.122,pymatching,296701e096a815ac6cc3e42f419a0de2c3c3d6a4cb473b9fa5e359b895a5e0be,"{""code"":""double_measurement_surface_code"",""diameter"":12,""noise_model"":""SI1000"",""p"":0.002975,""rounds"":12}"
       100,         0,         0,   0.131,pymatching,c0323ea2d044ff3872af6410faabe304043760c05097ebb16683b45e766e577d,"{""code"":""double_measurement_surface_code"",""diameter"":12,""noise_model"":""SI1000"",""p"":0.0032,""rounds"":12}"
       100,         0,         0,   0.134,pymatching,c66779030376719bd6856c9d80ca92de464c131d690680120067308c137debd7,"{""code"":""double_measurement_surface_code"",""diameter"":12,""noise_model"":""SI1000"",""p"":0.003425,""rounds"":12}"
       100,         1,         0,   0.138,pymatching,a970e370f57ccab86f3e11844256b586103ae49e5139284f1f35d510dd75945d,"{""code"":""double_measurement_surface_code"",""diameter"":12,""noise_model"":""SI1000"",""p"":0.0036500000000000005,""rounds"":12}"
       100,         0,         0,   0.186,pymatching,736b9e205a2c8544c0921578eaf1f0227e231b226336c35bbe173e310087d92c,"{""code"":""double_measurement_surface_code"",""diameter"":12,""noise_model"":""SI1000"",""p"":0.0025250000000000003,""rounds"":12}"
       100,         0,         0,   0.187,pymatching,253e21495479ae25b0b7055f9be5a9205187c9e587f9d33d2a0c60cc940a511b,"{""code"":""double_measurement_surface_code"",""diameter"":12,""noise_model"":""SI1000"",""p"":0.0027500000000000003,""rounds"":12}"
       100,         2,         0,   0.144,pymatching,e6e5ec0d1a4b354b8146a2f89bb0c81529864ffc9e4479dc45d970838c7db676,"{""code"":""double_measurement_surface_code"",""diameter"":12,""noise_model"":""SI1000"",""p"":0.004325000000000001,""rounds"":12}"
       100,         2,         0,   0.148,pymatching,3edd0070e59fa4867a5354604a58329f4a49503305a85b3b8edf6617d1e6751f,"{""code"":""double_measurement_surface_code"",""diameter"":12,""noise_model"":""SI1000"",""p"":0.00455,""rounds"":12}"
       100,         3,         0,   0.151,pymatching,d741bdff5e0f799c0c59b443eb6e817345cbb95f9b7718d74739a35f8a090a49,"{""code"":""double_measurement_surface_code"",""diameter"":12,""noise_model"":""SI1000"",""p"":0.004775,""rounds"":12}"
       100,         2,         0,   0.159,pymatching,bc34a2733bfd7ee57bc4528f530cd10b85e0e51e15adc5d77e530193e03c6a1a,"{""code"":""double_measurement_surface_code"",""diameter"":12,""noise_model"":""SI1000"",""p"":0.005,""rounds"":12}"
       100,         0,         0,   0.202,pymatching,623c0068250a30b5dbf37debd9d31ef112e4ef1695eaee6038f58c3ea8bf3d37,"{""code"":""double_measurement_surface_code"",""diameter"":12,""noise_model"":""SI1000"",""p"":0.0038750000000000004,""rounds"":12}"
       100,         0,         0,   0.204,pymatching,5a40930493372fde8d082ccf4f15b7912cdd5367cbd2747c907a9c1a2a8b8301,"{""code"":""double_measurement_surface_code"",""diameter"":12,""noise_model"":""SI1000"",""p"":0.0041,""rounds"":12}"
       100,         0,         0,   0.186,pymatching,0e0b0b53198a78657bfe1b6cd7a5aa1802e155fc2dea0255bf979eaf7a14a79f,"{""code"":""double_measurement_surface_code"",""diameter"":14,""noise_model"":""SI1000"",""p"":0.0009500000000000001,""rounds"":14}"
       100,         0,         0,   0.200,pymatching,09ac664ccbef0f7768cd173650d1b7c939f176185099baa3c7eac1a87cc28e05,"{""code"":""double_measurement_surface_code"",""diameter"":14,""noise_model"":""SI1000"",""p"":0.0016250000000000001,""rounds"":14}"
       100,         0,         0,   0.202,pymatching,780d95f856169bbba0f0932d4f67044c607fbdad0ebc0348dc9b94ea00817060,"{""code"":""double_measurement_surface_code"",""diameter"":14,""noise_model"":""SI1000"",""p"":0.001175,""rounds"":14}"
       100,         0,         0,   0.206,pymatching,d749d6be5deb027825022eb4afff0f3e414edaf7e5f48c796075489ee69ca5b6,"{""code"":""double_measurement_surface_code"",""diameter"":14,""noise_model"":""SI1000"",""p"":0.0014000000000000002,""rounds"":14}"
       100,         0,         0,   0.274,pymatching,e445e1426bf2fe02751a86f3af86922443d2a10c7b04886b8f0ec13b0eea510d,"{""code"":""double_measurement_surface_code"",""diameter"":14,""noise_model"":""SI1000"",""p"":0.0005,""rounds"":14}"
       100,         0,         0,   0.274,pymatching,0ed1f50da98fb38cdc63586431bd5a1a37a52caeebc40fa99d3d4850d1da3246,"{""code"":""double_measurement_surface_code"",""diameter"":14,""noise_model"":""SI1000"",""p"":0.0007250000000000001,""rounds"":14}"
       100,         1,         0,   0.196,pymatching,a64ebc5ea6038b996306e9639723729eaba30e3ac46911d3027809814299635a,"{""code"":""double_measurement_surface_code"",""diameter"":14,""noise_model"":""SI1000"",""p"":0.0023,""rounds"":14}"
       100,         0,         0,   0.205,pymatching,977a7f7abcbfcc7d929f4bb2187554a174520520340b000a17a8468654237363,"{""code"":""double_measurement_surface_code"",""diameter"":14,""noise_model"":""SI1000"",""p"":0.0027500000000000003,""rounds"":14}"
       100,         0,         0,   0.206,pymatching,cfbb08ade772fa828c111dbf1671bc0a7654ead28f6e0ecb200aa289d83a0300,"{""code"":""double_measurement_surface_code"",""diameter"":14,""noise_model"":""SI1000"",""p"":0.0025250000000000003,""rounds"":14}"
       100,         0,         0,   0.199,pymatching,a6d367c7fe0b9dc104179b9c2bdab365446218af83883880c5a9a83b662c1716,"{""code"":""double_measurement_surface_code"",""diameter"":14,""noise_model"":""SI1000"",""p"":0.002975,""rounds"":14}"
       100,         0,         0,   0.293,pymatching,8fc446bd07ffda586be2c578249c0c710b608f1dff8f6ee2cd2249f4ceab048e,"{""code"":""double_measurement_surface_code"",""diameter"":14,""noise_model"":""SI1000"",""p"":0.00185,""rounds"":14}"
       100,         0,         0,   0.295,pymatching,d7301471ae49b5278cb509e6338cab5418de2a6cdfc04b84f60463c90003be50,"{""code"":""double_measurement_surface_code"",""diameter"":14,""noise_model"":""SI1000"",""p"":0.0020750000000000005,""rounds"":14}"
       100,         0,         0,   0.202,pymatching,4b1dfa7a8a4b3848a1b62d0a87938f035bd92dc5f993c904d89449429dd2305d,"{""code"":""double_measurement_surface_code"",""diameter"":14,""noise_model"":""SI1000"",""p"":0.0038750000000000004,""rounds"":14}"
       100,         2,         0,   0.203,pymatching,3b0f733775f8e7888445027409456e6bc2daefcea257fd1a8598003b5bad2dd5,"{""code"":""double_measurement_surface_code"",""diameter"":14,""noise_model"":""SI1000"",""p"":0.0036500000000000005,""rounds"":14}"
       100,         1,         0,   0.210,pymatching,386a9faf8025731a2d3fc328df599039b8429eb1c8233a3e588b1ea6643dee9e,"{""code"":""double_measurement_surface_code"",""diameter"":14,""noise_model"":""SI1000"",""p"":0.0041,""rounds"":14}"
       100,         1,         0,   0.219,pymatching,8fd7e6bcabb2846abe77b43766cdd2b54568a8724895f56a543ce6f4ef5ccd48,"{""code"":""double_measurement_surface_code"",""diameter"":14,""noise_model"":""SI1000"",""p"":0.004325000000000001,""rounds"":14}"
       100,         0,         0,   0.303,pymatching,1bac401a048f1df53ec97a72b0709b10d7bd487ce4901a52401d24e9255960c9,"{""code"":""double_measurement_surface_code"",""diameter"":14,""noise_model"":""SI1000"",""p"":0.0032,""rounds"":14}"
       100,         0,         0,   0.306,pymatching,eb52141b4ff720e3a11876d174233ea1883e67f9c5acb68543605b9895d4868b,"{""code"":""double_measurement_surface_code"",""diameter"":14,""noise_model"":""SI1000"",""p"":0.003425,""rounds"":14}"
       100,         2,         0,   0.174,pymatching,edbd412cd76f2a6afed460e8be05bcc9677446d4011ba60d3f6809fe4b510294,"{""code"":""double_measurement_surface_code"",""diameter"":14,""noise_model"":""SI1000"",""p"":0.00455,""rounds"":14}"
       100,         2,         0,   0.162,pymatching,49f2a96617a934f957e4d8c7e4a07776590047b4406fcbeabd412012b8b1632f,"{""code"":""double_measurement_surface_code"",""diameter"":14,""noise_model"":""SI1000"",""p"":0.004775,""rounds"":14}"
       100,         2,         0,   0.147,pymatching,79a00c1840b90cadcf64aa9c6b829f44064d54e882e1ca86a49f28178fc5b134,"{""code"":""double_measurement_surface_code"",""diameter"":14,""noise_model"":""SI1000"",""p"":0.005,""rounds"":14}"
       100,         0,         0,   0.307,pymatching,11adefb94de876ee256961954f9568ec1001ff58def3f90a322a2df1cfe95579,"{""code"":""double_measurement_surface_code"",""diameter"":4,""noise_model"":""SI1000"",""p"":0.0005,""rounds"":4}"
       400,         0,         0,   0.009,pymatching,11adefb94de876ee256961954f9568ec1001ff58def3f90a322a2df1cfe95579,"{""code"":""double_measurement_surface_code"",""diameter"":4,""noise_model"":""SI1000"",""p"":0.0005,""rounds"":4}"
      1200,         1,         0,   0.013,pymatching,11adefb94de876ee256961954f9568ec1001ff58def3f90a322a2df1cfe95579,"{""code"":""double_measurement_surface_code"",""diameter"":4,""noise_model"":""SI1000"",""p"":0.0005,""rounds"":4}"
       200,         0,         0,   0.370,pymatching,11adefb94de876ee256961954f9568ec1001ff58def3f90a322a2df1cfe95579,"{""code"":""double_measurement_surface_code"",""diameter"":4,""noise_model"":""SI1000"",""p"":0.0005,""rounds"":4}"
      3600,         1,         0,   0.023,pymatching,11adefb94de876ee256961954f9568ec1001ff58def3f90a322a2df1cfe95579,"{""code"":""double_measurement_surface_code"",""diameter"":4,""noise_model"":""SI1000"",""p"":0.0005,""rounds"":4}"
      4000,         2,         0,   0.038,pymatching,11adefb94de876ee256961954f9568ec1001ff58def3f90a322a2df1cfe95579,"{""code"":""double_measurement_surface_code"",""diameter"":4,""noise_model"":""SI1000"",""p"":0.0005,""rounds"":4}"
       200,         0,         0,   0.405,pymatching,11adefb94de876ee256961954f9568ec1001ff58def3f90a322a2df1cfe95579,"{""code"":""double_measurement_surface_code"",""diameter"":4,""noise_model"":""SI1000"",""p"":0.0005,""rounds"":4}"
     11200,         1,         0,   0.086,pymatching,11adefb94de876ee256961954f9568ec1001ff58def3f90a322a2df1cfe95579,"{""code"":""double_measurement_surface_code"",""diameter"":4,""noise_model"":""SI1000"",""p"":0.0005,""rounds"":4}"
       100,         0,         0,   0.282,pymatching,49dedb51519ac9bdb51a67979b9a2e0809171a96ef0215ea53da47ea4e834bd6,"{""code"":""double_measurement_surface_code"",""diameter"":4,""noise_model"":""SI1000"",""p"":0.0009500000000000001,""rounds"":4}"
       200,         0,         0,   0.404,pymatching,ad0e939b2e077ce65998ad4e929e952d1e0559b1f236c1d6d69a1208cb32a086,"{""code"":""double_measurement_surface_code"",""diameter"":4,""noise_model"":""SI1000"",""p"":0.0007250000000000001,""rounds"":4}"
       600,         0,         0,   0.016,pymatching,ad0e939b2e077ce65998ad4e929e952d1e0559b1f236c1d6d69a1208cb32a086,"{""code"":""double_measurement_surface_code"",""diameter"":4,""noise_model"":""SI1000"",""p"":0.0007250000000000001,""rounds"":4}"
      1800,         2,         0,   0.027,pymatching,ad0e939b2e077ce65998ad4e929e952d1e0559b1f236c1d6d69a1208cb32a086,"{""code"":""double_measurement_surface_code"",""diameter"":4,""noise_model"":""SI1000"",""p"":0.0007250000000000001,""rounds"":4}"
     19200,         0,         0,   0.152,pymatching,11adefb94de876ee256961954f9568ec1001ff58def3f90a322a2df1cfe95579,"{""code"":""double_measurement_surface_code"",""diameter"":4,""noise_model"":""SI1000"",""p"":0.0005,""rounds"":4}"
     18600,         5,         0,   0.144,pymatching,11adefb94de876ee256961954f9568ec1001ff58def3f90a322a2df1cfe95579,"{""code"":""double_measurement_surface_code"",""diameter"":4,""noise_model"":""SI1000"",""p"":0.0005,""rounds"":4}"
       100,         0,         0,   0.399,pymatching,ad0e939b2e077ce65998ad4e929e952d1e0559b1f236c1d6d69a1208cb32a086,"{""code"":""double_measurement_surface_code"",""diameter"":4,""noise_model"":""SI1000"",""p"":0.0007250000000000001,""rounds"":4}"
       200,         0,         0,   0.419,pymatching,ad0e939b2e077ce65998ad4e929e952d1e0559b1f236c1d6d69a1208cb32a086,"{""code"":""double_measurement_surface_code"",""diameter"":4,""noise_model"":""SI1000"",""p"":0.0007250000000000001,""rounds"":4}"
      5400,         2,         0,   0.056,pymatching,ad0e939b2e077ce65998ad4e929e952d1e0559b1f236c1d6d69a1208cb32a086,"{""code"":""double_measurement_surface_code"",""diameter"":4,""noise_model"":""SI1000"",""p"":0.0007250000000000001,""rounds"":4}"
     25200,        11,         0,   0.121,pymatching,11adefb94de876ee256961954f9568ec1001ff58def3f90a322a2df1cfe95579,"{""code"":""double_measurement_surface_code"",""diameter"":4,""noise_model"":""SI1000"",""p"":0.0005,""rounds"":4}"
       200,         0,         0,   0.432,pymatching,49dedb51519ac9bdb51a67979b9a2e0809171a96ef0215ea53da47ea4e834bd6,"{""code"":""double_measurement_surface_code"",""diameter"":4,""noise_model"":""SI1000"",""p"":0.0009500000000000001,""rounds"":4}"
       200,         0,         0,   0.411,pymatching,49dedb51519ac9bdb51a67979b9a2e0809171a96ef0215ea53da47ea4e834bd6,"{""code"":""double_measurement_surface_code"",""diameter"":4,""noise_model"":""SI1000"",""p"":0.0009500000000000001,""rounds"":4}"
       200,         1,         0,   0.394,pymatching,c99a8f21966fd718f41885934713b444b776cf6e4e324571b12e0df26b1448b2,"{""code"":""double_measurement_surface_code"",""diameter"":4,""noise_model"":""SI1000"",""p"":0.001175,""rounds"":4}"
      2400,         1,         0,   0.031,pymatching,ad0e939b2e077ce65998ad4e929e952d1e0559b1f236c1d6d69a1208cb32a086,"{""code"":""double_measurement_surface_code"",""diameter"":4,""noise_model"":""SI1000"",""p"":0.0007250000000000001,""rounds"":4}"
      6000,         5,         0,   0.062,pymatching,ad0e939b2e077ce65998ad4e929e952d1e0559b1f236c1d6d69a1208cb32a086,"{""code"":""double_measurement_surface_code"",""diameter"":4,""noise_model"":""SI1000"",""p"":0.0007250000000000001,""rounds"":4}"
      1200,         1,         0,   0.022,pymatching,49dedb51519ac9bdb51a67979b9a2e0809171a96ef0215ea53da47ea4e834bd6,"{""code"":""double_measurement_surface_code"",""diameter"":4,""noise_model"":""SI1000"",""p"":0.0009500000000000001,""rounds"":4}"
     42000,        18,         0,   0.208,pymatching,11adefb94de876ee256961954f9568ec1001ff58def3f90a322a2df1cfe95579,"{""code"":""double_measurement_surface_code"",""diameter"":4,""noise_model"":""SI1000"",""p"":0.0005,""rounds"":4}"
      2400,         2,         0,   0.031,pymatching,ad0e939b2e077ce65998ad4e929e952d1e0559b1f236c1d6d69a1208cb32a086,"{""code"":""double_measurement_surface_code"",""diameter"":4,""noise_model"":""SI1000"",""p"":0.0007250000000000001,""rounds"":4}"
     16800,         7,         0,   0.142,pymatching,ad0e939b2e077ce65998ad4e929e952d1e0559b1f236c1d6d69a1208cb32a086,"{""code"":""double_measurement_surface_code"",""diameter"":4,""noise_model"":""SI1000"",""p"":0.0007250000000000001,""rounds"":4}"
     16800,         7,         0,   0.142,pymatching,ad0e939b2e077ce65998ad4e929e952d1e0559b1f236c1d6d69a1208cb32a086,"{""code"":""double_measurement_surface_code"",""diameter"":4,""noise_model"":""SI1000"",""p"":0.0007250000000000001,""rounds"":4}"
     14400,         9,         0,   0.127,pymatching,ad0e939b2e077ce65998ad4e929e952d1e0559b1f236c1d6d69a1208cb32a086,"{""code"":""double_measurement_surface_code"",""diameter"":4,""noise_model"":""SI1000"",""p"":0.0007250000000000001,""rounds"":4}"
     28800,         5,         0,   0.218,pymatching,11adefb94de876ee256961954f9568ec1001ff58def3f90a322a2df1cfe95579,"{""code"":""double_measurement_surface_code"",""diameter"":4,""noise_model"":""SI1000"",""p"":0.0005,""rounds"":4}"
     14400,        11,         0,   0.124,pymatching,ad0e939b2e077ce65998ad4e929e952d1e0559b1f236c1d6d69a1208cb32a086,"{""code"":""double_measurement_surface_code"",""diameter"":4,""noise_model"":""SI1000"",""p"":0.0007250000000000001,""rounds"":4}"
     33600,        19,         0,   0.275,pymatching,ad0e939b2e077ce65998ad4e929e952d1e0559b1f236c1d6d69a1208cb32a086,"{""code"":""double_measurement_surface_code"",""diameter"":4,""noise_model"":""SI1000"",""p"":0.0007250000000000001,""rounds"":4}"
     80400,        17,         0,   0.576,pymatching,11adefb94de876ee256961954f9568ec1001ff58def3f90a322a2df1cfe95579,"{""code"":""double_measurement_surface_code"",""diameter"":4,""noise_model"":""SI1000"",""p"":0.0005,""rounds"":4}"
    151200,        40,         0,   0.697,pymatching,11adefb94de876ee256961954f9568ec1001ff58def3f90a322a2df1cfe95579,"{""code"":""double_measurement_surface_code"",""diameter"":4,""noise_model"":""SI1000"",""p"":0.0005,""rounds"":4}"
     72000,        44,         0,   0.584,pymatching,ad0e939b2e077ce65998ad4e929e952d1e0559b1f236c1d6d69a1208cb32a086,"{""code"":""double_measurement_surface_code"",""diameter"":4,""noise_model"":""SI1000"",""p"":0.0007250000000000001,""rounds"":4}"
    117600,        33,         0,   0.852,pymatching,11adefb94de876ee256961954f9568ec1001ff58def3f90a322a2df1cfe95579,"{""code"":""double_measurement_surface_code"",""diameter"":4,""noise_model"":""SI1000"",""p"":0.0005,""rounds"":4}"
     86400,        38,         0,   0.692,pymatching,ad0e939b2e077ce65998ad4e929e952d1e0559b1f236c1d6d69a1208cb32a086,"{""code"":""double_measurement_surface_code"",""diameter"":4,""noise_model"":""SI1000"",""p"":0.0007250000000000001,""rounds"":4}"
    105600,        55,         0,   0.841,pymatching,ad0e939b2e077ce65998ad4e929e952d1e0559b1f236c1d6d69a1208cb32a086,"{""code"":""double_measurement_surface_code"",""diameter"":4,""noise_model"":""SI1000"",""p"":0.0007250000000000001,""rounds"":4}"
    110400,        58,         0,   0.882,pymatching,ad0e939b2e077ce65998ad4e929e952d1e0559b1f236c1d6d69a1208cb32a086,"{""code"":""double_measurement_surface_code"",""diameter"":4,""noise_model"":""SI1000"",""p"":0.0007250000000000001,""rounds"":4}"
      7904,         4,         0,   0.077,pymatching,ad0e939b2e077ce65998ad4e929e952d1e0559b1f236c1d6d69a1208cb32a086,"{""code"":""double_measurement_surface_code"",""diameter"":4,""noise_model"":""SI1000"",""p"":0.0007250000000000001,""rounds"":4}"
      1516,         1,         0,   0.023,pymatching,ad0e939b2e077ce65998ad4e929e952d1e0559b1f236c1d6d69a1208cb32a086,"{""code"":""double_measurement_surface_code"",""diameter"":4,""noise_model"":""SI1000"",""p"":0.0007250000000000001,""rounds"":4}"
      3600,         3,         0,   0.044,pymatching,49dedb51519ac9bdb51a67979b9a2e0809171a96ef0215ea53da47ea4e834bd6,"{""code"":""double_measurement_surface_code"",""diameter"":4,""noise_model"":""SI1000"",""p"":0.0009500000000000001,""rounds"":4}"
     10800,        10,         0,   0.109,pymatching,49dedb51519ac9bdb51a67979b9a2e0809171a96ef0215ea53da47ea4e834bd6,"{""code"":""double_measurement_surface_code"",""diameter"":4,""noise_model"":""SI1000"",""p"":0.0009500000000000001,""rounds"":4}"
    252000,        56,         0,    1.25,pymatching,11adefb94de876ee256961954f9568ec1001ff58def3f90a322a2df1cfe95579,"{""code"":""double_measurement_surface_code"",""diameter"":4,""noise_model"":""SI1000"",""p"":0.0005,""rounds"":4}"
    172800,        50,         0,    1.24,pymatching,11adefb94de876ee256961954f9568ec1001ff58def3f90a322a2df1cfe95579,"{""code"":""double_measurement_surface_code"",""diameter"":4,""noise_model"":""SI1000"",""p"":0.0005,""rounds"":4}"
     32400,        44,         0,   0.309,pymatching,49dedb51519ac9bdb51a67979b9a2e0809171a96ef0215ea53da47ea4e834bd6,"{""code"":""double_measurement_surface_code"",""diameter"":4,""noise_model"":""SI1000"",""p"":0.0009500000000000001,""rounds"":4}"
     32400,        33,         0,   0.308,pymatching,49dedb51519ac9bdb51a67979b9a2e0809171a96ef0215ea53da47ea4e834bd6,"{""code"":""double_measurement_surface_code"",""diameter"":4,""noise_model"":""SI1000"",""p"":0.0009500000000000001,""rounds"":4}"
    146400,        28,         0,    1.05,pymatching,11adefb94de876ee256961954f9568ec1001ff58def3f90a322a2df1cfe95579,"{""code"":""double_measurement_surface_code"",""diameter"":4,""noise_model"":""SI1000"",""p"":0.0005,""rounds"":4}"
    201600,       102,         0,    1.62,pymatching,ad0e939b2e077ce65998ad4e929e952d1e0559b1f236c1d6d69a1208cb32a086,"{""code"":""double_measurement_surface_code"",""diameter"":4,""noise_model"":""SI1000"",""p"":0.0007250000000000001,""rounds"":4}"
     39026,         9,         0,   0.294,pymatching,11adefb94de876ee256961954f9568ec1001ff58def3f90a322a2df1cfe95579,"{""code"":""double_measurement_surface_code"",""diameter"":4,""noise_model"":""SI1000"",""p"":0.0005,""rounds"":4}"
     11014,         3,         0,   0.089,pymatching,11adefb94de876ee256961954f9568ec1001ff58def3f90a322a2df1cfe95579,"{""code"":""double_measurement_surface_code"",""diameter"":4,""noise_model"":""SI1000"",""p"":0.0005,""rounds"":4}"
     26563,        18,         0,   0.227,pymatching,ad0e939b2e077ce65998ad4e929e952d1e0559b1f236c1d6d69a1208cb32a086,"{""code"":""double_measurement_surface_code"",""diameter"":4,""noise_model"":""SI1000"",""p"":0.0007250000000000001,""rounds"":4}"
       600,         1,         0,   0.017,pymatching,c99a8f21966fd718f41885934713b444b776cf6e4e324571b12e0df26b1448b2,"{""code"":""double_measurement_surface_code"",""diameter"":4,""noise_model"":""SI1000"",""p"":0.001175,""rounds"":4}"
      1800,         7,         0,   0.029,pymatching,c99a8f21966fd718f41885934713b444b776cf6e4e324571b12e0df26b1448b2,"{""code"":""double_measurement_surface_code"",""diameter"":4,""noise_model"":""SI1000"",""p"":0.001175,""rounds"":4}"
      5400,        11,         0,   0.064,pymatching,c99a8f21966fd718f41885934713b444b776cf6e4e324571b12e0df26b1448b2,"{""code"":""double_measurement_surface_code"",""diameter"":4,""noise_model"":""SI1000"",""p"":0.001175,""rounds"":4}"
     16200,        30,         0,   0.168,pymatching,c99a8f21966fd718f41885934713b444b776cf6e4e324571b12e0df26b1448b2,"{""code"":""double_measurement_surface_code"",""diameter"":4,""noise_model"":""SI1000"",""p"":0.001175,""rounds"":4}"
     97200,        96,         0,   0.861,pymatching,49dedb51519ac9bdb51a67979b9a2e0809171a96ef0215ea53da47ea4e834bd6,"{""code"":""double_measurement_surface_code"",""diameter"":4,""noise_model"":""SI1000"",""p"":0.0009500000000000001,""rounds"":4}"
     48600,        68,         0,   0.493,pymatching,c99a8f21966fd718f41885934713b444b776cf6e4e324571b12e0df26b1448b2,"{""code"":""double_measurement_surface_code"",""diameter"":4,""noise_model"":""SI1000"",""p"":0.001175,""rounds"":4}"
    162000,       161,         0,    1.44,pymatching,49dedb51519ac9bdb51a67979b9a2e0809171a96ef0215ea53da47ea4e834bd6,"{""code"":""double_measurement_surface_code"",""diameter"":4,""noise_model"":""SI1000"",""p"":0.0009500000000000001,""rounds"":4}"
     26991,        22,         0,   0.246,pymatching,49dedb51519ac9bdb51a67979b9a2e0809171a96ef0215ea53da47ea4e834bd6,"{""code"":""double_measurement_surface_code"",""diameter"":4,""noise_model"":""SI1000"",""p"":0.0009500000000000001,""rounds"":4}"
    145800,       168,         0,    1.29,pymatching,49dedb51519ac9bdb51a67979b9a2e0809171a96ef0215ea53da47ea4e834bd6,"{""code"":""double_measurement_surface_code"",""diameter"":4,""noise_model"":""SI1000"",""p"":0.0009500000000000001,""rounds"":4}"
     14993,        19,         0,   0.141,pymatching,49dedb51519ac9bdb51a67979b9a2e0809171a96ef0215ea53da47ea4e834bd6,"{""code"":""double_measurement_surface_code"",""diameter"":4,""noise_model"":""SI1000"",""p"":0.0009500000000000001,""rounds"":4}"
    470400,       138,         0,    3.38,pymatching,11adefb94de876ee256961954f9568ec1001ff58def3f90a322a2df1cfe95579,"{""code"":""double_measurement_surface_code"",""diameter"":4,""noise_model"":""SI1000"",""p"":0.0005,""rounds"":4}"
    108321,        94,         0,   0.964,pymatching,49dedb51519ac9bdb51a67979b9a2e0809171a96ef0215ea53da47ea4e834bd6,"{""code"":""double_measurement_surface_code"",""diameter"":4,""noise_model"":""SI1000"",""p"":0.0009500000000000001,""rounds"":4}"
       200,         0,         0,   0.015,pymatching,c49a0c4cead68a8fae21631a98fca963600c6eff7cf4c700143829060060d4e2,"{""code"":""double_measurement_surface_code"",""diameter"":4,""noise_model"":""SI1000"",""p"":0.0014000000000000002,""rounds"":4}"
       600,         2,         0,   0.021,pymatching,c49a0c4cead68a8fae21631a98fca963600c6eff7cf4c700143829060060d4e2,"{""code"":""double_measurement_surface_code"",""diameter"":4,""noise_model"":""SI1000"",""p"":0.0014000000000000002,""rounds"":4}"
      1800,         2,         0,   0.032,pymatching,c49a0c4cead68a8fae21631a98fca963600c6eff7cf4c700143829060060d4e2,"{""code"":""double_measurement_surface_code"",""diameter"":4,""noise_model"":""SI1000"",""p"":0.0014000000000000002,""rounds"":4}"
      5400,        14,         0,   0.074,pymatching,c49a0c4cead68a8fae21631a98fca963600c6eff7cf4c700143829060060d4e2,"{""code"":""double_measurement_surface_code"",""diameter"":4,""noise_model"":""SI1000"",""p"":0.0014000000000000002,""rounds"":4}"
     16200,        30,         0,   0.187,pymatching,c49a0c4cead68a8fae21631a98fca963600c6eff7cf4c700143829060060d4e2,"{""code"":""double_measurement_surface_code"",""diameter"":4,""noise_model"":""SI1000"",""p"":0.0014000000000000002,""rounds"":4}"
    772800,       186,         0,    3.71,pymatching,11adefb94de876ee256961954f9568ec1001ff58def3f90a322a2df1cfe95579,"{""code"":""double_measurement_surface_code"",""diameter"":4,""noise_model"":""SI1000"",""p"":0.0005,""rounds"":4}"
     72900,       111,         0,   0.734,pymatching,c99a8f21966fd718f41885934713b444b776cf6e4e324571b12e0df26b1448b2,"{""code"":""double_measurement_surface_code"",""diameter"":4,""noise_model"":""SI1000"",""p"":0.001175,""rounds"":4}"
     48600,       121,         0,   0.342,pymatching,c49a0c4cead68a8fae21631a98fca963600c6eff7cf4c700143829060060d4e2,"{""code"":""double_measurement_surface_code"",""diameter"":4,""noise_model"":""SI1000"",""p"":0.0014000000000000002,""rounds"":4}"
     48600,       137,         0,   0.530,pymatching,c49a0c4cead68a8fae21631a98fca963600c6eff7cf4c700143829060060d4e2,"{""code"":""double_measurement_surface_code"",""diameter"":4,""noise_model"":""SI1000"",""p"":0.0014000000000000002,""rounds"":4}"
    145800,       235,         0,    1.43,pymatching,c99a8f21966fd718f41885934713b444b776cf6e4e324571b12e0df26b1448b2,"{""code"":""double_measurement_surface_code"",""diameter"":4,""noise_model"":""SI1000"",""p"":0.001175,""rounds"":4}"
       200,         0,         0,   0.016,pymatching,6f7e75fa216c9a688848e58aa3ec9d966a937ced37e3d1f327a2ab129424d1ad,"{""code"":""double_measurement_surface_code"",""diameter"":4,""noise_model"":""SI1000"",""p"":0.0016250000000000001,""rounds"":4}"
       600,         2,         0,   0.018,pymatching,6f7e75fa216c9a688848e58aa3ec9d966a937ced37e3d1f327a2ab129424d1ad,"{""code"":""double_measurement_surface_code"",""diameter"":4,""noise_model"":""SI1000"",""p"":0.0016250000000000001,""rounds"":4}"
      1800,         7,         0,   0.033,pymatching,6f7e75fa216c9a688848e58aa3ec9d966a937ced37e3d1f327a2ab129424d1ad,"{""code"":""double_measurement_surface_code"",""diameter"":4,""noise_model"":""SI1000"",""p"":0.0016250000000000001,""rounds"":4}"
    145800,       246,         0,    1.42,pymatching,c99a8f21966fd718f41885934713b444b776cf6e4e324571b12e0df26b1448b2,"{""code"":""double_measurement_surface_code"",""diameter"":4,""noise_model"":""SI1000"",""p"":0.001175,""rounds"":4}"
      5400,        20,         0,   0.077,pymatching,6f7e75fa216c9a688848e58aa3ec9d966a937ced37e3d1f327a2ab129424d1ad,"{""code"":""double_measurement_surface_code"",""diameter"":4,""noise_model"":""SI1000"",""p"":0.0016250000000000001,""rounds"":4}"
      5400,        22,         0,   0.078,pymatching,6f7e75fa216c9a688848e58aa3ec9d966a937ced37e3d1f327a2ab129424d1ad,"{""code"":""double_measurement_surface_code"",""diameter"":4,""noise_model"":""SI1000"",""p"":0.0016250000000000001,""rounds"":4}"
     16200,        50,         0,   0.202,pymatching,6f7e75fa216c9a688848e58aa3ec9d966a937ced37e3d1f327a2ab129424d1ad,"{""code"":""double_measurement_surface_code"",""diameter"":4,""noise_model"":""SI1000"",""p"":0.0016250000000000001,""rounds"":4}"
    547200,       295,         0,    4.39,pymatching,ad0e939b2e077ce65998ad4e929e952d1e0559b1f236c1d6d69a1208cb32a086,"{""code"":""double_measurement_surface_code"",""diameter"":4,""noise_model"":""SI1000"",""p"":0.0007250000000000001,""rounds"":4}"
     27000,        86,         0,   0.329,pymatching,6f7e75fa216c9a688848e58aa3ec9d966a937ced37e3d1f327a2ab129424d1ad,"{""code"":""double_measurement_surface_code"",""diameter"":4,""noise_model"":""SI1000"",""p"":0.0016250000000000001,""rounds"":4}"
    356400,       356,         0,    3.14,pymatching,49dedb51519ac9bdb51a67979b9a2e0809171a96ef0215ea53da47ea4e834bd6,"{""code"":""double_measurement_surface_code"",""diameter"":4,""noise_model"":""SI1000"",""p"":0.0009500000000000001,""rounds"":4}"
    945994,       216,         0,    4.43,pymatching,11adefb94de876ee256961954f9568ec1001ff58def3f90a322a2df1cfe95579,"{""code"":""double_measurement_surface_code"",""diameter"":4,""noise_model"":""SI1000"",""p"":0.0005,""rounds"":4}"
    145800,       348,         0,    1.01,pymatching,c49a0c4cead68a8fae21631a98fca963600c6eff7cf4c700143829060060d4e2,"{""code"":""double_measurement_surface_code"",""diameter"":4,""noise_model"":""SI1000"",""p"":0.0014000000000000002,""rounds"":4}"
     12005,        38,         0,   0.150,pymatching,6f7e75fa216c9a688848e58aa3ec9d966a937ced37e3d1f327a2ab129424d1ad,"{""code"":""double_measurement_surface_code"",""diameter"":4,""noise_model"":""SI1000"",""p"":0.0016250000000000001,""rounds"":4}"
      2672,        12,         0,   0.042,pymatching,6f7e75fa216c9a688848e58aa3ec9d966a937ced37e3d1f327a2ab129424d1ad,"{""code"":""double_measurement_surface_code"",""diameter"":4,""noise_model"":""SI1000"",""p"":0.0016250000000000001,""rounds"":4}"
       200,         0,         0,   0.015,pymatching,d84d58d06f14ba60d223ac41b34c4d50f5e3a55035c99443fa87e8432acc6a6e,"{""code"":""double_measurement_surface_code"",""diameter"":4,""noise_model"":""SI1000"",""p"":0.00185,""rounds"":4}"
       600,         4,         0,   0.018,pymatching,d84d58d06f14ba60d223ac41b34c4d50f5e3a55035c99443fa87e8432acc6a6e,"{""code"":""double_measurement_surface_code"",""diameter"":4,""noise_model"":""SI1000"",""p"":0.00185,""rounds"":4}"
    705600,       152,         0,    5.05,pymatching,11adefb94de876ee256961954f9568ec1001ff58def3f90a322a2df1cfe95579,"{""code"":""double_measurement_surface_code"",""diameter"":4,""noise_model"":""SI1000"",""p"":0.0005,""rounds"":4}"
     13026,        36,         0,   0.109,pymatching,c49a0c4cead68a8fae21631a98fca963600c6eff7cf4c700143829060060d4e2,"{""code"":""double_measurement_surface_code"",""diameter"":4,""noise_model"":""SI1000"",""p"":0.0014000000000000002,""rounds"":4}"
      1800,         6,         0,   0.037,pymatching,d84d58d06f14ba60d223ac41b34c4d50f5e3a55035c99443fa87e8432acc6a6e,"{""code"":""double_measurement_surface_code"",""diameter"":4,""noise_model"":""SI1000"",""p"":0.00185,""rounds"":4}"
      1800,        19,         0,   0.024,pymatching,d84d58d06f14ba60d223ac41b34c4d50f5e3a55035c99443fa87e8432acc6a6e,"{""code"":""double_measurement_surface_code"",""diameter"":4,""noise_model"":""SI1000"",""p"":0.00185,""rounds"":4}"
     59400,       206,         0,   0.690,pymatching,6f7e75fa216c9a688848e58aa3ec9d966a937ced37e3d1f327a2ab129424d1ad,"{""code"":""double_measurement_surface_code"",""diameter"":4,""noise_model"":""SI1000"",""p"":0.0016250000000000001,""rounds"":4}"
     29147,        10,         0,   0.164,pymatching,11adefb94de876ee256961954f9568ec1001ff58def3f90a322a2df1cfe95579,"{""code"":""double_measurement_surface_code"",""diameter"":4,""noise_model"":""SI1000"",""p"":0.0005,""rounds"":4}"
       200,         4,         0,   0.011,pymatching,70b035cecb2509682382eda21d28931f959ed2023a8dd3d2c475069dc6f437f6,"{""code"":""double_measurement_surface_code"",""diameter"":4,""noise_model"":""SI1000"",""p"":0.0020750000000000005,""rounds"":4}"
       600,         5,         0,   0.013,pymatching,70b035cecb2509682382eda21d28931f959ed2023a8dd3d2c475069dc6f437f6,"{""code"":""double_measurement_surface_code"",""diameter"":4,""noise_model"":""SI1000"",""p"":0.0020750000000000005,""rounds"":4}"
      5400,        19,         0,   0.081,pymatching,d84d58d06f14ba60d223ac41b34c4d50f5e3a55035c99443fa87e8432acc6a6e,"{""code"":""double_measurement_surface_code"",""diameter"":4,""noise_model"":""SI1000"",""p"":0.00185,""rounds"":4}"
      1800,        16,         0,   0.024,pymatching,70b035cecb2509682382eda21d28931f959ed2023a8dd3d2c475069dc6f437f6,"{""code"":""double_measurement_surface_code"",""diameter"":4,""noise_model"":""SI1000"",""p"":0.0020750000000000005,""rounds"":4}"
     59400,       220,         0,   0.698,pymatching,6f7e75fa216c9a688848e58aa3ec9d966a937ced37e3d1f327a2ab129424d1ad,"{""code"":""double_measurement_surface_code"",""diameter"":4,""noise_model"":""SI1000"",""p"":0.0016250000000000001,""rounds"":4}"
      9000,        45,         0,   0.083,pymatching,d84d58d06f14ba60d223ac41b34c4d50f5e3a55035c99443fa87e8432acc6a6e,"{""code"":""double_measurement_surface_code"",""diameter"":4,""noise_model"":""SI1000"",""p"":0.00185,""rounds"":4}"
      8100,        32,         0,   0.112,pymatching,d84d58d06f14ba60d223ac41b34c4d50f5e3a55035c99443fa87e8432acc6a6e,"{""code"":""double_measurement_surface_code"",""diameter"":4,""noise_model"":""SI1000"",""p"":0.00185,""rounds"":4}"
    635189,       320,         0,    5.05,pymatching,ad0e939b2e077ce65998ad4e929e952d1e0559b1f236c1d6d69a1208cb32a086,"{""code"":""double_measurement_surface_code"",""diameter"":4,""noise_model"":""SI1000"",""p"":0.0007250000000000001,""rounds"":4}"
      5400,        33,         0,   0.087,pymatching,70b035cecb2509682382eda21d28931f959ed2023a8dd3d2c475069dc6f437f6,"{""code"":""double_measurement_surface_code"",""diameter"":4,""noise_model"":""SI1000"",""p"":0.0020750000000000005,""rounds"":4}"
     12600,        63,         0,   0.111,pymatching,d84d58d06f14ba60d223ac41b34c4d50f5e3a55035c99443fa87e8432acc6a6e,"{""code"":""double_measurement_surface_code"",""diameter"":4,""noise_model"":""SI1000"",""p"":0.00185,""rounds"":4}"
    128367,       317,         0,    1.38,pymatching,c49a0c4cead68a8fae21631a98fca963600c6eff7cf4c700143829060060d4e2,"{""code"":""double_measurement_surface_code"",""diameter"":4,""noise_model"":""SI1000"",""p"":0.0014000000000000002,""rounds"":4}"
     10800,        49,         0,   0.156,pymatching,d84d58d06f14ba60d223ac41b34c4d50f5e3a55035c99443fa87e8432acc6a6e,"{""code"":""double_measurement_surface_code"",""diameter"":4,""noise_model"":""SI1000"",""p"":0.00185,""rounds"":4}"
      2247,        14,         0,   0.039,pymatching,d84d58d06f14ba60d223ac41b34c4d50f5e3a55035c99443fa87e8432acc6a6e,"{""code"":""double_measurement_surface_code"",""diameter"":4,""noise_model"":""SI1000"",""p"":0.00185,""rounds"":4}"
     19800,       106,         0,   0.265,pymatching,d84d58d06f14ba60d223ac41b34c4d50f5e3a55035c99443fa87e8432acc6a6e,"{""code"":""double_measurement_surface_code"",""diameter"":4,""noise_model"":""SI1000"",""p"":0.00185,""rounds"":4}"
       200,         1,         0,   0.015,pymatching,74e50cdad2de914767ba8ad5373f5a6cd654549d5f7f029ad58b32c6991745b2,"{""code"":""double_measurement_surface_code"",""diameter"":4,""noise_model"":""SI1000"",""p"":0.0023,""rounds"":4}"
       600,         8,         0,   0.020,pymatching,74e50cdad2de914767ba8ad5373f5a6cd654549d5f7f029ad58b32c6991745b2,"{""code"":""double_measurement_surface_code"",""diameter"":4,""noise_model"":""SI1000"",""p"":0.0023,""rounds"":4}"
     37800,       164,         0,   0.322,pymatching,d84d58d06f14ba60d223ac41b34c4d50f5e3a55035c99443fa87e8432acc6a6e,"{""code"":""double_measurement_surface_code"",""diameter"":4,""noise_model"":""SI1000"",""p"":0.00185,""rounds"":4}"
     16200,        97,         0,   0.238,pymatching,70b035cecb2509682382eda21d28931f959ed2023a8dd3d2c475069dc6f437f6,"{""code"":""double_measurement_surface_code"",""diameter"":4,""noise_model"":""SI1000"",""p"":0.0020750000000000005,""rounds"":4}"
      1800,        13,         0,   0.039,pymatching,74e50cdad2de914767ba8ad5373f5a6cd654549d5f7f029ad58b32c6991745b2,"{""code"":""double_measurement_surface_code"",""diameter"":4,""noise_model"":""SI1000"",""p"":0.0023,""rounds"":4}"
      1800,        13,         0,   0.026,pymatching,74e50cdad2de914767ba8ad5373f5a6cd654549d5f7f029ad58b32c6991745b2,"{""code"":""double_measurement_surface_code"",""diameter"":4,""noise_model"":""SI1000"",""p"":0.0023,""rounds"":4}"
      8100,        60,         0,   0.123,pymatching,70b035cecb2509682382eda21d28931f959ed2023a8dd3d2c475069dc6f437f6,"{""code"":""double_measurement_surface_code"",""diameter"":4,""noise_model"":""SI1000"",""p"":0.0020750000000000005,""rounds"":4}"
     16200,        87,         0,   0.232,pymatching,70b035cecb2509682382eda21d28931f959ed2023a8dd3d2c475069dc6f437f6,"{""code"":""double_measurement_surface_code"",""diameter"":4,""noise_model"":""SI1000"",""p"":0.0020750000000000005,""rounds"":4}"
      9000,        77,         0,   0.095,pymatching,74e50cdad2de914767ba8ad5373f5a6cd654549d5f7f029ad58b32c6991745b2,"{""code"":""double_measurement_surface_code"",""diameter"":4,""noise_model"":""SI1000"",""p"":0.0023,""rounds"":4}"
      4654,        26,         0,   0.075,pymatching,70b035cecb2509682382eda21d28931f959ed2023a8dd3d2c475069dc6f437f6,"{""code"":""double_measurement_surface_code"",""diameter"":4,""noise_model"":""SI1000"",""p"":0.0020750000000000005,""rounds"":4}"
      1474,         8,         0,   0.030,pymatching,70b035cecb2509682382eda21d28931f959ed2023a8dd3d2c475069dc6f437f6,"{""code"":""double_measurement_surface_code"",""diameter"":4,""noise_model"":""SI1000"",""p"":0.0020750000000000005,""rounds"":4}"
       533,         1,         0,   0.018,pymatching,70b035cecb2509682382eda21d28931f959ed2023a8dd3d2c475069dc6f437f6,"{""code"":""double_measurement_surface_code"",""diameter"":4,""noise_model"":""SI1000"",""p"":0.0020750000000000005,""rounds"":4}"
      1100,         6,         0,   0.027,pymatching,70b035cecb2509682382eda21d28931f959ed2023a8dd3d2c475069dc6f437f6,"{""code"":""double_measurement_surface_code"",""diameter"":4,""noise_model"":""SI1000"",""p"":0.0020750000000000005,""rounds"":4}"
     48157,       236,         0,   0.425,pymatching,d84d58d06f14ba60d223ac41b34c4d50f5e3a55035c99443fa87e8432acc6a6e,"{""code"":""double_measurement_surface_code"",""diameter"":4,""noise_model"":""SI1000"",""p"":0.00185,""rounds"":4}"
       347,         4,         0,   0.016,pymatching,70b035cecb2509682382eda21d28931f959ed2023a8dd3d2c475069dc6f437f6,"{""code"":""double_measurement_surface_code"",""diameter"":4,""noise_model"":""SI1000"",""p"":0.0020750000000000005,""rounds"":4}"
     94801,        21,         0,   0.696,pymatching,11adefb94de876ee256961954f9568ec1001ff58def3f90a322a2df1cfe95579,"{""code"":""double_measurement_surface_code"",""diameter"":4,""noise_model"":""SI1000"",""p"":0.0005,""rounds"":4}"
     10426,        70,         0,   0.152,pymatching,70b035cecb2509682382eda21d28931f959ed2023a8dd3d2c475069dc6f437f6,"{""code"":""double_measurement_surface_code"",""diameter"":4,""noise_model"":""SI1000"",""p"":0.0020750000000000005,""rounds"":4}"
    198419,       343,         0,    1.91,pymatching,c99a8f21966fd718f41885934713b444b776cf6e4e324571b12e0df26b1448b2,"{""code"":""double_measurement_surface_code"",""diameter"":4,""noise_model"":""SI1000"",""p"":0.001175,""rounds"":4}"
       200,         1,         0,   0.016,pymatching,0df6c676bd34324618b6dd747e8af753bb0b40a95f53c96916e5d274d913452f,"{""code"":""double_measurement_surface_code"",""diameter"":4,""noise_model"":""SI1000"",""p"":0.0025250000000000003,""rounds"":4}"
       200,         7,         0,   0.015,pymatching,0df6c676bd34324618b6dd747e8af753bb0b40a95f53c96916e5d274d913452f,"{""code"":""double_measurement_surface_code"",""diameter"":4,""noise_model"":""SI1000"",""p"":0.0025250000000000003,""rounds"":4}"
       100,         3,         0,   0.016,pymatching,0df6c676bd34324618b6dd747e8af753bb0b40a95f53c96916e5d274d913452f,"{""code"":""double_measurement_surface_code"",""diameter"":4,""noise_model"":""SI1000"",""p"":0.0025250000000000003,""rounds"":4}"
       600,        12,         0,   0.021,pymatching,0df6c676bd34324618b6dd747e8af753bb0b40a95f53c96916e5d274d913452f,"{""code"":""double_measurement_surface_code"",""diameter"":4,""noise_model"":""SI1000"",""p"":0.0025250000000000003,""rounds"":4}"
      1000,        11,         0,   0.027,pymatching,0df6c676bd34324618b6dd747e8af753bb0b40a95f53c96916e5d274d913452f,"{""code"":""double_measurement_surface_code"",""diameter"":4,""noise_model"":""SI1000"",""p"":0.0025250000000000003,""rounds"":4}"
      1200,        22,         0,   0.031,pymatching,0df6c676bd34324618b6dd747e8af753bb0b40a95f53c96916e5d274d913452f,"{""code"":""double_measurement_surface_code"",""diameter"":4,""noise_model"":""SI1000"",""p"":0.0025250000000000003,""rounds"":4}"
      2400,        23,         0,   0.050,pymatching,0df6c676bd34324618b6dd747e8af753bb0b40a95f53c96916e5d274d913452f,"{""code"":""double_measurement_surface_code"",""diameter"":4,""noise_model"":""SI1000"",""p"":0.0025250000000000003,""rounds"":4}"
    113400,       378,         0,    1.29,pymatching,6f7e75fa216c9a688848e58aa3ec9d966a937ced37e3d1f327a2ab129424d1ad,"{""code"":""double_measurement_surface_code"",""diameter"":4,""noise_model"":""SI1000"",""p"":0.0016250000000000001,""rounds"":4}"
      4400,        41,         0,   0.080,pymatching,0df6c676bd34324618b6dd747e8af753bb0b40a95f53c96916e5d274d913452f,"{""code"":""double_measurement_surface_code"",""diameter"":4,""noise_model"":""SI1000"",""p"":0.0025250000000000003,""rounds"":4}"
     27000,       203,         0,   0.266,pymatching,74e50cdad2de914767ba8ad5373f5a6cd654549d5f7f029ad58b32c6991745b2,"{""code"":""double_measurement_surface_code"",""diameter"":4,""noise_model"":""SI1000"",""p"":0.0023,""rounds"":4}"
     54000,       270,         0,   0.683,pymatching,d84d58d06f14ba60d223ac41b34c4d50f5e3a55035c99443fa87e8432acc6a6e,"{""code"":""double_measurement_surface_code"",""diameter"":4,""noise_model"":""SI1000"",""p"":0.00185,""rounds"":4}"
      6800,        71,         0,   0.114,pymatching,0df6c676bd34324618b6dd747e8af753bb0b40a95f53c96916e5d274d913452f,"{""code"":""double_measurement_surface_code"",""diameter"":4,""noise_model"":""SI1000"",""p"":0.0025250000000000003,""rounds"":4}"
     13500,       103,         0,   0.201,pymatching,74e50cdad2de914767ba8ad5373f5a6cd654549d5f7f029ad58b32c6991745b2,"{""code"":""double_measurement_surface_code"",""diameter"":4,""noise_model"":""SI1000"",""p"":0.0023,""rounds"":4}"
       813,         4,         0,   0.022,pymatching,74e50cdad2de914767ba8ad5373f5a6cd654549d5f7f029ad58b32c6991745b2,"{""code"":""double_measurement_surface_code"",""diameter"":4,""noise_model"":""SI1000"",""p"":0.0023,""rounds"":4}"
     27000,       241,         0,   0.258,pymatching,74e50cdad2de914767ba8ad5373f5a6cd654549d5f7f029ad58b32c6991745b2,"{""code"":""double_measurement_surface_code"",""diameter"":4,""noise_model"":""SI1000"",""p"":0.0023,""rounds"":4}"
       707,         7,         0,   0.019,pymatching,74e50cdad2de914767ba8ad5373f5a6cd654549d5f7f029ad58b32c6991745b2,"{""code"":""double_measurement_surface_code"",""diameter"":4,""noise_model"":""SI1000"",""p"":0.0023,""rounds"":4}"
      6200,        55,         0,   0.105,pymatching,0df6c676bd34324618b6dd747e8af753bb0b40a95f53c96916e5d274d913452f,"{""code"":""double_measurement_surface_code"",""diameter"":4,""noise_model"":""SI1000"",""p"":0.0025250000000000003,""rounds"":4}"
      6000,        64,         0,   0.100,pymatching,0df6c676bd34324618b6dd747e8af753bb0b40a95f53c96916e5d274d913452f,"{""code"":""double_measurement_surface_code"",""diameter"":4,""noise_model"":""SI1000"",""p"":0.0025250000000000003,""rounds"":4}"
     11600,       135,         0,   0.178,pymatching,0df6c676bd34324618b6dd747e8af753bb0b40a95f53c96916e5d274d913452f,"{""code"":""double_measurement_surface_code"",""diameter"":4,""noise_model"":""SI1000"",""p"":0.0025250000000000003,""rounds"":4}"
     48600,       283,         0,   0.602,pymatching,70b035cecb2509682382eda21d28931f959ed2023a8dd3d2c475069dc6f437f6,"{""code"":""double_measurement_surface_code"",""diameter"":4,""noise_model"":""SI1000"",""p"":0.0020750000000000005,""rounds"":4}"
     20400,       216,         0,   0.244,pymatching,0df6c676bd34324618b6dd747e8af753bb0b40a95f53c96916e5d274d913452f,"{""code"":""double_measurement_surface_code"",""diameter"":4,""noise_model"":""SI1000"",""p"":0.0025250000000000003,""rounds"":4}"
     48600,       339,         0,   0.649,pymatching,70b035cecb2509682382eda21d28931f959ed2023a8dd3d2c475069dc6f437f6,"{""code"":""double_measurement_surface_code"",""diameter"":4,""noise_model"":""SI1000"",""p"":0.0020750000000000005,""rounds"":4}"
      5400,        56,         0,   0.056,pymatching,0df6c676bd34324618b6dd747e8af753bb0b40a95f53c96916e5d274d913452f,"{""code"":""double_measurement_surface_code"",""diameter"":4,""noise_model"":""SI1000"",""p"":0.0025250000000000003,""rounds"":4}"
     27612,       275,         0,   0.348,pymatching,0df6c676bd34324618b6dd747e8af753bb0b40a95f53c96916e5d274d913452f,"{""code"":""double_measurement_surface_code"",""diameter"":4,""noise_model"":""SI1000"",""p"":0.0025250000000000003,""rounds"":4}"
       200,         7,         0,   0.009,pymatching,1bf64b1fec536e8474c2803284d71795da0e975eb0c61c52a7ace158a76fea08,"{""code"":""double_measurement_surface_code"",""diameter"":4,""noise_model"":""SI1000"",""p"":0.0027500000000000003,""rounds"":4}"
       100,         2,         0,   0.010,pymatching,1bf64b1fec536e8474c2803284d71795da0e975eb0c61c52a7ace158a76fea08,"{""code"":""double_measurement_surface_code"",""diameter"":4,""noise_model"":""SI1000"",""p"":0.0027500000000000003,""rounds"":4}"
       200,         2,         0,   0.011,pymatching,1bf64b1fec536e8474c2803284d71795da0e975eb0c61c52a7ace158a76fea08,"{""code"":""double_measurement_surface_code"",""diameter"":4,""noise_model"":""SI1000"",""p"":0.0027500000000000003,""rounds"":4}"
       200,         4,         0,   0.011,pymatching,1b2bc94de40e3a1ae5b6b5a24b180209f6311c8ae46df7259b6850eac8742f66,"{""code"":""double_measurement_surface_code"",""diameter"":4,""noise_model"":""SI1000"",""p"":0.002975,""rounds"":4}"
       200,         4,         0,   0.012,pymatching,1b2bc94de40e3a1ae5b6b5a24b180209f6311c8ae46df7259b6850eac8742f66,"{""code"":""double_measurement_surface_code"",""diameter"":4,""noise_model"":""SI1000"",""p"":0.002975,""rounds"":4}"
       100,         3,         0,   0.010,pymatching,1b2bc94de40e3a1ae5b6b5a24b180209f6311c8ae46df7259b6850eac8742f66,"{""code"":""double_measurement_surface_code"",""diameter"":4,""noise_model"":""SI1000"",""p"":0.002975,""rounds"":4}"
      1261,         7,         0,   0.020,pymatching,70b035cecb2509682382eda21d28931f959ed2023a8dd3d2c475069dc6f437f6,"{""code"":""double_measurement_surface_code"",""diameter"":4,""noise_model"":""SI1000"",""p"":0.0020750000000000005,""rounds"":4}"
       600,        12,         0,   0.012,pymatching,1bf64b1fec536e8474c2803284d71795da0e975eb0c61c52a7ace158a76fea08,"{""code"":""double_measurement_surface_code"",""diameter"":4,""noise_model"":""SI1000"",""p"":0.0027500000000000003,""rounds"":4}"
       949,         8,         0,   0.021,pymatching,0df6c676bd34324618b6dd747e8af753bb0b40a95f53c96916e5d274d913452f,"{""code"":""double_measurement_surface_code"",""diameter"":4,""noise_model"":""SI1000"",""p"":0.0025250000000000003,""rounds"":4}"
       400,         8,         0,   0.014,pymatching,1bf64b1fec536e8474c2803284d71795da0e975eb0c61c52a7ace158a76fea08,"{""code"":""double_measurement_surface_code"",""diameter"":4,""noise_model"":""SI1000"",""p"":0.0027500000000000003,""rounds"":4}"
       800,         8,         0,   0.019,pymatching,1bf64b1fec536e8474c2803284d71795da0e975eb0c61c52a7ace158a76fea08,"{""code"":""double_measurement_surface_code"",""diameter"":4,""noise_model"":""SI1000"",""p"":0.0027500000000000003,""rounds"":4}"
      1200,        17,         0,   0.023,pymatching,1bf64b1fec536e8474c2803284d71795da0e975eb0c61c52a7ace158a76fea08,"{""code"":""double_measurement_surface_code"",""diameter"":4,""noise_model"":""SI1000"",""p"":0.0027500000000000003,""rounds"":4}"
      1000,        12,         0,   0.022,pymatching,1b2bc94de40e3a1ae5b6b5a24b180209f6311c8ae46df7259b6850eac8742f66,"{""code"":""double_measurement_surface_code"",""diameter"":4,""noise_model"":""SI1000"",""p"":0.002975,""rounds"":4}"
      1200,        27,         0,   0.024,pymatching,1b2bc94de40e3a1ae5b6b5a24b180209f6311c8ae46df7259b6850eac8742f66,"{""code"":""double_measurement_surface_code"",""diameter"":4,""noise_model"":""SI1000"",""p"":0.002975,""rounds"":4}"
       800,         8,         0,   0.020,pymatching,1b2bc94de40e3a1ae5b6b5a24b180209f6311c8ae46df7259b6850eac8742f66,"{""code"":""double_measurement_surface_code"",""diameter"":4,""noise_model"":""SI1000"",""p"":0.002975,""rounds"":4}"
       200,         6,         0,   0.012,pymatching,f058935c6fe431b145400b8d2fbe6ce2413fa1dde0eb502cf7cbda9a30e66d1c,"{""code"":""double_measurement_surface_code"",""diameter"":4,""noise_model"":""SI1000"",""p"":0.0032,""rounds"":4}"
      1200,        23,         0,   0.023,pymatching,1bf64b1fec536e8474c2803284d71795da0e975eb0c61c52a7ace158a76fea08,"{""code"":""double_measurement_surface_code"",""diameter"":4,""noise_model"":""SI1000"",""p"":0.0027500000000000003,""rounds"":4}"
      2400,        33,         0,   0.028,pymatching,1bf64b1fec536e8474c2803284d71795da0e975eb0c61c52a7ace158a76fea08,"{""code"":""double_measurement_surface_code"",""diameter"":4,""noise_model"":""SI1000"",""p"":0.0027500000000000003,""rounds"":4}"
      2400,        19,         0,   0.040,pymatching,1bf64b1fec536e8474c2803284d71795da0e975eb0c61c52a7ace158a76fea08,"{""code"":""double_measurement_surface_code"",""diameter"":4,""noise_model"":""SI1000"",""p"":0.0027500000000000003,""rounds"":4}"
      2000,        36,         0,   0.037,pymatching,1b2bc94de40e3a1ae5b6b5a24b180209f6311c8ae46df7259b6850eac8742f66,"{""code"":""double_measurement_surface_code"",""diameter"":4,""noise_model"":""SI1000"",""p"":0.002975,""rounds"":4}"
      3200,        54,         0,   0.054,pymatching,1b2bc94de40e3a1ae5b6b5a24b180209f6311c8ae46df7259b6850eac8742f66,"{""code"":""double_measurement_surface_code"",""diameter"":4,""noise_model"":""SI1000"",""p"":0.002975,""rounds"":4}"
     47146,       384,         0,   0.531,pymatching,74e50cdad2de914767ba8ad5373f5a6cd654549d5f7f029ad58b32c6991745b2,"{""code"":""double_measurement_surface_code"",""diameter"":4,""noise_model"":""SI1000"",""p"":0.0023,""rounds"":4}"
      4800,        75,         0,   0.073,pymatching,1bf64b1fec536e8474c2803284d71795da0e975eb0c61c52a7ace158a76fea08,"{""code"":""double_measurement_surface_code"",""diameter"":4,""noise_model"":""SI1000"",""p"":0.0027500000000000003,""rounds"":4}"
      5600,        88,         0,   0.088,pymatching,1b2bc94de40e3a1ae5b6b5a24b180209f6311c8ae46df7259b6850eac8742f66,"{""code"":""double_measurement_surface_code"",""diameter"":4,""noise_model"":""SI1000"",""p"":0.002975,""rounds"":4}"
      2400,        39,         0,   0.039,pymatching,1b2bc94de40e3a1ae5b6b5a24b180209f6311c8ae46df7259b6850eac8742f66,"{""code"":""double_measurement_surface_code"",""diameter"":4,""noise_model"":""SI1000"",""p"":0.002975,""rounds"":4}"
      7200,        91,         0,   0.105,pymatching,1bf64b1fec536e8474c2803284d71795da0e975eb0c61c52a7ace158a76fea08,"{""code"":""double_measurement_surface_code"",""diameter"":4,""noise_model"":""SI1000"",""p"":0.0027500000000000003,""rounds"":4}"
      7200,       102,         0,   0.111,pymatching,1b2bc94de40e3a1ae5b6b5a24b180209f6311c8ae46df7259b6850eac8742f66,"{""code"":""double_measurement_surface_code"",""diameter"":4,""noise_model"":""SI1000"",""p"":0.002975,""rounds"":4}"
       109,         3,         0,   0.015,pymatching,1b2bc94de40e3a1ae5b6b5a24b180209f6311c8ae46df7259b6850eac8742f66,"{""code"":""double_measurement_surface_code"",""diameter"":4,""noise_model"":""SI1000"",""p"":0.002975,""rounds"":4}"
      7200,        93,         0,   0.108,pymatching,1bf64b1fec536e8474c2803284d71795da0e975eb0c61c52a7ace158a76fea08,"{""code"":""double_measurement_surface_code"",""diameter"":4,""noise_model"":""SI1000"",""p"":0.0027500000000000003,""rounds"":4}"
       600,         9,         0,   0.019,pymatching,f058935c6fe431b145400b8d2fbe6ce2413fa1dde0eb502cf7cbda9a30e66d1c,"{""code"":""double_measurement_surface_code"",""diameter"":4,""noise_model"":""SI1000"",""p"":0.0032,""rounds"":4}"
      1232,        19,         0,   0.027,pymatching,1bf64b1fec536e8474c2803284d71795da0e975eb0c61c52a7ace158a76fea08,"{""code"":""double_measurement_surface_code"",""diameter"":4,""noise_model"":""SI1000"",""p"":0.0027500000000000003,""rounds"":4}"
      3017,        40,         0,   0.054,pymatching,1bf64b1fec536e8474c2803284d71795da0e975eb0c61c52a7ace158a76fea08,"{""code"":""double_measurement_surface_code"",""diameter"":4,""noise_model"":""SI1000"",""p"":0.0027500000000000003,""rounds"":4}"
      2630,        39,         0,   0.052,pymatching,1b2bc94de40e3a1ae5b6b5a24b180209f6311c8ae46df7259b6850eac8742f66,"{""code"":""double_measurement_surface_code"",""diameter"":4,""noise_model"":""SI1000"",""p"":0.002975,""rounds"":4}"
      1800,        34,         0,   0.036,pymatching,f058935c6fe431b145400b8d2fbe6ce2413fa1dde0eb502cf7cbda9a30e66d1c,"{""code"":""double_measurement_surface_code"",""diameter"":4,""noise_model"":""SI1000"",""p"":0.0032,""rounds"":4}"
     14400,       183,         0,   0.163,pymatching,1bf64b1fec536e8474c2803284d71795da0e975eb0c61c52a7ace158a76fea08,"{""code"":""double_measurement_surface_code"",""diameter"":4,""noise_model"":""SI1000"",""p"":0.0027500000000000003,""rounds"":4}"
       172,         3,         0,   0.014,pymatching,1b2bc94de40e3a1ae5b6b5a24b180209f6311c8ae46df7259b6850eac8742f66,"{""code"":""double_measurement_surface_code"",""diameter"":4,""noise_model"":""SI1000"",""p"":0.002975,""rounds"":4}"
      1800,        31,         0,   0.041,pymatching,f058935c6fe431b145400b8d2fbe6ce2413fa1dde0eb502cf7cbda9a30e66d1c,"{""code"":""double_measurement_surface_code"",""diameter"":4,""noise_model"":""SI1000"",""p"":0.0032,""rounds"":4}"
       900,        20,         0,   0.051,pymatching,f058935c6fe431b145400b8d2fbe6ce2413fa1dde0eb502cf7cbda9a30e66d1c,"{""code"":""double_measurement_surface_code"",""diameter"":4,""noise_model"":""SI1000"",""p"":0.0032,""rounds"":4}"
      1374,        19,         0,   0.032,pymatching,1bf64b1fec536e8474c2803284d71795da0e975eb0c61c52a7ace158a76fea08,"{""code"":""double_measurement_surface_code"",""diameter"":4,""noise_model"":""SI1000"",""p"":0.0027500000000000003,""rounds"":4}"
     11200,       174,         0,   0.180,pymatching,1b2bc94de40e3a1ae5b6b5a24b180209f6311c8ae46df7259b6850eac8742f66,"{""code"":""double_measurement_surface_code"",""diameter"":4,""noise_model"":""SI1000"",""p"":0.002975,""rounds"":4}"
       200,         7,         0,   0.014,pymatching,16a7272943849108099c735fc2b23b33cd452e9171efecd38e7d448932c6532d,"{""code"":""double_measurement_surface_code"",""diameter"":4,""noise_model"":""SI1000"",""p"":0.003425,""rounds"":4}"
       173,         4,         0,   0.014,pymatching,1b2bc94de40e3a1ae5b6b5a24b180209f6311c8ae46df7259b6850eac8742f66,"{""code"":""double_measurement_surface_code"",""diameter"":4,""noise_model"":""SI1000"",""p"":0.002975,""rounds"":4}"
      8146,       117,         0,   0.151,pymatching,1b2bc94de40e3a1ae5b6b5a24b180209f6311c8ae46df7259b6850eac8742f66,"{""code"":""double_measurement_surface_code"",""diameter"":4,""noise_model"":""SI1000"",""p"":0.002975,""rounds"":4}"
     14400,       182,         0,   0.217,pymatching,1bf64b1fec536e8474c2803284d71795da0e975eb0c61c52a7ace158a76fea08,"{""code"":""double_measurement_surface_code"",""diameter"":4,""noise_model"":""SI1000"",""p"":0.0027500000000000003,""rounds"":4}"
       600,        12,         0,   0.019,pymatching,16a7272943849108099c735fc2b23b33cd452e9171efecd38e7d448932c6532d,"{""code"":""double_measurement_surface_code"",""diameter"":4,""noise_model"":""SI1000"",""p"":0.003425,""rounds"":4}"
       600,        20,         0,   0.021,pymatching,16a7272943849108099c735fc2b23b33cd452e9171efecd38e7d448932c6532d,"{""code"":""double_measurement_surface_code"",""diameter"":4,""noise_model"":""SI1000"",""p"":0.003425,""rounds"":4}"
     11843,       167,         0,   0.190,pymatching,1bf64b1fec536e8474c2803284d71795da0e975eb0c61c52a7ace158a76fea08,"{""code"":""double_measurement_surface_code"",""diameter"":4,""noise_model"":""SI1000"",""p"":0.0027500000000000003,""rounds"":4}"
       831,        11,         0,   0.025,pymatching,1b2bc94de40e3a1ae5b6b5a24b180209f6311c8ae46df7259b6850eac8742f66,"{""code"":""double_measurement_surface_code"",""diameter"":4,""noise_model"":""SI1000"",""p"":0.002975,""rounds"":4}"
      5400,       105,         0,   0.097,pymatching,f058935c6fe431b145400b8d2fbe6ce2413fa1dde0eb502cf7cbda9a30e66d1c,"{""code"":""double_measurement_surface_code"",""diameter"":4,""noise_model"":""SI1000"",""p"":0.0032,""rounds"":4}"
       878,        20,         0,   0.025,pymatching,1bf64b1fec536e8474c2803284d71795da0e975eb0c61c52a7ace158a76fea08,"{""code"":""double_measurement_surface_code"",""diameter"":4,""noise_model"":""SI1000"",""p"":0.0027500000000000003,""rounds"":4}"
       164,         4,         0,   0.014,pymatching,1b2bc94de40e3a1ae5b6b5a24b180209f6311c8ae46df7259b6850eac8742f66,"{""code"":""double_measurement_surface_code"",""diameter"":4,""noise_model"":""SI1000"",""p"":0.002975,""rounds"":4}"
      1800,        32,         0,   0.039,pymatching,16a7272943849108099c735fc2b23b33cd452e9171efecd38e7d448932c6532d,"{""code"":""double_measurement_surface_code"",""diameter"":4,""noise_model"":""SI1000"",""p"":0.003425,""rounds"":4}"
      5400,        98,         0,   0.106,pymatching,f058935c6fe431b145400b8d2fbe6ce2413fa1dde0eb502cf7cbda9a30e66d1c,"{""code"":""double_measurement_surface_code"",""diameter"":4,""noise_model"":""SI1000"",""p"":0.0032,""rounds"":4}"
      3000,        58,         0,   0.051,pymatching,16a7272943849108099c735fc2b23b33cd452e9171efecd38e7d448932c6532d,"{""code"":""double_measurement_surface_code"",""diameter"":4,""noise_model"":""SI1000"",""p"":0.003425,""rounds"":4}"
      2700,        67,         0,   0.063,pymatching,16a7272943849108099c735fc2b23b33cd452e9171efecd38e7d448932c6532d,"{""code"":""double_measurement_surface_code"",""diameter"":4,""noise_model"":""SI1000"",""p"":0.003425,""rounds"":4}"
     17600,       263,         0,   0.274,pymatching,1b2bc94de40e3a1ae5b6b5a24b180209f6311c8ae46df7259b6850eac8742f66,"{""code"":""double_measurement_surface_code"",""diameter"":4,""noise_model"":""SI1000"",""p"":0.002975,""rounds"":4}"
      7200,       136,         0,   0.115,pymatching,f058935c6fe431b145400b8d2fbe6ce2413fa1dde0eb502cf7cbda9a30e66d1c,"{""code"":""double_measurement_surface_code"",""diameter"":4,""noise_model"":""SI1000"",""p"":0.0032,""rounds"":4}"
      9000,       178,         0,   0.158,pymatching,f058935c6fe431b145400b8d2fbe6ce2413fa1dde0eb502cf7cbda9a30e66d1c,"{""code"":""double_measurement_surface_code"",""diameter"":4,""noise_model"":""SI1000"",""p"":0.0032,""rounds"":4}"
       458,         6,         0,   0.017,pymatching,1b2bc94de40e3a1ae5b6b5a24b180209f6311c8ae46df7259b6850eac8742f66,"{""code"":""double_measurement_surface_code"",""diameter"":4,""noise_model"":""SI1000"",""p"":0.002975,""rounds"":4}"
       942,        14,         0,   0.024,pymatching,f058935c6fe431b145400b8d2fbe6ce2413fa1dde0eb502cf7cbda9a30e66d1c,"{""code"":""double_measurement_surface_code"",""diameter"":4,""noise_model"":""SI1000"",""p"":0.0032,""rounds"":4}"
     19935,       340,         0,   0.228,pymatching,f058935c6fe431b145400b8d2fbe6ce2413fa1dde0eb502cf7cbda9a30e66d1c,"{""code"":""double_measurement_surface_code"",""diameter"":4,""noise_model"":""SI1000"",""p"":0.0032,""rounds"":4}"
      6600,       147,         0,   0.124,pymatching,16a7272943849108099c735fc2b23b33cd452e9171efecd38e7d448932c6532d,"{""code"":""double_measurement_surface_code"",""diameter"":4,""noise_model"":""SI1000"",""p"":0.003425,""rounds"":4}"
       100,         1,         0,   0.009,pymatching,29e128da197d752e800266b9bac3cd93435ded366ec8027cb805ebdd37d9aecd,"{""code"":""double_measurement_surface_code"",""diameter"":4,""noise_model"":""SI1000"",""p"":0.0038750000000000004,""rounds"":4}"
       100,         3,         0,   0.012,pymatching,9e100bc3a5c57ec665b580c4c68d83fd686f0bd2da8f77f0ce582051fa9a3f7f,"{""code"":""double_measurement_surface_code"",""diameter"":4,""noise_model"":""SI1000"",""p"":0.0036500000000000005,""rounds"":4}"
       200,         6,         0,   0.013,pymatching,9e100bc3a5c57ec665b580c4c68d83fd686f0bd2da8f77f0ce582051fa9a3f7f,"{""code"":""double_measurement_surface_code"",""diameter"":4,""noise_model"":""SI1000"",""p"":0.0036500000000000005,""rounds"":4}"
       200,         3,         0,   0.013,pymatching,9e100bc3a5c57ec665b580c4c68d83fd686f0bd2da8f77f0ce582051fa9a3f7f,"{""code"":""double_measurement_surface_code"",""diameter"":4,""noise_model"":""SI1000"",""p"":0.0036500000000000005,""rounds"":4}"
       200,         9,         0,   0.013,pymatching,29e128da197d752e800266b9bac3cd93435ded366ec8027cb805ebdd37d9aecd,"{""code"":""double_measurement_surface_code"",""diameter"":4,""noise_model"":""SI1000"",""p"":0.0038750000000000004,""rounds"":4}"
       200,         3,         0,   0.014,pymatching,29e128da197d752e800266b9bac3cd93435ded366ec8027cb805ebdd37d9aecd,"{""code"":""double_measurement_surface_code"",""diameter"":4,""noise_model"":""SI1000"",""p"":0.0038750000000000004,""rounds"":4}"
     12600,       239,         0,   0.165,pymatching,16a7272943849108099c735fc2b23b33cd452e9171efecd38e7d448932c6532d,"{""code"":""double_measurement_surface_code"",""diameter"":4,""noise_model"":""SI1000"",""p"":0.003425,""rounds"":4}"
       400,        13,         0,   0.014,pymatching,29e128da197d752e800266b9bac3cd93435ded366ec8027cb805ebdd37d9aecd,"{""code"":""double_measurement_surface_code"",""diameter"":4,""noise_model"":""SI1000"",""p"":0.0038750000000000004,""rounds"":4}"
      1643,        31,         0,   0.028,pymatching,f058935c6fe431b145400b8d2fbe6ce2413fa1dde0eb502cf7cbda9a30e66d1c,"{""code"":""double_measurement_surface_code"",""diameter"":4,""noise_model"":""SI1000"",""p"":0.0032,""rounds"":4}"
       400,        15,         0,   0.016,pymatching,9e100bc3a5c57ec665b580c4c68d83fd686f0bd2da8f77f0ce582051fa9a3f7f,"{""code"":""double_measurement_surface_code"",""diameter"":4,""noise_model"":""SI1000"",""p"":0.0036500000000000005,""rounds"":4}"
       600,        19,         0,   0.018,pymatching,9e100bc3a5c57ec665b580c4c68d83fd686f0bd2da8f77f0ce582051fa9a3f7f,"{""code"":""double_measurement_surface_code"",""diameter"":4,""noise_model"":""SI1000"",""p"":0.0036500000000000005,""rounds"":4}"
       800,        27,         0,   0.024,pymatching,9e100bc3a5c57ec665b580c4c68d83fd686f0bd2da8f77f0ce582051fa9a3f7f,"{""code"":""double_measurement_surface_code"",""diameter"":4,""noise_model"":""SI1000"",""p"":0.0036500000000000005,""rounds"":4}"
      1200,        24,         0,   0.030,pymatching,9e100bc3a5c57ec665b580c4c68d83fd686f0bd2da8f77f0ce582051fa9a3f7f,"{""code"":""double_measurement_surface_code"",""diameter"":4,""noise_model"":""SI1000"",""p"":0.0036500000000000005,""rounds"":4}"
      1200,        27,         0,   0.030,pymatching,29e128da197d752e800266b9bac3cd93435ded366ec8027cb805ebdd37d9aecd,"{""code"":""double_measurement_surface_code"",""diameter"":4,""noise_model"":""SI1000"",""p"":0.0038750000000000004,""rounds"":4}"
       400,        10,         0,   0.016,pymatching,9e100bc3a5c57ec665b580c4c68d83fd686f0bd2da8f77f0ce582051fa9a3f7f,"{""code"":""double_measurement_surface_code"",""diameter"":4,""noise_model"":""SI1000"",""p"":0.0036500000000000005,""rounds"":4}"
      1800,        63,         0,   0.030,pymatching,29e128da197d752e800266b9bac3cd93435ded366ec8027cb805ebdd37d9aecd,"{""code"":""double_measurement_surface_code"",""diameter"":4,""noise_model"":""SI1000"",""p"":0.0038750000000000004,""rounds"":4}"
      2000,        51,         0,   0.035,pymatching,29e128da197d752e800266b9bac3cd93435ded366ec8027cb805ebdd37d9aecd,"{""code"":""double_measurement_surface_code"",""diameter"":4,""noise_model"":""SI1000"",""p"":0.0038750000000000004,""rounds"":4}"
     16940,       355,         0,   0.214,pymatching,16a7272943849108099c735fc2b23b33cd452e9171efecd38e7d448932c6532d,"{""code"":""double_measurement_surface_code"",""diameter"":4,""noise_model"":""SI1000"",""p"":0.003425,""rounds"":4}"
       400,         7,         0,   0.016,pymatching,9e100bc3a5c57ec665b580c4c68d83fd686f0bd2da8f77f0ce582051fa9a3f7f,"{""code"":""double_measurement_surface_code"",""diameter"":4,""noise_model"":""SI1000"",""p"":0.0036500000000000005,""rounds"":4}"
      2000,        47,         0,   0.043,pymatching,9e100bc3a5c57ec665b580c4c68d83fd686f0bd2da8f77f0ce582051fa9a3f7f,"{""code"":""double_measurement_surface_code"",""diameter"":4,""noise_model"":""SI1000"",""p"":0.0036500000000000005,""rounds"":4}"
      3128,        59,         0,   0.062,pymatching,16a7272943849108099c735fc2b23b33cd452e9171efecd38e7d448932c6532d,"{""code"":""double_measurement_surface_code"",""diameter"":4,""noise_model"":""SI1000"",""p"":0.003425,""rounds"":4}"
       145,         2,         0,   0.013,pymatching,16a7272943849108099c735fc2b23b33cd452e9171efecd38e7d448932c6532d,"{""code"":""double_measurement_surface_code"",""diameter"":4,""noise_model"":""SI1000"",""p"":0.003425,""rounds"":4}"
      3200,        79,         0,   0.067,pymatching,9e100bc3a5c57ec665b580c4c68d83fd686f0bd2da8f77f0ce582051fa9a3f7f,"{""code"":""double_measurement_surface_code"",""diameter"":4,""noise_model"":""SI1000"",""p"":0.0036500000000000005,""rounds"":4}"
      2400,        68,         0,   0.053,pymatching,9e100bc3a5c57ec665b580c4c68d83fd686f0bd2da8f77f0ce582051fa9a3f7f,"{""code"":""double_measurement_surface_code"",""diameter"":4,""noise_model"":""SI1000"",""p"":0.0036500000000000005,""rounds"":4}"
       200,         5,         0,   0.015,pymatching,c1671f35073977e8a289f8abf53faa1148b2906644d95ab89706248f7ee50119,"{""code"":""double_measurement_surface_code"",""diameter"":4,""noise_model"":""SI1000"",""p"":0.0041,""rounds"":4}"
       200,        14,         0,   0.015,pymatching,c1671f35073977e8a289f8abf53faa1148b2906644d95ab89706248f7ee50119,"{""code"":""double_measurement_surface_code"",""diameter"":4,""noise_model"":""SI1000"",""p"":0.0041,""rounds"":4}"
      2400,        44,         0,   0.055,pymatching,9e100bc3a5c57ec665b580c4c68d83fd686f0bd2da8f77f0ce582051fa9a3f7f,"{""code"":""double_measurement_surface_code"",""diameter"":4,""noise_model"":""SI1000"",""p"":0.0036500000000000005,""rounds"":4}"
       745,        16,         0,   0.025,pymatching,9e100bc3a5c57ec665b580c4c68d83fd686f0bd2da8f77f0ce582051fa9a3f7f,"{""code"":""double_measurement_surface_code"",""diameter"":4,""noise_model"":""SI1000"",""p"":0.0036500000000000005,""rounds"":4}"
       600,        16,         0,   0.022,pymatching,c1671f35073977e8a289f8abf53faa1148b2906644d95ab89706248f7ee50119,"{""code"":""double_measurement_surface_code"",""diameter"":4,""noise_model"":""SI1000"",""p"":0.0041,""rounds"":4}"
      4800,       120,         0,   0.095,pymatching,9e100bc3a5c57ec665b580c4c68d83fd686f0bd2da8f77f0ce582051fa9a3f7f,"{""code"":""double_measurement_surface_code"",""diameter"":4,""noise_model"":""SI1000"",""p"":0.0036500000000000005,""rounds"":4}"
       272,         4,         0,   0.015,pymatching,9e100bc3a5c57ec665b580c4c68d83fd686f0bd2da8f77f0ce582051fa9a3f7f,"{""code"":""double_measurement_surface_code"",""diameter"":4,""noise_model"":""SI1000"",""p"":0.0036500000000000005,""rounds"":4}"
      1000,        31,         0,   0.031,pymatching,c1671f35073977e8a289f8abf53faa1148b2906644d95ab89706248f7ee50119,"{""code"":""double_measurement_surface_code"",""diameter"":4,""noise_model"":""SI1000"",""p"":0.0041,""rounds"":4}"
      1201,        28,         0,   0.033,pymatching,9e100bc3a5c57ec665b580c4c68d83fd686f0bd2da8f77f0ce582051fa9a3f7f,"{""code"":""double_measurement_surface_code"",""diameter"":4,""noise_model"":""SI1000"",""p"":0.0036500000000000005,""rounds"":4}"
       102,         2,         0,   0.013,pymatching,9e100bc3a5c57ec665b580c4c68d83fd686f0bd2da8f77f0ce582051fa9a3f7f,"{""code"":""double_measurement_surface_code"",""diameter"":4,""noise_model"":""SI1000"",""p"":0.0036500000000000005,""rounds"":4}"
       122,         1,         0,   0.013,pymatching,9e100bc3a5c57ec665b580c4c68d83fd686f0bd2da8f77f0ce582051fa9a3f7f,"{""code"":""double_measurement_surface_code"",""diameter"":4,""noise_model"":""SI1000"",""p"":0.0036500000000000005,""rounds"":4}"
        39,         1,         0,   0.011,pymatching,9e100bc3a5c57ec665b580c4c68d83fd686f0bd2da8f77f0ce582051fa9a3f7f,"{""code"":""double_measurement_surface_code"",""diameter"":4,""noise_model"":""SI1000"",""p"":0.0036500000000000005,""rounds"":4}"
      8000,       221,         0,   0.123,pymatching,29e128da197d752e800266b9bac3cd93435ded366ec8027cb805ebdd37d9aecd,"{""code"":""double_measurement_surface_code"",""diameter"":4,""noise_model"":""SI1000"",""p"":0.0038750000000000004,""rounds"":4}"
       154,         0,         0,   0.013,pymatching,9e100bc3a5c57ec665b580c4c68d83fd686f0bd2da8f77f0ce582051fa9a3f7f,"{""code"":""double_measurement_surface_code"",""diameter"":4,""noise_model"":""SI1000"",""p"":0.0036500000000000005,""rounds"":4}"
      7200,       182,         0,   0.142,pymatching,9e100bc3a5c57ec665b580c4c68d83fd686f0bd2da8f77f0ce582051fa9a3f7f,"{""code"":""double_measurement_surface_code"",""diameter"":4,""noise_model"":""SI1000"",""p"":0.0036500000000000005,""rounds"":4}"
      2200,        74,         0,   0.053,pymatching,c1671f35073977e8a289f8abf53faa1148b2906644d95ab89706248f7ee50119,"{""code"":""double_measurement_surface_code"",""diameter"":4,""noise_model"":""SI1000"",""p"":0.0041,""rounds"":4}"
      2200,        78,         0,   0.056,pymatching,c1671f35073977e8a289f8abf53faa1148b2906644d95ab89706248f7ee50119,"{""code"":""double_measurement_surface_code"",""diameter"":4,""noise_model"":""SI1000"",""p"":0.0041,""rounds"":4}"
       288,         5,         0,   0.015,pymatching,9e100bc3a5c57ec665b580c4c68d83fd686f0bd2da8f77f0ce582051fa9a3f7f,"{""code"":""double_measurement_surface_code"",""diameter"":4,""noise_model"":""SI1000"",""p"":0.0036500000000000005,""rounds"":4}"
       510,        10,         0,   0.018,pymatching,29e128da197d752e800266b9bac3cd93435ded366ec8027cb805ebdd37d9aecd,"{""code"":""double_measurement_surface_code"",""diameter"":4,""noise_model"":""SI1000"",""p"":0.0038750000000000004,""rounds"":4}"
       200,         5,         0,   0.015,pymatching,1b7e6a044345aa5726b7c3097b741e3f756757a35331ef97c674ff5062ace6d3,"{""code"":""double_measurement_surface_code"",""diameter"":4,""noise_model"":""SI1000"",""p"":0.004325000000000001,""rounds"":4}"
       200,         3,         0,   0.015,pymatching,1b7e6a044345aa5726b7c3097b741e3f756757a35331ef97c674ff5062ace6d3,"{""code"":""double_measurement_surface_code"",""diameter"":4,""noise_model"":""SI1000"",""p"":0.004325000000000001,""rounds"":4}"
       380,        10,         0,   0.013,pymatching,29e128da197d752e800266b9bac3cd93435ded366ec8027cb805ebdd37d9aecd,"{""code"":""double_measurement_surface_code"",""diameter"":4,""noise_model"":""SI1000"",""p"":0.0038750000000000004,""rounds"":4}"
      1900,        69,         0,   0.051,pymatching,c1671f35073977e8a289f8abf53faa1148b2906644d95ab89706248f7ee50119,"{""code"":""double_measurement_surface_code"",""diameter"":4,""noise_model"":""SI1000"",""p"":0.0041,""rounds"":4}"
        44,         2,         0,   0.009,pymatching,29e128da197d752e800266b9bac3cd93435ded366ec8027cb805ebdd37d9aecd,"{""code"":""double_measurement_surface_code"",""diameter"":4,""noise_model"":""SI1000"",""p"":0.0038750000000000004,""rounds"":4}"
       600,        27,         0,   0.024,pymatching,1b7e6a044345aa5726b7c3097b741e3f756757a35331ef97c674ff5062ace6d3,"{""code"":""double_measurement_surface_code"",""diameter"":4,""noise_model"":""SI1000"",""p"":0.004325000000000001,""rounds"":4}"
     12000,       320,         0,   0.176,pymatching,29e128da197d752e800266b9bac3cd93435ded366ec8027cb805ebdd37d9aecd,"{""code"":""double_measurement_surface_code"",""diameter"":4,""noise_model"":""SI1000"",""p"":0.0038750000000000004,""rounds"":4}"
       900,        37,         0,   0.022,pymatching,1b7e6a044345aa5726b7c3097b741e3f756757a35331ef97c674ff5062ace6d3,"{""code"":""double_measurement_surface_code"",""diameter"":4,""noise_model"":""SI1000"",""p"":0.004325000000000001,""rounds"":4}"
      1000,        39,         0,   0.034,pymatching,1b7e6a044345aa5726b7c3097b741e3f756757a35331ef97c674ff5062ace6d3,"{""code"":""double_measurement_surface_code"",""diameter"":4,""noise_model"":""SI1000"",""p"":0.004325000000000001,""rounds"":4}"
      4200,       135,         0,   0.102,pymatching,c1671f35073977e8a289f8abf53faa1148b2906644d95ab89706248f7ee50119,"{""code"":""double_measurement_surface_code"",""diameter"":4,""noise_model"":""SI1000"",""p"":0.0041,""rounds"":4}"
      9405,       266,         0,   0.197,pymatching,29e128da197d752e800266b9bac3cd93435ded366ec8027cb805ebdd37d9aecd,"{""code"":""double_measurement_surface_code"",""diameter"":4,""noise_model"":""SI1000"",""p"":0.0038750000000000004,""rounds"":4}"
       517,        13,         0,   0.015,pymatching,29e128da197d752e800266b9bac3cd93435ded366ec8027cb805ebdd37d9aecd,"{""code"":""double_measurement_surface_code"",""diameter"":4,""noise_model"":""SI1000"",""p"":0.0038750000000000004,""rounds"":4}"
       360,        12,         0,   0.019,pymatching,c1671f35073977e8a289f8abf53faa1148b2906644d95ab89706248f7ee50119,"{""code"":""double_measurement_surface_code"",""diameter"":4,""noise_model"":""SI1000"",""p"":0.0041,""rounds"":4}"
     12000,       303,         0,   0.238,pymatching,9e100bc3a5c57ec665b580c4c68d83fd686f0bd2da8f77f0ce582051fa9a3f7f,"{""code"":""double_measurement_surface_code"",""diameter"":4,""noise_model"":""SI1000"",""p"":0.0036500000000000005,""rounds"":4}"
      2800,       104,         0,   0.058,pymatching,1b7e6a044345aa5726b7c3097b741e3f756757a35331ef97c674ff5062ace6d3,"{""code"":""double_measurement_surface_code"",""diameter"":4,""noise_model"":""SI1000"",""p"":0.004325000000000001,""rounds"":4}"
      2200,        81,         0,   0.061,pymatching,1b7e6a044345aa5726b7c3097b741e3f756757a35331ef97c674ff5062ace6d3,"{""code"":""double_measurement_surface_code"",""diameter"":4,""noise_model"":""SI1000"",""p"":0.004325000000000001,""rounds"":4}"
       200,         9,         0,   0.010,pymatching,1c7ae6da0a6ece509db106d84671592612b574ca95598d2cb580cfcfa65733ea,"{""code"":""double_measurement_surface_code"",""diameter"":4,""noise_model"":""SI1000"",""p"":0.00455,""rounds"":4}"
      8039,       291,         0,   0.169,pymatching,c1671f35073977e8a289f8abf53faa1148b2906644d95ab89706248f7ee50119,"{""code"":""double_measurement_surface_code"",""diameter"":4,""noise_model"":""SI1000"",""p"":0.0041,""rounds"":4}"
        13,         0,         0,   0.011,pymatching,c1671f35073977e8a289f8abf53faa1148b2906644d95ab89706248f7ee50119,"{""code"":""double_measurement_surface_code"",""diameter"":4,""noise_model"":""SI1000"",""p"":0.0041,""rounds"":4}"
       200,        11,         0,   0.015,pymatching,1c7ae6da0a6ece509db106d84671592612b574ca95598d2cb580cfcfa65733ea,"{""code"":""double_measurement_surface_code"",""diameter"":4,""noise_model"":""SI1000"",""p"":0.00455,""rounds"":4}"
       276,        11,         0,   0.016,pymatching,1b7e6a044345aa5726b7c3097b741e3f756757a35331ef97c674ff5062ace6d3,"{""code"":""double_measurement_surface_code"",""diameter"":4,""noise_model"":""SI1000"",""p"":0.004325000000000001,""rounds"":4}"
      8600,       295,         0,   0.182,pymatching,c1671f35073977e8a289f8abf53faa1148b2906644d95ab89706248f7ee50119,"{""code"":""double_measurement_surface_code"",""diameter"":4,""noise_model"":""SI1000"",""p"":0.0041,""rounds"":4}"
       100,         5,         0,   0.012,pymatching,1c7ae6da0a6ece509db106d84671592612b574ca95598d2cb580cfcfa65733ea,"{""code"":""double_measurement_surface_code"",""diameter"":4,""noise_model"":""SI1000"",""p"":0.00455,""rounds"":4}"
      4000,       147,         0,   0.097,pymatching,1b7e6a044345aa5726b7c3097b741e3f756757a35331ef97c674ff5062ace6d3,"{""code"":""double_measurement_surface_code"",""diameter"":4,""noise_model"":""SI1000"",""p"":0.004325000000000001,""rounds"":4}"
       200,         6,         0,   0.013,pymatching,1c7ae6da0a6ece509db106d84671592612b574ca95598d2cb580cfcfa65733ea,"{""code"":""double_measurement_surface_code"",""diameter"":4,""noise_model"":""SI1000"",""p"":0.00455,""rounds"":4}"
       600,        24,         0,   0.023,pymatching,1c7ae6da0a6ece509db106d84671592612b574ca95598d2cb580cfcfa65733ea,"{""code"":""double_measurement_surface_code"",""diameter"":4,""noise_model"":""SI1000"",""p"":0.00455,""rounds"":4}"
       600,        23,         0,   0.023,pymatching,1c7ae6da0a6ece509db106d84671592612b574ca95598d2cb580cfcfa65733ea,"{""code"":""double_measurement_surface_code"",""diameter"":4,""noise_model"":""SI1000"",""p"":0.00455,""rounds"":4}"
      1000,        28,         0,   0.029,pymatching,1c7ae6da0a6ece509db106d84671592612b574ca95598d2cb580cfcfa65733ea,"{""code"":""double_measurement_surface_code"",""diameter"":4,""noise_model"":""SI1000"",""p"":0.00455,""rounds"":4}"
      6000,       230,         0,   0.129,pymatching,1b7e6a044345aa5726b7c3097b741e3f756757a35331ef97c674ff5062ace6d3,"{""code"":""double_measurement_surface_code"",""diameter"":4,""noise_model"":""SI1000"",""p"":0.004325000000000001,""rounds"":4}"
       200,         6,         0,   0.013,pymatching,a804cf85a7f87da8ada1fc0b35529efb3f9fe5ea7c40b55e09e5c5e862f87fc1,"{""code"":""double_measurement_surface_code"",""diameter"":4,""noise_model"":""SI1000"",""p"":0.004775,""rounds"":4}"
       226,         6,         0,   0.015,pymatching,1b7e6a044345aa5726b7c3097b741e3f756757a35331ef97c674ff5062ace6d3,"{""code"":""double_measurement_surface_code"",""diameter"":4,""noise_model"":""SI1000"",""p"":0.004325000000000001,""rounds"":4}"
       400,        12,         0,   0.019,pymatching,1c7ae6da0a6ece509db106d84671592612b574ca95598d2cb580cfcfa65733ea,"{""code"":""double_measurement_surface_code"",""diameter"":4,""noise_model"":""SI1000"",""p"":0.00455,""rounds"":4}"
       600,        24,         0,   0.023,pymatching,1c7ae6da0a6ece509db106d84671592612b574ca95598d2cb580cfcfa65733ea,"{""code"":""double_measurement_surface_code"",""diameter"":4,""noise_model"":""SI1000"",""p"":0.00455,""rounds"":4}"
       600,        22,         0,   0.016,pymatching,a804cf85a7f87da8ada1fc0b35529efb3f9fe5ea7c40b55e09e5c5e862f87fc1,"{""code"":""double_measurement_surface_code"",""diameter"":4,""noise_model"":""SI1000"",""p"":0.004775,""rounds"":4}"
      1200,        48,         0,   0.037,pymatching,1c7ae6da0a6ece509db106d84671592612b574ca95598d2cb580cfcfa65733ea,"{""code"":""double_measurement_surface_code"",""diameter"":4,""noise_model"":""SI1000"",""p"":0.00455,""rounds"":4}"
       600,        25,         0,   0.023,pymatching,a804cf85a7f87da8ada1fc0b35529efb3f9fe5ea7c40b55e09e5c5e862f87fc1,"{""code"":""double_measurement_surface_code"",""diameter"":4,""noise_model"":""SI1000"",""p"":0.004775,""rounds"":4}"
      2800,       121,         0,   0.059,pymatching,1c7ae6da0a6ece509db106d84671592612b574ca95598d2cb580cfcfa65733ea,"{""code"":""double_measurement_surface_code"",""diameter"":4,""noise_model"":""SI1000"",""p"":0.00455,""rounds"":4}"
      1800,        80,         0,   0.037,pymatching,a804cf85a7f87da8ada1fc0b35529efb3f9fe5ea7c40b55e09e5c5e862f87fc1,"{""code"":""double_measurement_surface_code"",""diameter"":4,""noise_model"":""SI1000"",""p"":0.004775,""rounds"":4}"
       900,        45,         0,   0.022,pymatching,a804cf85a7f87da8ada1fc0b35529efb3f9fe5ea7c40b55e09e5c5e862f87fc1,"{""code"":""double_measurement_surface_code"",""diameter"":4,""noise_model"":""SI1000"",""p"":0.004775,""rounds"":4}"
      1800,       101,         0,   0.054,pymatching,a804cf85a7f87da8ada1fc0b35529efb3f9fe5ea7c40b55e09e5c5e862f87fc1,"{""code"":""double_measurement_surface_code"",""diameter"":4,""noise_model"":""SI1000"",""p"":0.004775,""rounds"":4}"
      8209,       294,         0,   0.161,pymatching,1b7e6a044345aa5726b7c3097b741e3f756757a35331ef97c674ff5062ace6d3,"{""code"":""double_measurement_surface_code"",""diameter"":4,""noise_model"":""SI1000"",""p"":0.004325000000000001,""rounds"":4}"
      2400,        99,         0,   0.065,pymatching,1c7ae6da0a6ece509db106d84671592612b574ca95598d2cb580cfcfa65733ea,"{""code"":""double_measurement_surface_code"",""diameter"":4,""noise_model"":""SI1000"",""p"":0.00455,""rounds"":4}"
       200,         9,         0,   0.016,pymatching,539b475517b552536ae3dc8e5814a7415f29acda39d9e4aa102b687f1d36dfe8,"{""code"":""double_measurement_surface_code"",""diameter"":4,""noise_model"":""SI1000"",""p"":0.005,""rounds"":4}"
      4000,       165,         0,   0.102,pymatching,1c7ae6da0a6ece509db106d84671592612b574ca95598d2cb580cfcfa65733ea,"{""code"":""double_measurement_surface_code"",""diameter"":4,""noise_model"":""SI1000"",""p"":0.00455,""rounds"":4}"
       200,        10,         0,   0.015,pymatching,539b475517b552536ae3dc8e5814a7415f29acda39d9e4aa102b687f1d36dfe8,"{""code"":""double_measurement_surface_code"",""diameter"":4,""noise_model"":""SI1000"",""p"":0.005,""rounds"":4}"
       324,        18,         0,   0.017,pymatching,1b7e6a044345aa5726b7c3097b741e3f756757a35331ef97c674ff5062ace6d3,"{""code"":""double_measurement_surface_code"",""diameter"":4,""noise_model"":""SI1000"",""p"":0.004325000000000001,""rounds"":4}"
      2615,       106,         0,   0.070,pymatching,1c7ae6da0a6ece509db106d84671592612b574ca95598d2cb580cfcfa65733ea,"{""code"":""double_measurement_surface_code"",""diameter"":4,""noise_model"":""SI1000"",""p"":0.00455,""rounds"":4}"
      3600,       151,         0,   0.090,pymatching,1c7ae6da0a6ece509db106d84671592612b574ca95598d2cb580cfcfa65733ea,"{""code"":""double_measurement_surface_code"",""diameter"":4,""noise_model"":""SI1000"",""p"":0.00455,""rounds"":4}"
      3000,       151,         0,   0.077,pymatching,a804cf85a7f87da8ada1fc0b35529efb3f9fe5ea7c40b55e09e5c5e862f87fc1,"{""code"":""double_measurement_surface_code"",""diameter"":4,""noise_model"":""SI1000"",""p"":0.004775,""rounds"":4}"
       300,        15,         0,   0.014,pymatching,539b475517b552536ae3dc8e5814a7415f29acda39d9e4aa102b687f1d36dfe8,"{""code"":""double_measurement_surface_code"",""diameter"":4,""noise_model"":""SI1000"",""p"":0.005,""rounds"":4}"
       600,        33,         0,   0.024,pymatching,539b475517b552536ae3dc8e5814a7415f29acda39d9e4aa102b687f1d36dfe8,"{""code"":""double_measurement_surface_code"",""diameter"":4,""noise_model"":""SI1000"",""p"":0.005,""rounds"":4}"
       600,        35,         0,   0.024,pymatching,539b475517b552536ae3dc8e5814a7415f29acda39d9e4aa102b687f1d36dfe8,"{""code"":""double_measurement_surface_code"",""diameter"":4,""noise_model"":""SI1000"",""p"":0.005,""rounds"":4}"
      1000,        69,         0,   0.031,pymatching,539b475517b552536ae3dc8e5814a7415f29acda39d9e4aa102b687f1d36dfe8,"{""code"":""double_measurement_surface_code"",""diameter"":4,""noise_model"":""SI1000"",""p"":0.005,""rounds"":4}"
      6000,       273,         0,   0.141,pymatching,1c7ae6da0a6ece509db106d84671592612b574ca95598d2cb580cfcfa65733ea,"{""code"":""double_measurement_surface_code"",""diameter"":4,""noise_model"":""SI1000"",""p"":0.00455,""rounds"":4}"
      6600,       288,         0,   0.122,pymatching,a804cf85a7f87da8ada1fc0b35529efb3f9fe5ea7c40b55e09e5c5e862f87fc1,"{""code"":""double_measurement_surface_code"",""diameter"":4,""noise_model"":""SI1000"",""p"":0.004775,""rounds"":4}"
      7808,       357,         0,   0.188,pymatching,a804cf85a7f87da8ada1fc0b35529efb3f9fe5ea7c40b55e09e5c5e862f87fc1,"{""code"":""double_measurement_surface_code"",""diameter"":4,""noise_model"":""SI1000"",""p"":0.004775,""rounds"":4}"
      1600,        90,         0,   0.035,pymatching,539b475517b552536ae3dc8e5814a7415f29acda39d9e4aa102b687f1d36dfe8,"{""code"":""double_measurement_surface_code"",""diameter"":4,""noise_model"":""SI1000"",""p"":0.005,""rounds"":4}"
      4000,       216,         0,   0.052,pymatching,539b475517b552536ae3dc8e5814a7415f29acda39d9e4aa102b687f1d36dfe8,"{""code"":""double_measurement_surface_code"",""diameter"":4,""noise_model"":""SI1000"",""p"":0.005,""rounds"":4}"
      2800,       153,         0,   0.056,pymatching,539b475517b552536ae3dc8e5814a7415f29acda39d9e4aa102b687f1d36dfe8,"{""code"":""double_measurement_surface_code"",""diameter"":4,""noise_model"":""SI1000"",""p"":0.005,""rounds"":4}"
      5702,       262,         0,   0.094,pymatching,539b475517b552536ae3dc8e5814a7415f29acda39d9e4aa102b687f1d36dfe8,"{""code"":""double_measurement_surface_code"",""diameter"":4,""noise_model"":""SI1000"",""p"":0.005,""rounds"":4}"
       111,         6,         0,   0.009,pymatching,539b475517b552536ae3dc8e5814a7415f29acda39d9e4aa102b687f1d36dfe8,"{""code"":""double_measurement_surface_code"",""diameter"":4,""noise_model"":""SI1000"",""p"":0.005,""rounds"":4}"
       246,        14,         0,   0.011,pymatching,539b475517b552536ae3dc8e5814a7415f29acda39d9e4aa102b687f1d36dfe8,"{""code"":""double_measurement_surface_code"",""diameter"":4,""noise_model"":""SI1000"",""p"":0.005,""rounds"":4}"
       549,        27,         0,   0.015,pymatching,539b475517b552536ae3dc8e5814a7415f29acda39d9e4aa102b687f1d36dfe8,"{""code"":""double_measurement_surface_code"",""diameter"":4,""noise_model"":""SI1000"",""p"":0.005,""rounds"":4}"
        10,         1,         0,   0.008,pymatching,539b475517b552536ae3dc8e5814a7415f29acda39d9e4aa102b687f1d36dfe8,"{""code"":""double_measurement_surface_code"",""diameter"":4,""noise_model"":""SI1000"",""p"":0.005,""rounds"":4}"
      1116,        54,         0,   0.026,pymatching,539b475517b552536ae3dc8e5814a7415f29acda39d9e4aa102b687f1d36dfe8,"{""code"":""double_measurement_surface_code"",""diameter"":4,""noise_model"":""SI1000"",""p"":0.005,""rounds"":4}"
        77,         4,         0,   0.009,pymatching,539b475517b552536ae3dc8e5814a7415f29acda39d9e4aa102b687f1d36dfe8,"{""code"":""double_measurement_surface_code"",""diameter"":4,""noise_model"":""SI1000"",""p"":0.005,""rounds"":4}"
       200,         0,         0,   0.061,pymatching,4488041dab2b9b71eaa8e1b7630b33c979ab61ca933d1ff0002736ddcc8ebc28,"{""code"":""double_measurement_surface_code"",""diameter"":8,""noise_model"":""SI1000"",""p"":0.0005,""rounds"":8}"
       200,         0,         0,   0.060,pymatching,4488041dab2b9b71eaa8e1b7630b33c979ab61ca933d1ff0002736ddcc8ebc28,"{""code"":""double_measurement_surface_code"",""diameter"":8,""noise_model"":""SI1000"",""p"":0.0005,""rounds"":8}"
       100,         0,         0,   0.060,pymatching,4488041dab2b9b71eaa8e1b7630b33c979ab61ca933d1ff0002736ddcc8ebc28,"{""code"":""double_measurement_surface_code"",""diameter"":8,""noise_model"":""SI1000"",""p"":0.0005,""rounds"":8}"
       200,         0,         0,   0.061,pymatching,001f707746df8e11ecbd7ff2650cec5256e6716c6844d7200989a311b37b4261,"{""code"":""double_measurement_surface_code"",""diameter"":8,""noise_model"":""SI1000"",""p"":0.0007250000000000001,""rounds"":8}"
       200,         0,         0,   0.044,pymatching,891f63166fdab11945899f54d9d6837ace25555c0b331406fbb72a130ab5e79e,"{""code"":""double_measurement_surface_code"",""diameter"":8,""noise_model"":""SI1000"",""p"":0.0009500000000000001,""rounds"":8}"
       100,         0,         0,   0.061,pymatching,001f707746df8e11ecbd7ff2650cec5256e6716c6844d7200989a311b37b4261,"{""code"":""double_measurement_surface_code"",""diameter"":8,""noise_model"":""SI1000"",""p"":0.0007250000000000001,""rounds"":8}"
       200,         0,         0,   0.064,pymatching,001f707746df8e11ecbd7ff2650cec5256e6716c6844d7200989a311b37b4261,"{""code"":""double_measurement_surface_code"",""diameter"":8,""noise_model"":""SI1000"",""p"":0.0007250000000000001,""rounds"":8}"
       200,         0,         0,   0.065,pymatching,891f63166fdab11945899f54d9d6837ace25555c0b331406fbb72a130ab5e79e,"{""code"":""double_measurement_surface_code"",""diameter"":8,""noise_model"":""SI1000"",""p"":0.0009500000000000001,""rounds"":8}"
       100,         0,         0,   0.064,pymatching,891f63166fdab11945899f54d9d6837ace25555c0b331406fbb72a130ab5e79e,"{""code"":""double_measurement_surface_code"",""diameter"":8,""noise_model"":""SI1000"",""p"":0.0009500000000000001,""rounds"":8}"
       600,         0,         0,   0.054,pymatching,001f707746df8e11ecbd7ff2650cec5256e6716c6844d7200989a311b37b4261,"{""code"":""double_measurement_surface_code"",""diameter"":8,""noise_model"":""SI1000"",""p"":0.0007250000000000001,""rounds"":8}"
       200,         0,         0,   0.065,pymatching,4488041dab2b9b71eaa8e1b7630b33c979ab61ca933d1ff0002736ddcc8ebc28,"{""code"":""double_measurement_surface_code"",""diameter"":8,""noise_model"":""SI1000"",""p"":0.0005,""rounds"":8}"
       600,         0,         0,   0.074,pymatching,4488041dab2b9b71eaa8e1b7630b33c979ab61ca933d1ff0002736ddcc8ebc28,"{""code"":""double_measurement_surface_code"",""diameter"":8,""noise_model"":""SI1000"",""p"":0.0005,""rounds"":8}"
      1000,         0,         0,   0.094,pymatching,4488041dab2b9b71eaa8e1b7630b33c979ab61ca933d1ff0002736ddcc8ebc28,"{""code"":""double_measurement_surface_code"",""diameter"":8,""noise_model"":""SI1000"",""p"":0.0005,""rounds"":8}"
      1200,         0,         0,   0.098,pymatching,4488041dab2b9b71eaa8e1b7630b33c979ab61ca933d1ff0002736ddcc8ebc28,"{""code"":""double_measurement_surface_code"",""diameter"":8,""noise_model"":""SI1000"",""p"":0.0005,""rounds"":8}"
       400,         0,         0,   0.074,pymatching,001f707746df8e11ecbd7ff2650cec5256e6716c6844d7200989a311b37b4261,"{""code"":""double_measurement_surface_code"",""diameter"":8,""noise_model"":""SI1000"",""p"":0.0007250000000000001,""rounds"":8}"
       800,         0,         0,   0.098,pymatching,001f707746df8e11ecbd7ff2650cec5256e6716c6844d7200989a311b37b4261,"{""code"":""double_measurement_surface_code"",""diameter"":8,""noise_model"":""SI1000"",""p"":0.0007250000000000001,""rounds"":8}"
      1200,         0,         0,   0.107,pymatching,001f707746df8e11ecbd7ff2650cec5256e6716c6844d7200989a311b37b4261,"{""code"":""double_measurement_surface_code"",""diameter"":8,""noise_model"":""SI1000"",""p"":0.0007250000000000001,""rounds"":8}"
      1200,         0,         0,   0.117,pymatching,891f63166fdab11945899f54d9d6837ace25555c0b331406fbb72a130ab5e79e,"{""code"":""double_measurement_surface_code"",""diameter"":8,""noise_model"":""SI1000"",""p"":0.0009500000000000001,""rounds"":8}"
      1200,         0,         0,   0.107,pymatching,4488041dab2b9b71eaa8e1b7630b33c979ab61ca933d1ff0002736ddcc8ebc28,"{""code"":""double_measurement_surface_code"",""diameter"":8,""noise_model"":""SI1000"",""p"":0.0005,""rounds"":8}"
      2400,         0,         0,   0.123,pymatching,001f707746df8e11ecbd7ff2650cec5256e6716c6844d7200989a311b37b4261,"{""code"":""double_measurement_surface_code"",""diameter"":8,""noise_model"":""SI1000"",""p"":0.0007250000000000001,""rounds"":8}"
       400,         0,         0,   0.083,pymatching,001f707746df8e11ecbd7ff2650cec5256e6716c6844d7200989a311b37b4261,"{""code"":""double_measurement_surface_code"",""diameter"":8,""noise_model"":""SI1000"",""p"":0.0007250000000000001,""rounds"":8}"
      2800,         0,         0,   0.169,pymatching,4488041dab2b9b71eaa8e1b7630b33c979ab61ca933d1ff0002736ddcc8ebc28,"{""code"":""double_measurement_surface_code"",""diameter"":8,""noise_model"":""SI1000"",""p"":0.0005,""rounds"":8}"
      2000,         0,         0,   0.142,pymatching,4488041dab2b9b71eaa8e1b7630b33c979ab61ca933d1ff0002736ddcc8ebc28,"{""code"":""double_measurement_surface_code"",""diameter"":8,""noise_model"":""SI1000"",""p"":0.0005,""rounds"":8}"
      3200,         0,         0,   0.144,pymatching,001f707746df8e11ecbd7ff2650cec5256e6716c6844d7200989a311b37b4261,"{""code"":""double_measurement_surface_code"",""diameter"":8,""noise_model"":""SI1000"",""p"":0.0007250000000000001,""rounds"":8}"
      4800,         0,         0,   0.272,pymatching,4488041dab2b9b71eaa8e1b7630b33c979ab61ca933d1ff0002736ddcc8ebc28,"{""code"":""double_measurement_surface_code"",""diameter"":8,""noise_model"":""SI1000"",""p"":0.0005,""rounds"":8}"
      4800,         0,         0,   0.309,pymatching,001f707746df8e11ecbd7ff2650cec5256e6716c6844d7200989a311b37b4261,"{""code"":""double_measurement_surface_code"",""diameter"":8,""noise_model"":""SI1000"",""p"":0.0007250000000000001,""rounds"":8}"
      7200,         0,         0,   0.377,pymatching,4488041dab2b9b71eaa8e1b7630b33c979ab61ca933d1ff0002736ddcc8ebc28,"{""code"":""double_measurement_surface_code"",""diameter"":8,""noise_model"":""SI1000"",""p"":0.0005,""rounds"":8}"
      7200,         0,         0,   0.440,pymatching,001f707746df8e11ecbd7ff2650cec5256e6716c6844d7200989a311b37b4261,"{""code"":""double_measurement_surface_code"",""diameter"":8,""noise_model"":""SI1000"",""p"":0.0007250000000000001,""rounds"":8}"
      7200,         0,         0,   0.394,pymatching,4488041dab2b9b71eaa8e1b7630b33c979ab61ca933d1ff0002736ddcc8ebc28,"{""code"":""double_measurement_surface_code"",""diameter"":8,""noise_model"":""SI1000"",""p"":0.0005,""rounds"":8}"
      4800,         0,         0,   0.335,pymatching,001f707746df8e11ecbd7ff2650cec5256e6716c6844d7200989a311b37b4261,"{""code"":""double_measurement_surface_code"",""diameter"":8,""noise_model"":""SI1000"",""p"":0.0007250000000000001,""rounds"":8}"
     12000,         0,         0,   0.476,pymatching,001f707746df8e11ecbd7ff2650cec5256e6716c6844d7200989a311b37b4261,"{""code"":""double_measurement_surface_code"",""diameter"":8,""noise_model"":""SI1000"",""p"":0.0007250000000000001,""rounds"":8}"
     13600,         0,         0,   0.725,pymatching,4488041dab2b9b71eaa8e1b7630b33c979ab61ca933d1ff0002736ddcc8ebc28,"{""code"":""double_measurement_surface_code"",""diameter"":8,""noise_model"":""SI1000"",""p"":0.0005,""rounds"":8}"
     19200,         0,         0,   0.781,pymatching,001f707746df8e11ecbd7ff2650cec5256e6716c6844d7200989a311b37b4261,"{""code"":""double_measurement_surface_code"",""diameter"":8,""noise_model"":""SI1000"",""p"":0.0007250000000000001,""rounds"":8}"
     15200,         0,         0,   0.800,pymatching,4488041dab2b9b71eaa8e1b7630b33c979ab61ca933d1ff0002736ddcc8ebc28,"{""code"":""double_measurement_surface_code"",""diameter"":8,""noise_model"":""SI1000"",""p"":0.0005,""rounds"":8}"
     28800,         0,         0,    1.55,pymatching,4488041dab2b9b71eaa8e1b7630b33c979ab61ca933d1ff0002736ddcc8ebc28,"{""code"":""double_measurement_surface_code"",""diameter"":8,""noise_model"":""SI1000"",""p"":0.0005,""rounds"":8}"
     28800,         0,         0,    1.78,pymatching,001f707746df8e11ecbd7ff2650cec5256e6716c6844d7200989a311b37b4261,"{""code"":""double_measurement_surface_code"",""diameter"":8,""noise_model"":""SI1000"",""p"":0.0007250000000000001,""rounds"":8}"
     28800,         0,         0,    1.79,pymatching,001f707746df8e11ecbd7ff2650cec5256e6716c6844d7200989a311b37b4261,"{""code"":""double_measurement_surface_code"",""diameter"":8,""noise_model"":""SI1000"",""p"":0.0007250000000000001,""rounds"":8}"
     43200,         0,         0,    2.25,pymatching,4488041dab2b9b71eaa8e1b7630b33c979ab61ca933d1ff0002736ddcc8ebc28,"{""code"":""double_measurement_surface_code"",""diameter"":8,""noise_model"":""SI1000"",""p"":0.0005,""rounds"":8}"
     43200,         0,         0,    2.27,pymatching,4488041dab2b9b71eaa8e1b7630b33c979ab61ca933d1ff0002736ddcc8ebc28,"{""code"":""double_measurement_surface_code"",""diameter"":8,""noise_model"":""SI1000"",""p"":0.0005,""rounds"":8}"
     43200,         0,         0,    2.63,pymatching,001f707746df8e11ecbd7ff2650cec5256e6716c6844d7200989a311b37b4261,"{""code"":""double_measurement_surface_code"",""diameter"":8,""noise_model"":""SI1000"",""p"":0.0007250000000000001,""rounds"":8}"
     72000,         0,         0,    3.02,pymatching,001f707746df8e11ecbd7ff2650cec5256e6716c6844d7200989a311b37b4261,"{""code"":""double_measurement_surface_code"",""diameter"":8,""noise_model"":""SI1000"",""p"":0.0007250000000000001,""rounds"":8}"
     81600,         0,         0,    4.24,pymatching,4488041dab2b9b71eaa8e1b7630b33c979ab61ca933d1ff0002736ddcc8ebc28,"{""code"":""double_measurement_surface_code"",""diameter"":8,""noise_model"":""SI1000"",""p"":0.0005,""rounds"":8}"
    115200,         1,         0,    4.69,pymatching,001f707746df8e11ecbd7ff2650cec5256e6716c6844d7200989a311b37b4261,"{""code"":""double_measurement_surface_code"",""diameter"":8,""noise_model"":""SI1000"",""p"":0.0007250000000000001,""rounds"":8}"
     91200,         0,         0,    4.72,pymatching,4488041dab2b9b71eaa8e1b7630b33c979ab61ca933d1ff0002736ddcc8ebc28,"{""code"":""double_measurement_surface_code"",""diameter"":8,""noise_model"":""SI1000"",""p"":0.0005,""rounds"":8}"
    172800,         0,         0,    8.94,pymatching,4488041dab2b9b71eaa8e1b7630b33c979ab61ca933d1ff0002736ddcc8ebc28,"{""code"":""double_measurement_surface_code"",""diameter"":8,""noise_model"":""SI1000"",""p"":0.0005,""rounds"":8}"
    172800,         1,         0,    10.2,pymatching,001f707746df8e11ecbd7ff2650cec5256e6716c6844d7200989a311b37b4261,"{""code"":""double_measurement_surface_code"",""diameter"":8,""noise_model"":""SI1000"",""p"":0.0007250000000000001,""rounds"":8}"
    172800,         0,         0,    10.2,pymatching,001f707746df8e11ecbd7ff2650cec5256e6716c6844d7200989a311b37b4261,"{""code"":""double_measurement_surface_code"",""diameter"":8,""noise_model"":""SI1000"",""p"":0.0007250000000000001,""rounds"":8}"
    259200,         0,         0,    13.0,pymatching,4488041dab2b9b71eaa8e1b7630b33c979ab61ca933d1ff0002736ddcc8ebc28,"{""code"":""double_measurement_surface_code"",""diameter"":8,""noise_model"":""SI1000"",""p"":0.0005,""rounds"":8}"
    259200,         0,         0,    13.0,pymatching,4488041dab2b9b71eaa8e1b7630b33c979ab61ca933d1ff0002736ddcc8ebc28,"{""code"":""double_measurement_surface_code"",""diameter"":8,""noise_model"":""SI1000"",""p"":0.0005,""rounds"":8}"
    259200,         1,         0,    15.1,pymatching,001f707746df8e11ecbd7ff2650cec5256e6716c6844d7200989a311b37b4261,"{""code"":""double_measurement_surface_code"",""diameter"":8,""noise_model"":""SI1000"",""p"":0.0007250000000000001,""rounds"":8}"
    432000,         0,         0,    17.3,pymatching,001f707746df8e11ecbd7ff2650cec5256e6716c6844d7200989a311b37b4261,"{""code"":""double_measurement_surface_code"",""diameter"":8,""noise_model"":""SI1000"",""p"":0.0007250000000000001,""rounds"":8}"
    489600,         0,         0,    24.3,pymatching,4488041dab2b9b71eaa8e1b7630b33c979ab61ca933d1ff0002736ddcc8ebc28,"{""code"":""double_measurement_surface_code"",""diameter"":8,""noise_model"":""SI1000"",""p"":0.0005,""rounds"":8}"
    691200,         2,         0,    27.3,pymatching,001f707746df8e11ecbd7ff2650cec5256e6716c6844d7200989a311b37b4261,"{""code"":""double_measurement_surface_code"",""diameter"":8,""noise_model"":""SI1000"",""p"":0.0007250000000000001,""rounds"":8}"
    547200,         0,         0,    27.5,pymatching,4488041dab2b9b71eaa8e1b7630b33c979ab61ca933d1ff0002736ddcc8ebc28,"{""code"":""double_measurement_surface_code"",""diameter"":8,""noise_model"":""SI1000"",""p"":0.0005,""rounds"":8}"
    585131,         0,         0,    19.5,pymatching,4488041dab2b9b71eaa8e1b7630b33c979ab61ca933d1ff0002736ddcc8ebc28,"{""code"":""double_measurement_surface_code"",""diameter"":8,""noise_model"":""SI1000"",""p"":0.0005,""rounds"":8}"
   1036800,         1,         0,    52.4,pymatching,4488041dab2b9b71eaa8e1b7630b33c979ab61ca933d1ff0002736ddcc8ebc28,"{""code"":""double_measurement_surface_code"",""diameter"":8,""noise_model"":""SI1000"",""p"":0.0005,""rounds"":8}"
      3600,         0,         0,   0.404,pymatching,891f63166fdab11945899f54d9d6837ace25555c0b331406fbb72a130ab5e79e,"{""code"":""double_measurement_surface_code"",""diameter"":8,""noise_model"":""SI1000"",""p"":0.0009500000000000001,""rounds"":8}"
     10800,         0,         0,   0.864,pymatching,891f63166fdab11945899f54d9d6837ace25555c0b331406fbb72a130ab5e79e,"{""code"":""double_measurement_surface_code"",""diameter"":8,""noise_model"":""SI1000"",""p"":0.0009500000000000001,""rounds"":8}"
     32400,         0,         0,    2.24,pymatching,891f63166fdab11945899f54d9d6837ace25555c0b331406fbb72a130ab5e79e,"{""code"":""double_measurement_surface_code"",""diameter"":8,""noise_model"":""SI1000"",""p"":0.0009500000000000001,""rounds"":8}"
   1036800,         3,         0,    59.7,pymatching,001f707746df8e11ecbd7ff2650cec5256e6716c6844d7200989a311b37b4261,"{""code"":""double_measurement_surface_code"",""diameter"":8,""noise_model"":""SI1000"",""p"":0.0007250000000000001,""rounds"":8}"
   1036800,         4,         0,    60.7,pymatching,001f707746df8e11ecbd7ff2650cec5256e6716c6844d7200989a311b37b4261,"{""code"":""double_measurement_surface_code"",""diameter"":8,""noise_model"":""SI1000"",""p"":0.0007250000000000001,""rounds"":8}"
     97200,         1,         0,    6.50,pymatching,891f63166fdab11945899f54d9d6837ace25555c0b331406fbb72a130ab5e79e,"{""code"":""double_measurement_surface_code"",""diameter"":8,""noise_model"":""SI1000"",""p"":0.0009500000000000001,""rounds"":8}"
    841600,         0,         0,    43.0,pymatching,4488041dab2b9b71eaa8e1b7630b33c979ab61ca933d1ff0002736ddcc8ebc28,"{""code"":""double_measurement_surface_code"",""diameter"":8,""noise_model"":""SI1000"",""p"":0.0005,""rounds"":8}"
     48600,         1,         0,    3.26,pymatching,891f63166fdab11945899f54d9d6837ace25555c0b331406fbb72a130ab5e79e,"{""code"":""double_measurement_surface_code"",""diameter"":8,""noise_model"":""SI1000"",""p"":0.0009500000000000001,""rounds"":8}"
     97200,         1,         0,    6.76,pymatching,891f63166fdab11945899f54d9d6837ace25555c0b331406fbb72a130ab5e79e,"{""code"":""double_measurement_surface_code"",""diameter"":8,""noise_model"":""SI1000"",""p"":0.0009500000000000001,""rounds"":8}"
   1555200,         0,         0,    76.4,pymatching,4488041dab2b9b71eaa8e1b7630b33c979ab61ca933d1ff0002736ddcc8ebc28,"{""code"":""double_measurement_surface_code"",""diameter"":8,""noise_model"":""SI1000"",""p"":0.0005,""rounds"":8}"
    291600,         2,         0,    19.2,pymatching,891f63166fdab11945899f54d9d6837ace25555c0b331406fbb72a130ab5e79e,"{""code"":""double_measurement_surface_code"",""diameter"":8,""noise_model"":""SI1000"",""p"":0.0009500000000000001,""rounds"":8}"
       200,         0,         0,   0.205,pymatching,f497dd54e97360c792de395646a57d736752cd2def0dec1a9dcc8ec2664d18c2,"{""code"":""double_measurement_surface_code"",""diameter"":8,""noise_model"":""SI1000"",""p"":0.001175,""rounds"":8}"
   1555200,         1,         0,    78.6,pymatching,4488041dab2b9b71eaa8e1b7630b33c979ab61ca933d1ff0002736ddcc8ebc28,"{""code"":""double_measurement_surface_code"",""diameter"":8,""noise_model"":""SI1000"",""p"":0.0005,""rounds"":8}"
       600,         0,         0,   0.236,pymatching,f497dd54e97360c792de395646a57d736752cd2def0dec1a9dcc8ec2664d18c2,"{""code"":""double_measurement_surface_code"",""diameter"":8,""noise_model"":""SI1000"",""p"":0.001175,""rounds"":8}"
      1800,         0,         0,   0.226,pymatching,f497dd54e97360c792de395646a57d736752cd2def0dec1a9dcc8ec2664d18c2,"{""code"":""double_measurement_surface_code"",""diameter"":8,""noise_model"":""SI1000"",""p"":0.001175,""rounds"":8}"
      5400,         0,         0,   0.500,pymatching,f497dd54e97360c792de395646a57d736752cd2def0dec1a9dcc8ec2664d18c2,"{""code"":""double_measurement_surface_code"",""diameter"":8,""noise_model"":""SI1000"",""p"":0.001175,""rounds"":8}"
    291600,         5,         0,    19.3,pymatching,891f63166fdab11945899f54d9d6837ace25555c0b331406fbb72a130ab5e79e,"{""code"":""double_measurement_surface_code"",""diameter"":8,""noise_model"":""SI1000"",""p"":0.0009500000000000001,""rounds"":8}"
    291600,         3,         0,    19.6,pymatching,891f63166fdab11945899f54d9d6837ace25555c0b331406fbb72a130ab5e79e,"{""code"":""double_measurement_surface_code"",""diameter"":8,""noise_model"":""SI1000"",""p"":0.0009500000000000001,""rounds"":8}"
     16200,         0,         0,    1.31,pymatching,f497dd54e97360c792de395646a57d736752cd2def0dec1a9dcc8ec2664d18c2,"{""code"":""double_measurement_surface_code"",""diameter"":8,""noise_model"":""SI1000"",""p"":0.001175,""rounds"":8}"
     48600,         3,         0,    3.59,pymatching,f497dd54e97360c792de395646a57d736752cd2def0dec1a9dcc8ec2664d18c2,"{""code"":""double_measurement_surface_code"",""diameter"":8,""noise_model"":""SI1000"",""p"":0.001175,""rounds"":8}"
   1555200,        10,         0,    89.6,pymatching,001f707746df8e11ecbd7ff2650cec5256e6716c6844d7200989a311b37b4261,"{""code"":""double_measurement_surface_code"",""diameter"":8,""noise_model"":""SI1000"",""p"":0.0007250000000000001,""rounds"":8}"
    145800,         4,         0,    10.5,pymatching,f497dd54e97360c792de395646a57d736752cd2def0dec1a9dcc8ec2664d18c2,"{""code"":""double_measurement_surface_code"",""diameter"":8,""noise_model"":""SI1000"",""p"":0.001175,""rounds"":8}"
   2372917,         1,         0,    93.1,pymatching,001f707746df8e11ecbd7ff2650cec5256e6716c6844d7200989a311b37b4261,"{""code"":""double_measurement_surface_code"",""diameter"":8,""noise_model"":""SI1000"",""p"":0.0007250000000000001,""rounds"":8}"
    583200,        10,         0,    39.0,pymatching,891f63166fdab11945899f54d9d6837ace25555c0b331406fbb72a130ab5e79e,"{""code"":""double_measurement_surface_code"",""diameter"":8,""noise_model"":""SI1000"",""p"":0.0009500000000000001,""rounds"":8}"
    145800,         5,         0,    11.3,pymatching,f497dd54e97360c792de395646a57d736752cd2def0dec1a9dcc8ec2664d18c2,"{""code"":""double_measurement_surface_code"",""diameter"":8,""noise_model"":""SI1000"",""p"":0.001175,""rounds"":8}"
   1924683,         9,         0,    75.5,pymatching,001f707746df8e11ecbd7ff2650cec5256e6716c6844d7200989a311b37b4261,"{""code"":""double_measurement_surface_code"",""diameter"":8,""noise_model"":""SI1000"",""p"":0.0007250000000000001,""rounds"":8}"
    583200,         6,         0,    39.0,pymatching,891f63166fdab11945899f54d9d6837ace25555c0b331406fbb72a130ab5e79e,"{""code"":""double_measurement_surface_code"",""diameter"":8,""noise_model"":""SI1000"",""p"":0.0009500000000000001,""rounds"":8}"
    437400,        16,         0,    22.7,pymatching,f497dd54e97360c792de395646a57d736752cd2def0dec1a9dcc8ec2664d18c2,"{""code"":""double_measurement_surface_code"",""diameter"":8,""noise_model"":""SI1000"",""p"":0.001175,""rounds"":8}"
    437400,        13,         0,    32.0,pymatching,f497dd54e97360c792de395646a57d736752cd2def0dec1a9dcc8ec2664d18c2,"{""code"":""double_measurement_surface_code"",""diameter"":8,""noise_model"":""SI1000"",""p"":0.001175,""rounds"":8}"
   2352469,         2,         0,   118.7,pymatching,4488041dab2b9b71eaa8e1b7630b33c979ab61ca933d1ff0002736ddcc8ebc28,"{""code"":""double_measurement_surface_code"",""diameter"":8,""noise_model"":""SI1000"",""p"":0.0005,""rounds"":8}"
    218700,         9,         0,    16.9,pymatching,f497dd54e97360c792de395646a57d736752cd2def0dec1a9dcc8ec2664d18c2,"{""code"":""double_measurement_surface_code"",""diameter"":8,""noise_model"":""SI1000"",""p"":0.001175,""rounds"":8}"
    729000,        29,         0,    37.6,pymatching,f497dd54e97360c792de395646a57d736752cd2def0dec1a9dcc8ec2664d18c2,"{""code"":""double_measurement_surface_code"",""diameter"":8,""noise_model"":""SI1000"",""p"":0.001175,""rounds"":8}"
   1166400,        25,         0,    76.3,pymatching,891f63166fdab11945899f54d9d6837ace25555c0b331406fbb72a130ab5e79e,"{""code"":""double_measurement_surface_code"",""diameter"":8,""noise_model"":""SI1000"",""p"":0.0009500000000000001,""rounds"":8}"
       200,         0,         0,   0.190,pymatching,c6334dff930bef336d35925dc49318ec797edf7efb8c5515320ce37186bfcc88,"{""code"":""double_measurement_surface_code"",""diameter"":8,""noise_model"":""SI1000"",""p"":0.0014000000000000002,""rounds"":8}"
       600,         0,         0,   0.133,pymatching,c6334dff930bef336d35925dc49318ec797edf7efb8c5515320ce37186bfcc88,"{""code"":""double_measurement_surface_code"",""diameter"":8,""noise_model"":""SI1000"",""p"":0.0014000000000000002,""rounds"":8}"
      1800,         0,         0,   0.247,pymatching,c6334dff930bef336d35925dc49318ec797edf7efb8c5515320ce37186bfcc88,"{""code"":""double_measurement_surface_code"",""diameter"":8,""noise_model"":""SI1000"",""p"":0.0014000000000000002,""rounds"":8}"
      5400,         2,         0,   0.573,pymatching,c6334dff930bef336d35925dc49318ec797edf7efb8c5515320ce37186bfcc88,"{""code"":""double_measurement_surface_code"",""diameter"":8,""noise_model"":""SI1000"",""p"":0.0014000000000000002,""rounds"":8}"
     16200,         2,         0,    1.49,pymatching,c6334dff930bef336d35925dc49318ec797edf7efb8c5515320ce37186bfcc88,"{""code"":""double_measurement_surface_code"",""diameter"":8,""noise_model"":""SI1000"",""p"":0.0014000000000000002,""rounds"":8}"
     48600,         3,         0,    4.27,pymatching,c6334dff930bef336d35925dc49318ec797edf7efb8c5515320ce37186bfcc88,"{""code"":""double_measurement_surface_code"",""diameter"":8,""noise_model"":""SI1000"",""p"":0.0014000000000000002,""rounds"":8}"
    145800,        15,         0,    12.5,pymatching,c6334dff930bef336d35925dc49318ec797edf7efb8c5515320ce37186bfcc88,"{""code"":""double_measurement_surface_code"",""diameter"":8,""noise_model"":""SI1000"",""p"":0.0014000000000000002,""rounds"":8}"
   1214701,        22,         0,    79.9,pymatching,891f63166fdab11945899f54d9d6837ace25555c0b331406fbb72a130ab5e79e,"{""code"":""double_measurement_surface_code"",""diameter"":8,""noise_model"":""SI1000"",""p"":0.0009500000000000001,""rounds"":8}"
   1749600,        19,         0,   114.3,pymatching,891f63166fdab11945899f54d9d6837ace25555c0b331406fbb72a130ab5e79e,"{""code"":""double_measurement_surface_code"",""diameter"":8,""noise_model"":""SI1000"",""p"":0.0009500000000000001,""rounds"":8}"
   1749600,        30,         0,   115.3,pymatching,891f63166fdab11945899f54d9d6837ace25555c0b331406fbb72a130ab5e79e,"{""code"":""double_measurement_surface_code"",""diameter"":8,""noise_model"":""SI1000"",""p"":0.0009500000000000001,""rounds"":8}"
       200,         0,         0,   0.229,pymatching,8969ca86c7719e3975465ebf2db957e6a9938db87d3c07af0a4372ab51d3dd5f,"{""code"":""double_measurement_surface_code"",""diameter"":8,""noise_model"":""SI1000"",""p"":0.0016250000000000001,""rounds"":8}"
       600,         0,         0,   0.139,pymatching,8969ca86c7719e3975465ebf2db957e6a9938db87d3c07af0a4372ab51d3dd5f,"{""code"":""double_measurement_surface_code"",""diameter"":8,""noise_model"":""SI1000"",""p"":0.0016250000000000001,""rounds"":8}"
      1800,         1,         0,   0.266,pymatching,8969ca86c7719e3975465ebf2db957e6a9938db87d3c07af0a4372ab51d3dd5f,"{""code"":""double_measurement_surface_code"",""diameter"":8,""noise_model"":""SI1000"",""p"":0.0016250000000000001,""rounds"":8}"
      5400,         0,         0,   0.606,pymatching,8969ca86c7719e3975465ebf2db957e6a9938db87d3c07af0a4372ab51d3dd5f,"{""code"":""double_measurement_surface_code"",""diameter"":8,""noise_model"":""SI1000"",""p"":0.0016250000000000001,""rounds"":8}"
     16200,         6,         0,    1.65,pymatching,8969ca86c7719e3975465ebf2db957e6a9938db87d3c07af0a4372ab51d3dd5f,"{""code"":""double_measurement_surface_code"",""diameter"":8,""noise_model"":""SI1000"",""p"":0.0016250000000000001,""rounds"":8}"
   1603800,        57,         0,    81.5,pymatching,f497dd54e97360c792de395646a57d736752cd2def0dec1a9dcc8ec2664d18c2,"{""code"":""double_measurement_surface_code"",""diameter"":8,""noise_model"":""SI1000"",""p"":0.001175,""rounds"":8}"
     48600,        11,         0,    4.72,pymatching,8969ca86c7719e3975465ebf2db957e6a9938db87d3c07af0a4372ab51d3dd5f,"{""code"":""double_measurement_surface_code"",""diameter"":8,""noise_model"":""SI1000"",""p"":0.0016250000000000001,""rounds"":8}"
     48600,         5,         0,    3.26,pymatching,8969ca86c7719e3975465ebf2db957e6a9938db87d3c07af0a4372ab51d3dd5f,"{""code"":""double_measurement_surface_code"",""diameter"":8,""noise_model"":""SI1000"",""p"":0.0016250000000000001,""rounds"":8}"
    437400,        41,         0,    36.8,pymatching,c6334dff930bef336d35925dc49318ec797edf7efb8c5515320ce37186bfcc88,"{""code"":""double_measurement_surface_code"",""diameter"":8,""noise_model"":""SI1000"",""p"":0.0014000000000000002,""rounds"":8}"
    218700,        26,         0,    18.9,pymatching,c6334dff930bef336d35925dc49318ec797edf7efb8c5515320ce37186bfcc88,"{""code"":""double_measurement_surface_code"",""diameter"":8,""noise_model"":""SI1000"",""p"":0.0014000000000000002,""rounds"":8}"
   1252000,        45,         0,    63.7,pymatching,f497dd54e97360c792de395646a57d736752cd2def0dec1a9dcc8ec2664d18c2,"{""code"":""double_measurement_surface_code"",""diameter"":8,""noise_model"":""SI1000"",""p"":0.001175,""rounds"":8}"
    145800,        43,         0,    13.5,pymatching,8969ca86c7719e3975465ebf2db957e6a9938db87d3c07af0a4372ab51d3dd5f,"{""code"":""double_measurement_surface_code"",""diameter"":8,""noise_model"":""SI1000"",""p"":0.0016250000000000001,""rounds"":8}"
    437400,        42,         0,    37.6,pymatching,c6334dff930bef336d35925dc49318ec797edf7efb8c5515320ce37186bfcc88,"{""code"":""double_measurement_surface_code"",""diameter"":8,""noise_model"":""SI1000"",""p"":0.0014000000000000002,""rounds"":8}"
    243000,        57,         0,    15.8,pymatching,8969ca86c7719e3975465ebf2db957e6a9938db87d3c07af0a4372ab51d3dd5f,"{""code"":""double_measurement_surface_code"",""diameter"":8,""noise_model"":""SI1000"",""p"":0.0016250000000000001,""rounds"":8}"
   1786899,        31,         0,   119.4,pymatching,891f63166fdab11945899f54d9d6837ace25555c0b331406fbb72a130ab5e79e,"{""code"":""double_measurement_surface_code"",""diameter"":8,""noise_model"":""SI1000"",""p"":0.0009500000000000001,""rounds"":8}"
   1353516,        41,         0,   101.1,pymatching,f497dd54e97360c792de395646a57d736752cd2def0dec1a9dcc8ec2664d18c2,"{""code"":""double_measurement_surface_code"",""diameter"":8,""noise_model"":""SI1000"",""p"":0.001175,""rounds"":8}"
   1801842,        71,         0,   133.3,pymatching,f497dd54e97360c792de395646a57d736752cd2def0dec1a9dcc8ec2664d18c2,"{""code"":""double_measurement_surface_code"",""diameter"":8,""noise_model"":""SI1000"",""p"":0.001175,""rounds"":8}"
       200,         0,         0,   0.219,pymatching,8038a0c19be762062e8970fcf59a15eb2d6c4b4b21d093919db5488795aca867,"{""code"":""double_measurement_surface_code"",""diameter"":8,""noise_model"":""SI1000"",""p"":0.00185,""rounds"":8}"
       600,         0,         0,   0.144,pymatching,8038a0c19be762062e8970fcf59a15eb2d6c4b4b21d093919db5488795aca867,"{""code"":""double_measurement_surface_code"",""diameter"":8,""noise_model"":""SI1000"",""p"":0.00185,""rounds"":8}"
      1800,         0,         0,   0.284,pymatching,8038a0c19be762062e8970fcf59a15eb2d6c4b4b21d093919db5488795aca867,"{""code"":""double_measurement_surface_code"",""diameter"":8,""noise_model"":""SI1000"",""p"":0.00185,""rounds"":8}"
      5400,         1,         0,   0.687,pymatching,8038a0c19be762062e8970fcf59a15eb2d6c4b4b21d093919db5488795aca867,"{""code"":""double_measurement_surface_code"",""diameter"":8,""noise_model"":""SI1000"",""p"":0.00185,""rounds"":8}"
     16200,         5,         0,    1.84,pymatching,8038a0c19be762062e8970fcf59a15eb2d6c4b4b21d093919db5488795aca867,"{""code"":""double_measurement_surface_code"",""diameter"":8,""noise_model"":""SI1000"",""p"":0.00185,""rounds"":8}"
   1801842,        73,         0,   133.8,pymatching,f497dd54e97360c792de395646a57d736752cd2def0dec1a9dcc8ec2664d18c2,"{""code"":""double_measurement_surface_code"",""diameter"":8,""noise_model"":""SI1000"",""p"":0.001175,""rounds"":8}"
    534600,       116,         0,    50.2,pymatching,8969ca86c7719e3975465ebf2db957e6a9938db87d3c07af0a4372ab51d3dd5f,"{""code"":""double_measurement_surface_code"",""diameter"":8,""noise_model"":""SI1000"",""p"":0.0016250000000000001,""rounds"":8}"
     48600,        17,         0,    5.53,pymatching,8038a0c19be762062e8970fcf59a15eb2d6c4b4b21d093919db5488795aca867,"{""code"":""double_measurement_surface_code"",""diameter"":8,""noise_model"":""SI1000"",""p"":0.00185,""rounds"":8}"
     48600,        13,         0,    5.40,pymatching,8038a0c19be762062e8970fcf59a15eb2d6c4b4b21d093919db5488795aca867,"{""code"":""double_measurement_surface_code"",""diameter"":8,""noise_model"":""SI1000"",""p"":0.00185,""rounds"":8}"
   1226248,       104,         0,    69.9,pymatching,c6334dff930bef336d35925dc49318ec797edf7efb8c5515320ce37186bfcc88,"{""code"":""double_measurement_surface_code"",""diameter"":8,""noise_model"":""SI1000"",""p"":0.0014000000000000002,""rounds"":8}"
    145800,        61,         0,    15.6,pymatching,8038a0c19be762062e8970fcf59a15eb2d6c4b4b21d093919db5488795aca867,"{""code"":""double_measurement_surface_code"",""diameter"":8,""noise_model"":""SI1000"",""p"":0.00185,""rounds"":8}"
   1226603,       108,         0,    70.2,pymatching,c6334dff930bef336d35925dc49318ec797edf7efb8c5515320ce37186bfcc88,"{""code"":""double_measurement_surface_code"",""diameter"":8,""noise_model"":""SI1000"",""p"":0.0014000000000000002,""rounds"":8}"
    243000,        88,         0,    25.9,pymatching,8038a0c19be762062e8970fcf59a15eb2d6c4b4b21d093919db5488795aca867,"{""code"":""double_measurement_surface_code"",""diameter"":8,""noise_model"":""SI1000"",""p"":0.00185,""rounds"":8}"
   1312200,       123,         0,   109.0,pymatching,c6334dff930bef336d35925dc49318ec797edf7efb8c5515320ce37186bfcc88,"{""code"":""double_measurement_surface_code"",""diameter"":8,""noise_model"":""SI1000"",""p"":0.0014000000000000002,""rounds"":8}"
   1020600,       223,         0,    97.2,pymatching,8969ca86c7719e3975465ebf2db957e6a9938db87d3c07af0a4372ab51d3dd5f,"{""code"":""double_measurement_surface_code"",""diameter"":8,""noise_model"":""SI1000"",""p"":0.0016250000000000001,""rounds"":8}"
    458198,        42,         0,    39.1,pymatching,c6334dff930bef336d35925dc49318ec797edf7efb8c5515320ce37186bfcc88,"{""code"":""double_measurement_surface_code"",""diameter"":8,""noise_model"":""SI1000"",""p"":0.0014000000000000002,""rounds"":8}"
       200,         0,         0,   0.132,pymatching,78847b60302760324733c7d16af73a5e10568ea51113c8b6993e9d079bc8277e,"{""code"":""double_measurement_surface_code"",""diameter"":8,""noise_model"":""SI1000"",""p"":0.0020750000000000005,""rounds"":8}"
       600,         0,         0,   0.152,pymatching,78847b60302760324733c7d16af73a5e10568ea51113c8b6993e9d079bc8277e,"{""code"":""double_measurement_surface_code"",""diameter"":8,""noise_model"":""SI1000"",""p"":0.0020750000000000005,""rounds"":8}"
      1800,         1,         0,   0.307,pymatching,78847b60302760324733c7d16af73a5e10568ea51113c8b6993e9d079bc8277e,"{""code"":""double_measurement_surface_code"",""diameter"":8,""noise_model"":""SI1000"",""p"":0.0020750000000000005,""rounds"":8}"
    996300,       183,         0,    92.5,pymatching,8969ca86c7719e3975465ebf2db957e6a9938db87d3c07af0a4372ab51d3dd5f,"{""code"":""double_measurement_surface_code"",""diameter"":8,""noise_model"":""SI1000"",""p"":0.0016250000000000001,""rounds"":8}"
      5400,         3,         0,   0.739,pymatching,78847b60302760324733c7d16af73a5e10568ea51113c8b6993e9d079bc8277e,"{""code"":""double_measurement_surface_code"",""diameter"":8,""noise_model"":""SI1000"",""p"":0.0020750000000000005,""rounds"":8}"
     16200,        18,         0,    2.03,pymatching,78847b60302760324733c7d16af73a5e10568ea51113c8b6993e9d079bc8277e,"{""code"":""double_measurement_surface_code"",""diameter"":8,""noise_model"":""SI1000"",""p"":0.0020750000000000005,""rounds"":8}"
    107693,        23,         0,    10.6,pymatching,8969ca86c7719e3975465ebf2db957e6a9938db87d3c07af0a4372ab51d3dd5f,"{""code"":""double_measurement_surface_code"",""diameter"":8,""noise_model"":""SI1000"",""p"":0.0016250000000000001,""rounds"":8}"
    534600,       202,         0,    39.0,pymatching,8038a0c19be762062e8970fcf59a15eb2d6c4b4b21d093919db5488795aca867,"{""code"":""double_measurement_surface_code"",""diameter"":8,""noise_model"":""SI1000"",""p"":0.00185,""rounds"":8}"
   1398152,       136,         0,   118.8,pymatching,c6334dff930bef336d35925dc49318ec797edf7efb8c5515320ce37186bfcc88,"{""code"":""double_measurement_surface_code"",""diameter"":8,""noise_model"":""SI1000"",""p"":0.0014000000000000002,""rounds"":8}"
     24300,        18,         0,    2.13,pymatching,78847b60302760324733c7d16af73a5e10568ea51113c8b6993e9d079bc8277e,"{""code"":""double_measurement_surface_code"",""diameter"":8,""noise_model"":""SI1000"",""p"":0.0020750000000000005,""rounds"":8}"
     48600,        33,         0,    5.61,pymatching,78847b60302760324733c7d16af73a5e10568ea51113c8b6993e9d079bc8277e,"{""code"":""double_measurement_surface_code"",""diameter"":8,""noise_model"":""SI1000"",""p"":0.0020750000000000005,""rounds"":8}"
     48600,        35,         0,    5.95,pymatching,78847b60302760324733c7d16af73a5e10568ea51113c8b6993e9d079bc8277e,"{""code"":""double_measurement_surface_code"",""diameter"":8,""noise_model"":""SI1000"",""p"":0.0020750000000000005,""rounds"":8}"
     48600,        33,         0,    5.71,pymatching,78847b60302760324733c7d16af73a5e10568ea51113c8b6993e9d079bc8277e,"{""code"":""double_measurement_surface_code"",""diameter"":8,""noise_model"":""SI1000"",""p"":0.0020750000000000005,""rounds"":8}"
   1397797,       136,         0,   118.8,pymatching,c6334dff930bef336d35925dc49318ec797edf7efb8c5515320ce37186bfcc88,"{""code"":""double_measurement_surface_code"",""diameter"":8,""noise_model"":""SI1000"",""p"":0.0014000000000000002,""rounds"":8}"
       200,         1,         0,   0.203,pymatching,880cdd758d07dc1285814cf402332337bf78b2ea435633eec957b833b3a3da30,"{""code"":""double_measurement_surface_code"",""diameter"":8,""noise_model"":""SI1000"",""p"":0.0023,""rounds"":8}"
       600,         1,         0,   0.154,pymatching,880cdd758d07dc1285814cf402332337bf78b2ea435633eec957b833b3a3da30,"{""code"":""double_measurement_surface_code"",""diameter"":8,""noise_model"":""SI1000"",""p"":0.0023,""rounds"":8}"
      1800,         2,         0,   0.314,pymatching,880cdd758d07dc1285814cf402332337bf78b2ea435633eec957b833b3a3da30,"{""code"":""double_measurement_surface_code"",""diameter"":8,""noise_model"":""SI1000"",""p"":0.0023,""rounds"":8}"
     97200,        80,         0,    8.08,pymatching,78847b60302760324733c7d16af73a5e10568ea51113c8b6993e9d079bc8277e,"{""code"":""double_measurement_surface_code"",""diameter"":8,""noise_model"":""SI1000"",""p"":0.0020750000000000005,""rounds"":8}"
      5400,         8,         0,   0.779,pymatching,880cdd758d07dc1285814cf402332337bf78b2ea435633eec957b833b3a3da30,"{""code"":""double_measurement_surface_code"",""diameter"":8,""noise_model"":""SI1000"",""p"":0.0023,""rounds"":8}"
     16200,        21,         0,    2.09,pymatching,880cdd758d07dc1285814cf402332337bf78b2ea435633eec957b833b3a3da30,"{""code"":""double_measurement_surface_code"",""diameter"":8,""noise_model"":""SI1000"",""p"":0.0023,""rounds"":8}"
     48600,        54,         0,    6.39,pymatching,880cdd758d07dc1285814cf402332337bf78b2ea435633eec957b833b3a3da30,"{""code"":""double_measurement_surface_code"",""diameter"":8,""noise_model"":""SI1000"",""p"":0.0023,""rounds"":8}"
    151058,       116,         0,    12.0,pymatching,78847b60302760324733c7d16af73a5e10568ea51113c8b6993e9d079bc8277e,"{""code"":""double_measurement_surface_code"",""diameter"":8,""noise_model"":""SI1000"",""p"":0.0020750000000000005,""rounds"":8}"
    279340,        55,         0,    26.9,pymatching,8969ca86c7719e3975465ebf2db957e6a9938db87d3c07af0a4372ab51d3dd5f,"{""code"":""double_measurement_surface_code"",""diameter"":8,""noise_model"":""SI1000"",""p"":0.0016250000000000001,""rounds"":8}"
     24025,         6,         0,    2.38,pymatching,8969ca86c7719e3975465ebf2db957e6a9938db87d3c07af0a4372ab51d3dd5f,"{""code"":""double_measurement_surface_code"",""diameter"":8,""noise_model"":""SI1000"",""p"":0.0016250000000000001,""rounds"":8}"
    194400,       118,         0,    22.3,pymatching,78847b60302760324733c7d16af73a5e10568ea51113c8b6993e9d079bc8277e,"{""code"":""double_measurement_surface_code"",""diameter"":8,""noise_model"":""SI1000"",""p"":0.0020750000000000005,""rounds"":8}"
     72900,        88,         0,    9.52,pymatching,880cdd758d07dc1285814cf402332337bf78b2ea435633eec957b833b3a3da30,"{""code"":""double_measurement_surface_code"",""diameter"":8,""noise_model"":""SI1000"",""p"":0.0023,""rounds"":8}"
    145800,       176,         0,    12.7,pymatching,880cdd758d07dc1285814cf402332337bf78b2ea435633eec957b833b3a3da30,"{""code"":""double_measurement_surface_code"",""diameter"":8,""noise_model"":""SI1000"",""p"":0.0023,""rounds"":8}"
     83792,        63,         0,    9.96,pymatching,78847b60302760324733c7d16af73a5e10568ea51113c8b6993e9d079bc8277e,"{""code"":""double_measurement_surface_code"",""diameter"":8,""noise_model"":""SI1000"",""p"":0.0020750000000000005,""rounds"":8}"
       200,         0,         0,   0.123,pymatching,00eef09d56f0164739b2a1d74576a28cae22e0bbf0e06630e5dac84a94aff235,"{""code"":""double_measurement_surface_code"",""diameter"":8,""noise_model"":""SI1000"",""p"":0.0025250000000000003,""rounds"":8}"
       600,         0,         0,   0.165,pymatching,00eef09d56f0164739b2a1d74576a28cae22e0bbf0e06630e5dac84a94aff235,"{""code"":""double_measurement_surface_code"",""diameter"":8,""noise_model"":""SI1000"",""p"":0.0025250000000000003,""rounds"":8}"
      1800,         5,         0,   0.350,pymatching,00eef09d56f0164739b2a1d74576a28cae22e0bbf0e06630e5dac84a94aff235,"{""code"":""double_measurement_surface_code"",""diameter"":8,""noise_model"":""SI1000"",""p"":0.0025250000000000003,""rounds"":8}"
      5400,         4,         0,   0.952,pymatching,00eef09d56f0164739b2a1d74576a28cae22e0bbf0e06630e5dac84a94aff235,"{""code"":""double_measurement_surface_code"",""diameter"":8,""noise_model"":""SI1000"",""p"":0.0025250000000000003,""rounds"":8}"
    145800,       152,         0,    19.3,pymatching,880cdd758d07dc1285814cf402332337bf78b2ea435633eec957b833b3a3da30,"{""code"":""double_measurement_surface_code"",""diameter"":8,""noise_model"":""SI1000"",""p"":0.0023,""rounds"":8}"
    291600,       206,         0,    34.6,pymatching,78847b60302760324733c7d16af73a5e10568ea51113c8b6993e9d079bc8277e,"{""code"":""double_measurement_surface_code"",""diameter"":8,""noise_model"":""SI1000"",""p"":0.0020750000000000005,""rounds"":8}"
     16200,        21,         0,    2.40,pymatching,00eef09d56f0164739b2a1d74576a28cae22e0bbf0e06630e5dac84a94aff235,"{""code"":""double_measurement_surface_code"",""diameter"":8,""noise_model"":""SI1000"",""p"":0.0025250000000000003,""rounds"":8}"
     16200,        30,         0,    2.48,pymatching,00eef09d56f0164739b2a1d74576a28cae22e0bbf0e06630e5dac84a94aff235,"{""code"":""double_measurement_surface_code"",""diameter"":8,""noise_model"":""SI1000"",""p"":0.0025250000000000003,""rounds"":8}"
     39565,        45,         0,    5.17,pymatching,880cdd758d07dc1285814cf402332337bf78b2ea435633eec957b833b3a3da30,"{""code"":""double_measurement_surface_code"",""diameter"":8,""noise_model"":""SI1000"",""p"":0.0023,""rounds"":8}"
       934,         0,         0,   0.208,pymatching,880cdd758d07dc1285814cf402332337bf78b2ea435633eec957b833b3a3da30,"{""code"":""double_measurement_surface_code"",""diameter"":8,""noise_model"":""SI1000"",""p"":0.0023,""rounds"":8}"
      1707,         3,         0,   0.303,pymatching,880cdd758d07dc1285814cf402332337bf78b2ea435633eec957b833b3a3da30,"{""code"":""double_measurement_surface_code"",""diameter"":8,""noise_model"":""SI1000"",""p"":0.0023,""rounds"":8}"
    101897,       112,         0,    9.69,pymatching,880cdd758d07dc1285814cf402332337bf78b2ea435633eec957b833b3a3da30,"{""code"":""double_measurement_surface_code"",""diameter"":8,""noise_model"":""SI1000"",""p"":0.0023,""rounds"":8}"
      5283,         9,         0,   0.528,pymatching,880cdd758d07dc1285814cf402332337bf78b2ea435633eec957b833b3a3da30,"{""code"":""double_measurement_surface_code"",""diameter"":8,""noise_model"":""SI1000"",""p"":0.0023,""rounds"":8}"
       200,         1,         0,   0.078,pymatching,c525ba02a20b66f58ffc42c81000dc548108b9beaa7f32cb1337e683ca2e2d34,"{""code"":""double_measurement_surface_code"",""diameter"":8,""noise_model"":""SI1000"",""p"":0.0027500000000000003,""rounds"":8}"
       600,         1,         0,   0.112,pymatching,c525ba02a20b66f58ffc42c81000dc548108b9beaa7f32cb1337e683ca2e2d34,"{""code"":""double_measurement_surface_code"",""diameter"":8,""noise_model"":""SI1000"",""p"":0.0027500000000000003,""rounds"":8}"
      1800,         4,         0,   0.250,pymatching,c525ba02a20b66f58ffc42c81000dc548108b9beaa7f32cb1337e683ca2e2d34,"{""code"":""double_measurement_surface_code"",""diameter"":8,""noise_model"":""SI1000"",""p"":0.0027500000000000003,""rounds"":8}"
      5400,        11,         0,   0.763,pymatching,c525ba02a20b66f58ffc42c81000dc548108b9beaa7f32cb1337e683ca2e2d34,"{""code"":""double_measurement_surface_code"",""diameter"":8,""noise_model"":""SI1000"",""p"":0.0027500000000000003,""rounds"":8}"
     48600,        89,         0,    7.11,pymatching,00eef09d56f0164739b2a1d74576a28cae22e0bbf0e06630e5dac84a94aff235,"{""code"":""double_measurement_surface_code"",""diameter"":8,""noise_model"":""SI1000"",""p"":0.0025250000000000003,""rounds"":8}"
   1668602,       165,         0,    95.6,pymatching,c6334dff930bef336d35925dc49318ec797edf7efb8c5515320ce37186bfcc88,"{""code"":""double_measurement_surface_code"",""diameter"":8,""noise_model"":""SI1000"",""p"":0.0014000000000000002,""rounds"":8}"
     16200,        48,         0,    1.79,pymatching,c525ba02a20b66f58ffc42c81000dc548108b9beaa7f32cb1337e683ca2e2d34,"{""code"":""double_measurement_surface_code"",""diameter"":8,""noise_model"":""SI1000"",""p"":0.0027500000000000003,""rounds"":8}"
    388800,       263,         0,    45.7,pymatching,78847b60302760324733c7d16af73a5e10568ea51113c8b6993e9d079bc8277e,"{""code"":""double_measurement_surface_code"",""diameter"":8,""noise_model"":""SI1000"",""p"":0.0020750000000000005,""rounds"":8}"
     81000,       152,         0,    11.7,pymatching,00eef09d56f0164739b2a1d74576a28cae22e0bbf0e06630e5dac84a94aff235,"{""code"":""double_measurement_surface_code"",""diameter"":8,""noise_model"":""SI1000"",""p"":0.0025250000000000003,""rounds"":8}"
     48600,       145,         0,    5.32,pymatching,c525ba02a20b66f58ffc42c81000dc548108b9beaa7f32cb1337e683ca2e2d34,"{""code"":""double_measurement_surface_code"",""diameter"":8,""noise_model"":""SI1000"",""p"":0.0027500000000000003,""rounds"":8}"
     72900,       131,         0,    10.5,pymatching,00eef09d56f0164739b2a1d74576a28cae22e0bbf0e06630e5dac84a94aff235,"{""code"":""double_measurement_surface_code"",""diameter"":8,""noise_model"":""SI1000"",""p"":0.0025250000000000003,""rounds"":8}"
     21275,        13,         0,    2.63,pymatching,78847b60302760324733c7d16af73a5e10568ea51113c8b6993e9d079bc8277e,"{""code"":""double_measurement_surface_code"",""diameter"":8,""noise_model"":""SI1000"",""p"":0.0020750000000000005,""rounds"":8}"
       200,         0,         0,   0.119,pymatching,867d6b924ef56130daf425683944efaf8f4a6448659265a84dc7cae2ff232f2d,"{""code"":""double_measurement_surface_code"",""diameter"":8,""noise_model"":""SI1000"",""p"":0.002975,""rounds"":8}"
       600,         1,         0,   0.185,pymatching,867d6b924ef56130daf425683944efaf8f4a6448659265a84dc7cae2ff232f2d,"{""code"":""double_measurement_surface_code"",""diameter"":8,""noise_model"":""SI1000"",""p"":0.002975,""rounds"":8}"
      1800,         7,         0,   0.400,pymatching,867d6b924ef56130daf425683944efaf8f4a6448659265a84dc7cae2ff232f2d,"{""code"":""double_measurement_surface_code"",""diameter"":8,""noise_model"":""SI1000"",""p"":0.002975,""rounds"":8}"
     30338,        67,         0,    4.26,pymatching,00eef09d56f0164739b2a1d74576a28cae22e0bbf0e06630e5dac84a94aff235,"{""code"":""double_measurement_surface_code"",""diameter"":8,""noise_model"":""SI1000"",""p"":0.0025250000000000003,""rounds"":8}"
      5400,        27,         0,    1.02,pymatching,867d6b924ef56130daf425683944efaf8f4a6448659265a84dc7cae2ff232f2d,"{""code"":""double_measurement_surface_code"",""diameter"":8,""noise_model"":""SI1000"",""p"":0.002975,""rounds"":8}"
      5400,        21,         0,   0.996,pymatching,867d6b924ef56130daf425683944efaf8f4a6448659265a84dc7cae2ff232f2d,"{""code"":""double_measurement_surface_code"",""diameter"":8,""noise_model"":""SI1000"",""p"":0.002975,""rounds"":8}"
    113400,       202,         0,    11.2,pymatching,00eef09d56f0164739b2a1d74576a28cae22e0bbf0e06630e5dac84a94aff235,"{""code"":""double_measurement_surface_code"",""diameter"":8,""noise_model"":""SI1000"",""p"":0.0025250000000000003,""rounds"":8}"
   1305015,       260,         0,   124.1,pymatching,8969ca86c7719e3975465ebf2db957e6a9938db87d3c07af0a4372ab51d3dd5f,"{""code"":""double_measurement_surface_code"",""diameter"":8,""noise_model"":""SI1000"",""p"":0.0016250000000000001,""rounds"":8}"
    686284,       273,         0,    73.7,pymatching,8038a0c19be762062e8970fcf59a15eb2d6c4b4b21d093919db5488795aca867,"{""code"":""double_measurement_surface_code"",""diameter"":8,""noise_model"":""SI1000"",""p"":0.00185,""rounds"":8}"
     16200,        57,         0,    2.88,pymatching,867d6b924ef56130daf425683944efaf8f4a6448659265a84dc7cae2ff232f2d,"{""code"":""double_measurement_surface_code"",""diameter"":8,""noise_model"":""SI1000"",""p"":0.002975,""rounds"":8}"
     24300,       101,         0,    3.13,pymatching,867d6b924ef56130daf425683944efaf8f4a6448659265a84dc7cae2ff232f2d,"{""code"":""double_measurement_surface_code"",""diameter"":8,""noise_model"":""SI1000"",""p"":0.002975,""rounds"":8}"
     27000,       110,         0,    4.79,pymatching,867d6b924ef56130daf425683944efaf8f4a6448659265a84dc7cae2ff232f2d,"{""code"":""double_measurement_surface_code"",""diameter"":8,""noise_model"":""SI1000"",""p"":0.002975,""rounds"":8}"
       200,         3,         0,   0.126,pymatching,dc54d8a53f04c26f5ba6c208fbf91da649d39ad838eaf4b9ef8dd82bf8643505,"{""code"":""double_measurement_surface_code"",""diameter"":8,""noise_model"":""SI1000"",""p"":0.0032,""rounds"":8}"
       600,         4,         0,   0.192,pymatching,dc54d8a53f04c26f5ba6c208fbf91da649d39ad838eaf4b9ef8dd82bf8643505,"{""code"":""double_measurement_surface_code"",""diameter"":8,""noise_model"":""SI1000"",""p"":0.0032,""rounds"":8}"
      1800,         8,         0,   0.418,pymatching,dc54d8a53f04c26f5ba6c208fbf91da649d39ad838eaf4b9ef8dd82bf8643505,"{""code"":""double_measurement_surface_code"",""diameter"":8,""noise_model"":""SI1000"",""p"":0.0032,""rounds"":8}"
      5400,        28,         0,    1.11,pymatching,dc54d8a53f04c26f5ba6c208fbf91da649d39ad838eaf4b9ef8dd82bf8643505,"{""code"":""double_measurement_surface_code"",""diameter"":8,""noise_model"":""SI1000"",""p"":0.0032,""rounds"":8}"
     62740,         9,         0,    5.97,pymatching,8969ca86c7719e3975465ebf2db957e6a9938db87d3c07af0a4372ab51d3dd5f,"{""code"":""double_measurement_surface_code"",""diameter"":8,""noise_model"":""SI1000"",""p"":0.0016250000000000001,""rounds"":8}"
     19382,         6,         0,    1.97,pymatching,8969ca86c7719e3975465ebf2db957e6a9938db87d3c07af0a4372ab51d3dd5f,"{""code"":""double_measurement_surface_code"",""diameter"":8,""noise_model"":""SI1000"",""p"":0.0016250000000000001,""rounds"":8}"
     37800,       159,         0,    6.53,pymatching,867d6b924ef56130daf425683944efaf8f4a6448659265a84dc7cae2ff232f2d,"{""code"":""double_measurement_surface_code"",""diameter"":8,""noise_model"":""SI1000"",""p"":0.002975,""rounds"":8}"
     16200,       106,         0,    3.18,pymatching,dc54d8a53f04c26f5ba6c208fbf91da649d39ad838eaf4b9ef8dd82bf8643505,"{""code"":""double_measurement_surface_code"",""diameter"":8,""noise_model"":""SI1000"",""p"":0.0032,""rounds"":8}"
    145800,       380,         0,    15.9,pymatching,c525ba02a20b66f58ffc42c81000dc548108b9beaa7f32cb1337e683ca2e2d34,"{""code"":""double_measurement_surface_code"",""diameter"":8,""noise_model"":""SI1000"",""p"":0.0027500000000000003,""rounds"":8}"
      8100,        48,         0,    1.57,pymatching,dc54d8a53f04c26f5ba6c208fbf91da649d39ad838eaf4b9ef8dd82bf8643505,"{""code"":""double_measurement_surface_code"",""diameter"":8,""noise_model"":""SI1000"",""p"":0.0032,""rounds"":8}"
     16200,        97,         0,    3.01,pymatching,dc54d8a53f04c26f5ba6c208fbf91da649d39ad838eaf4b9ef8dd82bf8643505,"{""code"":""double_measurement_surface_code"",""diameter"":8,""noise_model"":""SI1000"",""p"":0.0032,""rounds"":8}"
     73720,       284,         0,    8.54,pymatching,867d6b924ef56130daf425683944efaf8f4a6448659265a84dc7cae2ff232f2d,"{""code"":""double_measurement_surface_code"",""diameter"":8,""noise_model"":""SI1000"",""p"":0.002975,""rounds"":8}"
      3243,        14,         0,   0.657,pymatching,dc54d8a53f04c26f5ba6c208fbf91da649d39ad838eaf4b9ef8dd82bf8643505,"{""code"":""double_measurement_surface_code"",""diameter"":8,""noise_model"":""SI1000"",""p"":0.0032,""rounds"":8}"
       200,         2,         0,   0.090,pymatching,d30eeca7c8ab15fe8fc70c4a3512f828b19f03b081c087df113649cc8da09832,"{""code"":""double_measurement_surface_code"",""diameter"":8,""noise_model"":""SI1000"",""p"":0.003425,""rounds"":8}"
       600,         0,         0,   0.136,pymatching,d30eeca7c8ab15fe8fc70c4a3512f828b19f03b081c087df113649cc8da09832,"{""code"":""double_measurement_surface_code"",""diameter"":8,""noise_model"":""SI1000"",""p"":0.003425,""rounds"":8}"
     59400,       289,         0,    10.3,pymatching,867d6b924ef56130daf425683944efaf8f4a6448659265a84dc7cae2ff232f2d,"{""code"":""double_measurement_surface_code"",""diameter"":8,""noise_model"":""SI1000"",""p"":0.002975,""rounds"":8}"
      3040,        23,         0,   0.604,pymatching,dc54d8a53f04c26f5ba6c208fbf91da649d39ad838eaf4b9ef8dd82bf8643505,"{""code"":""double_measurement_surface_code"",""diameter"":8,""noise_model"":""SI1000"",""p"":0.0032,""rounds"":8}"
      1800,        13,         0,   0.374,pymatching,d30eeca7c8ab15fe8fc70c4a3512f828b19f03b081c087df113649cc8da09832,"{""code"":""double_measurement_surface_code"",""diameter"":8,""noise_model"":""SI1000"",""p"":0.003425,""rounds"":8}"
      1800,        14,         0,   0.466,pymatching,d30eeca7c8ab15fe8fc70c4a3512f828b19f03b081c087df113649cc8da09832,"{""code"":""double_measurement_surface_code"",""diameter"":8,""noise_model"":""SI1000"",""p"":0.003425,""rounds"":8}"
       900,         7,         0,   0.276,pymatching,d30eeca7c8ab15fe8fc70c4a3512f828b19f03b081c087df113649cc8da09832,"{""code"":""double_measurement_surface_code"",""diameter"":8,""noise_model"":""SI1000"",""p"":0.003425,""rounds"":8}"
    291600,       329,         0,    38.4,pymatching,880cdd758d07dc1285814cf402332337bf78b2ea435633eec957b833b3a3da30,"{""code"":""double_measurement_surface_code"",""diameter"":8,""noise_model"":""SI1000"",""p"":0.0023,""rounds"":8}"
     25631,        69,         0,    3.00,pymatching,c525ba02a20b66f58ffc42c81000dc548108b9beaa7f32cb1337e683ca2e2d34,"{""code"":""double_measurement_surface_code"",""diameter"":8,""noise_model"":""SI1000"",""p"":0.0027500000000000003,""rounds"":8}"
    178200,       323,         0,    25.4,pymatching,00eef09d56f0164739b2a1d74576a28cae22e0bbf0e06630e5dac84a94aff235,"{""code"":""double_measurement_surface_code"",""diameter"":8,""noise_model"":""SI1000"",""p"":0.0025250000000000003,""rounds"":8}"
       213,         0,         0,   0.093,pymatching,c525ba02a20b66f58ffc42c81000dc548108b9beaa7f32cb1337e683ca2e2d34,"{""code"":""double_measurement_surface_code"",""diameter"":8,""noise_model"":""SI1000"",""p"":0.0027500000000000003,""rounds"":8}"
      5400,        50,         0,   0.903,pymatching,d30eeca7c8ab15fe8fc70c4a3512f828b19f03b081c087df113649cc8da09832,"{""code"":""double_measurement_surface_code"",""diameter"":8,""noise_model"":""SI1000"",""p"":0.003425,""rounds"":8}"
      1800,        13,         0,   0.480,pymatching,d30eeca7c8ab15fe8fc70c4a3512f828b19f03b081c087df113649cc8da09832,"{""code"":""double_measurement_surface_code"",""diameter"":8,""noise_model"":""SI1000"",""p"":0.003425,""rounds"":8}"
       324,         1,         0,   0.088,pymatching,c525ba02a20b66f58ffc42c81000dc548108b9beaa7f32cb1337e683ca2e2d34,"{""code"":""double_measurement_surface_code"",""diameter"":8,""noise_model"":""SI1000"",""p"":0.0027500000000000003,""rounds"":8}"
       200,         1,         0,   0.134,pymatching,d6c945948ffdf5d4ca150b30f9cf63bad2729d16e9bd9bf9190cb97863181792,"{""code"":""double_measurement_surface_code"",""diameter"":8,""noise_model"":""SI1000"",""p"":0.0036500000000000005,""rounds"":8}"
       600,         9,         0,   0.200,pymatching,d6c945948ffdf5d4ca150b30f9cf63bad2729d16e9bd9bf9190cb97863181792,"{""code"":""double_measurement_surface_code"",""diameter"":8,""noise_model"":""SI1000"",""p"":0.0036500000000000005,""rounds"":8}"
      9000,        83,         0,    1.69,pymatching,d30eeca7c8ab15fe8fc70c4a3512f828b19f03b081c087df113649cc8da09832,"{""code"":""double_measurement_surface_code"",""diameter"":8,""noise_model"":""SI1000"",""p"":0.003425,""rounds"":8}"
       600,         8,         0,   0.165,pymatching,d6c945948ffdf5d4ca150b30f9cf63bad2729d16e9bd9bf9190cb97863181792,"{""code"":""double_measurement_surface_code"",""diameter"":8,""noise_model"":""SI1000"",""p"":0.0036500000000000005,""rounds"":8}"
    126204,       354,         0,    19.8,pymatching,c525ba02a20b66f58ffc42c81000dc548108b9beaa7f32cb1337e683ca2e2d34,"{""code"":""double_measurement_surface_code"",""diameter"":8,""noise_model"":""SI1000"",""p"":0.0027500000000000003,""rounds"":8}"
      1800,        20,         0,   0.458,pymatching,d6c945948ffdf5d4ca150b30f9cf63bad2729d16e9bd9bf9190cb97863181792,"{""code"":""double_measurement_surface_code"",""diameter"":8,""noise_model"":""SI1000"",""p"":0.0036500000000000005,""rounds"":8}"
      3000,        33,         0,   0.502,pymatching,d6c945948ffdf5d4ca150b30f9cf63bad2729d16e9bd9bf9190cb97863181792,"{""code"":""double_measurement_surface_code"",""diameter"":8,""noise_model"":""SI1000"",""p"":0.0036500000000000005,""rounds"":8}"
     10800,        85,         0,    2.26,pymatching,d30eeca7c8ab15fe8fc70c4a3512f828b19f03b081c087df113649cc8da09832,"{""code"":""double_measurement_surface_code"",""diameter"":8,""noise_model"":""SI1000"",""p"":0.003425,""rounds"":8}"
      2700,        22,         0,   0.696,pymatching,d6c945948ffdf5d4ca150b30f9cf63bad2729d16e9bd9bf9190cb97863181792,"{""code"":""double_measurement_surface_code"",""diameter"":8,""noise_model"":""SI1000"",""p"":0.0036500000000000005,""rounds"":8}"
   1020600,       418,         0,   108.1,pymatching,8038a0c19be762062e8970fcf59a15eb2d6c4b4b21d093919db5488795aca867,"{""code"":""double_measurement_surface_code"",""diameter"":8,""noise_model"":""SI1000"",""p"":0.00185,""rounds"":8}"
      3063,        19,         0,   0.711,pymatching,d30eeca7c8ab15fe8fc70c4a3512f828b19f03b081c087df113649cc8da09832,"{""code"":""double_measurement_surface_code"",""diameter"":8,""noise_model"":""SI1000"",""p"":0.003425,""rounds"":8}"
      6600,        70,         0,    1.48,pymatching,d6c945948ffdf5d4ca150b30f9cf63bad2729d16e9bd9bf9190cb97863181792,"{""code"":""double_measurement_surface_code"",""diameter"":8,""noise_model"":""SI1000"",""p"":0.0036500000000000005,""rounds"":8}"
      2697,        14,         0,   0.637,pymatching,d30eeca7c8ab15fe8fc70c4a3512f828b19f03b081c087df113649cc8da09832,"{""code"":""double_measurement_surface_code"",""diameter"":8,""noise_model"":""SI1000"",""p"":0.003425,""rounds"":8}"
     21600,       183,         0,    3.18,pymatching,d30eeca7c8ab15fe8fc70c4a3512f828b19f03b081c087df113649cc8da09832,"{""code"":""double_measurement_surface_code"",""diameter"":8,""noise_model"":""SI1000"",""p"":0.003425,""rounds"":8}"
     12600,       134,         0,    2.13,pymatching,d6c945948ffdf5d4ca150b30f9cf63bad2729d16e9bd9bf9190cb97863181792,"{""code"":""double_measurement_surface_code"",""diameter"":8,""noise_model"":""SI1000"",""p"":0.0036500000000000005,""rounds"":8}"
      7800,        84,         0,    1.90,pymatching,d6c945948ffdf5d4ca150b30f9cf63bad2729d16e9bd9bf9190cb97863181792,"{""code"":""double_measurement_surface_code"",""diameter"":8,""noise_model"":""SI1000"",""p"":0.0036500000000000005,""rounds"":8}"
      3232,        24,         0,   0.755,pymatching,d30eeca7c8ab15fe8fc70c4a3512f828b19f03b081c087df113649cc8da09832,"{""code"":""double_measurement_surface_code"",""diameter"":8,""noise_model"":""SI1000"",""p"":0.003425,""rounds"":8}"
      1000,        13,         0,   0.209,pymatching,d6c945948ffdf5d4ca150b30f9cf63bad2729d16e9bd9bf9190cb97863181792,"{""code"":""double_measurement_surface_code"",""diameter"":8,""noise_model"":""SI1000"",""p"":0.0036500000000000005,""rounds"":8}"
       200,         3,         0,   0.133,pymatching,f1f6322a30460bc034838c9d73aa646c227394e80f97c88a33de90c56dd6d934,"{""code"":""double_measurement_surface_code"",""diameter"":8,""noise_model"":""SI1000"",""p"":0.0038750000000000004,""rounds"":8}"
       200,         2,         0,   0.134,pymatching,f1f6322a30460bc034838c9d73aa646c227394e80f97c88a33de90c56dd6d934,"{""code"":""double_measurement_surface_code"",""diameter"":8,""noise_model"":""SI1000"",""p"":0.0038750000000000004,""rounds"":8}"
       100,         2,         0,   0.082,pymatching,f1f6322a30460bc034838c9d73aa646c227394e80f97c88a33de90c56dd6d934,"{""code"":""double_measurement_surface_code"",""diameter"":8,""noise_model"":""SI1000"",""p"":0.0038750000000000004,""rounds"":8}"
       600,         7,         0,   0.220,pymatching,f1f6322a30460bc034838c9d73aa646c227394e80f97c88a33de90c56dd6d934,"{""code"":""double_measurement_surface_code"",""diameter"":8,""noise_model"":""SI1000"",""p"":0.0038750000000000004,""rounds"":8}"
      1200,        19,         0,   0.270,pymatching,f1f6322a30460bc034838c9d73aa646c227394e80f97c88a33de90c56dd6d934,"{""code"":""double_measurement_surface_code"",""diameter"":8,""noise_model"":""SI1000"",""p"":0.0038750000000000004,""rounds"":8}"
      1000,        18,         0,   0.328,pymatching,f1f6322a30460bc034838c9d73aa646c227394e80f97c88a33de90c56dd6d934,"{""code"":""double_measurement_surface_code"",""diameter"":8,""noise_model"":""SI1000"",""p"":0.0038750000000000004,""rounds"":8}"
     21600,       196,         0,    4.45,pymatching,d30eeca7c8ab15fe8fc70c4a3512f828b19f03b081c087df113649cc8da09832,"{""code"":""double_measurement_surface_code"",""diameter"":8,""noise_model"":""SI1000"",""p"":0.003425,""rounds"":8}"
      8400,        93,         0,    1.33,pymatching,d6c945948ffdf5d4ca150b30f9cf63bad2729d16e9bd9bf9190cb97863181792,"{""code"":""double_measurement_surface_code"",""diameter"":8,""noise_model"":""SI1000"",""p"":0.0036500000000000005,""rounds"":8}"
      2400,        45,         0,   0.658,pymatching,f1f6322a30460bc034838c9d73aa646c227394e80f97c88a33de90c56dd6d934,"{""code"":""double_measurement_surface_code"",""diameter"":8,""noise_model"":""SI1000"",""p"":0.0038750000000000004,""rounds"":8}"
     48600,       259,         0,    9.28,pymatching,dc54d8a53f04c26f5ba6c208fbf91da649d39ad838eaf4b9ef8dd82bf8643505,"{""code"":""double_measurement_surface_code"",""diameter"":8,""noise_model"":""SI1000"",""p"":0.0032,""rounds"":8}"
      4800,        56,         0,   0.856,pymatching,f1f6322a30460bc034838c9d73aa646c227394e80f97c88a33de90c56dd6d934,"{""code"":""double_measurement_surface_code"",""diameter"":8,""noise_model"":""SI1000"",""p"":0.0038750000000000004,""rounds"":8}"
      3000,        46,         0,   0.686,pymatching,f1f6322a30460bc034838c9d73aa646c227394e80f97c88a33de90c56dd6d934,"{""code"":""double_measurement_surface_code"",""diameter"":8,""noise_model"":""SI1000"",""p"":0.0038750000000000004,""rounds"":8}"
     18000,       192,         0,    4.10,pymatching,d6c945948ffdf5d4ca150b30f9cf63bad2729d16e9bd9bf9190cb97863181792,"{""code"":""double_measurement_surface_code"",""diameter"":8,""noise_model"":""SI1000"",""p"":0.0036500000000000005,""rounds"":8}"
      6800,        98,         0,    1.72,pymatching,f1f6322a30460bc034838c9d73aa646c227394e80f97c88a33de90c56dd6d934,"{""code"":""double_measurement_surface_code"",""diameter"":8,""noise_model"":""SI1000"",""p"":0.0038750000000000004,""rounds"":8}"
       200,         6,         0,   0.140,pymatching,e77862ecc631518748d970868cd8825f428a020afa5b3d9f864a3b0aea411a36,"{""code"":""double_measurement_surface_code"",""diameter"":8,""noise_model"":""SI1000"",""p"":0.0041,""rounds"":8}"
       674,        11,         0,   0.234,pymatching,f1f6322a30460bc034838c9d73aa646c227394e80f97c88a33de90c56dd6d934,"{""code"":""double_measurement_surface_code"",""diameter"":8,""noise_model"":""SI1000"",""p"":0.0038750000000000004,""rounds"":8}"
       600,        14,         0,   0.235,pymatching,e77862ecc631518748d970868cd8825f428a020afa5b3d9f864a3b0aea411a36,"{""code"":""double_measurement_surface_code"",""diameter"":8,""noise_model"":""SI1000"",""p"":0.0041,""rounds"":8}"
      3933,        56,         0,    1.04,pymatching,f1f6322a30460bc034838c9d73aa646c227394e80f97c88a33de90c56dd6d934,"{""code"":""double_measurement_surface_code"",""diameter"":8,""noise_model"":""SI1000"",""p"":0.0038750000000000004,""rounds"":8}"
       600,        15,         0,   0.229,pymatching,e77862ecc631518748d970868cd8825f428a020afa5b3d9f864a3b0aea411a36,"{""code"":""double_measurement_surface_code"",""diameter"":8,""noise_model"":""SI1000"",""p"":0.0041,""rounds"":8}"
      7342,        39,         0,    1.48,pymatching,dc54d8a53f04c26f5ba6c208fbf91da649d39ad838eaf4b9ef8dd82bf8643505,"{""code"":""double_measurement_surface_code"",""diameter"":8,""noise_model"":""SI1000"",""p"":0.0032,""rounds"":8}"
       139,         3,         0,   0.120,pymatching,f1f6322a30460bc034838c9d73aa646c227394e80f97c88a33de90c56dd6d934,"{""code"":""double_measurement_surface_code"",""diameter"":8,""noise_model"":""SI1000"",""p"":0.0038750000000000004,""rounds"":8}"
       817,         4,         0,   0.250,pymatching,dc54d8a53f04c26f5ba6c208fbf91da649d39ad838eaf4b9ef8dd82bf8643505,"{""code"":""double_measurement_surface_code"",""diameter"":8,""noise_model"":""SI1000"",""p"":0.0032,""rounds"":8}"
      1800,        32,         0,   0.543,pymatching,e77862ecc631518748d970868cd8825f428a020afa5b3d9f864a3b0aea411a36,"{""code"":""double_measurement_surface_code"",""diameter"":8,""noise_model"":""SI1000"",""p"":0.0041,""rounds"":8}"
       179,         1,         0,   0.115,pymatching,dc54d8a53f04c26f5ba6c208fbf91da649d39ad838eaf4b9ef8dd82bf8643505,"{""code"":""double_measurement_surface_code"",""diameter"":8,""noise_model"":""SI1000"",""p"":0.0032,""rounds"":8}"
     10400,       139,         0,    1.72,pymatching,f1f6322a30460bc034838c9d73aa646c227394e80f97c88a33de90c56dd6d934,"{""code"":""double_measurement_surface_code"",""diameter"":8,""noise_model"":""SI1000"",""p"":0.0038750000000000004,""rounds"":8}"
         4,         0,         0,   0.086,pymatching,dc54d8a53f04c26f5ba6c208fbf91da649d39ad838eaf4b9ef8dd82bf8643505,"{""code"":""double_measurement_surface_code"",""diameter"":8,""noise_model"":""SI1000"",""p"":0.0032,""rounds"":8}"
         7,         0,         0,   0.092,pymatching,dc54d8a53f04c26f5ba6c208fbf91da649d39ad838eaf4b9ef8dd82bf8643505,"{""code"":""double_measurement_surface_code"",""diameter"":8,""noise_model"":""SI1000"",""p"":0.0032,""rounds"":8}"
        11,         0,         0,   0.095,pymatching,dc54d8a53f04c26f5ba6c208fbf91da649d39ad838eaf4b9ef8dd82bf8643505,"{""code"":""double_measurement_surface_code"",""diameter"":8,""noise_model"":""SI1000"",""p"":0.0032,""rounds"":8}"
      1700,        27,         0,   0.358,pymatching,f1f6322a30460bc034838c9d73aa646c227394e80f97c88a33de90c56dd6d934,"{""code"":""double_measurement_surface_code"",""diameter"":8,""noise_model"":""SI1000"",""p"":0.0038750000000000004,""rounds"":8}"
        17,         0,         0,   0.094,pymatching,dc54d8a53f04c26f5ba6c208fbf91da649d39ad838eaf4b9ef8dd82bf8643505,"{""code"":""double_measurement_surface_code"",""diameter"":8,""noise_model"":""SI1000"",""p"":0.0032,""rounds"":8}"
      3000,        52,         0,   0.836,pymatching,e77862ecc631518748d970868cd8825f428a020afa5b3d9f864a3b0aea411a36,"{""code"":""double_measurement_surface_code"",""diameter"":8,""noise_model"":""SI1000"",""p"":0.0041,""rounds"":8}"
      2700,        77,         0,   0.770,pymatching,e77862ecc631518748d970868cd8825f428a020afa5b3d9f864a3b0aea411a36,"{""code"":""double_measurement_surface_code"",""diameter"":8,""noise_model"":""SI1000"",""p"":0.0041,""rounds"":8}"
        27,         0,         0,   0.095,pymatching,dc54d8a53f04c26f5ba6c208fbf91da649d39ad838eaf4b9ef8dd82bf8643505,"{""code"":""double_measurement_surface_code"",""diameter"":8,""noise_model"":""SI1000"",""p"":0.0032,""rounds"":8}"
        43,         0,         0,   0.101,pymatching,dc54d8a53f04c26f5ba6c208fbf91da649d39ad838eaf4b9ef8dd82bf8643505,"{""code"":""double_measurement_surface_code"",""diameter"":8,""noise_model"":""SI1000"",""p"":0.0032,""rounds"":8}"
        68,         1,         0,   0.102,pymatching,dc54d8a53f04c26f5ba6c208fbf91da649d39ad838eaf4b9ef8dd82bf8643505,"{""code"":""double_measurement_surface_code"",""diameter"":8,""noise_model"":""SI1000"",""p"":0.0032,""rounds"":8}"
     11600,       171,         0,    2.79,pymatching,f1f6322a30460bc034838c9d73aa646c227394e80f97c88a33de90c56dd6d934,"{""code"":""double_measurement_surface_code"",""diameter"":8,""noise_model"":""SI1000"",""p"":0.0038750000000000004,""rounds"":8}"
      4200,        95,         0,    1.05,pymatching,e77862ecc631518748d970868cd8825f428a020afa5b3d9f864a3b0aea411a36,"{""code"":""double_measurement_surface_code"",""diameter"":8,""noise_model"":""SI1000"",""p"":0.0041,""rounds"":8}"
      6600,       124,         0,    1.53,pymatching,e77862ecc631518748d970868cd8825f428a020afa5b3d9f864a3b0aea411a36,"{""code"":""double_measurement_surface_code"",""diameter"":8,""noise_model"":""SI1000"",""p"":0.0041,""rounds"":8}"
     21200,       305,         0,    3.54,pymatching,f1f6322a30460bc034838c9d73aa646c227394e80f97c88a33de90c56dd6d934,"{""code"":""double_measurement_surface_code"",""diameter"":8,""noise_model"":""SI1000"",""p"":0.0038750000000000004,""rounds"":8}"
       200,         0,         0,   0.128,pymatching,6cd5efd99f09df842f008590938187461d0b732b9155c0b970b15d1efde22d3a,"{""code"":""double_measurement_surface_code"",""diameter"":8,""noise_model"":""SI1000"",""p"":0.004325000000000001,""rounds"":8}"
       200,         9,         0,   0.092,pymatching,6cd5efd99f09df842f008590938187461d0b732b9155c0b970b15d1efde22d3a,"{""code"":""double_measurement_surface_code"",""diameter"":8,""noise_model"":""SI1000"",""p"":0.004325000000000001,""rounds"":8}"
       300,         5,         0,   0.110,pymatching,6cd5efd99f09df842f008590938187461d0b732b9155c0b970b15d1efde22d3a,"{""code"":""double_measurement_surface_code"",""diameter"":8,""noise_model"":""SI1000"",""p"":0.004325000000000001,""rounds"":8}"
       600,        16,         0,   0.230,pymatching,6cd5efd99f09df842f008590938187461d0b732b9155c0b970b15d1efde22d3a,"{""code"":""double_measurement_surface_code"",""diameter"":8,""noise_model"":""SI1000"",""p"":0.004325000000000001,""rounds"":8}"
       600,        15,         0,   0.235,pymatching,6cd5efd99f09df842f008590938187461d0b732b9155c0b970b15d1efde22d3a,"{""code"":""double_measurement_surface_code"",""diameter"":8,""noise_model"":""SI1000"",""p"":0.004325000000000001,""rounds"":8}"
      1000,        24,         0,   0.240,pymatching,6cd5efd99f09df842f008590938187461d0b732b9155c0b970b15d1efde22d3a,"{""code"":""double_measurement_surface_code"",""diameter"":8,""noise_model"":""SI1000"",""p"":0.004325000000000001,""rounds"":8}"
     64800,       401,         0,    12.1,pymatching,dc54d8a53f04c26f5ba6c208fbf91da649d39ad838eaf4b9ef8dd82bf8643505,"{""code"":""double_measurement_surface_code"",""diameter"":8,""noise_model"":""SI1000"",""p"":0.0032,""rounds"":8}"
      1914,        43,         0,   0.535,pymatching,e77862ecc631518748d970868cd8825f428a020afa5b3d9f864a3b0aea411a36,"{""code"":""double_measurement_surface_code"",""diameter"":8,""noise_model"":""SI1000"",""p"":0.0041,""rounds"":8}"
       200,         8,         0,   0.143,pymatching,79cd1bd72cc64af5342b5804a33eccc3d17b52ec21cde45866ba470a3701571c,"{""code"":""double_measurement_surface_code"",""diameter"":8,""noise_model"":""SI1000"",""p"":0.00455,""rounds"":8}"
      1600,        37,         0,   0.376,pymatching,6cd5efd99f09df842f008590938187461d0b732b9155c0b970b15d1efde22d3a,"{""code"":""double_measurement_surface_code"",""diameter"":8,""noise_model"":""SI1000"",""p"":0.004325000000000001,""rounds"":8}"
       600,        22,         0,   0.245,pymatching,6cd5efd99f09df842f008590938187461d0b732b9155c0b970b15d1efde22d3a,"{""code"":""double_measurement_surface_code"",""diameter"":8,""noise_model"":""SI1000"",""p"":0.004325000000000001,""rounds"":8}"
       600,        17,         0,   0.255,pymatching,79cd1bd72cc64af5342b5804a33eccc3d17b52ec21cde45866ba470a3701571c,"{""code"":""double_measurement_surface_code"",""diameter"":8,""noise_model"":""SI1000"",""p"":0.00455,""rounds"":8}"
     42148,       324,         0,    8.69,pymatching,d30eeca7c8ab15fe8fc70c4a3512f828b19f03b081c087df113649cc8da09832,"{""code"":""double_measurement_surface_code"",""diameter"":8,""noise_model"":""SI1000"",""p"":0.003425,""rounds"":8}"
      2800,        77,         0,   0.832,pymatching,6cd5efd99f09df842f008590938187461d0b732b9155c0b970b15d1efde22d3a,"{""code"":""double_measurement_surface_code"",""diameter"":8,""noise_model"":""SI1000"",""p"":0.004325000000000001,""rounds"":8}"
     31200,       363,         0,    6.98,pymatching,d6c945948ffdf5d4ca150b30f9cf63bad2729d16e9bd9bf9190cb97863181792,"{""code"":""double_measurement_surface_code"",""diameter"":8,""noise_model"":""SI1000"",""p"":0.0036500000000000005,""rounds"":8}"
      1800,        47,         0,   0.592,pymatching,79cd1bd72cc64af5342b5804a33eccc3d17b52ec21cde45866ba470a3701571c,"{""code"":""double_measurement_surface_code"",""diameter"":8,""noise_model"":""SI1000"",""p"":0.00455,""rounds"":8}"
      4000,        97,         0,    1.19,pymatching,6cd5efd99f09df842f008590938187461d0b732b9155c0b970b15d1efde22d3a,"{""code"":""double_measurement_surface_code"",""diameter"":8,""noise_model"":""SI1000"",""p"":0.004325000000000001,""rounds"":8}"
      6000,       140,         0,    1.22,pymatching,6cd5efd99f09df842f008590938187461d0b732b9155c0b970b15d1efde22d3a,"{""code"":""double_measurement_surface_code"",""diameter"":8,""noise_model"":""SI1000"",""p"":0.004325000000000001,""rounds"":8}"
       900,        30,         0,   0.355,pymatching,79cd1bd72cc64af5342b5804a33eccc3d17b52ec21cde45866ba470a3701571c,"{""code"":""double_measurement_surface_code"",""diameter"":8,""noise_model"":""SI1000"",""p"":0.00455,""rounds"":8}"
      1800,        52,         0,   0.618,pymatching,79cd1bd72cc64af5342b5804a33eccc3d17b52ec21cde45866ba470a3701571c,"{""code"":""double_measurement_surface_code"",""diameter"":8,""noise_model"":""SI1000"",""p"":0.00455,""rounds"":8}"
      4000,        97,         0,    1.18,pymatching,6cd5efd99f09df842f008590938187461d0b732b9155c0b970b15d1efde22d3a,"{""code"":""double_measurement_surface_code"",""diameter"":8,""noise_model"":""SI1000"",""p"":0.004325000000000001,""rounds"":8}"
      1293,        26,         0,   0.289,pymatching,6cd5efd99f09df842f008590938187461d0b732b9155c0b970b15d1efde22d3a,"{""code"":""double_measurement_surface_code"",""diameter"":8,""noise_model"":""SI1000"",""p"":0.004325000000000001,""rounds"":8}"
     13427,       260,         0,    3.17,pymatching,e77862ecc631518748d970868cd8825f428a020afa5b3d9f864a3b0aea411a36,"{""code"":""double_measurement_surface_code"",""diameter"":8,""noise_model"":""SI1000"",""p"":0.0041,""rounds"":8}"
      1153,        33,         0,   0.394,pymatching,6cd5efd99f09df842f008590938187461d0b732b9155c0b970b15d1efde22d3a,"{""code"":""double_measurement_surface_code"",""diameter"":8,""noise_model"":""SI1000"",""p"":0.004325000000000001,""rounds"":8}"
     12600,       276,         0,    3.26,pymatching,e77862ecc631518748d970868cd8825f428a020afa5b3d9f864a3b0aea411a36,"{""code"":""double_measurement_surface_code"",""diameter"":8,""noise_model"":""SI1000"",""p"":0.0041,""rounds"":8}"
       219,         4,         0,   0.128,pymatching,6cd5efd99f09df842f008590938187461d0b732b9155c0b970b15d1efde22d3a,"{""code"":""double_measurement_surface_code"",""diameter"":8,""noise_model"":""SI1000"",""p"":0.004325000000000001,""rounds"":8}"
       433,         8,         0,   0.128,pymatching,6cd5efd99f09df842f008590938187461d0b732b9155c0b970b15d1efde22d3a,"{""code"":""double_measurement_surface_code"",""diameter"":8,""noise_model"":""SI1000"",""p"":0.004325000000000001,""rounds"":8}"
       200,         9,         0,   0.141,pymatching,e8135bf7fa85366c71bff102e593bdd8cba7328f3ac9e599dc6654f2dde0ce70,"{""code"":""double_measurement_surface_code"",""diameter"":8,""noise_model"":""SI1000"",""p"":0.004775,""rounds"":8}"
       100,         6,         0,   0.080,pymatching,e8135bf7fa85366c71bff102e593bdd8cba7328f3ac9e599dc6654f2dde0ce70,"{""code"":""double_measurement_surface_code"",""diameter"":8,""noise_model"":""SI1000"",""p"":0.004775,""rounds"":8}"
       200,        11,         0,   0.140,pymatching,e8135bf7fa85366c71bff102e593bdd8cba7328f3ac9e599dc6654f2dde0ce70,"{""code"":""double_measurement_surface_code"",""diameter"":8,""noise_model"":""SI1000"",""p"":0.004775,""rounds"":8}"
      1281,        23,         0,   0.399,pymatching,e77862ecc631518748d970868cd8825f428a020afa5b3d9f864a3b0aea411a36,"{""code"":""double_measurement_surface_code"",""diameter"":8,""noise_model"":""SI1000"",""p"":0.0041,""rounds"":8}"
       800,        30,         0,   0.236,pymatching,e8135bf7fa85366c71bff102e593bdd8cba7328f3ac9e599dc6654f2dde0ce70,"{""code"":""double_measurement_surface_code"",""diameter"":8,""noise_model"":""SI1000"",""p"":0.004775,""rounds"":8}"
       600,        18,         0,   0.259,pymatching,e8135bf7fa85366c71bff102e593bdd8cba7328f3ac9e599dc6654f2dde0ce70,"{""code"":""double_measurement_surface_code"",""diameter"":8,""noise_model"":""SI1000"",""p"":0.004775,""rounds"":8}"
      9200,       201,         0,    1.77,pymatching,6cd5efd99f09df842f008590938187461d0b732b9155c0b970b15d1efde22d3a,"{""code"":""double_measurement_surface_code"",""diameter"":8,""noise_model"":""SI1000"",""p"":0.004325000000000001,""rounds"":8}"
       400,        12,         0,   0.209,pymatching,e8135bf7fa85366c71bff102e593bdd8cba7328f3ac9e599dc6654f2dde0ce70,"{""code"":""double_measurement_surface_code"",""diameter"":8,""noise_model"":""SI1000"",""p"":0.004775,""rounds"":8}"
      1200,        42,         0,   0.433,pymatching,e8135bf7fa85366c71bff102e593bdd8cba7328f3ac9e599dc6654f2dde0ce70,"{""code"":""double_measurement_surface_code"",""diameter"":8,""noise_model"":""SI1000"",""p"":0.004775,""rounds"":8}"
      1230,        27,         0,   0.281,pymatching,6cd5efd99f09df842f008590938187461d0b732b9155c0b970b15d1efde22d3a,"{""code"":""double_measurement_surface_code"",""diameter"":8,""noise_model"":""SI1000"",""p"":0.004325000000000001,""rounds"":8}"
       118,         2,         0,   0.084,pymatching,6cd5efd99f09df842f008590938187461d0b732b9155c0b970b15d1efde22d3a,"{""code"":""double_measurement_surface_code"",""diameter"":8,""noise_model"":""SI1000"",""p"":0.004325000000000001,""rounds"":8}"
        40,         0,         0,   0.070,pymatching,6cd5efd99f09df842f008590938187461d0b732b9155c0b970b15d1efde22d3a,"{""code"":""double_measurement_surface_code"",""diameter"":8,""noise_model"":""SI1000"",""p"":0.004325000000000001,""rounds"":8}"
        47,         1,         0,   0.069,pymatching,6cd5efd99f09df842f008590938187461d0b732b9155c0b970b15d1efde22d3a,"{""code"":""double_measurement_surface_code"",""diameter"":8,""noise_model"":""SI1000"",""p"":0.004325000000000001,""rounds"":8}"
      6476,       165,         0,    1.85,pymatching,6cd5efd99f09df842f008590938187461d0b732b9155c0b970b15d1efde22d3a,"{""code"":""double_measurement_surface_code"",""diameter"":8,""noise_model"":""SI1000"",""p"":0.004325000000000001,""rounds"":8}"
         6,         0,         0,   0.069,pymatching,6cd5efd99f09df842f008590938187461d0b732b9155c0b970b15d1efde22d3a,"{""code"":""double_measurement_surface_code"",""diameter"":8,""noise_model"":""SI1000"",""p"":0.004325000000000001,""rounds"":8}"
      2800,       113,         0,   0.661,pymatching,e8135bf7fa85366c71bff102e593bdd8cba7328f3ac9e599dc6654f2dde0ce70,"{""code"":""double_measurement_surface_code"",""diameter"":8,""noise_model"":""SI1000"",""p"":0.004775,""rounds"":8}"
      3600,       114,         0,    1.10,pymatching,79cd1bd72cc64af5342b5804a33eccc3d17b52ec21cde45866ba470a3701571c,"{""code"":""double_measurement_surface_code"",""diameter"":8,""noise_model"":""SI1000"",""p"":0.00455,""rounds"":8}"
      5400,       157,         0,    1.62,pymatching,79cd1bd72cc64af5342b5804a33eccc3d17b52ec21cde45866ba470a3701571c,"{""code"":""double_measurement_surface_code"",""diameter"":8,""noise_model"":""SI1000"",""p"":0.00455,""rounds"":8}"
      4000,       180,         0,    1.03,pymatching,e8135bf7fa85366c71bff102e593bdd8cba7328f3ac9e599dc6654f2dde0ce70,"{""code"":""double_measurement_surface_code"",""diameter"":8,""noise_model"":""SI1000"",""p"":0.004775,""rounds"":8}"
       200,         1,         0,   0.141,pymatching,43d79ffa209e5618b8bb726a0a4c22afc0c192f32a6093b23955fa387e3a78a9,"{""code"":""double_measurement_surface_code"",""diameter"":8,""noise_model"":""SI1000"",""p"":0.005,""rounds"":8}"
      4000,       166,         0,    1.25,pymatching,e8135bf7fa85366c71bff102e593bdd8cba7328f3ac9e599dc6654f2dde0ce70,"{""code"":""double_measurement_surface_code"",""diameter"":8,""noise_model"":""SI1000"",""p"":0.004775,""rounds"":8}"
       429,        12,         0,   0.193,pymatching,79cd1bd72cc64af5342b5804a33eccc3d17b52ec21cde45866ba470a3701571c,"{""code"":""double_measurement_surface_code"",""diameter"":8,""noise_model"":""SI1000"",""p"":0.00455,""rounds"":8}"
       606,        20,         0,   0.231,pymatching,79cd1bd72cc64af5342b5804a33eccc3d17b52ec21cde45866ba470a3701571c,"{""code"":""double_measurement_surface_code"",""diameter"":8,""noise_model"":""SI1000"",""p"":0.00455,""rounds"":8}"
       200,         9,         0,   0.136,pymatching,43d79ffa209e5618b8bb726a0a4c22afc0c192f32a6093b23955fa387e3a78a9,"{""code"":""double_measurement_surface_code"",""diameter"":8,""noise_model"":""SI1000"",""p"":0.005,""rounds"":8}"
        66,         1,         0,   0.099,pymatching,79cd1bd72cc64af5342b5804a33eccc3d17b52ec21cde45866ba470a3701571c,"{""code"":""double_measurement_surface_code"",""diameter"":8,""noise_model"":""SI1000"",""p"":0.00455,""rounds"":8}"
      7200,       238,         0,    2.09,pymatching,79cd1bd72cc64af5342b5804a33eccc3d17b52ec21cde45866ba470a3701571c,"{""code"":""double_measurement_surface_code"",""diameter"":8,""noise_model"":""SI1000"",""p"":0.00455,""rounds"":8}"
       100,         5,         0,   0.112,pymatching,43d79ffa209e5618b8bb726a0a4c22afc0c192f32a6093b23955fa387e3a78a9,"{""code"":""double_measurement_surface_code"",""diameter"":8,""noise_model"":""SI1000"",""p"":0.005,""rounds"":8}"
       600,        24,         0,   0.239,pymatching,43d79ffa209e5618b8bb726a0a4c22afc0c192f32a6093b23955fa387e3a78a9,"{""code"":""double_measurement_surface_code"",""diameter"":8,""noise_model"":""SI1000"",""p"":0.005,""rounds"":8}"
       600,        27,         0,   0.262,pymatching,43d79ffa209e5618b8bb726a0a4c22afc0c192f32a6093b23955fa387e3a78a9,"{""code"":""double_measurement_surface_code"",""diameter"":8,""noise_model"":""SI1000"",""p"":0.005,""rounds"":8}"
       200,        10,         0,   0.150,pymatching,43d79ffa209e5618b8bb726a0a4c22afc0c192f32a6093b23955fa387e3a78a9,"{""code"":""double_measurement_surface_code"",""diameter"":8,""noise_model"":""SI1000"",""p"":0.005,""rounds"":8}"
      1000,        42,         0,   0.333,pymatching,43d79ffa209e5618b8bb726a0a4c22afc0c192f32a6093b23955fa387e3a78a9,"{""code"":""double_measurement_surface_code"",""diameter"":8,""noise_model"":""SI1000"",""p"":0.005,""rounds"":8}"
       200,         0,         0,   0.116,pymatching,a15d3cd4c7da2640a527d41921cc053972fae112e0f8a2e775d6fda302b91cca,"{""code"":""double_measurement_surface_code"",""diameter"":10,""noise_model"":""SI1000"",""p"":0.0005,""rounds"":10}"
       600,        35,         0,   0.242,pymatching,43d79ffa209e5618b8bb726a0a4c22afc0c192f32a6093b23955fa387e3a78a9,"{""code"":""double_measurement_surface_code"",""diameter"":8,""noise_model"":""SI1000"",""p"":0.005,""rounds"":8}"
      4392,       180,         0,   0.954,pymatching,e8135bf7fa85366c71bff102e593bdd8cba7328f3ac9e599dc6654f2dde0ce70,"{""code"":""double_measurement_surface_code"",""diameter"":8,""noise_model"":""SI1000"",""p"":0.004775,""rounds"":8}"
       600,         0,         0,   0.137,pymatching,a15d3cd4c7da2640a527d41921cc053972fae112e0f8a2e775d6fda302b91cca,"{""code"":""double_measurement_surface_code"",""diameter"":10,""noise_model"":""SI1000"",""p"":0.0005,""rounds"":10}"
       600,         0,         0,   0.148,pymatching,a15d3cd4c7da2640a527d41921cc053972fae112e0f8a2e775d6fda302b91cca,"{""code"":""double_measurement_surface_code"",""diameter"":10,""noise_model"":""SI1000"",""p"":0.0005,""rounds"":10}"
      7200,       285,         0,    2.02,pymatching,e8135bf7fa85366c71bff102e593bdd8cba7328f3ac9e599dc6654f2dde0ce70,"{""code"":""double_measurement_surface_code"",""diameter"":8,""noise_model"":""SI1000"",""p"":0.004775,""rounds"":8}"
     10800,       312,         0,    2.90,pymatching,79cd1bd72cc64af5342b5804a33eccc3d17b52ec21cde45866ba470a3701571c,"{""code"":""double_measurement_surface_code"",""diameter"":8,""noise_model"":""SI1000"",""p"":0.00455,""rounds"":8}"
      1800,         0,         0,   0.230,pymatching,a15d3cd4c7da2640a527d41921cc053972fae112e0f8a2e775d6fda302b91cca,"{""code"":""double_measurement_surface_code"",""diameter"":10,""noise_model"":""SI1000"",""p"":0.0005,""rounds"":10}"
      3000,         0,         0,   0.298,pymatching,a15d3cd4c7da2640a527d41921cc053972fae112e0f8a2e775d6fda302b91cca,"{""code"":""double_measurement_surface_code"",""diameter"":10,""noise_model"":""SI1000"",""p"":0.0005,""rounds"":10}"
      2400,       105,         0,   0.807,pymatching,43d79ffa209e5618b8bb726a0a4c22afc0c192f32a6093b23955fa387e3a78a9,"{""code"":""double_measurement_surface_code"",""diameter"":8,""noise_model"":""SI1000"",""p"":0.005,""rounds"":8}"
      2400,        90,         0,   0.813,pymatching,43d79ffa209e5618b8bb726a0a4c22afc0c192f32a6093b23955fa387e3a78a9,"{""code"":""double_measurement_surface_code"",""diameter"":8,""noise_model"":""SI1000"",""p"":0.005,""rounds"":8}"
      2700,         0,         0,   0.417,pymatching,a15d3cd4c7da2640a527d41921cc053972fae112e0f8a2e775d6fda302b91cca,"{""code"":""double_measurement_surface_code"",""diameter"":10,""noise_model"":""SI1000"",""p"":0.0005,""rounds"":10}"
      3600,       149,         0,    1.15,pymatching,43d79ffa209e5618b8bb726a0a4c22afc0c192f32a6093b23955fa387e3a78a9,"{""code"":""double_measurement_surface_code"",""diameter"":8,""noise_model"":""SI1000"",""p"":0.005,""rounds"":8}"
      1022,        41,         0,   0.403,pymatching,43d79ffa209e5618b8bb726a0a4c22afc0c192f32a6093b23955fa387e3a78a9,"{""code"":""double_measurement_surface_code"",""diameter"":8,""noise_model"":""SI1000"",""p"":0.005,""rounds"":8}"
      1113,        48,         0,   0.427,pymatching,43d79ffa209e5618b8bb726a0a4c22afc0c192f32a6093b23955fa387e3a78a9,"{""code"":""double_measurement_surface_code"",""diameter"":8,""noise_model"":""SI1000"",""p"":0.005,""rounds"":8}"
       147,        12,         0,   0.133,pymatching,43d79ffa209e5618b8bb726a0a4c22afc0c192f32a6093b23955fa387e3a78a9,"{""code"":""double_measurement_surface_code"",""diameter"":8,""noise_model"":""SI1000"",""p"":0.005,""rounds"":8}"
      4200,         0,         0,   0.560,pymatching,a15d3cd4c7da2640a527d41921cc053972fae112e0f8a2e775d6fda302b91cca,"{""code"":""double_measurement_surface_code"",""diameter"":10,""noise_model"":""SI1000"",""p"":0.0005,""rounds"":10}"
        85,         6,         0,   0.118,pymatching,43d79ffa209e5618b8bb726a0a4c22afc0c192f32a6093b23955fa387e3a78a9,"{""code"":""double_measurement_surface_code"",""diameter"":8,""noise_model"":""SI1000"",""p"":0.005,""rounds"":8}"
      6600,         0,         0,   0.572,pymatching,a15d3cd4c7da2640a527d41921cc053972fae112e0f8a2e775d6fda302b91cca,"{""code"":""double_measurement_surface_code"",""diameter"":10,""noise_model"":""SI1000"",""p"":0.0005,""rounds"":10}"
      3600,       171,         0,    1.22,pymatching,43d79ffa209e5618b8bb726a0a4c22afc0c192f32a6093b23955fa387e3a78a9,"{""code"":""double_measurement_surface_code"",""diameter"":8,""noise_model"":""SI1000"",""p"":0.005,""rounds"":8}"
       200,         0,         0,   0.210,pymatching,1296a21dc4e0e346292d113da4b261eb67e53a793935aef4ae75316683c3fe45,"{""code"":""double_measurement_surface_code"",""diameter"":10,""noise_model"":""SI1000"",""p"":0.0007250000000000001,""rounds"":10}"
       200,         0,         0,   0.203,pymatching,1296a21dc4e0e346292d113da4b261eb67e53a793935aef4ae75316683c3fe45,"{""code"":""double_measurement_surface_code"",""diameter"":10,""noise_model"":""SI1000"",""p"":0.0007250000000000001,""rounds"":10}"
       100,         0,         0,   0.195,pymatching,1296a21dc4e0e346292d113da4b261eb67e53a793935aef4ae75316683c3fe45,"{""code"":""double_measurement_surface_code"",""diameter"":10,""noise_model"":""SI1000"",""p"":0.0007250000000000001,""rounds"":10}"
       600,         0,         0,   0.224,pymatching,1296a21dc4e0e346292d113da4b261eb67e53a793935aef4ae75316683c3fe45,"{""code"":""double_measurement_surface_code"",""diameter"":10,""noise_model"":""SI1000"",""p"":0.0007250000000000001,""rounds"":10}"
       600,         0,         0,   0.222,pymatching,1296a21dc4e0e346292d113da4b261eb67e53a793935aef4ae75316683c3fe45,"{""code"":""double_measurement_surface_code"",""diameter"":10,""noise_model"":""SI1000"",""p"":0.0007250000000000001,""rounds"":10}"
      3600,         0,         0,   0.529,pymatching,a15d3cd4c7da2640a527d41921cc053972fae112e0f8a2e775d6fda302b91cca,"{""code"":""double_measurement_surface_code"",""diameter"":10,""noise_model"":""SI1000"",""p"":0.0005,""rounds"":10}"
     12600,         0,         0,    1.01,pymatching,a15d3cd4c7da2640a527d41921cc053972fae112e0f8a2e775d6fda302b91cca,"{""code"":""double_measurement_surface_code"",""diameter"":10,""noise_model"":""SI1000"",""p"":0.0005,""rounds"":10}"
      1000,         0,         0,   0.298,pymatching,1296a21dc4e0e346292d113da4b261eb67e53a793935aef4ae75316683c3fe45,"{""code"":""double_measurement_surface_code"",""diameter"":10,""noise_model"":""SI1000"",""p"":0.0007250000000000001,""rounds"":10}"
       800,         0,         0,   0.281,pymatching,1296a21dc4e0e346292d113da4b261eb67e53a793935aef4ae75316683c3fe45,"{""code"":""double_measurement_surface_code"",""diameter"":10,""noise_model"":""SI1000"",""p"":0.0007250000000000001,""rounds"":10}"
      6000,       286,         0,    1.95,pymatching,43d79ffa209e5618b8bb726a0a4c22afc0c192f32a6093b23955fa387e3a78a9,"{""code"":""double_measurement_surface_code"",""diameter"":8,""noise_model"":""SI1000"",""p"":0.005,""rounds"":8}"
      2400,         0,         0,   0.469,pymatching,1296a21dc4e0e346292d113da4b261eb67e53a793935aef4ae75316683c3fe45,"{""code"":""double_measurement_surface_code"",""diameter"":10,""noise_model"":""SI1000"",""p"":0.0007250000000000001,""rounds"":10}"
      3600,         0,         0,   0.568,pymatching,1296a21dc4e0e346292d113da4b261eb67e53a793935aef4ae75316683c3fe45,"{""code"":""double_measurement_surface_code"",""diameter"":10,""noise_model"":""SI1000"",""p"":0.0007250000000000001,""rounds"":10}"
      3600,         0,         0,   0.525,pymatching,a15d3cd4c7da2640a527d41921cc053972fae112e0f8a2e775d6fda302b91cca,"{""code"":""double_measurement_surface_code"",""diameter"":10,""noise_model"":""SI1000"",""p"":0.0005,""rounds"":10}"
      4800,         0,         0,   0.732,pymatching,1296a21dc4e0e346292d113da4b261eb67e53a793935aef4ae75316683c3fe45,"{""code"":""double_measurement_surface_code"",""diameter"":10,""noise_model"":""SI1000"",""p"":0.0007250000000000001,""rounds"":10}"
     18000,         0,         0,    1.96,pymatching,a15d3cd4c7da2640a527d41921cc053972fae112e0f8a2e775d6fda302b91cca,"{""code"":""double_measurement_surface_code"",""diameter"":10,""noise_model"":""SI1000"",""p"":0.0005,""rounds"":10}"
      7200,         0,         0,    1.01,pymatching,1296a21dc4e0e346292d113da4b261eb67e53a793935aef4ae75316683c3fe45,"{""code"":""double_measurement_surface_code"",""diameter"":10,""noise_model"":""SI1000"",""p"":0.0007250000000000001,""rounds"":10}"
     12000,         0,         0,    1.57,pymatching,1296a21dc4e0e346292d113da4b261eb67e53a793935aef4ae75316683c3fe45,"{""code"":""double_measurement_surface_code"",""diameter"":10,""noise_model"":""SI1000"",""p"":0.0007250000000000001,""rounds"":10}"
     25200,         0,         0,    2.70,pymatching,a15d3cd4c7da2640a527d41921cc053972fae112e0f8a2e775d6fda302b91cca,"{""code"":""double_measurement_surface_code"",""diameter"":10,""noise_model"":""SI1000"",""p"":0.0005,""rounds"":10}"
     21600,         0,         0,    2.35,pymatching,a15d3cd4c7da2640a527d41921cc053972fae112e0f8a2e775d6fda302b91cca,"{""code"":""double_measurement_surface_code"",""diameter"":10,""noise_model"":""SI1000"",""p"":0.0005,""rounds"":10}"
     39600,         0,         0,    2.80,pymatching,a15d3cd4c7da2640a527d41921cc053972fae112e0f8a2e775d6fda302b91cca,"{""code"":""double_measurement_surface_code"",""diameter"":10,""noise_model"":""SI1000"",""p"":0.0005,""rounds"":10}"
     19200,         0,         0,    2.42,pymatching,1296a21dc4e0e346292d113da4b261eb67e53a793935aef4ae75316683c3fe45,"{""code"":""double_measurement_surface_code"",""diameter"":10,""noise_model"":""SI1000"",""p"":0.0007250000000000001,""rounds"":10}"
     21600,         0,         0,    2.36,pymatching,a15d3cd4c7da2640a527d41921cc053972fae112e0f8a2e775d6fda302b91cca,"{""code"":""double_measurement_surface_code"",""diameter"":10,""noise_model"":""SI1000"",""p"":0.0005,""rounds"":10}"
     28800,         0,         0,    3.48,pymatching,1296a21dc4e0e346292d113da4b261eb67e53a793935aef4ae75316683c3fe45,"{""code"":""double_measurement_surface_code"",""diameter"":10,""noise_model"":""SI1000"",""p"":0.0007250000000000001,""rounds"":10}"
     72000,         0,         0,    5.13,pymatching,a15d3cd4c7da2640a527d41921cc053972fae112e0f8a2e775d6fda302b91cca,"{""code"":""double_measurement_surface_code"",""diameter"":10,""noise_model"":""SI1000"",""p"":0.0005,""rounds"":10}"
     43200,         0,         0,    5.16,pymatching,1296a21dc4e0e346292d113da4b261eb67e53a793935aef4ae75316683c3fe45,"{""code"":""double_measurement_surface_code"",""diameter"":10,""noise_model"":""SI1000"",""p"":0.0007250000000000001,""rounds"":10}"
     67200,         0,         0,    8.08,pymatching,1296a21dc4e0e346292d113da4b261eb67e53a793935aef4ae75316683c3fe45,"{""code"":""double_measurement_surface_code"",""diameter"":10,""noise_model"":""SI1000"",""p"":0.0007250000000000001,""rounds"":10}"
    108000,         0,         0,    11.0,pymatching,a15d3cd4c7da2640a527d41921cc053972fae112e0f8a2e775d6fda302b91cca,"{""code"":""double_measurement_surface_code"",""diameter"":10,""noise_model"":""SI1000"",""p"":0.0005,""rounds"":10}"
    129600,         0,         0,    13.1,pymatching,a15d3cd4c7da2640a527d41921cc053972fae112e0f8a2e775d6fda302b91cca,"{""code"":""double_measurement_surface_code"",""diameter"":10,""noise_model"":""SI1000"",""p"":0.0005,""rounds"":10}"
    105600,         0,         0,    12.5,pymatching,1296a21dc4e0e346292d113da4b261eb67e53a793935aef4ae75316683c3fe45,"{""code"":""double_measurement_surface_code"",""diameter"":10,""noise_model"":""SI1000"",""p"":0.0007250000000000001,""rounds"":10}"
    129600,         0,         0,    13.1,pymatching,a15d3cd4c7da2640a527d41921cc053972fae112e0f8a2e775d6fda302b91cca,"{""code"":""double_measurement_surface_code"",""diameter"":10,""noise_model"":""SI1000"",""p"":0.0005,""rounds"":10}"
    151200,         0,         0,    15.3,pymatching,a15d3cd4c7da2640a527d41921cc053972fae112e0f8a2e775d6fda302b91cca,"{""code"":""double_measurement_surface_code"",""diameter"":10,""noise_model"":""SI1000"",""p"":0.0005,""rounds"":10}"
    237600,         0,         0,    16.6,pymatching,a15d3cd4c7da2640a527d41921cc053972fae112e0f8a2e775d6fda302b91cca,"{""code"":""double_measurement_surface_code"",""diameter"":10,""noise_model"":""SI1000"",""p"":0.0005,""rounds"":10}"
    163200,         0,         0,    18.8,pymatching,1296a21dc4e0e346292d113da4b261eb67e53a793935aef4ae75316683c3fe45,"{""code"":""double_measurement_surface_code"",""diameter"":10,""noise_model"":""SI1000"",""p"":0.0007250000000000001,""rounds"":10}"
    116380,         0,         0,    11.5,pymatching,a15d3cd4c7da2640a527d41921cc053972fae112e0f8a2e775d6fda302b91cca,"{""code"":""double_measurement_surface_code"",""diameter"":10,""noise_model"":""SI1000"",""p"":0.0005,""rounds"":10}"
    249600,         0,         0,    28.5,pymatching,1296a21dc4e0e346292d113da4b261eb67e53a793935aef4ae75316683c3fe45,"{""code"":""double_measurement_surface_code"",""diameter"":10,""noise_model"":""SI1000"",""p"":0.0007250000000000001,""rounds"":10}"
    432000,         0,         0,    29.8,pymatching,a15d3cd4c7da2640a527d41921cc053972fae112e0f8a2e775d6fda302b91cca,"{""code"":""double_measurement_surface_code"",""diameter"":10,""noise_model"":""SI1000"",""p"":0.0005,""rounds"":10}"
    384000,         0,         0,    43.7,pymatching,1296a21dc4e0e346292d113da4b261eb67e53a793935aef4ae75316683c3fe45,"{""code"":""double_measurement_surface_code"",""diameter"":10,""noise_model"":""SI1000"",""p"":0.0007250000000000001,""rounds"":10}"
    648000,         0,         0,    63.2,pymatching,a15d3cd4c7da2640a527d41921cc053972fae112e0f8a2e775d6fda302b91cca,"{""code"":""double_measurement_surface_code"",""diameter"":10,""noise_model"":""SI1000"",""p"":0.0005,""rounds"":10}"
    595200,         0,         0,    67.9,pymatching,1296a21dc4e0e346292d113da4b261eb67e53a793935aef4ae75316683c3fe45,"{""code"":""double_measurement_surface_code"",""diameter"":10,""noise_model"":""SI1000"",""p"":0.0007250000000000001,""rounds"":10}"
    777600,         0,         0,    76.4,pymatching,a15d3cd4c7da2640a527d41921cc053972fae112e0f8a2e775d6fda302b91cca,"{""code"":""double_measurement_surface_code"",""diameter"":10,""noise_model"":""SI1000"",""p"":0.0005,""rounds"":10}"
    777600,         0,         0,    76.6,pymatching,a15d3cd4c7da2640a527d41921cc053972fae112e0f8a2e775d6fda302b91cca,"{""code"":""double_measurement_surface_code"",""diameter"":10,""noise_model"":""SI1000"",""p"":0.0005,""rounds"":10}"
    698280,         0,         0,    68.9,pymatching,a15d3cd4c7da2640a527d41921cc053972fae112e0f8a2e775d6fda302b91cca,"{""code"":""double_measurement_surface_code"",""diameter"":10,""noise_model"":""SI1000"",""p"":0.0005,""rounds"":10}"
   1309220,         0,         0,    86.5,pymatching,a15d3cd4c7da2640a527d41921cc053972fae112e0f8a2e775d6fda302b91cca,"{""code"":""double_measurement_surface_code"",""diameter"":10,""noise_model"":""SI1000"",""p"":0.0005,""rounds"":10}"
    907200,         0,         0,    89.3,pymatching,a15d3cd4c7da2640a527d41921cc053972fae112e0f8a2e775d6fda302b91cca,"{""code"":""double_measurement_surface_code"",""diameter"":10,""noise_model"":""SI1000"",""p"":0.0005,""rounds"":10}"
   1397420,         0,         0,    93.2,pymatching,a15d3cd4c7da2640a527d41921cc053972fae112e0f8a2e775d6fda302b91cca,"{""code"":""double_measurement_surface_code"",""diameter"":10,""noise_model"":""SI1000"",""p"":0.0005,""rounds"":10}"
   1002849,         1,         0,   113.0,pymatching,1296a21dc4e0e346292d113da4b261eb67e53a793935aef4ae75316683c3fe45,"{""code"":""double_measurement_surface_code"",""diameter"":10,""noise_model"":""SI1000"",""p"":0.0007250000000000001,""rounds"":10}"
    748120,         0,         0,    74.0,pymatching,a15d3cd4c7da2640a527d41921cc053972fae112e0f8a2e775d6fda302b91cca,"{""code"":""double_measurement_surface_code"",""diameter"":10,""noise_model"":""SI1000"",""p"":0.0005,""rounds"":10}"
       200,         0,         0,   0.308,pymatching,ab8cd96f938937ef323522d6ae7d339d7fd3147887f711b76d4fcaccb8366e10,"{""code"":""double_measurement_surface_code"",""diameter"":10,""noise_model"":""SI1000"",""p"":0.0009500000000000001,""rounds"":10}"
       600,         0,         0,   0.242,pymatching,ab8cd96f938937ef323522d6ae7d339d7fd3147887f711b76d4fcaccb8366e10,"{""code"":""double_measurement_surface_code"",""diameter"":10,""noise_model"":""SI1000"",""p"":0.0009500000000000001,""rounds"":10}"
      1800,         0,         0,   0.425,pymatching,ab8cd96f938937ef323522d6ae7d339d7fd3147887f711b76d4fcaccb8366e10,"{""code"":""double_measurement_surface_code"",""diameter"":10,""noise_model"":""SI1000"",""p"":0.0009500000000000001,""rounds"":10}"
      5400,         0,         0,   0.923,pymatching,ab8cd96f938937ef323522d6ae7d339d7fd3147887f711b76d4fcaccb8366e10,"{""code"":""double_measurement_surface_code"",""diameter"":10,""noise_model"":""SI1000"",""p"":0.0009500000000000001,""rounds"":10}"
     16200,         0,         0,    2.35,pymatching,ab8cd96f938937ef323522d6ae7d339d7fd3147887f711b76d4fcaccb8366e10,"{""code"":""double_measurement_surface_code"",""diameter"":10,""noise_model"":""SI1000"",""p"":0.0009500000000000001,""rounds"":10}"
     89543,         0,         0,    10.8,pymatching,1296a21dc4e0e346292d113da4b261eb67e53a793935aef4ae75316683c3fe45,"{""code"":""double_measurement_surface_code"",""diameter"":10,""noise_model"":""SI1000"",""p"":0.0007250000000000001,""rounds"":10}"
     48600,         0,         0,    6.68,pymatching,ab8cd96f938937ef323522d6ae7d339d7fd3147887f711b76d4fcaccb8366e10,"{""code"":""double_measurement_surface_code"",""diameter"":10,""noise_model"":""SI1000"",""p"":0.0009500000000000001,""rounds"":10}"
     48600,         0,         0,    6.77,pymatching,ab8cd96f938937ef323522d6ae7d339d7fd3147887f711b76d4fcaccb8366e10,"{""code"":""double_measurement_surface_code"",""diameter"":10,""noise_model"":""SI1000"",""p"":0.0009500000000000001,""rounds"":10}"
   1194580,         0,         0,   117.9,pymatching,a15d3cd4c7da2640a527d41921cc053972fae112e0f8a2e775d6fda302b91cca,"{""code"":""double_measurement_surface_code"",""diameter"":10,""noise_model"":""SI1000"",""p"":0.0005,""rounds"":10}"
    145800,         0,         0,    19.0,pymatching,ab8cd96f938937ef323522d6ae7d339d7fd3147887f711b76d4fcaccb8366e10,"{""code"":""double_measurement_surface_code"",""diameter"":10,""noise_model"":""SI1000"",""p"":0.0009500000000000001,""rounds"":10}"
   1031144,         0,         0,    80.0,pymatching,1296a21dc4e0e346292d113da4b261eb67e53a793935aef4ae75316683c3fe45,"{""code"":""double_measurement_surface_code"",""diameter"":10,""noise_model"":""SI1000"",""p"":0.0007250000000000001,""rounds"":10}"
    243000,         0,         0,    32.6,pymatching,ab8cd96f938937ef323522d6ae7d339d7fd3147887f711b76d4fcaccb8366e10,"{""code"":""double_measurement_surface_code"",""diameter"":10,""noise_model"":""SI1000"",""p"":0.0009500000000000001,""rounds"":10}"
    218700,         0,         0,    28.2,pymatching,ab8cd96f938937ef323522d6ae7d339d7fd3147887f711b76d4fcaccb8366e10,"{""code"":""double_measurement_surface_code"",""diameter"":10,""noise_model"":""SI1000"",""p"":0.0009500000000000001,""rounds"":10}"
   1031144,         0,         0,   118.0,pymatching,1296a21dc4e0e346292d113da4b261eb67e53a793935aef4ae75316683c3fe45,"{""code"":""double_measurement_surface_code"",""diameter"":10,""noise_model"":""SI1000"",""p"":0.0007250000000000001,""rounds"":10}"
   1031144,         0,         0,    81.4,pymatching,1296a21dc4e0e346292d113da4b261eb67e53a793935aef4ae75316683c3fe45,"{""code"":""double_measurement_surface_code"",""diameter"":10,""noise_model"":""SI1000"",""p"":0.0007250000000000001,""rounds"":10}"
   1031144,         1,         0,   118.2,pymatching,1296a21dc4e0e346292d113da4b261eb67e53a793935aef4ae75316683c3fe45,"{""code"":""double_measurement_surface_code"",""diameter"":10,""noise_model"":""SI1000"",""p"":0.0007250000000000001,""rounds"":10}"
       200,         0,         0,   0.338,pymatching,2133ede72a832b3b73752ae01b2ece33ef903f9adbe5695f715fd0e0f69317d5,"{""code"":""double_measurement_surface_code"",""diameter"":10,""noise_model"":""SI1000"",""p"":0.001175,""rounds"":10}"
       600,         0,         0,   0.250,pymatching,2133ede72a832b3b73752ae01b2ece33ef903f9adbe5695f715fd0e0f69317d5,"{""code"":""double_measurement_surface_code"",""diameter"":10,""noise_model"":""SI1000"",""p"":0.001175,""rounds"":10}"
   1031144,         1,         0,   119.5,pymatching,1296a21dc4e0e346292d113da4b261eb67e53a793935aef4ae75316683c3fe45,"{""code"":""double_measurement_surface_code"",""diameter"":10,""noise_model"":""SI1000"",""p"":0.0007250000000000001,""rounds"":10}"
      1800,         0,         0,   0.454,pymatching,2133ede72a832b3b73752ae01b2ece33ef903f9adbe5695f715fd0e0f69317d5,"{""code"":""double_measurement_surface_code"",""diameter"":10,""noise_model"":""SI1000"",""p"":0.001175,""rounds"":10}"
      1800,         0,         0,   0.567,pymatching,2133ede72a832b3b73752ae01b2ece33ef903f9adbe5695f715fd0e0f69317d5,"{""code"":""double_measurement_surface_code"",""diameter"":10,""noise_model"":""SI1000"",""p"":0.001175,""rounds"":10}"
      5400,         0,         0,   0.999,pymatching,2133ede72a832b3b73752ae01b2ece33ef903f9adbe5695f715fd0e0f69317d5,"{""code"":""double_measurement_surface_code"",""diameter"":10,""noise_model"":""SI1000"",""p"":0.001175,""rounds"":10}"
      9000,         0,         0,    1.48,pymatching,2133ede72a832b3b73752ae01b2ece33ef903f9adbe5695f715fd0e0f69317d5,"{""code"":""double_measurement_surface_code"",""diameter"":10,""noise_model"":""SI1000"",""p"":0.001175,""rounds"":10}"
    340200,         0,         0,    30.9,pymatching,ab8cd96f938937ef323522d6ae7d339d7fd3147887f711b76d4fcaccb8366e10,"{""code"":""double_measurement_surface_code"",""diameter"":10,""noise_model"":""SI1000"",""p"":0.0009500000000000001,""rounds"":10}"
     19800,         0,         0,    3.17,pymatching,2133ede72a832b3b73752ae01b2ece33ef903f9adbe5695f715fd0e0f69317d5,"{""code"":""double_measurement_surface_code"",""diameter"":10,""noise_model"":""SI1000"",""p"":0.001175,""rounds"":10}"
     92098,         0,         0,    9.02,pymatching,ab8cd96f938937ef323522d6ae7d339d7fd3147887f711b76d4fcaccb8366e10,"{""code"":""double_measurement_surface_code"",""diameter"":10,""noise_model"":""SI1000"",""p"":0.0009500000000000001,""rounds"":10}"
     37800,         0,         0,    5.73,pymatching,2133ede72a832b3b73752ae01b2ece33ef903f9adbe5695f715fd0e0f69317d5,"{""code"":""double_measurement_surface_code"",""diameter"":10,""noise_model"":""SI1000"",""p"":0.001175,""rounds"":10}"
   1031144,         1,         0,   118.8,pymatching,1296a21dc4e0e346292d113da4b261eb67e53a793935aef4ae75316683c3fe45,"{""code"":""double_measurement_surface_code"",""diameter"":10,""noise_model"":""SI1000"",""p"":0.0007250000000000001,""rounds"":10}"
   1031144,         0,         0,   119.3,pymatching,1296a21dc4e0e346292d113da4b261eb67e53a793935aef4ae75316683c3fe45,"{""code"":""double_measurement_surface_code"",""diameter"":10,""noise_model"":""SI1000"",""p"":0.0007250000000000001,""rounds"":10}"
     76500,         0,         0,    11.5,pymatching,2133ede72a832b3b73752ae01b2ece33ef903f9adbe5695f715fd0e0f69317d5,"{""code"":""double_measurement_surface_code"",""diameter"":10,""noise_model"":""SI1000"",""p"":0.001175,""rounds"":10}"
    153000,         0,         0,    22.8,pymatching,2133ede72a832b3b73752ae01b2ece33ef903f9adbe5695f715fd0e0f69317d5,"{""code"":""double_measurement_surface_code"",""diameter"":10,""noise_model"":""SI1000"",""p"":0.001175,""rounds"":10}"
    153000,         3,         0,    22.8,pymatching,2133ede72a832b3b73752ae01b2ece33ef903f9adbe5695f715fd0e0f69317d5,"{""code"":""double_measurement_surface_code"",""diameter"":10,""noise_model"":""SI1000"",""p"":0.001175,""rounds"":10}"
    534600,         1,         0,    68.7,pymatching,ab8cd96f938937ef323522d6ae7d339d7fd3147887f711b76d4fcaccb8366e10,"{""code"":""double_measurement_surface_code"",""diameter"":10,""noise_model"":""SI1000"",""p"":0.0009500000000000001,""rounds"":10}"
    595622,         1,         0,    53.8,pymatching,ab8cd96f938937ef323522d6ae7d339d7fd3147887f711b76d4fcaccb8366e10,"{""code"":""double_measurement_surface_code"",""diameter"":10,""noise_model"":""SI1000"",""p"":0.0009500000000000001,""rounds"":10}"
    306000,         4,         0,    46.6,pymatching,2133ede72a832b3b73752ae01b2ece33ef903f9adbe5695f715fd0e0f69317d5,"{""code"":""double_measurement_surface_code"",""diameter"":10,""noise_model"":""SI1000"",""p"":0.001175,""rounds"":10}"
    999083,         3,         0,    89.0,pymatching,ab8cd96f938937ef323522d6ae7d339d7fd3147887f711b76d4fcaccb8366e10,"{""code"":""double_measurement_surface_code"",""diameter"":10,""noise_model"":""SI1000"",""p"":0.0009500000000000001,""rounds"":10}"
    883398,         2,         0,   116.4,pymatching,ab8cd96f938937ef323522d6ae7d339d7fd3147887f711b76d4fcaccb8366e10,"{""code"":""double_measurement_surface_code"",""diameter"":10,""noise_model"":""SI1000"",""p"":0.0009500000000000001,""rounds"":10}"
    897352,         0,         0,   116.1,pymatching,ab8cd96f938937ef323522d6ae7d339d7fd3147887f711b76d4fcaccb8366e10,"{""code"":""double_measurement_surface_code"",""diameter"":10,""noise_model"":""SI1000"",""p"":0.0009500000000000001,""rounds"":10}"
    897352,         4,         0,   117.8,pymatching,ab8cd96f938937ef323522d6ae7d339d7fd3147887f711b76d4fcaccb8366e10,"{""code"":""double_measurement_surface_code"",""diameter"":10,""noise_model"":""SI1000"",""p"":0.0009500000000000001,""rounds"":10}"
     68263,         0,         0,    10.2,pymatching,2133ede72a832b3b73752ae01b2ece33ef903f9adbe5695f715fd0e0f69317d5,"{""code"":""double_measurement_surface_code"",""diameter"":10,""noise_model"":""SI1000"",""p"":0.001175,""rounds"":10}"
    612000,         4,         0,    93.0,pymatching,2133ede72a832b3b73752ae01b2ece33ef903f9adbe5695f715fd0e0f69317d5,"{""code"":""double_measurement_surface_code"",""diameter"":10,""noise_model"":""SI1000"",""p"":0.001175,""rounds"":10}"
    999083,         3,         0,   131.7,pymatching,ab8cd96f938937ef323522d6ae7d339d7fd3147887f711b76d4fcaccb8366e10,"{""code"":""double_measurement_surface_code"",""diameter"":10,""noise_model"":""SI1000"",""p"":0.0009500000000000001,""rounds"":10}"
    785558,         8,         0,   118.2,pymatching,2133ede72a832b3b73752ae01b2ece33ef903f9adbe5695f715fd0e0f69317d5,"{""code"":""double_measurement_surface_code"",""diameter"":10,""noise_model"":""SI1000"",""p"":0.001175,""rounds"":10}"
   1057869,         1,         0,    94.8,pymatching,ab8cd96f938937ef323522d6ae7d339d7fd3147887f711b76d4fcaccb8366e10,"{""code"":""double_measurement_surface_code"",""diameter"":10,""noise_model"":""SI1000"",""p"":0.0009500000000000001,""rounds"":10}"
    987362,         2,         0,   128.5,pymatching,ab8cd96f938937ef323522d6ae7d339d7fd3147887f711b76d4fcaccb8366e10,"{""code"":""double_measurement_surface_code"",""diameter"":10,""noise_model"":""SI1000"",""p"":0.0009500000000000001,""rounds"":10}"
    786393,         5,         0,    80.2,pymatching,2133ede72a832b3b73752ae01b2ece33ef903f9adbe5695f715fd0e0f69317d5,"{""code"":""double_measurement_surface_code"",""diameter"":10,""noise_model"":""SI1000"",""p"":0.001175,""rounds"":10}"
    409578,         4,         0,    62.6,pymatching,2133ede72a832b3b73752ae01b2ece33ef903f9adbe5695f715fd0e0f69317d5,"{""code"":""double_measurement_surface_code"",""diameter"":10,""noise_model"":""SI1000"",""p"":0.001175,""rounds"":10}"
    986981,         0,         0,   130.3,pymatching,ab8cd96f938937ef323522d6ae7d339d7fd3147887f711b76d4fcaccb8366e10,"{""code"":""double_measurement_surface_code"",""diameter"":10,""noise_model"":""SI1000"",""p"":0.0009500000000000001,""rounds"":10}"
       200,         0,         0,   0.335,pymatching,8a59f75302308f53bf84b221133eae3379789db5025ef8bfd31c0252e95a03f1,"{""code"":""double_measurement_surface_code"",""diameter"":10,""noise_model"":""SI1000"",""p"":0.0014000000000000002,""rounds"":10}"
       600,         0,         0,   0.271,pymatching,8a59f75302308f53bf84b221133eae3379789db5025ef8bfd31c0252e95a03f1,"{""code"":""double_measurement_surface_code"",""diameter"":10,""noise_model"":""SI1000"",""p"":0.0014000000000000002,""rounds"":10}"
      1800,         0,         0,   0.520,pymatching,8a59f75302308f53bf84b221133eae3379789db5025ef8bfd31c0252e95a03f1,"{""code"":""double_measurement_surface_code"",""diameter"":10,""noise_model"":""SI1000"",""p"":0.0014000000000000002,""rounds"":10}"
      5400,         0,         0,    1.15,pymatching,8a59f75302308f53bf84b221133eae3379789db5025ef8bfd31c0252e95a03f1,"{""code"":""double_measurement_surface_code"",""diameter"":10,""noise_model"":""SI1000"",""p"":0.0014000000000000002,""rounds"":10}"
    182477,         0,         0,    27.9,pymatching,2133ede72a832b3b73752ae01b2ece33ef903f9adbe5695f715fd0e0f69317d5,"{""code"":""double_measurement_surface_code"",""diameter"":10,""noise_model"":""SI1000"",""p"":0.001175,""rounds"":10}"
     16200,         0,         0,    2.90,pymatching,8a59f75302308f53bf84b221133eae3379789db5025ef8bfd31c0252e95a03f1,"{""code"":""double_measurement_surface_code"",""diameter"":10,""noise_model"":""SI1000"",""p"":0.0014000000000000002,""rounds"":10}"
     16200,         0,         0,    2.91,pymatching,8a59f75302308f53bf84b221133eae3379789db5025ef8bfd31c0252e95a03f1,"{""code"":""double_measurement_surface_code"",""diameter"":10,""noise_model"":""SI1000"",""p"":0.0014000000000000002,""rounds"":10}"
     48600,         0,         0,    8.32,pymatching,8a59f75302308f53bf84b221133eae3379789db5025ef8bfd31c0252e95a03f1,"{""code"":""double_measurement_surface_code"",""diameter"":10,""noise_model"":""SI1000"",""p"":0.0014000000000000002,""rounds"":10}"
    786393,         4,         0,   116.9,pymatching,2133ede72a832b3b73752ae01b2ece33ef903f9adbe5695f715fd0e0f69317d5,"{""code"":""double_measurement_surface_code"",""diameter"":10,""noise_model"":""SI1000"",""p"":0.001175,""rounds"":10}"
    786393,         4,         0,   119.1,pymatching,2133ede72a832b3b73752ae01b2ece33ef903f9adbe5695f715fd0e0f69317d5,"{""code"":""double_measurement_surface_code"",""diameter"":10,""noise_model"":""SI1000"",""p"":0.001175,""rounds"":10}"
      8100,         0,         0,    1.68,pymatching,8a59f75302308f53bf84b221133eae3379789db5025ef8bfd31c0252e95a03f1,"{""code"":""double_measurement_surface_code"",""diameter"":10,""noise_model"":""SI1000"",""p"":0.0014000000000000002,""rounds"":10}"
     81000,         3,         0,    13.7,pymatching,8a59f75302308f53bf84b221133eae3379789db5025ef8bfd31c0252e95a03f1,"{""code"":""double_measurement_surface_code"",""diameter"":10,""noise_model"":""SI1000"",""p"":0.0014000000000000002,""rounds"":10}"
     48600,         1,         0,    8.70,pymatching,8a59f75302308f53bf84b221133eae3379789db5025ef8bfd31c0252e95a03f1,"{""code"":""double_measurement_surface_code"",""diameter"":10,""noise_model"":""SI1000"",""p"":0.0014000000000000002,""rounds"":10}"
    791742,         7,         0,    82.2,pymatching,2133ede72a832b3b73752ae01b2ece33ef903f9adbe5695f715fd0e0f69317d5,"{""code"":""double_measurement_surface_code"",""diameter"":10,""noise_model"":""SI1000"",""p"":0.001175,""rounds"":10}"
       200,         0,         0,   0.219,pymatching,1e95d198c526e26d4e0bccffb3b2210918952bf0e746579fc50df9e1dbc7f27e,"{""code"":""double_measurement_surface_code"",""diameter"":10,""noise_model"":""SI1000"",""p"":0.0016250000000000001,""rounds"":10}"
       600,         0,         0,   0.185,pymatching,1e95d198c526e26d4e0bccffb3b2210918952bf0e746579fc50df9e1dbc7f27e,"{""code"":""double_measurement_surface_code"",""diameter"":10,""noise_model"":""SI1000"",""p"":0.0016250000000000001,""rounds"":10}"
      1800,         0,         0,   0.360,pymatching,1e95d198c526e26d4e0bccffb3b2210918952bf0e746579fc50df9e1dbc7f27e,"{""code"":""double_measurement_surface_code"",""diameter"":10,""noise_model"":""SI1000"",""p"":0.0016250000000000001,""rounds"":10}"
      5400,         0,         0,   0.850,pymatching,1e95d198c526e26d4e0bccffb3b2210918952bf0e746579fc50df9e1dbc7f27e,"{""code"":""double_measurement_surface_code"",""diameter"":10,""noise_model"":""SI1000"",""p"":0.0016250000000000001,""rounds"":10}"
     16200,         0,         0,    2.44,pymatching,1e95d198c526e26d4e0bccffb3b2210918952bf0e746579fc50df9e1dbc7f27e,"{""code"":""double_measurement_surface_code"",""diameter"":10,""noise_model"":""SI1000"",""p"":0.0016250000000000001,""rounds"":10}"
    788568,         9,         0,   120.7,pymatching,2133ede72a832b3b73752ae01b2ece33ef903f9adbe5695f715fd0e0f69317d5,"{""code"":""double_measurement_surface_code"",""diameter"":10,""noise_model"":""SI1000"",""p"":0.001175,""rounds"":10}"
    178200,         4,         0,    30.0,pymatching,8a59f75302308f53bf84b221133eae3379789db5025ef8bfd31c0252e95a03f1,"{""code"":""double_measurement_surface_code"",""diameter"":10,""noise_model"":""SI1000"",""p"":0.0014000000000000002,""rounds"":10}"
     48600,         0,         0,    6.55,pymatching,1e95d198c526e26d4e0bccffb3b2210918952bf0e746579fc50df9e1dbc7f27e,"{""code"":""double_measurement_surface_code"",""diameter"":10,""noise_model"":""SI1000"",""p"":0.0016250000000000001,""rounds"":10}"
    178200,         4,         0,    31.3,pymatching,8a59f75302308f53bf84b221133eae3379789db5025ef8bfd31c0252e95a03f1,"{""code"":""double_measurement_surface_code"",""diameter"":10,""noise_model"":""SI1000"",""p"":0.0014000000000000002,""rounds"":10}"
     48600,         5,         0,    9.41,pymatching,1e95d198c526e26d4e0bccffb3b2210918952bf0e746579fc50df9e1dbc7f27e,"{""code"":""double_measurement_surface_code"",""diameter"":10,""noise_model"":""SI1000"",""p"":0.0016250000000000001,""rounds"":10}"
    788568,         5,         0,   119.3,pymatching,2133ede72a832b3b73752ae01b2ece33ef903f9adbe5695f715fd0e0f69317d5,"{""code"":""double_measurement_surface_code"",""diameter"":10,""noise_model"":""SI1000"",""p"":0.001175,""rounds"":10}"
    865583,         5,         0,    88.9,pymatching,2133ede72a832b3b73752ae01b2ece33ef903f9adbe5695f715fd0e0f69317d5,"{""code"":""double_measurement_surface_code"",""diameter"":10,""noise_model"":""SI1000"",""p"":0.001175,""rounds"":10}"
    791742,         4,         0,   119.6,pymatching,2133ede72a832b3b73752ae01b2ece33ef903f9adbe5695f715fd0e0f69317d5,"{""code"":""double_measurement_surface_code"",""diameter"":10,""noise_model"":""SI1000"",""p"":0.001175,""rounds"":10}"
    791742,         4,         0,   118.0,pymatching,2133ede72a832b3b73752ae01b2ece33ef903f9adbe5695f715fd0e0f69317d5,"{""code"":""double_measurement_surface_code"",""diameter"":10,""noise_model"":""SI1000"",""p"":0.001175,""rounds"":10}"
       200,         0,         0,   0.303,pymatching,14911ab20ff10e6518e679c4600ff0a3b7243108b3106823fcd3b6b8c1571dea,"{""code"":""double_measurement_surface_code"",""diameter"":10,""noise_model"":""SI1000"",""p"":0.00185,""rounds"":10}"
    356400,         6,         0,    59.6,pymatching,8a59f75302308f53bf84b221133eae3379789db5025ef8bfd31c0252e95a03f1,"{""code"":""double_measurement_surface_code"",""diameter"":10,""noise_model"":""SI1000"",""p"":0.0014000000000000002,""rounds"":10}"
       600,         0,         0,   0.286,pymatching,14911ab20ff10e6518e679c4600ff0a3b7243108b3106823fcd3b6b8c1571dea,"{""code"":""double_measurement_surface_code"",""diameter"":10,""noise_model"":""SI1000"",""p"":0.00185,""rounds"":10}"
    380171,         9,         0,    45.3,pymatching,8a59f75302308f53bf84b221133eae3379789db5025ef8bfd31c0252e95a03f1,"{""code"":""double_measurement_surface_code"",""diameter"":10,""noise_model"":""SI1000"",""p"":0.0014000000000000002,""rounds"":10}"
    243000,        18,         0,    31.8,pymatching,1e95d198c526e26d4e0bccffb3b2210918952bf0e746579fc50df9e1dbc7f27e,"{""code"":""double_measurement_surface_code"",""diameter"":10,""noise_model"":""SI1000"",""p"":0.0016250000000000001,""rounds"":10}"
    121500,         7,         0,    24.0,pymatching,1e95d198c526e26d4e0bccffb3b2210918952bf0e746579fc50df9e1dbc7f27e,"{""code"":""double_measurement_surface_code"",""diameter"":10,""noise_model"":""SI1000"",""p"":0.0016250000000000001,""rounds"":10}"
    243000,        12,         0,    46.8,pymatching,1e95d198c526e26d4e0bccffb3b2210918952bf0e746579fc50df9e1dbc7f27e,"{""code"":""double_measurement_surface_code"",""diameter"":10,""noise_model"":""SI1000"",""p"":0.0016250000000000001,""rounds"":10}"
    421200,        11,         0,    72.2,pymatching,8a59f75302308f53bf84b221133eae3379789db5025ef8bfd31c0252e95a03f1,"{""code"":""double_measurement_surface_code"",""diameter"":10,""noise_model"":""SI1000"",""p"":0.0014000000000000002,""rounds"":10}"
    381756,        10,         0,    66.3,pymatching,8a59f75302308f53bf84b221133eae3379789db5025ef8bfd31c0252e95a03f1,"{""code"":""double_measurement_surface_code"",""diameter"":10,""noise_model"":""SI1000"",""p"":0.0014000000000000002,""rounds"":10}"
    689029,        10,         0,   117.2,pymatching,8a59f75302308f53bf84b221133eae3379789db5025ef8bfd31c0252e95a03f1,"{""code"":""double_measurement_surface_code"",""diameter"":10,""noise_model"":""SI1000"",""p"":0.0014000000000000002,""rounds"":10}"
    687444,        23,         0,   116.6,pymatching,8a59f75302308f53bf84b221133eae3379789db5025ef8bfd31c0252e95a03f1,"{""code"":""double_measurement_surface_code"",""diameter"":10,""noise_model"":""SI1000"",""p"":0.0014000000000000002,""rounds"":10}"
    766229,        21,         0,    87.7,pymatching,8a59f75302308f53bf84b221133eae3379789db5025ef8bfd31c0252e95a03f1,"{""code"":""double_measurement_surface_code"",""diameter"":10,""noise_model"":""SI1000"",""p"":0.0014000000000000002,""rounds"":10}"
    766229,        13,         0,    89.2,pymatching,8a59f75302308f53bf84b221133eae3379789db5025ef8bfd31c0252e95a03f1,"{""code"":""double_measurement_surface_code"",""diameter"":10,""noise_model"":""SI1000"",""p"":0.0014000000000000002,""rounds"":10}"
    698511,        16,         0,   118.1,pymatching,8a59f75302308f53bf84b221133eae3379789db5025ef8bfd31c0252e95a03f1,"{""code"":""double_measurement_surface_code"",""diameter"":10,""noise_model"":""SI1000"",""p"":0.0014000000000000002,""rounds"":10}"
    698511,        16,         0,   119.5,pymatching,8a59f75302308f53bf84b221133eae3379789db5025ef8bfd31c0252e95a03f1,"{""code"":""double_measurement_surface_code"",""diameter"":10,""noise_model"":""SI1000"",""p"":0.0014000000000000002,""rounds"":10}"
    723717,        16,         0,   124.2,pymatching,8a59f75302308f53bf84b221133eae3379789db5025ef8bfd31c0252e95a03f1,"{""code"":""double_measurement_surface_code"",""diameter"":10,""noise_model"":""SI1000"",""p"":0.0014000000000000002,""rounds"":10}"
    766229,        20,         0,   131.9,pymatching,8a59f75302308f53bf84b221133eae3379789db5025ef8bfd31c0252e95a03f1,"{""code"":""double_measurement_surface_code"",""diameter"":10,""noise_model"":""SI1000"",""p"":0.0014000000000000002,""rounds"":10}"
      1800,         0,         0,   0.644,pymatching,14911ab20ff10e6518e679c4600ff0a3b7243108b3106823fcd3b6b8c1571dea,"{""code"":""double_measurement_surface_code"",""diameter"":10,""noise_model"":""SI1000"",""p"":0.00185,""rounds"":10}"
      5400,         2,         0,    1.32,pymatching,14911ab20ff10e6518e679c4600ff0a3b7243108b3106823fcd3b6b8c1571dea,"{""code"":""double_measurement_surface_code"",""diameter"":10,""noise_model"":""SI1000"",""p"":0.00185,""rounds"":10}"
     16200,         2,         0,    3.60,pymatching,14911ab20ff10e6518e679c4600ff0a3b7243108b3106823fcd3b6b8c1571dea,"{""code"":""double_measurement_surface_code"",""diameter"":10,""noise_model"":""SI1000"",""p"":0.00185,""rounds"":10}"
    749204,        14,         0,   129.2,pymatching,8a59f75302308f53bf84b221133eae3379789db5025ef8bfd31c0252e95a03f1,"{""code"":""double_measurement_surface_code"",""diameter"":10,""noise_model"":""SI1000"",""p"":0.0014000000000000002,""rounds"":10}"
     81765,         6,         0,    16.1,pymatching,1e95d198c526e26d4e0bccffb3b2210918952bf0e746579fc50df9e1dbc7f27e,"{""code"":""double_measurement_surface_code"",""diameter"":10,""noise_model"":""SI1000"",""p"":0.0016250000000000001,""rounds"":10}"
     48600,        11,         0,    10.9,pymatching,14911ab20ff10e6518e679c4600ff0a3b7243108b3106823fcd3b6b8c1571dea,"{""code"":""double_measurement_surface_code"",""diameter"":10,""noise_model"":""SI1000"",""p"":0.00185,""rounds"":10}"
     48600,         4,         0,    11.1,pymatching,14911ab20ff10e6518e679c4600ff0a3b7243108b3106823fcd3b6b8c1571dea,"{""code"":""double_measurement_surface_code"",""diameter"":10,""noise_model"":""SI1000"",""p"":0.00185,""rounds"":10}"
    737968,        17,         0,   129.0,pymatching,8a59f75302308f53bf84b221133eae3379789db5025ef8bfd31c0252e95a03f1,"{""code"":""double_measurement_surface_code"",""diameter"":10,""noise_model"":""SI1000"",""p"":0.0014000000000000002,""rounds"":10}"
    594202,         8,         0,   100.5,pymatching,8a59f75302308f53bf84b221133eae3379789db5025ef8bfd31c0252e95a03f1,"{""code"":""double_measurement_surface_code"",""diameter"":10,""noise_model"":""SI1000"",""p"":0.0014000000000000002,""rounds"":10}"
       200,         0,         0,   0.304,pymatching,5aa2aac74f3eb6242b9cee63b2cc6a90e6fb8b5126c41030347d3036fd5717c0,"{""code"":""double_measurement_surface_code"",""diameter"":10,""noise_model"":""SI1000"",""p"":0.0020750000000000005,""rounds"":10}"
       600,         0,         0,   0.307,pymatching,5aa2aac74f3eb6242b9cee63b2cc6a90e6fb8b5126c41030347d3036fd5717c0,"{""code"":""double_measurement_surface_code"",""diameter"":10,""noise_model"":""SI1000"",""p"":0.0020750000000000005,""rounds"":10}"
      1800,         1,         0,   0.629,pymatching,5aa2aac74f3eb6242b9cee63b2cc6a90e6fb8b5126c41030347d3036fd5717c0,"{""code"":""double_measurement_surface_code"",""diameter"":10,""noise_model"":""SI1000"",""p"":0.0020750000000000005,""rounds"":10}"
      5400,         0,         0,    1.50,pymatching,5aa2aac74f3eb6242b9cee63b2cc6a90e6fb8b5126c41030347d3036fd5717c0,"{""code"":""double_measurement_surface_code"",""diameter"":10,""noise_model"":""SI1000"",""p"":0.0020750000000000005,""rounds"":10}"
     16200,         2,         0,    4.25,pymatching,5aa2aac74f3eb6242b9cee63b2cc6a90e6fb8b5126c41030347d3036fd5717c0,"{""code"":""double_measurement_surface_code"",""diameter"":10,""noise_model"":""SI1000"",""p"":0.0020750000000000005,""rounds"":10}"
    145800,        18,         0,    30.5,pymatching,14911ab20ff10e6518e679c4600ff0a3b7243108b3106823fcd3b6b8c1571dea,"{""code"":""double_measurement_surface_code"",""diameter"":10,""noise_model"":""SI1000"",""p"":0.00185,""rounds"":10}"
    712647,        29,         0,    94.3,pymatching,1e95d198c526e26d4e0bccffb3b2210918952bf0e746579fc50df9e1dbc7f27e,"{""code"":""double_measurement_surface_code"",""diameter"":10,""noise_model"":""SI1000"",""p"":0.0016250000000000001,""rounds"":10}"
    712647,        41,         0,    96.4,pymatching,1e95d198c526e26d4e0bccffb3b2210918952bf0e746579fc50df9e1dbc7f27e,"{""code"":""double_measurement_surface_code"",""diameter"":10,""noise_model"":""SI1000"",""p"":0.0016250000000000001,""rounds"":10}"
     48600,         8,         0,    12.2,pymatching,5aa2aac74f3eb6242b9cee63b2cc6a90e6fb8b5126c41030347d3036fd5717c0,"{""code"":""double_measurement_surface_code"",""diameter"":10,""noise_model"":""SI1000"",""p"":0.0020750000000000005,""rounds"":10}"
    243000,        29,         0,    54.1,pymatching,14911ab20ff10e6518e679c4600ff0a3b7243108b3106823fcd3b6b8c1571dea,"{""code"":""double_measurement_surface_code"",""diameter"":10,""noise_model"":""SI1000"",""p"":0.00185,""rounds"":10}"
    218700,        23,         0,    49.3,pymatching,14911ab20ff10e6518e679c4600ff0a3b7243108b3106823fcd3b6b8c1571dea,"{""code"":""double_measurement_surface_code"",""diameter"":10,""noise_model"":""SI1000"",""p"":0.00185,""rounds"":10}"
    712647,        41,         0,   137.6,pymatching,1e95d198c526e26d4e0bccffb3b2210918952bf0e746579fc50df9e1dbc7f27e,"{""code"":""double_measurement_surface_code"",""diameter"":10,""noise_model"":""SI1000"",""p"":0.0016250000000000001,""rounds"":10}"
    490590,        23,         0,    93.7,pymatching,1e95d198c526e26d4e0bccffb3b2210918952bf0e746579fc50df9e1dbc7f27e,"{""code"":""double_measurement_surface_code"",""diameter"":10,""noise_model"":""SI1000"",""p"":0.0016250000000000001,""rounds"":10}"
    712647,        38,         0,   135.7,pymatching,1e95d198c526e26d4e0bccffb3b2210918952bf0e746579fc50df9e1dbc7f27e,"{""code"":""double_measurement_surface_code"",""diameter"":10,""noise_model"":""SI1000"",""p"":0.0016250000000000001,""rounds"":10}"
    712647,        28,         0,   137.4,pymatching,1e95d198c526e26d4e0bccffb3b2210918952bf0e746579fc50df9e1dbc7f27e,"{""code"":""double_measurement_surface_code"",""diameter"":10,""noise_model"":""SI1000"",""p"":0.0016250000000000001,""rounds"":10}"
    783948,        29,         0,   102.2,pymatching,1e95d198c526e26d4e0bccffb3b2210918952bf0e746579fc50df9e1dbc7f27e,"{""code"":""double_measurement_surface_code"",""diameter"":10,""noise_model"":""SI1000"",""p"":0.0016250000000000001,""rounds"":10}"
    814129,        34,         0,   106.3,pymatching,1e95d198c526e26d4e0bccffb3b2210918952bf0e746579fc50df9e1dbc7f27e,"{""code"":""double_measurement_surface_code"",""diameter"":10,""noise_model"":""SI1000"",""p"":0.0016250000000000001,""rounds"":10}"
    534600,        47,         0,   116.2,pymatching,14911ab20ff10e6518e679c4600ff0a3b7243108b3106823fcd3b6b8c1571dea,"{""code"":""double_measurement_surface_code"",""diameter"":10,""noise_model"":""SI1000"",""p"":0.00185,""rounds"":10}"
    337547,        19,         0,    65.1,pymatching,1e95d198c526e26d4e0bccffb3b2210918952bf0e746579fc50df9e1dbc7f27e,"{""code"":""double_measurement_surface_code"",""diameter"":10,""noise_model"":""SI1000"",""p"":0.0016250000000000001,""rounds"":10}"
    814129,        39,         0,   156.0,pymatching,1e95d198c526e26d4e0bccffb3b2210918952bf0e746579fc50df9e1dbc7f27e,"{""code"":""double_measurement_surface_code"",""diameter"":10,""noise_model"":""SI1000"",""p"":0.0016250000000000001,""rounds"":10}"
    757399,        33,         0,   145.6,pymatching,1e95d198c526e26d4e0bccffb3b2210918952bf0e746579fc50df9e1dbc7f27e,"{""code"":""double_measurement_surface_code"",""diameter"":10,""noise_model"":""SI1000"",""p"":0.0016250000000000001,""rounds"":10}"
    539539,        66,         0,    78.4,pymatching,14911ab20ff10e6518e679c4600ff0a3b7243108b3106823fcd3b6b8c1571dea,"{""code"":""double_measurement_surface_code"",""diameter"":10,""noise_model"":""SI1000"",""p"":0.00185,""rounds"":10}"
    539539,        55,         0,   117.6,pymatching,14911ab20ff10e6518e679c4600ff0a3b7243108b3106823fcd3b6b8c1571dea,"{""code"":""double_measurement_surface_code"",""diameter"":10,""noise_model"":""SI1000"",""p"":0.00185,""rounds"":10}"
    814129,        44,         0,   159.2,pymatching,1e95d198c526e26d4e0bccffb3b2210918952bf0e746579fc50df9e1dbc7f27e,"{""code"":""double_measurement_surface_code"",""diameter"":10,""noise_model"":""SI1000"",""p"":0.0016250000000000001,""rounds"":10}"
    539539,        62,         0,   118.4,pymatching,14911ab20ff10e6518e679c4600ff0a3b7243108b3106823fcd3b6b8c1571dea,"{""code"":""double_measurement_surface_code"",""diameter"":10,""noise_model"":""SI1000"",""p"":0.00185,""rounds"":10}"
    814129,        39,         0,   160.3,pymatching,1e95d198c526e26d4e0bccffb3b2210918952bf0e746579fc50df9e1dbc7f27e,"{""code"":""double_measurement_surface_code"",""diameter"":10,""noise_model"":""SI1000"",""p"":0.0016250000000000001,""rounds"":10}"
    539539,        51,         0,    79.8,pymatching,14911ab20ff10e6518e679c4600ff0a3b7243108b3106823fcd3b6b8c1571dea,"{""code"":""double_measurement_surface_code"",""diameter"":10,""noise_model"":""SI1000"",""p"":0.00185,""rounds"":10}"
    544849,        60,         0,   118.4,pymatching,14911ab20ff10e6518e679c4600ff0a3b7243108b3106823fcd3b6b8c1571dea,"{""code"":""double_measurement_surface_code"",""diameter"":10,""noise_model"":""SI1000"",""p"":0.00185,""rounds"":10}"
    544849,        50,         0,   118.9,pymatching,14911ab20ff10e6518e679c4600ff0a3b7243108b3106823fcd3b6b8c1571dea,"{""code"":""double_measurement_surface_code"",""diameter"":10,""noise_model"":""SI1000"",""p"":0.00185,""rounds"":10}"
     60369,         9,         0,    13.4,pymatching,14911ab20ff10e6518e679c4600ff0a3b7243108b3106823fcd3b6b8c1571dea,"{""code"":""double_measurement_surface_code"",""diameter"":10,""noise_model"":""SI1000"",""p"":0.00185,""rounds"":10}"
    606612,        54,         0,    88.1,pymatching,14911ab20ff10e6518e679c4600ff0a3b7243108b3106823fcd3b6b8c1571dea,"{""code"":""double_measurement_surface_code"",""diameter"":10,""noise_model"":""SI1000"",""p"":0.00185,""rounds"":10}"
    610488,        87,         0,    89.8,pymatching,14911ab20ff10e6518e679c4600ff0a3b7243108b3106823fcd3b6b8c1571dea,"{""code"":""double_measurement_surface_code"",""diameter"":10,""noise_model"":""SI1000"",""p"":0.00185,""rounds"":10}"
    145800,        24,         0,    35.8,pymatching,5aa2aac74f3eb6242b9cee63b2cc6a90e6fb8b5126c41030347d3036fd5717c0,"{""code"":""double_measurement_surface_code"",""diameter"":10,""noise_model"":""SI1000"",""p"":0.0020750000000000005,""rounds"":10}"
    176591,        14,         0,    38.8,pymatching,14911ab20ff10e6518e679c4600ff0a3b7243108b3106823fcd3b6b8c1571dea,"{""code"":""double_measurement_surface_code"",""diameter"":10,""noise_model"":""SI1000"",""p"":0.00185,""rounds"":10}"
    544849,        70,         0,   118.3,pymatching,14911ab20ff10e6518e679c4600ff0a3b7243108b3106823fcd3b6b8c1571dea,"{""code"":""double_measurement_surface_code"",""diameter"":10,""noise_model"":""SI1000"",""p"":0.00185,""rounds"":10}"
    140279,        12,         0,    21.0,pymatching,14911ab20ff10e6518e679c4600ff0a3b7243108b3106823fcd3b6b8c1571dea,"{""code"":""double_measurement_surface_code"",""diameter"":10,""noise_model"":""SI1000"",""p"":0.00185,""rounds"":10}"
       200,         0,         0,   0.169,pymatching,609c0b1371584f0c01ed202408ddf7ed26311aa8916979643538a8b4ef615427,"{""code"":""double_measurement_surface_code"",""diameter"":10,""noise_model"":""SI1000"",""p"":0.0023,""rounds"":10}"
       600,         0,         0,   0.224,pymatching,609c0b1371584f0c01ed202408ddf7ed26311aa8916979643538a8b4ef615427,"{""code"":""double_measurement_surface_code"",""diameter"":10,""noise_model"":""SI1000"",""p"":0.0023,""rounds"":10}"
      1800,         2,         0,   0.500,pymatching,609c0b1371584f0c01ed202408ddf7ed26311aa8916979643538a8b4ef615427,"{""code"":""double_measurement_surface_code"",""diameter"":10,""noise_model"":""SI1000"",""p"":0.0023,""rounds"":10}"
      5400,         3,         0,    1.15,pymatching,609c0b1371584f0c01ed202408ddf7ed26311aa8916979643538a8b4ef615427,"{""code"":""double_measurement_surface_code"",""diameter"":10,""noise_model"":""SI1000"",""p"":0.0023,""rounds"":10}"
    544849,        51,         0,   118.8,pymatching,14911ab20ff10e6518e679c4600ff0a3b7243108b3106823fcd3b6b8c1571dea,"{""code"":""double_measurement_surface_code"",""diameter"":10,""noise_model"":""SI1000"",""p"":0.00185,""rounds"":10}"
     16200,         8,         0,    3.37,pymatching,609c0b1371584f0c01ed202408ddf7ed26311aa8916979643538a8b4ef615427,"{""code"":""double_measurement_surface_code"",""diameter"":10,""noise_model"":""SI1000"",""p"":0.0023,""rounds"":10}"
     16200,         4,         0,    4.68,pymatching,609c0b1371584f0c01ed202408ddf7ed26311aa8916979643538a8b4ef615427,"{""code"":""double_measurement_surface_code"",""diameter"":10,""noise_model"":""SI1000"",""p"":0.0023,""rounds"":10}"
     72900,        18,         0,    18.3,pymatching,5aa2aac74f3eb6242b9cee63b2cc6a90e6fb8b5126c41030347d3036fd5717c0,"{""code"":""double_measurement_surface_code"",""diameter"":10,""noise_model"":""SI1000"",""p"":0.0020750000000000005,""rounds"":10}"
    145800,        34,         0,    25.3,pymatching,5aa2aac74f3eb6242b9cee63b2cc6a90e6fb8b5126c41030347d3036fd5717c0,"{""code"":""double_measurement_surface_code"",""diameter"":10,""noise_model"":""SI1000"",""p"":0.0020750000000000005,""rounds"":10}"
     48600,        20,         0,    9.20,pymatching,609c0b1371584f0c01ed202408ddf7ed26311aa8916979643538a8b4ef615427,"{""code"":""double_measurement_surface_code"",""diameter"":10,""noise_model"":""SI1000"",""p"":0.0023,""rounds"":10}"
    583475,        73,         0,   128.5,pymatching,14911ab20ff10e6518e679c4600ff0a3b7243108b3106823fcd3b6b8c1571dea,"{""code"":""double_measurement_surface_code"",""diameter"":10,""noise_model"":""SI1000"",""p"":0.00185,""rounds"":10}"
    592650,        55,         0,   129.3,pymatching,14911ab20ff10e6518e679c4600ff0a3b7243108b3106823fcd3b6b8c1571dea,"{""code"":""double_measurement_surface_code"",""diameter"":10,""noise_model"":""SI1000"",""p"":0.00185,""rounds"":10}"
    583475,        63,         0,   129.9,pymatching,14911ab20ff10e6518e679c4600ff0a3b7243108b3106823fcd3b6b8c1571dea,"{""code"":""double_measurement_surface_code"",""diameter"":10,""noise_model"":""SI1000"",""p"":0.00185,""rounds"":10}"
    592650,        63,         0,   131.2,pymatching,14911ab20ff10e6518e679c4600ff0a3b7243108b3106823fcd3b6b8c1571dea,"{""code"":""double_measurement_surface_code"",""diameter"":10,""noise_model"":""SI1000"",""p"":0.00185,""rounds"":10}"
       200,         0,         0,   0.312,pymatching,875358b3710dd8fb3e2a9922d0a7c95f9e6d782037d66ed05c4df2a20c8695c8,"{""code"":""double_measurement_surface_code"",""diameter"":10,""noise_model"":""SI1000"",""p"":0.0025250000000000003,""rounds"":10}"
       600,         0,         0,   0.343,pymatching,875358b3710dd8fb3e2a9922d0a7c95f9e6d782037d66ed05c4df2a20c8695c8,"{""code"":""double_measurement_surface_code"",""diameter"":10,""noise_model"":""SI1000"",""p"":0.0025250000000000003,""rounds"":10}"
      8100,         2,         0,    2.17,pymatching,609c0b1371584f0c01ed202408ddf7ed26311aa8916979643538a8b4ef615427,"{""code"":""double_measurement_surface_code"",""diameter"":10,""noise_model"":""SI1000"",""p"":0.0023,""rounds"":10}"
      1800,         2,         0,   0.687,pymatching,875358b3710dd8fb3e2a9922d0a7c95f9e6d782037d66ed05c4df2a20c8695c8,"{""code"":""double_measurement_surface_code"",""diameter"":10,""noise_model"":""SI1000"",""p"":0.0025250000000000003,""rounds"":10}"
      5400,         1,         0,    1.73,pymatching,875358b3710dd8fb3e2a9922d0a7c95f9e6d782037d66ed05c4df2a20c8695c8,"{""code"":""double_measurement_surface_code"",""diameter"":10,""noise_model"":""SI1000"",""p"":0.0025250000000000003,""rounds"":10}"
     81000,        37,         0,    21.7,pymatching,609c0b1371584f0c01ed202408ddf7ed26311aa8916979643538a8b4ef615427,"{""code"":""double_measurement_surface_code"",""diameter"":10,""noise_model"":""SI1000"",""p"":0.0023,""rounds"":10}"
     16200,        18,         0,    5.11,pymatching,875358b3710dd8fb3e2a9922d0a7c95f9e6d782037d66ed05c4df2a20c8695c8,"{""code"":""double_measurement_surface_code"",""diameter"":10,""noise_model"":""SI1000"",""p"":0.0025250000000000003,""rounds"":10}"
     48600,        14,         0,    13.1,pymatching,609c0b1371584f0c01ed202408ddf7ed26311aa8916979643538a8b4ef615427,"{""code"":""double_measurement_surface_code"",""diameter"":10,""noise_model"":""SI1000"",""p"":0.0023,""rounds"":10}"
    129600,        59,         0,    34.1,pymatching,609c0b1371584f0c01ed202408ddf7ed26311aa8916979643538a8b4ef615427,"{""code"":""double_measurement_surface_code"",""diameter"":10,""noise_model"":""SI1000"",""p"":0.0023,""rounds"":10}"
    178200,        70,         0,    46.8,pymatching,609c0b1371584f0c01ed202408ddf7ed26311aa8916979643538a8b4ef615427,"{""code"":""double_measurement_surface_code"",""diameter"":10,""noise_model"":""SI1000"",""p"":0.0023,""rounds"":10}"
    178200,        76,         0,    48.2,pymatching,609c0b1371584f0c01ed202408ddf7ed26311aa8916979643538a8b4ef615427,"{""code"":""double_measurement_surface_code"",""diameter"":10,""noise_model"":""SI1000"",""p"":0.0023,""rounds"":10}"
    342444,        80,         0,    56.2,pymatching,5aa2aac74f3eb6242b9cee63b2cc6a90e6fb8b5126c41030347d3036fd5717c0,"{""code"":""double_measurement_surface_code"",""diameter"":10,""noise_model"":""SI1000"",""p"":0.0020750000000000005,""rounds"":10}"
    106549,        59,         0,    29.6,pymatching,609c0b1371584f0c01ed202408ddf7ed26311aa8916979643538a8b4ef615427,"{""code"":""double_measurement_surface_code"",""diameter"":10,""noise_model"":""SI1000"",""p"":0.0023,""rounds"":10}"
    437400,        98,         0,   108.0,pymatching,5aa2aac74f3eb6242b9cee63b2cc6a90e6fb8b5126c41030347d3036fd5717c0,"{""code"":""double_measurement_surface_code"",""diameter"":10,""noise_model"":""SI1000"",""p"":0.0020750000000000005,""rounds"":10}"
    437400,       103,         0,   107.4,pymatching,5aa2aac74f3eb6242b9cee63b2cc6a90e6fb8b5126c41030347d3036fd5717c0,"{""code"":""double_measurement_surface_code"",""diameter"":10,""noise_model"":""SI1000"",""p"":0.0020750000000000005,""rounds"":10}"
    532356,       138,         0,    89.1,pymatching,5aa2aac74f3eb6242b9cee63b2cc6a90e6fb8b5126c41030347d3036fd5717c0,"{""code"":""double_measurement_surface_code"",""diameter"":10,""noise_model"":""SI1000"",""p"":0.0020750000000000005,""rounds"":10}"
     48600,        37,         0,    10.4,pymatching,875358b3710dd8fb3e2a9922d0a7c95f9e6d782037d66ed05c4df2a20c8695c8,"{""code"":""double_measurement_surface_code"",""diameter"":10,""noise_model"":""SI1000"",""p"":0.0025250000000000003,""rounds"":10}"
    291600,       135,         0,    78.2,pymatching,609c0b1371584f0c01ed202408ddf7ed26311aa8916979643538a8b4ef615427,"{""code"":""double_measurement_surface_code"",""diameter"":10,""noise_model"":""SI1000"",""p"":0.0023,""rounds"":10}"
    437400,        94,         0,   106.0,pymatching,5aa2aac74f3eb6242b9cee63b2cc6a90e6fb8b5126c41030347d3036fd5717c0,"{""code"":""double_measurement_surface_code"",""diameter"":10,""noise_model"":""SI1000"",""p"":0.0020750000000000005,""rounds"":10}"
    108308,        28,         0,    25.1,pymatching,5aa2aac74f3eb6242b9cee63b2cc6a90e6fb8b5126c41030347d3036fd5717c0,"{""code"":""double_measurement_surface_code"",""diameter"":10,""noise_model"":""SI1000"",""p"":0.0020750000000000005,""rounds"":10}"
    356400,       160,         0,    94.8,pymatching,609c0b1371584f0c01ed202408ddf7ed26311aa8916979643538a8b4ef615427,"{""code"":""double_measurement_surface_code"",""diameter"":10,""noise_model"":""SI1000"",""p"":0.0023,""rounds"":10}"
       200,         1,         0,   0.245,pymatching,16811a3ce18a825bd89134c3bdd164a0505108ce9e3b2598d48723e51a809966,"{""code"":""double_measurement_surface_code"",""diameter"":10,""noise_model"":""SI1000"",""p"":0.0027500000000000003,""rounds"":10}"
       600,         0,         0,   0.341,pymatching,16811a3ce18a825bd89134c3bdd164a0505108ce9e3b2598d48723e51a809966,"{""code"":""double_measurement_surface_code"",""diameter"":10,""noise_model"":""SI1000"",""p"":0.0027500000000000003,""rounds"":10}"
       600,         1,         0,   0.392,pymatching,16811a3ce18a825bd89134c3bdd164a0505108ce9e3b2598d48723e51a809966,"{""code"":""double_measurement_surface_code"",""diameter"":10,""noise_model"":""SI1000"",""p"":0.0027500000000000003,""rounds"":10}"
      1800,         3,         0,   0.724,pymatching,16811a3ce18a825bd89134c3bdd164a0505108ce9e3b2598d48723e51a809966,"{""code"":""double_measurement_surface_code"",""diameter"":10,""noise_model"":""SI1000"",""p"":0.0027500000000000003,""rounds"":10}"
      3000,         3,         0,    1.14,pymatching,16811a3ce18a825bd89134c3bdd164a0505108ce9e3b2598d48723e51a809966,"{""code"":""double_measurement_surface_code"",""diameter"":10,""noise_model"":""SI1000"",""p"":0.0027500000000000003,""rounds"":10}"
      6600,         9,         0,    2.20,pymatching,16811a3ce18a825bd89134c3bdd164a0505108ce9e3b2598d48723e51a809966,"{""code"":""double_measurement_surface_code"",""diameter"":10,""noise_model"":""SI1000"",""p"":0.0027500000000000003,""rounds"":10}"
     12600,        16,         0,    4.35,pymatching,16811a3ce18a825bd89134c3bdd164a0505108ce9e3b2598d48723e51a809966,"{""code"":""double_measurement_surface_code"",""diameter"":10,""noise_model"":""SI1000"",""p"":0.0027500000000000003,""rounds"":10}"
     25800,        48,         0,    8.58,pymatching,16811a3ce18a825bd89134c3bdd164a0505108ce9e3b2598d48723e51a809966,"{""code"":""double_measurement_surface_code"",""diameter"":10,""noise_model"":""SI1000"",""p"":0.0027500000000000003,""rounds"":10}"
     72900,        66,         0,    21.2,pymatching,875358b3710dd8fb3e2a9922d0a7c95f9e6d782037d66ed05c4df2a20c8695c8,"{""code"":""double_measurement_surface_code"",""diameter"":10,""noise_model"":""SI1000"",""p"":0.0025250000000000003,""rounds"":10}"
    145800,       110,         0,    31.0,pymatching,875358b3710dd8fb3e2a9922d0a7c95f9e6d782037d66ed05c4df2a20c8695c8,"{""code"":""double_measurement_surface_code"",""diameter"":10,""noise_model"":""SI1000"",""p"":0.0025250000000000003,""rounds"":10}"
     51000,        78,         0,    17.0,pymatching,16811a3ce18a825bd89134c3bdd164a0505108ce9e3b2598d48723e51a809966,"{""code"":""double_measurement_surface_code"",""diameter"":10,""noise_model"":""SI1000"",""p"":0.0027500000000000003,""rounds"":10}"
     20916,        18,         0,    6.41,pymatching,875358b3710dd8fb3e2a9922d0a7c95f9e6d782037d66ed05c4df2a20c8695c8,"{""code"":""double_measurement_surface_code"",""diameter"":10,""noise_model"":""SI1000"",""p"":0.0025250000000000003,""rounds"":10}"
    145800,       109,         0,    45.0,pymatching,875358b3710dd8fb3e2a9922d0a7c95f9e6d782037d66ed05c4df2a20c8695c8,"{""code"":""double_measurement_surface_code"",""diameter"":10,""noise_model"":""SI1000"",""p"":0.0025250000000000003,""rounds"":10}"
     25290,        25,         0,    7.85,pymatching,875358b3710dd8fb3e2a9922d0a7c95f9e6d782037d66ed05c4df2a20c8695c8,"{""code"":""double_measurement_surface_code"",""diameter"":10,""noise_model"":""SI1000"",""p"":0.0025250000000000003,""rounds"":10}"
    604542,       149,         0,   100.6,pymatching,5aa2aac74f3eb6242b9cee63b2cc6a90e6fb8b5126c41030347d3036fd5717c0,"{""code"":""double_measurement_surface_code"",""diameter"":10,""noise_model"":""SI1000"",""p"":0.0020750000000000005,""rounds"":10}"
       200,         0,         0,   0.231,pymatching,aabe848a66cf3ee4d10baeb7ce47c2fbd8fbb046926c0fef3a71a186d986dceb,"{""code"":""double_measurement_surface_code"",""diameter"":10,""noise_model"":""SI1000"",""p"":0.002975,""rounds"":10}"
    102600,       172,         0,    33.9,pymatching,16811a3ce18a825bd89134c3bdd164a0505108ce9e3b2598d48723e51a809966,"{""code"":""double_measurement_surface_code"",""diameter"":10,""noise_model"":""SI1000"",""p"":0.0027500000000000003,""rounds"":10}"
       600,         2,         0,   0.252,pymatching,aabe848a66cf3ee4d10baeb7ce47c2fbd8fbb046926c0fef3a71a186d986dceb,"{""code"":""double_measurement_surface_code"",""diameter"":10,""noise_model"":""SI1000"",""p"":0.002975,""rounds"":10}"
      1800,         4,         0,   0.551,pymatching,aabe848a66cf3ee4d10baeb7ce47c2fbd8fbb046926c0fef3a71a186d986dceb,"{""code"":""double_measurement_surface_code"",""diameter"":10,""noise_model"":""SI1000"",""p"":0.002975,""rounds"":10}"
      5223,         3,         0,    1.88,pymatching,16811a3ce18a825bd89134c3bdd164a0505108ce9e3b2598d48723e51a809966,"{""code"":""double_measurement_surface_code"",""diameter"":10,""noise_model"":""SI1000"",""p"":0.0027500000000000003,""rounds"":10}"
      5400,        12,         0,    1.44,pymatching,aabe848a66cf3ee4d10baeb7ce47c2fbd8fbb046926c0fef3a71a186d986dceb,"{""code"":""double_measurement_surface_code"",""diameter"":10,""noise_model"":""SI1000"",""p"":0.002975,""rounds"":10}"
     10094,        15,         0,    3.51,pymatching,16811a3ce18a825bd89134c3bdd164a0505108ce9e3b2598d48723e51a809966,"{""code"":""double_measurement_surface_code"",""diameter"":10,""noise_model"":""SI1000"",""p"":0.0027500000000000003,""rounds"":10}"
      1964,         0,         0,   0.801,pymatching,16811a3ce18a825bd89134c3bdd164a0505108ce9e3b2598d48723e51a809966,"{""code"":""double_measurement_surface_code"",""diameter"":10,""noise_model"":""SI1000"",""p"":0.0027500000000000003,""rounds"":10}"
     16200,        39,         0,    4.18,pymatching,aabe848a66cf3ee4d10baeb7ce47c2fbd8fbb046926c0fef3a71a186d986dceb,"{""code"":""double_measurement_surface_code"",""diameter"":10,""noise_model"":""SI1000"",""p"":0.002975,""rounds"":10}"
      5629,         8,         0,    2.05,pymatching,16811a3ce18a825bd89134c3bdd164a0505108ce9e3b2598d48723e51a809966,"{""code"":""double_measurement_surface_code"",""diameter"":10,""noise_model"":""SI1000"",""p"":0.0027500000000000003,""rounds"":10}"
      1542,         4,         0,   0.708,pymatching,16811a3ce18a825bd89134c3bdd164a0505108ce9e3b2598d48723e51a809966,"{""code"":""double_measurement_surface_code"",""diameter"":10,""noise_model"":""SI1000"",""p"":0.0027500000000000003,""rounds"":10}"
     48600,       105,         0,    12.5,pymatching,aabe848a66cf3ee4d10baeb7ce47c2fbd8fbb046926c0fef3a71a186d986dceb,"{""code"":""double_measurement_surface_code"",""diameter"":10,""noise_model"":""SI1000"",""p"":0.002975,""rounds"":10}"
    467258,       222,         0,   125.2,pymatching,609c0b1371584f0c01ed202408ddf7ed26311aa8916979643538a8b4ef615427,"{""code"":""double_measurement_surface_code"",""diameter"":10,""noise_model"":""SI1000"",""p"":0.0023,""rounds"":10}"
    472596,       220,         0,   128.4,pymatching,609c0b1371584f0c01ed202408ddf7ed26311aa8916979643538a8b4ef615427,"{""code"":""double_measurement_surface_code"",""diameter"":10,""noise_model"":""SI1000"",""p"":0.0023,""rounds"":10}"
     48600,       104,         0,    17.8,pymatching,aabe848a66cf3ee4d10baeb7ce47c2fbd8fbb046926c0fef3a71a186d986dceb,"{""code"":""double_measurement_surface_code"",""diameter"":10,""noise_model"":""SI1000"",""p"":0.002975,""rounds"":10}"
     24300,        54,         0,    9.11,pymatching,aabe848a66cf3ee4d10baeb7ce47c2fbd8fbb046926c0fef3a71a186d986dceb,"{""code"":""double_measurement_surface_code"",""diameter"":10,""noise_model"":""SI1000"",""p"":0.002975,""rounds"":10}"
       200,         0,         0,   0.257,pymatching,a29a2f71d5c57769d20c974d6ab109c05483c3e978892bc29afa3e92ceed2593,"{""code"":""double_measurement_surface_code"",""diameter"":10,""noise_model"":""SI1000"",""p"":0.0032,""rounds"":10}"
       600,         3,         0,   0.393,pymatching,a29a2f71d5c57769d20c974d6ab109c05483c3e978892bc29afa3e92ceed2593,"{""code"":""double_measurement_surface_code"",""diameter"":10,""noise_model"":""SI1000"",""p"":0.0032,""rounds"":10}"
      1800,         8,         0,   0.885,pymatching,a29a2f71d5c57769d20c974d6ab109c05483c3e978892bc29afa3e92ceed2593,"{""code"":""double_measurement_surface_code"",""diameter"":10,""noise_model"":""SI1000"",""p"":0.0032,""rounds"":10}"
     19025,        53,         0,    7.04,pymatching,aabe848a66cf3ee4d10baeb7ce47c2fbd8fbb046926c0fef3a71a186d986dceb,"{""code"":""double_measurement_surface_code"",""diameter"":10,""noise_model"":""SI1000"",""p"":0.002975,""rounds"":10}"
      5400,        19,         0,    2.35,pymatching,a29a2f71d5c57769d20c974d6ab109c05483c3e978892bc29afa3e92ceed2593,"{""code"":""double_measurement_surface_code"",""diameter"":10,""noise_model"":""SI1000"",""p"":0.0032,""rounds"":10}"
      5400,         9,         0,    2.33,pymatching,a29a2f71d5c57769d20c974d6ab109c05483c3e978892bc29afa3e92ceed2593,"{""code"":""double_measurement_surface_code"",""diameter"":10,""noise_model"":""SI1000"",""p"":0.0032,""rounds"":10}"
     16200,        68,         0,    6.66,pymatching,a29a2f71d5c57769d20c974d6ab109c05483c3e978892bc29afa3e92ceed2593,"{""code"":""double_measurement_surface_code"",""diameter"":10,""noise_model"":""SI1000"",""p"":0.0032,""rounds"":10}"
     27000,       109,         0,    10.9,pymatching,a29a2f71d5c57769d20c974d6ab109c05483c3e978892bc29afa3e92ceed2593,"{""code"":""double_measurement_surface_code"",""diameter"":10,""noise_model"":""SI1000"",""p"":0.0032,""rounds"":10}"
    204600,       286,         0,    67.0,pymatching,16811a3ce18a825bd89134c3bdd164a0505108ce9e3b2598d48723e51a809966,"{""code"":""double_measurement_surface_code"",""diameter"":10,""noise_model"":""SI1000"",""p"":0.0027500000000000003,""rounds"":10}"
    291600,       212,         0,    88.3,pymatching,875358b3710dd8fb3e2a9922d0a7c95f9e6d782037d66ed05c4df2a20c8695c8,"{""code"":""double_measurement_surface_code"",""diameter"":10,""noise_model"":""SI1000"",""p"":0.0025250000000000003,""rounds"":10}"
    145800,       325,         0,    36.5,pymatching,aabe848a66cf3ee4d10baeb7ce47c2fbd8fbb046926c0fef3a71a186d986dceb,"{""code"":""double_measurement_surface_code"",""diameter"":10,""noise_model"":""SI1000"",""p"":0.002975,""rounds"":10}"
    555793,       141,         0,   134.6,pymatching,5aa2aac74f3eb6242b9cee63b2cc6a90e6fb8b5126c41030347d3036fd5717c0,"{""code"":""double_measurement_surface_code"",""diameter"":10,""noise_model"":""SI1000"",""p"":0.0020750000000000005,""rounds"":10}"
     33437,        55,         0,    11.2,pymatching,16811a3ce18a825bd89134c3bdd164a0505108ce9e3b2598d48723e51a809966,"{""code"":""double_measurement_surface_code"",""diameter"":10,""noise_model"":""SI1000"",""p"":0.0027500000000000003,""rounds"":10}"
       200,         1,         0,   0.325,pymatching,8fb9b7ec62c9c362366a8c51bd5cd4b9d6ef89c6f3516f50dcb0101ee8172411,"{""code"":""double_measurement_surface_code"",""diameter"":10,""noise_model"":""SI1000"",""p"":0.003425,""rounds"":10}"
       600,         8,         0,   0.416,pymatching,8fb9b7ec62c9c362366a8c51bd5cd4b9d6ef89c6f3516f50dcb0101ee8172411,"{""code"":""double_measurement_surface_code"",""diameter"":10,""noise_model"":""SI1000"",""p"":0.003425,""rounds"":10}"
     28184,        19,         0,    8.72,pymatching,875358b3710dd8fb3e2a9922d0a7c95f9e6d782037d66ed05c4df2a20c8695c8,"{""code"":""double_measurement_surface_code"",""diameter"":10,""noise_model"":""SI1000"",""p"":0.0025250000000000003,""rounds"":10}"
    204300,       286,         0,    68.3,pymatching,16811a3ce18a825bd89134c3bdd164a0505108ce9e3b2598d48723e51a809966,"{""code"":""double_measurement_surface_code"",""diameter"":10,""noise_model"":""SI1000"",""p"":0.0027500000000000003,""rounds"":10}"
      1800,         7,         0,   0.945,pymatching,8fb9b7ec62c9c362366a8c51bd5cd4b9d6ef89c6f3516f50dcb0101ee8172411,"{""code"":""double_measurement_surface_code"",""diameter"":10,""noise_model"":""SI1000"",""p"":0.003425,""rounds"":10}"
     32578,       104,         0,    9.14,pymatching,a29a2f71d5c57769d20c974d6ab109c05483c3e978892bc29afa3e92ceed2593,"{""code"":""double_measurement_surface_code"",""diameter"":10,""noise_model"":""SI1000"",""p"":0.0032,""rounds"":10}"
      1800,         8,         0,   0.949,pymatching,8fb9b7ec62c9c362366a8c51bd5cd4b9d6ef89c6f3516f50dcb0101ee8172411,"{""code"":""double_measurement_surface_code"",""diameter"":10,""noise_model"":""SI1000"",""p"":0.003425,""rounds"":10}"
      5834,         7,         0,    1.95,pymatching,875358b3710dd8fb3e2a9922d0a7c95f9e6d782037d66ed05c4df2a20c8695c8,"{""code"":""double_measurement_surface_code"",""diameter"":10,""noise_model"":""SI1000"",""p"":0.0025250000000000003,""rounds"":10}"
     59400,       204,         0,    23.9,pymatching,a29a2f71d5c57769d20c974d6ab109c05483c3e978892bc29afa3e92ceed2593,"{""code"":""double_measurement_surface_code"",""diameter"":10,""noise_model"":""SI1000"",""p"":0.0032,""rounds"":10}"
      5400,        37,         0,    2.55,pymatching,8fb9b7ec62c9c362366a8c51bd5cd4b9d6ef89c6f3516f50dcb0101ee8172411,"{""code"":""double_measurement_surface_code"",""diameter"":10,""noise_model"":""SI1000"",""p"":0.003425,""rounds"":10}"
      9509,         8,         0,    3.41,pymatching,16811a3ce18a825bd89134c3bdd164a0505108ce9e3b2598d48723e51a809966,"{""code"":""double_measurement_surface_code"",""diameter"":10,""noise_model"":""SI1000"",""p"":0.0027500000000000003,""rounds"":10}"
      9000,        48,         0,    4.11,pymatching,8fb9b7ec62c9c362366a8c51bd5cd4b9d6ef89c6f3516f50dcb0101ee8172411,"{""code"":""double_measurement_surface_code"",""diameter"":10,""noise_model"":""SI1000"",""p"":0.003425,""rounds"":10}"
      5085,        14,         0,    2.20,pymatching,a29a2f71d5c57769d20c974d6ab109c05483c3e978892bc29afa3e92ceed2593,"{""code"":""double_measurement_surface_code"",""diameter"":10,""noise_model"":""SI1000"",""p"":0.0032,""rounds"":10}"
      8100,        46,         0,    3.71,pymatching,8fb9b7ec62c9c362366a8c51bd5cd4b9d6ef89c6f3516f50dcb0101ee8172411,"{""code"":""double_measurement_surface_code"",""diameter"":10,""noise_model"":""SI1000"",""p"":0.003425,""rounds"":10}"
      4100,        11,         0,    1.53,pymatching,16811a3ce18a825bd89134c3bdd164a0505108ce9e3b2598d48723e51a809966,"{""code"":""double_measurement_surface_code"",""diameter"":10,""noise_model"":""SI1000"",""p"":0.0027500000000000003,""rounds"":10}"
     16884,        56,         0,    4.84,pymatching,a29a2f71d5c57769d20c974d6ab109c05483c3e978892bc29afa3e92ceed2593,"{""code"":""double_measurement_surface_code"",""diameter"":10,""noise_model"":""SI1000"",""p"":0.0032,""rounds"":10}"
      1531,         6,         0,   0.506,pymatching,a29a2f71d5c57769d20c974d6ab109c05483c3e978892bc29afa3e92ceed2593,"{""code"":""double_measurement_surface_code"",""diameter"":10,""noise_model"":""SI1000"",""p"":0.0032,""rounds"":10}"
      2085,         5,         0,   0.941,pymatching,a29a2f71d5c57769d20c974d6ab109c05483c3e978892bc29afa3e92ceed2593,"{""code"":""double_measurement_surface_code"",""diameter"":10,""noise_model"":""SI1000"",""p"":0.0032,""rounds"":10}"
       200,         1,         0,   0.219,pymatching,6f218dff6adeba3ca77541f74779273c9f1d60167c7ec99f2dabe11d66c25ebf,"{""code"":""double_measurement_surface_code"",""diameter"":10,""noise_model"":""SI1000"",""p"":0.0036500000000000005,""rounds"":10}"
       764,         3,         0,   0.431,pymatching,a29a2f71d5c57769d20c974d6ab109c05483c3e978892bc29afa3e92ceed2593,"{""code"":""double_measurement_surface_code"",""diameter"":10,""noise_model"":""SI1000"",""p"":0.0032,""rounds"":10}"
       600,         4,         0,   0.301,pymatching,6f218dff6adeba3ca77541f74779273c9f1d60167c7ec99f2dabe11d66c25ebf,"{""code"":""double_measurement_surface_code"",""diameter"":10,""noise_model"":""SI1000"",""p"":0.0036500000000000005,""rounds"":10}"
       600,         5,         0,   0.424,pymatching,6f218dff6adeba3ca77541f74779273c9f1d60167c7ec99f2dabe11d66c25ebf,"{""code"":""double_measurement_surface_code"",""diameter"":10,""noise_model"":""SI1000"",""p"":0.0036500000000000005,""rounds"":10}"
      1800,         9,         0,   0.726,pymatching,6f218dff6adeba3ca77541f74779273c9f1d60167c7ec99f2dabe11d66c25ebf,"{""code"":""double_measurement_surface_code"",""diameter"":10,""noise_model"":""SI1000"",""p"":0.0036500000000000005,""rounds"":10}"
    145800,       378,         0,    52.3,pymatching,aabe848a66cf3ee4d10baeb7ce47c2fbd8fbb046926c0fef3a71a186d986dceb,"{""code"":""double_measurement_surface_code"",""diameter"":10,""noise_model"":""SI1000"",""p"":0.002975,""rounds"":10}"
      3000,        27,         0,    1.58,pymatching,6f218dff6adeba3ca77541f74779273c9f1d60167c7ec99f2dabe11d66c25ebf,"{""code"":""double_measurement_surface_code"",""diameter"":10,""noise_model"":""SI1000"",""p"":0.0036500000000000005,""rounds"":10}"
    604542,       125,         0,   147.7,pymatching,5aa2aac74f3eb6242b9cee63b2cc6a90e6fb8b5126c41030347d3036fd5717c0,"{""code"":""double_measurement_surface_code"",""diameter"":10,""noise_model"":""SI1000"",""p"":0.0020750000000000005,""rounds"":10}"
      6600,        50,         0,    2.32,pymatching,6f218dff6adeba3ca77541f74779273c9f1d60167c7ec99f2dabe11d66c25ebf,"{""code"":""double_measurement_surface_code"",""diameter"":10,""noise_model"":""SI1000"",""p"":0.0036500000000000005,""rounds"":10}"
      6600,        51,         0,    3.26,pymatching,6f218dff6adeba3ca77541f74779273c9f1d60167c7ec99f2dabe11d66c25ebf,"{""code"":""double_measurement_surface_code"",""diameter"":10,""noise_model"":""SI1000"",""p"":0.0036500000000000005,""rounds"":10}"
     19800,        99,         0,    8.76,pymatching,8fb9b7ec62c9c362366a8c51bd5cd4b9d6ef89c6f3516f50dcb0101ee8172411,"{""code"":""double_measurement_surface_code"",""diameter"":10,""noise_model"":""SI1000"",""p"":0.003425,""rounds"":10}"
      5700,        55,         0,    2.93,pymatching,6f218dff6adeba3ca77541f74779273c9f1d60167c7ec99f2dabe11d66c25ebf,"{""code"":""double_measurement_surface_code"",""diameter"":10,""noise_model"":""SI1000"",""p"":0.0036500000000000005,""rounds"":10}"
    494661,       382,         0,   103.8,pymatching,875358b3710dd8fb3e2a9922d0a7c95f9e6d782037d66ed05c4df2a20c8695c8,"{""code"":""double_measurement_surface_code"",""diameter"":10,""noise_model"":""SI1000"",""p"":0.0025250000000000003,""rounds"":10}"
       200,         0,         0,   0.320,pymatching,dc07f7f45ac959f3060187ba10b2363546a0f1774b1a07786eac856ed8058cd9,"{""code"":""double_measurement_surface_code"",""diameter"":10,""noise_model"":""SI1000"",""p"":0.0038750000000000004,""rounds"":10}"
       600,         8,         0,   0.344,pymatching,dc07f7f45ac959f3060187ba10b2363546a0f1774b1a07786eac856ed8058cd9,"{""code"":""double_measurement_surface_code"",""diameter"":10,""noise_model"":""SI1000"",""p"":0.0038750000000000004,""rounds"":10}"
     12600,        88,         0,    6.14,pymatching,6f218dff6adeba3ca77541f74779273c9f1d60167c7ec99f2dabe11d66c25ebf,"{""code"":""double_measurement_surface_code"",""diameter"":10,""noise_model"":""SI1000"",""p"":0.0036500000000000005,""rounds"":10}"
      1800,        22,         0,   0.755,pymatching,dc07f7f45ac959f3060187ba10b2363546a0f1774b1a07786eac856ed8058cd9,"{""code"":""double_measurement_surface_code"",""diameter"":10,""noise_model"":""SI1000"",""p"":0.0038750000000000004,""rounds"":10}"
     23400,       128,         0,    10.3,pymatching,8fb9b7ec62c9c362366a8c51bd5cd4b9d6ef89c6f3516f50dcb0101ee8172411,"{""code"":""double_measurement_surface_code"",""diameter"":10,""noise_model"":""SI1000"",""p"":0.003425,""rounds"":10}"
      5400,        60,         0,    2.04,pymatching,dc07f7f45ac959f3060187ba10b2363546a0f1774b1a07786eac856ed8058cd9,"{""code"":""double_measurement_surface_code"",""diameter"":10,""noise_model"":""SI1000"",""p"":0.0038750000000000004,""rounds"":10}"
      6100,        49,         0,    2.95,pymatching,6f218dff6adeba3ca77541f74779273c9f1d60167c7ec99f2dabe11d66c25ebf,"{""code"":""double_measurement_surface_code"",""diameter"":10,""noise_model"":""SI1000"",""p"":0.0036500000000000005,""rounds"":10}"
     25800,       179,         0,    8.51,pymatching,6f218dff6adeba3ca77541f74779273c9f1d60167c7ec99f2dabe11d66c25ebf,"{""code"":""double_measurement_surface_code"",""diameter"":10,""noise_model"":""SI1000"",""p"":0.0036500000000000005,""rounds"":10}"
      5400,        62,         0,    2.85,pymatching,dc07f7f45ac959f3060187ba10b2363546a0f1774b1a07786eac856ed8058cd9,"{""code"":""double_measurement_surface_code"",""diameter"":10,""noise_model"":""SI1000"",""p"":0.0038750000000000004,""rounds"":10}"
      4784,        32,         0,    1.92,pymatching,6f218dff6adeba3ca77541f74779273c9f1d60167c7ec99f2dabe11d66c25ebf,"{""code"":""double_measurement_surface_code"",""diameter"":10,""noise_model"":""SI1000"",""p"":0.0036500000000000005,""rounds"":10}"
       912,         4,         0,   0.406,pymatching,6f218dff6adeba3ca77541f74779273c9f1d60167c7ec99f2dabe11d66c25ebf,"{""code"":""double_measurement_surface_code"",""diameter"":10,""noise_model"":""SI1000"",""p"":0.0036500000000000005,""rounds"":10}"
       672,         2,         0,   0.322,pymatching,6f218dff6adeba3ca77541f74779273c9f1d60167c7ec99f2dabe11d66c25ebf,"{""code"":""double_measurement_surface_code"",""diameter"":10,""noise_model"":""SI1000"",""p"":0.0036500000000000005,""rounds"":10}"
       720,         5,         0,   0.355,pymatching,6f218dff6adeba3ca77541f74779273c9f1d60167c7ec99f2dabe11d66c25ebf,"{""code"":""double_measurement_surface_code"",""diameter"":10,""noise_model"":""SI1000"",""p"":0.0036500000000000005,""rounds"":10}"
     37800,       203,         0,    16.3,pymatching,8fb9b7ec62c9c362366a8c51bd5cd4b9d6ef89c6f3516f50dcb0101ee8172411,"{""code"":""double_measurement_surface_code"",""diameter"":10,""noise_model"":""SI1000"",""p"":0.003425,""rounds"":10}"
        71,         1,         0,   0.154,pymatching,6f218dff6adeba3ca77541f74779273c9f1d60167c7ec99f2dabe11d66c25ebf,"{""code"":""double_measurement_surface_code"",""diameter"":10,""noise_model"":""SI1000"",""p"":0.0036500000000000005,""rounds"":10}"
       771,         2,         0,   0.510,pymatching,8fb9b7ec62c9c362366a8c51bd5cd4b9d6ef89c6f3516f50dcb0101ee8172411,"{""code"":""double_measurement_surface_code"",""diameter"":10,""noise_model"":""SI1000"",""p"":0.003425,""rounds"":10}"
     22083,       127,         0,    9.76,pymatching,8fb9b7ec62c9c362366a8c51bd5cd4b9d6ef89c6f3516f50dcb0101ee8172411,"{""code"":""double_measurement_surface_code"",""diameter"":10,""noise_model"":""SI1000"",""p"":0.003425,""rounds"":10}"
     20700,       191,         0,    10.0,pymatching,6f218dff6adeba3ca77541f74779273c9f1d60167c7ec99f2dabe11d66c25ebf,"{""code"":""double_measurement_surface_code"",""diameter"":10,""noise_model"":""SI1000"",""p"":0.0036500000000000005,""rounds"":10}"
       687,         8,         0,   0.442,pymatching,8fb9b7ec62c9c362366a8c51bd5cd4b9d6ef89c6f3516f50dcb0101ee8172411,"{""code"":""double_measurement_surface_code"",""diameter"":10,""noise_model"":""SI1000"",""p"":0.003425,""rounds"":10}"
     16200,       186,         0,    6.15,pymatching,dc07f7f45ac959f3060187ba10b2363546a0f1774b1a07786eac856ed8058cd9,"{""code"":""double_measurement_surface_code"",""diameter"":10,""noise_model"":""SI1000"",""p"":0.0038750000000000004,""rounds"":10}"
       200,         3,         0,   0.262,pymatching,133292b08a30b8ef4da206482458bfdca2ed27f2fe638c42e9b79b3a470c9adb,"{""code"":""double_measurement_surface_code"",""diameter"":10,""noise_model"":""SI1000"",""p"":0.0041,""rounds"":10}"
       200,         2,         0,   0.262,pymatching,133292b08a30b8ef4da206482458bfdca2ed27f2fe638c42e9b79b3a470c9adb,"{""code"":""double_measurement_surface_code"",""diameter"":10,""noise_model"":""SI1000"",""p"":0.0041,""rounds"":10}"
       600,         7,         0,   0.482,pymatching,133292b08a30b8ef4da206482458bfdca2ed27f2fe638c42e9b79b3a470c9adb,"{""code"":""double_measurement_surface_code"",""diameter"":10,""noise_model"":""SI1000"",""p"":0.0041,""rounds"":10}"
      1000,         7,         0,   0.727,pymatching,133292b08a30b8ef4da206482458bfdca2ed27f2fe638c42e9b79b3a470c9adb,"{""code"":""double_measurement_surface_code"",""diameter"":10,""noise_model"":""SI1000"",""p"":0.0041,""rounds"":10}"
      8100,        94,         0,    3.45,pymatching,dc07f7f45ac959f3060187ba10b2363546a0f1774b1a07786eac856ed8058cd9,"{""code"":""double_measurement_surface_code"",""diameter"":10,""noise_model"":""SI1000"",""p"":0.0038750000000000004,""rounds"":10}"
       900,        13,         0,   0.684,pymatching,133292b08a30b8ef4da206482458bfdca2ed27f2fe638c42e9b79b3a470c9adb,"{""code"":""double_measurement_surface_code"",""diameter"":10,""noise_model"":""SI1000"",""p"":0.0041,""rounds"":10}"
      2200,        34,         0,    1.38,pymatching,133292b08a30b8ef4da206482458bfdca2ed27f2fe638c42e9b79b3a470c9adb,"{""code"":""double_measurement_surface_code"",""diameter"":10,""noise_model"":""SI1000"",""p"":0.0041,""rounds"":10}"
     16200,       185,         0,    8.34,pymatching,dc07f7f45ac959f3060187ba10b2363546a0f1774b1a07786eac856ed8058cd9,"{""code"":""double_measurement_surface_code"",""diameter"":10,""noise_model"":""SI1000"",""p"":0.0038750000000000004,""rounds"":10}"
      3200,        52,         0,    1.43,pymatching,133292b08a30b8ef4da206482458bfdca2ed27f2fe638c42e9b79b3a470c9adb,"{""code"":""double_measurement_surface_code"",""diameter"":10,""noise_model"":""SI1000"",""p"":0.0041,""rounds"":10}"
      6876,        79,         0,    2.74,pymatching,dc07f7f45ac959f3060187ba10b2363546a0f1774b1a07786eac856ed8058cd9,"{""code"":""double_measurement_surface_code"",""diameter"":10,""noise_model"":""SI1000"",""p"":0.0038750000000000004,""rounds"":10}"
      4200,        69,         0,    2.51,pymatching,133292b08a30b8ef4da206482458bfdca2ed27f2fe638c42e9b79b3a470c9adb,"{""code"":""double_measurement_surface_code"",""diameter"":10,""noise_model"":""SI1000"",""p"":0.0041,""rounds"":10}"
      2400,        37,         0,    1.06,pymatching,133292b08a30b8ef4da206482458bfdca2ed27f2fe638c42e9b79b3a470c9adb,"{""code"":""double_measurement_surface_code"",""diameter"":10,""noise_model"":""SI1000"",""p"":0.0041,""rounds"":10}"
    113400,       386,         0,    43.9,pymatching,a29a2f71d5c57769d20c974d6ab109c05483c3e978892bc29afa3e92ceed2593,"{""code"":""double_measurement_surface_code"",""diameter"":10,""noise_model"":""SI1000"",""p"":0.0032,""rounds"":10}"
       200,         6,         0,   0.203,pymatching,8189d0ba912adedff77cd4d34e6e69f21dc4388020e7cb993986b85cc31c5112,"{""code"":""double_measurement_surface_code"",""diameter"":10,""noise_model"":""SI1000"",""p"":0.004325000000000001,""rounds"":10}"
      2800,        43,         0,    1.71,pymatching,133292b08a30b8ef4da206482458bfdca2ed27f2fe638c42e9b79b3a470c9adb,"{""code"":""double_measurement_surface_code"",""diameter"":10,""noise_model"":""SI1000"",""p"":0.0041,""rounds"":10}"
       600,        21,         0,   0.412,pymatching,8189d0ba912adedff77cd4d34e6e69f21dc4388020e7cb993986b85cc31c5112,"{""code"":""double_measurement_surface_code"",""diameter"":10,""noise_model"":""SI1000"",""p"":0.004325000000000001,""rounds"":10}"
      5400,        97,         0,    3.16,pymatching,133292b08a30b8ef4da206482458bfdca2ed27f2fe638c42e9b79b3a470c9adb,"{""code"":""double_measurement_surface_code"",""diameter"":10,""noise_model"":""SI1000"",""p"":0.0041,""rounds"":10}"
       600,        11,         0,   0.514,pymatching,8189d0ba912adedff77cd4d34e6e69f21dc4388020e7cb993986b85cc31c5112,"{""code"":""double_measurement_surface_code"",""diameter"":10,""noise_model"":""SI1000"",""p"":0.004325000000000001,""rounds"":10}"
     54000,       320,         0,    22.9,pymatching,8fb9b7ec62c9c362366a8c51bd5cd4b9d6ef89c6f3516f50dcb0101ee8172411,"{""code"":""double_measurement_surface_code"",""diameter"":10,""noise_model"":""SI1000"",""p"":0.003425,""rounds"":10}"
      2320,        11,         0,    1.12,pymatching,a29a2f71d5c57769d20c974d6ab109c05483c3e978892bc29afa3e92ceed2593,"{""code"":""double_measurement_surface_code"",""diameter"":10,""noise_model"":""SI1000"",""p"":0.0032,""rounds"":10}"
       200,         3,         0,   0.295,pymatching,8665bb0cfa555377ce808297bc460887071b7d8eafdb1e35b4ce53b529fd275e,"{""code"":""double_measurement_surface_code"",""diameter"":10,""noise_model"":""SI1000"",""p"":0.00455,""rounds"":10}"
      1800,        31,         0,   0.876,pymatching,8189d0ba912adedff77cd4d34e6e69f21dc4388020e7cb993986b85cc31c5112,"{""code"":""double_measurement_surface_code"",""diameter"":10,""noise_model"":""SI1000"",""p"":0.004325000000000001,""rounds"":10}"
       900,        34,         0,   0.727,pymatching,8189d0ba912adedff77cd4d34e6e69f21dc4388020e7cb993986b85cc31c5112,"{""code"":""double_measurement_surface_code"",""diameter"":10,""noise_model"":""SI1000"",""p"":0.004325000000000001,""rounds"":10}"
       600,        21,         0,   0.537,pymatching,8665bb0cfa555377ce808297bc460887071b7d8eafdb1e35b4ce53b529fd275e,"{""code"":""double_measurement_surface_code"",""diameter"":10,""noise_model"":""SI1000"",""p"":0.00455,""rounds"":10}"
      1800,        42,         0,    1.25,pymatching,8189d0ba912adedff77cd4d34e6e69f21dc4388020e7cb993986b85cc31c5112,"{""code"":""double_measurement_surface_code"",""diameter"":10,""noise_model"":""SI1000"",""p"":0.004325000000000001,""rounds"":10}"
     39000,       316,         0,    17.7,pymatching,6f218dff6adeba3ca77541f74779273c9f1d60167c7ec99f2dabe11d66c25ebf,"{""code"":""double_measurement_surface_code"",""diameter"":10,""noise_model"":""SI1000"",""p"":0.0036500000000000005,""rounds"":10}"
      1200,        24,         0,   0.871,pymatching,8189d0ba912adedff77cd4d34e6e69f21dc4388020e7cb993986b85cc31c5112,"{""code"":""double_measurement_surface_code"",""diameter"":10,""noise_model"":""SI1000"",""p"":0.004325000000000001,""rounds"":10}"
      3000,        61,         0,    1.98,pymatching,8189d0ba912adedff77cd4d34e6e69f21dc4388020e7cb993986b85cc31c5112,"{""code"":""double_measurement_surface_code"",""diameter"":10,""noise_model"":""SI1000"",""p"":0.004325000000000001,""rounds"":10}"
      1800,        61,         0,    1.30,pymatching,8665bb0cfa555377ce808297bc460887071b7d8eafdb1e35b4ce53b529fd275e,"{""code"":""double_measurement_surface_code"",""diameter"":10,""noise_model"":""SI1000"",""p"":0.00455,""rounds"":10}"
     10400,       157,         0,    5.84,pymatching,133292b08a30b8ef4da206482458bfdca2ed27f2fe638c42e9b79b3a470c9adb,"{""code"":""double_measurement_surface_code"",""diameter"":10,""noise_model"":""SI1000"",""p"":0.0041,""rounds"":10}"
      1921,        39,         0,    1.33,pymatching,8189d0ba912adedff77cd4d34e6e69f21dc4388020e7cb993986b85cc31c5112,"{""code"":""double_measurement_surface_code"",""diameter"":10,""noise_model"":""SI1000"",""p"":0.004325000000000001,""rounds"":10}"
      6600,       130,         0,    2.98,pymatching,8189d0ba912adedff77cd4d34e6e69f21dc4388020e7cb993986b85cc31c5112,"{""code"":""double_measurement_surface_code"",""diameter"":10,""noise_model"":""SI1000"",""p"":0.004325000000000001,""rounds"":10}"
       787,        20,         0,   0.660,pymatching,8189d0ba912adedff77cd4d34e6e69f21dc4388020e7cb993986b85cc31c5112,"{""code"":""double_measurement_surface_code"",""diameter"":10,""noise_model"":""SI1000"",""p"":0.004325000000000001,""rounds"":10}"
      2012,        45,         0,    1.00,pymatching,8189d0ba912adedff77cd4d34e6e69f21dc4388020e7cb993986b85cc31c5112,"{""code"":""double_measurement_surface_code"",""diameter"":10,""noise_model"":""SI1000"",""p"":0.004325000000000001,""rounds"":10}"
     27000,       329,         0,    14.1,pymatching,dc07f7f45ac959f3060187ba10b2363546a0f1774b1a07786eac856ed8058cd9,"{""code"":""double_measurement_surface_code"",""diameter"":10,""noise_model"":""SI1000"",""p"":0.0038750000000000004,""rounds"":10}"
     16800,       260,         0,    6.71,pymatching,133292b08a30b8ef4da206482458bfdca2ed27f2fe638c42e9b79b3a470c9adb,"{""code"":""double_measurement_surface_code"",""diameter"":10,""noise_model"":""SI1000"",""p"":0.0041,""rounds"":10}"
      2700,        81,         0,    1.47,pymatching,8665bb0cfa555377ce808297bc460887071b7d8eafdb1e35b4ce53b529fd275e,"{""code"":""double_measurement_surface_code"",""diameter"":10,""noise_model"":""SI1000"",""p"":0.00455,""rounds"":10}"
      5991,       114,         0,    3.66,pymatching,8189d0ba912adedff77cd4d34e6e69f21dc4388020e7cb993986b85cc31c5112,"{""code"":""double_measurement_surface_code"",""diameter"":10,""noise_model"":""SI1000"",""p"":0.004325000000000001,""rounds"":10}"
      8400,       191,         0,    5.08,pymatching,8189d0ba912adedff77cd4d34e6e69f21dc4388020e7cb993986b85cc31c5112,"{""code"":""double_measurement_surface_code"",""diameter"":10,""noise_model"":""SI1000"",""p"":0.004325000000000001,""rounds"":10}"
      5400,       154,         0,    3.53,pymatching,8665bb0cfa555377ce808297bc460887071b7d8eafdb1e35b4ce53b529fd275e,"{""code"":""double_measurement_surface_code"",""diameter"":10,""noise_model"":""SI1000"",""p"":0.00455,""rounds"":10}"
       200,        11,         0,   0.275,pymatching,ab77099d76b88aacb0f29ea31c34285347eb6cc16b81f8dff40d37a2c9dd7ee6,"{""code"":""double_measurement_surface_code"",""diameter"":10,""noise_model"":""SI1000"",""p"":0.004775,""rounds"":10}"
       200,         3,         0,   0.280,pymatching,ab77099d76b88aacb0f29ea31c34285347eb6cc16b81f8dff40d37a2c9dd7ee6,"{""code"":""double_measurement_surface_code"",""diameter"":10,""noise_model"":""SI1000"",""p"":0.004775,""rounds"":10}"
       783,        15,         0,   0.598,pymatching,8189d0ba912adedff77cd4d34e6e69f21dc4388020e7cb993986b85cc31c5112,"{""code"":""double_measurement_surface_code"",""diameter"":10,""noise_model"":""SI1000"",""p"":0.004325000000000001,""rounds"":10}"
      5400,       168,         0,    3.32,pymatching,8665bb0cfa555377ce808297bc460887071b7d8eafdb1e35b4ce53b529fd275e,"{""code"":""double_measurement_surface_code"",""diameter"":10,""noise_model"":""SI1000"",""p"":0.00455,""rounds"":10}"
       600,        17,         0,   0.530,pymatching,ab77099d76b88aacb0f29ea31c34285347eb6cc16b81f8dff40d37a2c9dd7ee6,"{""code"":""double_measurement_surface_code"",""diameter"":10,""noise_model"":""SI1000"",""p"":0.004775,""rounds"":10}"
       200,        10,         0,   0.323,pymatching,c567e3a8d6b095562256145c68a09f08bcc549b8007a3407d0f4a7fb9abb7ec1,"{""code"":""double_measurement_surface_code"",""diameter"":10,""noise_model"":""SI1000"",""p"":0.005,""rounds"":10}"
       200,        15,         0,   0.227,pymatching,c567e3a8d6b095562256145c68a09f08bcc549b8007a3407d0f4a7fb9abb7ec1,"{""code"":""double_measurement_surface_code"",""diameter"":10,""noise_model"":""SI1000"",""p"":0.005,""rounds"":10}"
      1485,        40,         0,    1.08,pymatching,8665bb0cfa555377ce808297bc460887071b7d8eafdb1e35b4ce53b529fd275e,"{""code"":""double_measurement_surface_code"",""diameter"":10,""noise_model"":""SI1000"",""p"":0.00455,""rounds"":10}"
      1000,        43,         0,   0.866,pymatching,ab77099d76b88aacb0f29ea31c34285347eb6cc16b81f8dff40d37a2c9dd7ee6,"{""code"":""double_measurement_surface_code"",""diameter"":10,""noise_model"":""SI1000"",""p"":0.004775,""rounds"":10}"
       900,        36,         0,   0.773,pymatching,ab77099d76b88aacb0f29ea31c34285347eb6cc16b81f8dff40d37a2c9dd7ee6,"{""code"":""double_measurement_surface_code"",""diameter"":10,""noise_model"":""SI1000"",""p"":0.004775,""rounds"":10}"
     10800,       216,         0,    6.45,pymatching,8189d0ba912adedff77cd4d34e6e69f21dc4388020e7cb993986b85cc31c5112,"{""code"":""double_measurement_surface_code"",""diameter"":10,""noise_model"":""SI1000"",""p"":0.004325000000000001,""rounds"":10}"
      1000,        53,         0,   0.631,pymatching,c567e3a8d6b095562256145c68a09f08bcc549b8007a3407d0f4a7fb9abb7ec1,"{""code"":""double_measurement_surface_code"",""diameter"":10,""noise_model"":""SI1000"",""p"":0.005,""rounds"":10}"
      1400,        53,         0,    1.08,pymatching,ab77099d76b88aacb0f29ea31c34285347eb6cc16b81f8dff40d37a2c9dd7ee6,"{""code"":""double_measurement_surface_code"",""diameter"":10,""noise_model"":""SI1000"",""p"":0.004775,""rounds"":10}"
      1000,        51,         0,   0.898,pymatching,c567e3a8d6b095562256145c68a09f08bcc549b8007a3407d0f4a7fb9abb7ec1,"{""code"":""double_measurement_surface_code"",""diameter"":10,""noise_model"":""SI1000"",""p"":0.005,""rounds"":10}"
     16471,       264,         0,    9.10,pymatching,133292b08a30b8ef4da206482458bfdca2ed27f2fe638c42e9b79b3a470c9adb,"{""code"":""double_measurement_surface_code"",""diameter"":10,""noise_model"":""SI1000"",""p"":0.0041,""rounds"":10}"
      5054,       161,         0,    2.48,pymatching,8665bb0cfa555377ce808297bc460887071b7d8eafdb1e35b4ce53b529fd275e,"{""code"":""double_measurement_surface_code"",""diameter"":10,""noise_model"":""SI1000"",""p"":0.00455,""rounds"":10}"
      2200,        73,         0,    1.70,pymatching,ab77099d76b88aacb0f29ea31c34285347eb6cc16b81f8dff40d37a2c9dd7ee6,"{""code"":""double_measurement_surface_code"",""diameter"":10,""noise_model"":""SI1000"",""p"":0.004775,""rounds"":10}"
      1200,        48,         0,   0.950,pymatching,ab77099d76b88aacb0f29ea31c34285347eb6cc16b81f8dff40d37a2c9dd7ee6,"{""code"":""double_measurement_surface_code"",""diameter"":10,""noise_model"":""SI1000"",""p"":0.004775,""rounds"":10}"
       200,         0,         0,   0.244,pymatching,bec751e1451e61d4b2c81bde5b9e0e987079f0fde0e0d64478917263a0db096b,"{""code"":""double_measurement_surface_code"",""diameter"":12,""noise_model"":""SI1000"",""p"":0.0005,""rounds"":12}"
       200,         0,         0,   0.335,pymatching,bec751e1451e61d4b2c81bde5b9e0e987079f0fde0e0d64478917263a0db096b,"{""code"":""double_measurement_surface_code"",""diameter"":12,""noise_model"":""SI1000"",""p"":0.0005,""rounds"":12}"
       600,         0,         0,   0.265,pymatching,bec751e1451e61d4b2c81bde5b9e0e987079f0fde0e0d64478917263a0db096b,"{""code"":""double_measurement_surface_code"",""diameter"":12,""noise_model"":""SI1000"",""p"":0.0005,""rounds"":12}"
      3000,       151,         0,    1.71,pymatching,c567e3a8d6b095562256145c68a09f08bcc549b8007a3407d0f4a7fb9abb7ec1,"{""code"":""double_measurement_surface_code"",""diameter"":10,""noise_model"":""SI1000"",""p"":0.005,""rounds"":10}"
      1000,         0,         0,   0.473,pymatching,bec751e1451e61d4b2c81bde5b9e0e987079f0fde0e0d64478917263a0db096b,"{""code"":""double_measurement_surface_code"",""diameter"":12,""noise_model"":""SI1000"",""p"":0.0005,""rounds"":12}"
      2200,         0,         0,   0.481,pymatching,bec751e1451e61d4b2c81bde5b9e0e987079f0fde0e0d64478917263a0db096b,"{""code"":""double_measurement_surface_code"",""diameter"":12,""noise_model"":""SI1000"",""p"":0.0005,""rounds"":12}"
      1302,        50,         0,    1.06,pymatching,ab77099d76b88aacb0f29ea31c34285347eb6cc16b81f8dff40d37a2c9dd7ee6,"{""code"":""double_measurement_surface_code"",""diameter"":10,""noise_model"":""SI1000"",""p"":0.004775,""rounds"":10}"
      4200,       164,         0,    3.05,pymatching,ab77099d76b88aacb0f29ea31c34285347eb6cc16b81f8dff40d37a2c9dd7ee6,"{""code"":""double_measurement_surface_code"",""diameter"":10,""noise_model"":""SI1000"",""p"":0.004775,""rounds"":10}"
      4200,         0,         0,    1.03,pymatching,bec751e1451e61d4b2c81bde5b9e0e987079f0fde0e0d64478917263a0db096b,"{""code"":""double_measurement_surface_code"",""diameter"":12,""noise_model"":""SI1000"",""p"":0.0005,""rounds"":12}"
       100,         0,         0,   0.324,pymatching,bec751e1451e61d4b2c81bde5b9e0e987079f0fde0e0d64478917263a0db096b,"{""code"":""double_measurement_surface_code"",""diameter"":12,""noise_model"":""SI1000"",""p"":0.0005,""rounds"":12}"
      8600,         0,         0,    1.42,pymatching,bec751e1451e61d4b2c81bde5b9e0e987079f0fde0e0d64478917263a0db096b,"{""code"":""double_measurement_surface_code"",""diameter"":12,""noise_model"":""SI1000"",""p"":0.0005,""rounds"":12}"
      8600,         0,         0,    1.86,pymatching,bec751e1451e61d4b2c81bde5b9e0e987079f0fde0e0d64478917263a0db096b,"{""code"":""double_measurement_surface_code"",""diameter"":12,""noise_model"":""SI1000"",""p"":0.0005,""rounds"":12}"
      4500,       206,         0,    3.41,pymatching,c567e3a8d6b095562256145c68a09f08bcc549b8007a3407d0f4a7fb9abb7ec1,"{""code"":""double_measurement_surface_code"",""diameter"":10,""noise_model"":""SI1000"",""p"":0.005,""rounds"":10}"
      6000,       210,         0,    4.27,pymatching,ab77099d76b88aacb0f29ea31c34285347eb6cc16b81f8dff40d37a2c9dd7ee6,"{""code"":""double_measurement_surface_code"",""diameter"":10,""noise_model"":""SI1000"",""p"":0.004775,""rounds"":10}"
      5000,       220,         0,    3.66,pymatching,c567e3a8d6b095562256145c68a09f08bcc549b8007a3407d0f4a7fb9abb7ec1,"{""code"":""double_measurement_surface_code"",""diameter"":10,""noise_model"":""SI1000"",""p"":0.005,""rounds"":10}"
      4565,       209,         0,    2.52,pymatching,c567e3a8d6b095562256145c68a09f08bcc549b8007a3407d0f4a7fb9abb7ec1,"{""code"":""double_measurement_surface_code"",""diameter"":10,""noise_model"":""SI1000"",""p"":0.005,""rounds"":10}"
       149,         9,         0,   0.193,pymatching,c567e3a8d6b095562256145c68a09f08bcc549b8007a3407d0f4a7fb9abb7ec1,"{""code"":""double_measurement_surface_code"",""diameter"":10,""noise_model"":""SI1000"",""p"":0.005,""rounds"":10}"
       696,        37,         0,   0.623,pymatching,c567e3a8d6b095562256145c68a09f08bcc549b8007a3407d0f4a7fb9abb7ec1,"{""code"":""double_measurement_surface_code"",""diameter"":10,""noise_model"":""SI1000"",""p"":0.005,""rounds"":10}"
       990,        48,         0,   0.892,pymatching,c567e3a8d6b095562256145c68a09f08bcc549b8007a3407d0f4a7fb9abb7ec1,"{""code"":""double_measurement_surface_code"",""diameter"":10,""noise_model"":""SI1000"",""p"":0.005,""rounds"":10}"
      8800,         0,         0,    1.85,pymatching,bec751e1451e61d4b2c81bde5b9e0e987079f0fde0e0d64478917263a0db096b,"{""code"":""double_measurement_surface_code"",""diameter"":12,""noise_model"":""SI1000"",""p"":0.0005,""rounds"":12}"
     10800,       331,         0,    6.89,pymatching,8665bb0cfa555377ce808297bc460887071b7d8eafdb1e35b4ce53b529fd275e,"{""code"":""double_measurement_surface_code"",""diameter"":10,""noise_model"":""SI1000"",""p"":0.00455,""rounds"":10}"
     17000,         0,         0,    2.79,pymatching,bec751e1451e61d4b2c81bde5b9e0e987079f0fde0e0d64478917263a0db096b,"{""code"":""double_measurement_surface_code"",""diameter"":12,""noise_model"":""SI1000"",""p"":0.0005,""rounds"":12}"
      8400,       299,         0,    5.58,pymatching,ab77099d76b88aacb0f29ea31c34285347eb6cc16b81f8dff40d37a2c9dd7ee6,"{""code"":""double_measurement_surface_code"",""diameter"":10,""noise_model"":""SI1000"",""p"":0.004775,""rounds"":10}"
     17200,         0,         0,    2.68,pymatching,bec751e1451e61d4b2c81bde5b9e0e987079f0fde0e0d64478917263a0db096b,"{""code"":""double_measurement_surface_code"",""diameter"":12,""noise_model"":""SI1000"",""p"":0.0005,""rounds"":12}"
     34400,         0,         0,    4.07,pymatching,bec751e1451e61d4b2c81bde5b9e0e987079f0fde0e0d64478917263a0db096b,"{""code"":""double_measurement_surface_code"",""diameter"":12,""noise_model"":""SI1000"",""p"":0.0005,""rounds"":12}"
       200,         0,         0,   0.217,pymatching,af51ac6540da94b096e96d4d00f415849bfab4b83dfa914d475019ca8068c78b,"{""code"":""double_measurement_surface_code"",""diameter"":12,""noise_model"":""SI1000"",""p"":0.0007250000000000001,""rounds"":12}"
       200,         0,         0,   0.307,pymatching,af51ac6540da94b096e96d4d00f415849bfab4b83dfa914d475019ca8068c78b,"{""code"":""double_measurement_surface_code"",""diameter"":12,""noise_model"":""SI1000"",""p"":0.0007250000000000001,""rounds"":12}"
       600,         0,         0,   0.267,pymatching,af51ac6540da94b096e96d4d00f415849bfab4b83dfa914d475019ca8068c78b,"{""code"":""double_measurement_surface_code"",""diameter"":12,""noise_model"":""SI1000"",""p"":0.0007250000000000001,""rounds"":12}"
      1000,         0,         0,   0.484,pymatching,af51ac6540da94b096e96d4d00f415849bfab4b83dfa914d475019ca8068c78b,"{""code"":""double_measurement_surface_code"",""diameter"":12,""noise_model"":""SI1000"",""p"":0.0007250000000000001,""rounds"":12}"
       900,         0,         0,   0.480,pymatching,af51ac6540da94b096e96d4d00f415849bfab4b83dfa914d475019ca8068c78b,"{""code"":""double_measurement_surface_code"",""diameter"":12,""noise_model"":""SI1000"",""p"":0.0007250000000000001,""rounds"":12}"
      2200,         0,         0,   0.493,pymatching,af51ac6540da94b096e96d4d00f415849bfab4b83dfa914d475019ca8068c78b,"{""code"":""double_measurement_surface_code"",""diameter"":12,""noise_model"":""SI1000"",""p"":0.0007250000000000001,""rounds"":12}"
      2600,         0,         0,   0.857,pymatching,af51ac6540da94b096e96d4d00f415849bfab4b83dfa914d475019ca8068c78b,"{""code"":""double_measurement_surface_code"",""diameter"":12,""noise_model"":""SI1000"",""p"":0.0007250000000000001,""rounds"":12}"
      4200,         0,         0,    1.12,pymatching,af51ac6540da94b096e96d4d00f415849bfab4b83dfa914d475019ca8068c78b,"{""code"":""double_measurement_surface_code"",""diameter"":12,""noise_model"":""SI1000"",""p"":0.0007250000000000001,""rounds"":12}"
      2800,         0,         0,   0.847,pymatching,af51ac6540da94b096e96d4d00f415849bfab4b83dfa914d475019ca8068c78b,"{""code"":""double_measurement_surface_code"",""diameter"":12,""noise_model"":""SI1000"",""p"":0.0007250000000000001,""rounds"":12}"
      6000,         0,         0,    1.48,pymatching,af51ac6540da94b096e96d4d00f415849bfab4b83dfa914d475019ca8068c78b,"{""code"":""double_measurement_surface_code"",""diameter"":12,""noise_model"":""SI1000"",""p"":0.0007250000000000001,""rounds"":12}"
     10400,         0,         0,    1.64,pymatching,af51ac6540da94b096e96d4d00f415849bfab4b83dfa914d475019ca8068c78b,"{""code"":""double_measurement_surface_code"",""diameter"":12,""noise_model"":""SI1000"",""p"":0.0007250000000000001,""rounds"":12}"
     51600,         0,         0,    7.68,pymatching,bec751e1451e61d4b2c81bde5b9e0e987079f0fde0e0d64478917263a0db096b,"{""code"":""double_measurement_surface_code"",""diameter"":12,""noise_model"":""SI1000"",""p"":0.0005,""rounds"":12}"
     15600,         0,         0,    3.58,pymatching,af51ac6540da94b096e96d4d00f415849bfab4b83dfa914d475019ca8068c78b,"{""code"":""double_measurement_surface_code"",""diameter"":12,""noise_model"":""SI1000"",""p"":0.0007250000000000001,""rounds"":12}"
     18000,         0,         0,    3.93,pymatching,af51ac6540da94b096e96d4d00f415849bfab4b83dfa914d475019ca8068c78b,"{""code"":""double_measurement_surface_code"",""diameter"":12,""noise_model"":""SI1000"",""p"":0.0007250000000000001,""rounds"":12}"
     24000,         0,         0,    5.12,pymatching,af51ac6540da94b096e96d4d00f415849bfab4b83dfa914d475019ca8068c78b,"{""code"":""double_measurement_surface_code"",""diameter"":12,""noise_model"":""SI1000"",""p"":0.0007250000000000001,""rounds"":12}"
     52800,         0,         0,    9.40,pymatching,bec751e1451e61d4b2c81bde5b9e0e987079f0fde0e0d64478917263a0db096b,"{""code"":""double_measurement_surface_code"",""diameter"":12,""noise_model"":""SI1000"",""p"":0.0005,""rounds"":12}"
     36000,         0,         0,    7.74,pymatching,af51ac6540da94b096e96d4d00f415849bfab4b83dfa914d475019ca8068c78b,"{""code"":""double_measurement_surface_code"",""diameter"":12,""noise_model"":""SI1000"",""p"":0.0007250000000000001,""rounds"":12}"
     62400,         0,         0,    9.08,pymatching,af51ac6540da94b096e96d4d00f415849bfab4b83dfa914d475019ca8068c78b,"{""code"":""double_measurement_surface_code"",""diameter"":12,""noise_model"":""SI1000"",""p"":0.0007250000000000001,""rounds"":12}"
    102000,         0,         0,    17.4,pymatching,bec751e1451e61d4b2c81bde5b9e0e987079f0fde0e0d64478917263a0db096b,"{""code"":""double_measurement_surface_code"",""diameter"":12,""noise_model"":""SI1000"",""p"":0.0005,""rounds"":12}"
    103200,         0,         0,    18.2,pymatching,bec751e1451e61d4b2c81bde5b9e0e987079f0fde0e0d64478917263a0db096b,"{""code"":""double_measurement_surface_code"",""diameter"":12,""noise_model"":""SI1000"",""p"":0.0005,""rounds"":12}"
     93600,         0,         0,    18.9,pymatching,af51ac6540da94b096e96d4d00f415849bfab4b83dfa914d475019ca8068c78b,"{""code"":""double_measurement_surface_code"",""diameter"":12,""noise_model"":""SI1000"",""p"":0.0007250000000000001,""rounds"":12}"
    206400,         0,         0,    25.3,pymatching,bec751e1451e61d4b2c81bde5b9e0e987079f0fde0e0d64478917263a0db096b,"{""code"":""double_measurement_surface_code"",""diameter"":12,""noise_model"":""SI1000"",""p"":0.0005,""rounds"":12}"
    108000,         0,         0,    22.0,pymatching,af51ac6540da94b096e96d4d00f415849bfab4b83dfa914d475019ca8068c78b,"{""code"":""double_measurement_surface_code"",""diameter"":12,""noise_model"":""SI1000"",""p"":0.0007250000000000001,""rounds"":12}"
    144000,         0,         0,    28.8,pymatching,af51ac6540da94b096e96d4d00f415849bfab4b83dfa914d475019ca8068c78b,"{""code"":""double_measurement_surface_code"",""diameter"":12,""noise_model"":""SI1000"",""p"":0.0007250000000000001,""rounds"":12}"
    216000,         0,         0,    44.0,pymatching,af51ac6540da94b096e96d4d00f415849bfab4b83dfa914d475019ca8068c78b,"{""code"":""double_measurement_surface_code"",""diameter"":12,""noise_model"":""SI1000"",""p"":0.0007250000000000001,""rounds"":12}"
    309600,         0,         0,    53.4,pymatching,bec751e1451e61d4b2c81bde5b9e0e987079f0fde0e0d64478917263a0db096b,"{""code"":""double_measurement_surface_code"",""diameter"":12,""noise_model"":""SI1000"",""p"":0.0005,""rounds"":12}"
    374400,         0,         0,    51.4,pymatching,af51ac6540da94b096e96d4d00f415849bfab4b83dfa914d475019ca8068c78b,"{""code"":""double_measurement_surface_code"",""diameter"":12,""noise_model"":""SI1000"",""p"":0.0007250000000000001,""rounds"":12}"
    316800,         0,         0,    55.0,pymatching,bec751e1451e61d4b2c81bde5b9e0e987079f0fde0e0d64478917263a0db096b,"{""code"":""double_measurement_surface_code"",""diameter"":12,""noise_model"":""SI1000"",""p"":0.0005,""rounds"":12}"
    463327,         0,         0,    80.2,pymatching,bec751e1451e61d4b2c81bde5b9e0e987079f0fde0e0d64478917263a0db096b,"{""code"":""double_measurement_surface_code"",""diameter"":12,""noise_model"":""SI1000"",""p"":0.0005,""rounds"":12}"
    775073,         0,         0,    90.5,pymatching,bec751e1451e61d4b2c81bde5b9e0e987079f0fde0e0d64478917263a0db096b,"{""code"":""double_measurement_surface_code"",""diameter"":12,""noise_model"":""SI1000"",""p"":0.0005,""rounds"":12}"
    612000,         0,         0,   105.2,pymatching,bec751e1451e61d4b2c81bde5b9e0e987079f0fde0e0d64478917263a0db096b,"{""code"":""double_measurement_surface_code"",""diameter"":12,""noise_model"":""SI1000"",""p"":0.0005,""rounds"":12}"
    619200,         0,         0,   106.5,pymatching,bec751e1451e61d4b2c81bde5b9e0e987079f0fde0e0d64478917263a0db096b,"{""code"":""double_measurement_surface_code"",""diameter"":12,""noise_model"":""SI1000"",""p"":0.0005,""rounds"":12}"
    561600,         0,         0,   111.4,pymatching,af51ac6540da94b096e96d4d00f415849bfab4b83dfa914d475019ca8068c78b,"{""code"":""double_measurement_surface_code"",""diameter"":12,""noise_model"":""SI1000"",""p"":0.0007250000000000001,""rounds"":12}"
    746742,         0,         0,    87.5,pymatching,bec751e1451e61d4b2c81bde5b9e0e987079f0fde0e0d64478917263a0db096b,"{""code"":""double_measurement_surface_code"",""diameter"":12,""noise_model"":""SI1000"",""p"":0.0005,""rounds"":12}"
    595602,         0,         0,   119.1,pymatching,af51ac6540da94b096e96d4d00f415849bfab4b83dfa914d475019ca8068c78b,"{""code"":""double_measurement_surface_code"",""diameter"":12,""noise_model"":""SI1000"",""p"":0.0007250000000000001,""rounds"":12}"
    593867,         0,         0,   119.9,pymatching,af51ac6540da94b096e96d4d00f415849bfab4b83dfa914d475019ca8068c78b,"{""code"":""double_measurement_surface_code"",""diameter"":12,""noise_model"":""SI1000"",""p"":0.0007250000000000001,""rounds"":12}"
    250126,         0,         0,    29.2,pymatching,bec751e1451e61d4b2c81bde5b9e0e987079f0fde0e0d64478917263a0db096b,"{""code"":""double_measurement_surface_code"",""diameter"":12,""noise_model"":""SI1000"",""p"":0.0005,""rounds"":12}"
    746742,         0,         0,   128.3,pymatching,bec751e1451e61d4b2c81bde5b9e0e987079f0fde0e0d64478917263a0db096b,"{""code"":""double_measurement_surface_code"",""diameter"":12,""noise_model"":""SI1000"",""p"":0.0005,""rounds"":12}"
    731774,         0,         0,   126.3,pymatching,bec751e1451e61d4b2c81bde5b9e0e987079f0fde0e0d64478917263a0db096b,"{""code"":""double_measurement_surface_code"",""diameter"":12,""noise_model"":""SI1000"",""p"":0.0005,""rounds"":12}"
    795046,         0,         0,    94.2,pymatching,bec751e1451e61d4b2c81bde5b9e0e987079f0fde0e0d64478917263a0db096b,"{""code"":""double_measurement_surface_code"",""diameter"":12,""noise_model"":""SI1000"",""p"":0.0005,""rounds"":12}"
    720885,         0,         0,   123.9,pymatching,bec751e1451e61d4b2c81bde5b9e0e987079f0fde0e0d64478917263a0db096b,"{""code"":""double_measurement_surface_code"",""diameter"":12,""noise_model"":""SI1000"",""p"":0.0005,""rounds"":12}"
    773741,         0,         0,   133.7,pymatching,bec751e1451e61d4b2c81bde5b9e0e987079f0fde0e0d64478917263a0db096b,"{""code"":""double_measurement_surface_code"",""diameter"":12,""noise_model"":""SI1000"",""p"":0.0005,""rounds"":12}"
    759872,         0,         0,   131.4,pymatching,bec751e1451e61d4b2c81bde5b9e0e987079f0fde0e0d64478917263a0db096b,"{""code"":""double_measurement_surface_code"",""diameter"":12,""noise_model"":""SI1000"",""p"":0.0005,""rounds"":12}"
    623497,         0,         0,    85.1,pymatching,af51ac6540da94b096e96d4d00f415849bfab4b83dfa914d475019ca8068c78b,"{""code"":""double_measurement_surface_code"",""diameter"":12,""noise_model"":""SI1000"",""p"":0.0007250000000000001,""rounds"":12}"
    759872,         0,         0,   130.7,pymatching,bec751e1451e61d4b2c81bde5b9e0e987079f0fde0e0d64478917263a0db096b,"{""code"":""double_measurement_surface_code"",""diameter"":12,""noise_model"":""SI1000"",""p"":0.0005,""rounds"":12}"
    631622,         0,         0,   127.3,pymatching,af51ac6540da94b096e96d4d00f415849bfab4b83dfa914d475019ca8068c78b,"{""code"":""double_measurement_surface_code"",""diameter"":12,""noise_model"":""SI1000"",""p"":0.0007250000000000001,""rounds"":12}"
    623497,         0,         0,    85.5,pymatching,af51ac6540da94b096e96d4d00f415849bfab4b83dfa914d475019ca8068c78b,"{""code"":""double_measurement_surface_code"",""diameter"":12,""noise_model"":""SI1000"",""p"":0.0007250000000000001,""rounds"":12}"
       200,         0,         0,   0.362,pymatching,d60fe2b0b38877c0778b380935b6fb3d29d0d0291eef1e16c2d41c61bbf24777,"{""code"":""double_measurement_surface_code"",""diameter"":12,""noise_model"":""SI1000"",""p"":0.0009500000000000001,""rounds"":12}"
       600,         0,         0,   0.288,pymatching,d60fe2b0b38877c0778b380935b6fb3d29d0d0291eef1e16c2d41c61bbf24777,"{""code"":""double_measurement_surface_code"",""diameter"":12,""noise_model"":""SI1000"",""p"":0.0009500000000000001,""rounds"":12}"
      1800,         0,         0,   0.525,pymatching,d60fe2b0b38877c0778b380935b6fb3d29d0d0291eef1e16c2d41c61bbf24777,"{""code"":""double_measurement_surface_code"",""diameter"":12,""noise_model"":""SI1000"",""p"":0.0009500000000000001,""rounds"":12}"
      5400,         0,         0,    1.19,pymatching,d60fe2b0b38877c0778b380935b6fb3d29d0d0291eef1e16c2d41c61bbf24777,"{""code"":""double_measurement_surface_code"",""diameter"":12,""noise_model"":""SI1000"",""p"":0.0009500000000000001,""rounds"":12}"
     16200,         0,         0,    3.06,pymatching,d60fe2b0b38877c0778b380935b6fb3d29d0d0291eef1e16c2d41c61bbf24777,"{""code"":""double_measurement_surface_code"",""diameter"":12,""noise_model"":""SI1000"",""p"":0.0009500000000000001,""rounds"":12}"
    623497,         0,         0,   127.1,pymatching,af51ac6540da94b096e96d4d00f415849bfab4b83dfa914d475019ca8068c78b,"{""code"":""double_measurement_surface_code"",""diameter"":12,""noise_model"":""SI1000"",""p"":0.0007250000000000001,""rounds"":12}"
     48600,         0,         0,    7.99,pymatching,d60fe2b0b38877c0778b380935b6fb3d29d0d0291eef1e16c2d41c61bbf24777,"{""code"":""double_measurement_surface_code"",""diameter"":12,""noise_model"":""SI1000"",""p"":0.0009500000000000001,""rounds"":12}"
    623497,         0,         0,   126.8,pymatching,af51ac6540da94b096e96d4d00f415849bfab4b83dfa914d475019ca8068c78b,"{""code"":""double_measurement_surface_code"",""diameter"":12,""noise_model"":""SI1000"",""p"":0.0007250000000000001,""rounds"":12}"
     48600,         0,         0,    12.1,pymatching,d60fe2b0b38877c0778b380935b6fb3d29d0d0291eef1e16c2d41c61bbf24777,"{""code"":""double_measurement_surface_code"",""diameter"":12,""noise_model"":""SI1000"",""p"":0.0009500000000000001,""rounds"":12}"
    623497,         0,         0,   127.5,pymatching,af51ac6540da94b096e96d4d00f415849bfab4b83dfa914d475019ca8068c78b,"{""code"":""double_measurement_surface_code"",""diameter"":12,""noise_model"":""SI1000"",""p"":0.0007250000000000001,""rounds"":12}"
    191039,         0,         0,    38.2,pymatching,af51ac6540da94b096e96d4d00f415849bfab4b83dfa914d475019ca8068c78b,"{""code"":""double_measurement_surface_code"",""diameter"":12,""noise_model"":""SI1000"",""p"":0.0007250000000000001,""rounds"":12}"
       200,         0,         0,   0.407,pymatching,093c196ec29779c9cef2534c961d5958a23ff2e1439c1129270ccc41d2fa4051,"{""code"":""double_measurement_surface_code"",""diameter"":12,""noise_model"":""SI1000"",""p"":0.001175,""rounds"":12}"
       600,         0,         0,   0.443,pymatching,093c196ec29779c9cef2534c961d5958a23ff2e1439c1129270ccc41d2fa4051,"{""code"":""double_measurement_surface_code"",""diameter"":12,""noise_model"":""SI1000"",""p"":0.001175,""rounds"":12}"
      1800,         0,         0,   0.816,pymatching,093c196ec29779c9cef2534c961d5958a23ff2e1439c1129270ccc41d2fa4051,"{""code"":""double_measurement_surface_code"",""diameter"":12,""noise_model"":""SI1000"",""p"":0.001175,""rounds"":12}"
      5400,         0,         0,    1.80,pymatching,093c196ec29779c9cef2534c961d5958a23ff2e1439c1129270ccc41d2fa4051,"{""code"":""double_measurement_surface_code"",""diameter"":12,""noise_model"":""SI1000"",""p"":0.001175,""rounds"":12}"
     16200,         0,         0,    4.77,pymatching,093c196ec29779c9cef2534c961d5958a23ff2e1439c1129270ccc41d2fa4051,"{""code"":""double_measurement_surface_code"",""diameter"":12,""noise_model"":""SI1000"",""p"":0.001175,""rounds"":12}"
    145800,         0,         0,    24.2,pymatching,d60fe2b0b38877c0778b380935b6fb3d29d0d0291eef1e16c2d41c61bbf24777,"{""code"":""double_measurement_surface_code"",""diameter"":12,""noise_model"":""SI1000"",""p"":0.0009500000000000001,""rounds"":12}"
     72900,         0,         0,    17.0,pymatching,d60fe2b0b38877c0778b380935b6fb3d29d0d0291eef1e16c2d41c61bbf24777,"{""code"":""double_measurement_surface_code"",""diameter"":12,""noise_model"":""SI1000"",""p"":0.0009500000000000001,""rounds"":12}"
     48600,         0,         0,    13.6,pymatching,093c196ec29779c9cef2534c961d5958a23ff2e1439c1129270ccc41d2fa4051,"{""code"":""double_measurement_surface_code"",""diameter"":12,""noise_model"":""SI1000"",""p"":0.001175,""rounds"":12}"
    145800,         0,         0,    35.4,pymatching,d60fe2b0b38877c0778b380935b6fb3d29d0d0291eef1e16c2d41c61bbf24777,"{""code"":""double_measurement_surface_code"",""diameter"":12,""noise_model"":""SI1000"",""p"":0.0009500000000000001,""rounds"":12}"
    657547,         0,         0,    91.3,pymatching,af51ac6540da94b096e96d4d00f415849bfab4b83dfa914d475019ca8068c78b,"{""code"":""double_measurement_surface_code"",""diameter"":12,""noise_model"":""SI1000"",""p"":0.0007250000000000001,""rounds"":12}"
    623497,         0,         0,   126.4,pymatching,af51ac6540da94b096e96d4d00f415849bfab4b83dfa914d475019ca8068c78b,"{""code"":""double_measurement_surface_code"",""diameter"":12,""noise_model"":""SI1000"",""p"":0.0007250000000000001,""rounds"":12}"
    243000,         0,         0,    56.0,pymatching,d60fe2b0b38877c0778b380935b6fb3d29d0d0291eef1e16c2d41c61bbf24777,"{""code"":""double_measurement_surface_code"",""diameter"":12,""noise_model"":""SI1000"",""p"":0.0009500000000000001,""rounds"":12}"
    166590,         0,         0,    39.8,pymatching,d60fe2b0b38877c0778b380935b6fb3d29d0d0291eef1e16c2d41c61bbf24777,"{""code"":""double_measurement_surface_code"",""diameter"":12,""noise_model"":""SI1000"",""p"":0.0009500000000000001,""rounds"":12}"
    623497,         0,         0,   127.9,pymatching,af51ac6540da94b096e96d4d00f415849bfab4b83dfa914d475019ca8068c78b,"{""code"":""double_measurement_surface_code"",""diameter"":12,""noise_model"":""SI1000"",""p"":0.0007250000000000001,""rounds"":12}"
    623497,         0,         0,   129.0,pymatching,af51ac6540da94b096e96d4d00f415849bfab4b83dfa914d475019ca8068c78b,"{""code"":""double_measurement_surface_code"",""diameter"":12,""noise_model"":""SI1000"",""p"":0.0007250000000000001,""rounds"":12}"
    145800,         1,         0,    39.2,pymatching,093c196ec29779c9cef2534c961d5958a23ff2e1439c1129270ccc41d2fa4051,"{""code"":""double_measurement_surface_code"",""diameter"":12,""noise_model"":""SI1000"",""p"":0.001175,""rounds"":12}"
    657547,         0,         0,   132.6,pymatching,af51ac6540da94b096e96d4d00f415849bfab4b83dfa914d475019ca8068c78b,"{""code"":""double_measurement_surface_code"",""diameter"":12,""noise_model"":""SI1000"",""p"":0.0007250000000000001,""rounds"":12}"
    304034,         0,         0,    49.2,pymatching,d60fe2b0b38877c0778b380935b6fb3d29d0d0291eef1e16c2d41c61bbf24777,"{""code"":""double_measurement_surface_code"",""diameter"":12,""noise_model"":""SI1000"",""p"":0.0009500000000000001,""rounds"":12}"
    534600,         1,         0,    86.3,pymatching,d60fe2b0b38877c0778b380935b6fb3d29d0d0291eef1e16c2d41c61bbf24777,"{""code"":""double_measurement_surface_code"",""diameter"":12,""noise_model"":""SI1000"",""p"":0.0009500000000000001,""rounds"":12}"
    275990,         0,         0,    65.0,pymatching,d60fe2b0b38877c0778b380935b6fb3d29d0d0291eef1e16c2d41c61bbf24777,"{""code"":""double_measurement_surface_code"",""diameter"":12,""noise_model"":""SI1000"",""p"":0.0009500000000000001,""rounds"":12}"
    611010,         0,         0,   144.3,pymatching,d60fe2b0b38877c0778b380935b6fb3d29d0d0291eef1e16c2d41c61bbf24777,"{""code"":""double_measurement_surface_code"",""diameter"":12,""noise_model"":""SI1000"",""p"":0.0009500000000000001,""rounds"":12}"
    570766,         0,         0,   135.9,pymatching,d60fe2b0b38877c0778b380935b6fb3d29d0d0291eef1e16c2d41c61bbf24777,"{""code"":""double_measurement_surface_code"",""diameter"":12,""noise_model"":""SI1000"",""p"":0.0009500000000000001,""rounds"":12}"
    582443,         0,         0,    92.9,pymatching,d60fe2b0b38877c0778b380935b6fb3d29d0d0291eef1e16c2d41c61bbf24777,"{""code"":""double_measurement_surface_code"",""diameter"":12,""noise_model"":""SI1000"",""p"":0.0009500000000000001,""rounds"":12}"
    553096,         0,         0,   131.7,pymatching,d60fe2b0b38877c0778b380935b6fb3d29d0d0291eef1e16c2d41c61bbf24777,"{""code"":""double_measurement_surface_code"",""diameter"":12,""noise_model"":""SI1000"",""p"":0.0009500000000000001,""rounds"":12}"
    542818,         0,         0,   125.5,pymatching,d60fe2b0b38877c0778b380935b6fb3d29d0d0291eef1e16c2d41c61bbf24777,"{""code"":""double_measurement_surface_code"",""diameter"":12,""noise_model"":""SI1000"",""p"":0.0009500000000000001,""rounds"":12}"
    542818,         0,         0,   129.5,pymatching,d60fe2b0b38877c0778b380935b6fb3d29d0d0291eef1e16c2d41c61bbf24777,"{""code"":""double_measurement_surface_code"",""diameter"":12,""noise_model"":""SI1000"",""p"":0.0009500000000000001,""rounds"":12}"
    542818,         0,         0,   129.9,pymatching,d60fe2b0b38877c0778b380935b6fb3d29d0d0291eef1e16c2d41c61bbf24777,"{""code"":""double_measurement_surface_code"",""diameter"":12,""noise_model"":""SI1000"",""p"":0.0009500000000000001,""rounds"":12}"
    428969,         1,         0,   116.8,pymatching,093c196ec29779c9cef2534c961d5958a23ff2e1439c1129270ccc41d2fa4051,"{""code"":""double_measurement_surface_code"",""diameter"":12,""noise_model"":""SI1000"",""p"":0.001175,""rounds"":12}"
    624140,         0,         0,   100.3,pymatching,d60fe2b0b38877c0778b380935b6fb3d29d0d0291eef1e16c2d41c61bbf24777,"{""code"":""double_measurement_surface_code"",""diameter"":12,""noise_model"":""SI1000"",""p"":0.0009500000000000001,""rounds"":12}"
    235562,         2,         0,    63.7,pymatching,093c196ec29779c9cef2534c961d5958a23ff2e1439c1129270ccc41d2fa4051,"{""code"":""double_measurement_surface_code"",""diameter"":12,""noise_model"":""SI1000"",""p"":0.001175,""rounds"":12}"
    587021,         0,         0,    93.2,pymatching,d60fe2b0b38877c0778b380935b6fb3d29d0d0291eef1e16c2d41c61bbf24777,"{""code"":""double_measurement_surface_code"",""diameter"":12,""noise_model"":""SI1000"",""p"":0.0009500000000000001,""rounds"":12}"
    436696,         1,         0,    81.2,pymatching,093c196ec29779c9cef2534c961d5958a23ff2e1439c1129270ccc41d2fa4051,"{""code"":""double_measurement_surface_code"",""diameter"":12,""noise_model"":""SI1000"",""p"":0.001175,""rounds"":12}"
    605469,         0,         0,   141.9,pymatching,d60fe2b0b38877c0778b380935b6fb3d29d0d0291eef1e16c2d41c61bbf24777,"{""code"":""double_measurement_surface_code"",""diameter"":12,""noise_model"":""SI1000"",""p"":0.0009500000000000001,""rounds"":12}"
    579586,         1,         0,   137.0,pymatching,d60fe2b0b38877c0778b380935b6fb3d29d0d0291eef1e16c2d41c61bbf24777,"{""code"":""double_measurement_surface_code"",""diameter"":12,""noise_model"":""SI1000"",""p"":0.0009500000000000001,""rounds"":12}"
    564411,         0,         0,   136.1,pymatching,d60fe2b0b38877c0778b380935b6fb3d29d0d0291eef1e16c2d41c61bbf24777,"{""code"":""double_measurement_surface_code"",""diameter"":12,""noise_model"":""SI1000"",""p"":0.0009500000000000001,""rounds"":12}"
    428969,         0,         0,   114.5,pymatching,093c196ec29779c9cef2534c961d5958a23ff2e1439c1129270ccc41d2fa4051,"{""code"":""double_measurement_surface_code"",""diameter"":12,""noise_model"":""SI1000"",""p"":0.001175,""rounds"":12}"
    508453,         0,         0,   119.6,pymatching,d60fe2b0b38877c0778b380935b6fb3d29d0d0291eef1e16c2d41c61bbf24777,"{""code"":""double_measurement_surface_code"",""diameter"":12,""noise_model"":""SI1000"",""p"":0.0009500000000000001,""rounds"":12}"
    436696,         0,         0,   120.0,pymatching,093c196ec29779c9cef2534c961d5958a23ff2e1439c1129270ccc41d2fa4051,"{""code"":""double_measurement_surface_code"",""diameter"":12,""noise_model"":""SI1000"",""p"":0.001175,""rounds"":12}"
    574937,         0,         0,   136.8,pymatching,d60fe2b0b38877c0778b380935b6fb3d29d0d0291eef1e16c2d41c61bbf24777,"{""code"":""double_measurement_surface_code"",""diameter"":12,""noise_model"":""SI1000"",""p"":0.0009500000000000001,""rounds"":12}"
    438515,         0,         0,    80.7,pymatching,093c196ec29779c9cef2534c961d5958a23ff2e1439c1129270ccc41d2fa4051,"{""code"":""double_measurement_surface_code"",""diameter"":12,""noise_model"":""SI1000"",""p"":0.001175,""rounds"":12}"
    490474,         0,         0,    91.4,pymatching,093c196ec29779c9cef2534c961d5958a23ff2e1439c1129270ccc41d2fa4051,"{""code"":""double_measurement_surface_code"",""diameter"":12,""noise_model"":""SI1000"",""p"":0.001175,""rounds"":12}"
    438515,         0,         0,   117.3,pymatching,093c196ec29779c9cef2534c961d5958a23ff2e1439c1129270ccc41d2fa4051,"{""code"":""double_measurement_surface_code"",""diameter"":12,""noise_model"":""SI1000"",""p"":0.001175,""rounds"":12}"
    490474,         0,         0,   133.3,pymatching,093c196ec29779c9cef2534c961d5958a23ff2e1439c1129270ccc41d2fa4051,"{""code"":""double_measurement_surface_code"",""diameter"":12,""noise_model"":""SI1000"",""p"":0.001175,""rounds"":12}"
    490474,         0,         0,   134.5,pymatching,093c196ec29779c9cef2534c961d5958a23ff2e1439c1129270ccc41d2fa4051,"{""code"":""double_measurement_surface_code"",""diameter"":12,""noise_model"":""SI1000"",""p"":0.001175,""rounds"":12}"
    479782,         0,         0,   128.9,pymatching,093c196ec29779c9cef2534c961d5958a23ff2e1439c1129270ccc41d2fa4051,"{""code"":""double_measurement_surface_code"",""diameter"":12,""noise_model"":""SI1000"",""p"":0.001175,""rounds"":12}"
    490474,         0,         0,   136.4,pymatching,093c196ec29779c9cef2534c961d5958a23ff2e1439c1129270ccc41d2fa4051,"{""code"":""double_measurement_surface_code"",""diameter"":12,""noise_model"":""SI1000"",""p"":0.001175,""rounds"":12}"
    479782,         2,         0,   131.2,pymatching,093c196ec29779c9cef2534c961d5958a23ff2e1439c1129270ccc41d2fa4051,"{""code"":""double_measurement_surface_code"",""diameter"":12,""noise_model"":""SI1000"",""p"":0.001175,""rounds"":12}"
       200,         0,         0,   0.513,pymatching,a2c9592c2569ceb20b417efe5ab34e2a265c2a0fb586316e4d046b92baa74ccb,"{""code"":""double_measurement_surface_code"",""diameter"":12,""noise_model"":""SI1000"",""p"":0.0014000000000000002,""rounds"":12}"
       600,         0,         0,   0.444,pymatching,a2c9592c2569ceb20b417efe5ab34e2a265c2a0fb586316e4d046b92baa74ccb,"{""code"":""double_measurement_surface_code"",""diameter"":12,""noise_model"":""SI1000"",""p"":0.0014000000000000002,""rounds"":12}"
      1800,         0,         0,   0.829,pymatching,a2c9592c2569ceb20b417efe5ab34e2a265c2a0fb586316e4d046b92baa74ccb,"{""code"":""double_measurement_surface_code"",""diameter"":12,""noise_model"":""SI1000"",""p"":0.0014000000000000002,""rounds"":12}"
    493479,         0,         0,    91.3,pymatching,093c196ec29779c9cef2534c961d5958a23ff2e1439c1129270ccc41d2fa4051,"{""code"":""double_measurement_surface_code"",""diameter"":12,""noise_model"":""SI1000"",""p"":0.001175,""rounds"":12}"
      5400,         0,         0,    1.95,pymatching,a2c9592c2569ceb20b417efe5ab34e2a265c2a0fb586316e4d046b92baa74ccb,"{""code"":""double_measurement_surface_code"",""diameter"":12,""noise_model"":""SI1000"",""p"":0.0014000000000000002,""rounds"":12}"
      5400,         0,         0,    1.48,pymatching,a2c9592c2569ceb20b417efe5ab34e2a265c2a0fb586316e4d046b92baa74ccb,"{""code"":""double_measurement_surface_code"",""diameter"":12,""noise_model"":""SI1000"",""p"":0.0014000000000000002,""rounds"":12}"
    470509,         1,         0,   130.4,pymatching,093c196ec29779c9cef2534c961d5958a23ff2e1439c1129270ccc41d2fa4051,"{""code"":""double_measurement_surface_code"",""diameter"":12,""noise_model"":""SI1000"",""p"":0.001175,""rounds"":12}"
    470509,         0,         0,   129.6,pymatching,093c196ec29779c9cef2534c961d5958a23ff2e1439c1129270ccc41d2fa4051,"{""code"":""double_measurement_surface_code"",""diameter"":12,""noise_model"":""SI1000"",""p"":0.001175,""rounds"":12}"
       200,         0,         0,   0.466,pymatching,edd564e23ac4e9ab3630dcf96c02fbf32c90e85a91408a36400a78f37cd417ee,"{""code"":""double_measurement_surface_code"",""diameter"":12,""noise_model"":""SI1000"",""p"":0.0016250000000000001,""rounds"":12}"
       600,         0,         0,   0.470,pymatching,edd564e23ac4e9ab3630dcf96c02fbf32c90e85a91408a36400a78f37cd417ee,"{""code"":""double_measurement_surface_code"",""diameter"":12,""noise_model"":""SI1000"",""p"":0.0016250000000000001,""rounds"":12}"
      1800,         0,         0,   0.926,pymatching,edd564e23ac4e9ab3630dcf96c02fbf32c90e85a91408a36400a78f37cd417ee,"{""code"":""double_measurement_surface_code"",""diameter"":12,""noise_model"":""SI1000"",""p"":0.0016250000000000001,""rounds"":12}"
     16200,         0,         0,    5.17,pymatching,a2c9592c2569ceb20b417efe5ab34e2a265c2a0fb586316e4d046b92baa74ccb,"{""code"":""double_measurement_surface_code"",""diameter"":12,""noise_model"":""SI1000"",""p"":0.0014000000000000002,""rounds"":12}"
     27000,         0,         0,    6.00,pymatching,a2c9592c2569ceb20b417efe5ab34e2a265c2a0fb586316e4d046b92baa74ccb,"{""code"":""double_measurement_surface_code"",""diameter"":12,""noise_model"":""SI1000"",""p"":0.0014000000000000002,""rounds"":12}"
      5400,         0,         0,    2.14,pymatching,edd564e23ac4e9ab3630dcf96c02fbf32c90e85a91408a36400a78f37cd417ee,"{""code"":""double_measurement_surface_code"",""diameter"":12,""noise_model"":""SI1000"",""p"":0.0016250000000000001,""rounds"":12}"
     24300,         0,         0,    8.17,pymatching,a2c9592c2569ceb20b417efe5ab34e2a265c2a0fb586316e4d046b92baa74ccb,"{""code"":""double_measurement_surface_code"",""diameter"":12,""noise_model"":""SI1000"",""p"":0.0014000000000000002,""rounds"":12}"
     98453,         0,         0,    27.1,pymatching,093c196ec29779c9cef2534c961d5958a23ff2e1439c1129270ccc41d2fa4051,"{""code"":""double_measurement_surface_code"",""diameter"":12,""noise_model"":""SI1000"",""p"":0.001175,""rounds"":12}"
     59400,         0,         0,    17.9,pymatching,a2c9592c2569ceb20b417efe5ab34e2a265c2a0fb586316e4d046b92baa74ccb,"{""code"":""double_measurement_surface_code"",""diameter"":12,""noise_model"":""SI1000"",""p"":0.0014000000000000002,""rounds"":12}"
    512336,         0,         0,    96.7,pymatching,093c196ec29779c9cef2534c961d5958a23ff2e1439c1129270ccc41d2fa4051,"{""code"":""double_measurement_surface_code"",""diameter"":12,""noise_model"":""SI1000"",""p"":0.001175,""rounds"":12}"
     16200,         1,         0,    5.89,pymatching,edd564e23ac4e9ab3630dcf96c02fbf32c90e85a91408a36400a78f37cd417ee,"{""code"":""double_measurement_surface_code"",""diameter"":12,""noise_model"":""SI1000"",""p"":0.0016250000000000001,""rounds"":12}"
    113400,         1,         0,    24.3,pymatching,a2c9592c2569ceb20b417efe5ab34e2a265c2a0fb586316e4d046b92baa74ccb,"{""code"":""double_measurement_surface_code"",""diameter"":12,""noise_model"":""SI1000"",""p"":0.0014000000000000002,""rounds"":12}"
     86400,         0,         0,    26.0,pymatching,a2c9592c2569ceb20b417efe5ab34e2a265c2a0fb586316e4d046b92baa74ccb,"{""code"":""double_measurement_surface_code"",""diameter"":12,""noise_model"":""SI1000"",""p"":0.0014000000000000002,""rounds"":12}"
     75600,         0,         0,    16.6,pymatching,a2c9592c2569ceb20b417efe5ab34e2a265c2a0fb586316e4d046b92baa74ccb,"{""code"":""double_measurement_surface_code"",""diameter"":12,""noise_model"":""SI1000"",""p"":0.0014000000000000002,""rounds"":12}"
     48600,         0,         0,    18.1,pymatching,edd564e23ac4e9ab3630dcf96c02fbf32c90e85a91408a36400a78f37cd417ee,"{""code"":""double_measurement_surface_code"",""diameter"":12,""noise_model"":""SI1000"",""p"":0.0016250000000000001,""rounds"":12}"
    145800,         1,         0,    45.3,pymatching,a2c9592c2569ceb20b417efe5ab34e2a265c2a0fb586316e4d046b92baa74ccb,"{""code"":""double_measurement_surface_code"",""diameter"":12,""noise_model"":""SI1000"",""p"":0.0014000000000000002,""rounds"":12}"
    503520,         0,         0,   134.8,pymatching,093c196ec29779c9cef2534c961d5958a23ff2e1439c1129270ccc41d2fa4051,"{""code"":""double_measurement_surface_code"",""diameter"":12,""noise_model"":""SI1000"",""p"":0.001175,""rounds"":12}"
    495109,         0,         0,   134.6,pymatching,093c196ec29779c9cef2534c961d5958a23ff2e1439c1129270ccc41d2fa4051,"{""code"":""double_measurement_surface_code"",""diameter"":12,""noise_model"":""SI1000"",""p"":0.001175,""rounds"":12}"
      4688,         0,         0,    1.94,pymatching,a2c9592c2569ceb20b417efe5ab34e2a265c2a0fb586316e4d046b92baa74ccb,"{""code"":""double_measurement_surface_code"",""diameter"":12,""noise_model"":""SI1000"",""p"":0.0014000000000000002,""rounds"":12}"
    280800,         1,         0,    88.5,pymatching,a2c9592c2569ceb20b417efe5ab34e2a265c2a0fb586316e4d046b92baa74ccb,"{""code"":""double_measurement_surface_code"",""diameter"":12,""noise_model"":""SI1000"",""p"":0.0014000000000000002,""rounds"":12}"
    488153,         0,         0,   132.8,pymatching,093c196ec29779c9cef2534c961d5958a23ff2e1439c1129270ccc41d2fa4051,"{""code"":""double_measurement_surface_code"",""diameter"":12,""noise_model"":""SI1000"",""p"":0.001175,""rounds"":12}"
     28128,         0,         0,    8.78,pymatching,a2c9592c2569ceb20b417efe5ab34e2a265c2a0fb586316e4d046b92baa74ccb,"{""code"":""double_measurement_surface_code"",""diameter"":12,""noise_model"":""SI1000"",""p"":0.0014000000000000002,""rounds"":12}"
    483850,         1,         0,   130.4,pymatching,093c196ec29779c9cef2534c961d5958a23ff2e1439c1129270ccc41d2fa4051,"{""code"":""double_measurement_surface_code"",""diameter"":12,""noise_model"":""SI1000"",""p"":0.001175,""rounds"":12}"
    454517,         2,         0,    95.6,pymatching,a2c9592c2569ceb20b417efe5ab34e2a265c2a0fb586316e4d046b92baa74ccb,"{""code"":""double_measurement_surface_code"",""diameter"":12,""noise_model"":""SI1000"",""p"":0.0014000000000000002,""rounds"":12}"
    303887,         0,         0,    95.5,pymatching,a2c9592c2569ceb20b417efe5ab34e2a265c2a0fb586316e4d046b92baa74ccb,"{""code"":""double_measurement_surface_code"",""diameter"":12,""noise_model"":""SI1000"",""p"":0.0014000000000000002,""rounds"":12}"
    455136,         3,         0,    97.6,pymatching,a2c9592c2569ceb20b417efe5ab34e2a265c2a0fb586316e4d046b92baa74ccb,"{""code"":""double_measurement_surface_code"",""diameter"":12,""noise_model"":""SI1000"",""p"":0.0014000000000000002,""rounds"":12}"
    438860,         0,         0,   135.3,pymatching,a2c9592c2569ceb20b417efe5ab34e2a265c2a0fb586316e4d046b92baa74ccb,"{""code"":""double_measurement_surface_code"",""diameter"":12,""noise_model"":""SI1000"",""p"":0.0014000000000000002,""rounds"":12}"
    435056,         3,         0,   133.7,pymatching,a2c9592c2569ceb20b417efe5ab34e2a265c2a0fb586316e4d046b92baa74ccb,"{""code"":""double_measurement_surface_code"",""diameter"":12,""noise_model"":""SI1000"",""p"":0.0014000000000000002,""rounds"":12}"
    435056,         5,         0,   133.0,pymatching,a2c9592c2569ceb20b417efe5ab34e2a265c2a0fb586316e4d046b92baa74ccb,"{""code"":""double_measurement_surface_code"",""diameter"":12,""noise_model"":""SI1000"",""p"":0.0014000000000000002,""rounds"":12}"
    456316,         1,         0,    95.5,pymatching,a2c9592c2569ceb20b417efe5ab34e2a265c2a0fb586316e4d046b92baa74ccb,"{""code"":""double_measurement_surface_code"",""diameter"":12,""noise_model"":""SI1000"",""p"":0.0014000000000000002,""rounds"":12}"
    461836,         2,         0,    98.2,pymatching,a2c9592c2569ceb20b417efe5ab34e2a265c2a0fb586316e4d046b92baa74ccb,"{""code"":""double_measurement_surface_code"",""diameter"":12,""noise_model"":""SI1000"",""p"":0.0014000000000000002,""rounds"":12}"
    414381,         1,         0,   129.4,pymatching,a2c9592c2569ceb20b417efe5ab34e2a265c2a0fb586316e4d046b92baa74ccb,"{""code"":""double_measurement_surface_code"",""diameter"":12,""noise_model"":""SI1000"",""p"":0.0014000000000000002,""rounds"":12}"
    414381,         1,         0,   127.7,pymatching,a2c9592c2569ceb20b417efe5ab34e2a265c2a0fb586316e4d046b92baa74ccb,"{""code"":""double_measurement_surface_code"",""diameter"":12,""noise_model"":""SI1000"",""p"":0.0014000000000000002,""rounds"":12}"
    413342,         3,         0,   126.9,pymatching,a2c9592c2569ceb20b417efe5ab34e2a265c2a0fb586316e4d046b92baa74ccb,"{""code"":""double_measurement_surface_code"",""diameter"":12,""noise_model"":""SI1000"",""p"":0.0014000000000000002,""rounds"":12}"
    413342,         1,         0,   129.3,pymatching,a2c9592c2569ceb20b417efe5ab34e2a265c2a0fb586316e4d046b92baa74ccb,"{""code"":""double_measurement_surface_code"",""diameter"":12,""noise_model"":""SI1000"",""p"":0.0014000000000000002,""rounds"":12}"
     43551,         0,         0,    13.3,pymatching,a2c9592c2569ceb20b417efe5ab34e2a265c2a0fb586316e4d046b92baa74ccb,"{""code"":""double_measurement_surface_code"",""diameter"":12,""noise_model"":""SI1000"",""p"":0.0014000000000000002,""rounds"":12}"
    440383,         3,         0,   137.9,pymatching,a2c9592c2569ceb20b417efe5ab34e2a265c2a0fb586316e4d046b92baa74ccb,"{""code"":""double_measurement_surface_code"",""diameter"":12,""noise_model"":""SI1000"",""p"":0.0014000000000000002,""rounds"":12}"
    447361,         3,         0,   138.2,pymatching,a2c9592c2569ceb20b417efe5ab34e2a265c2a0fb586316e4d046b92baa74ccb,"{""code"":""double_measurement_surface_code"",""diameter"":12,""noise_model"":""SI1000"",""p"":0.0014000000000000002,""rounds"":12}"
    145800,         1,         0,    51.2,pymatching,edd564e23ac4e9ab3630dcf96c02fbf32c90e85a91408a36400a78f37cd417ee,"{""code"":""double_measurement_surface_code"",""diameter"":12,""noise_model"":""SI1000"",""p"":0.0016250000000000001,""rounds"":12}"
    444604,         2,         0,    94.2,pymatching,a2c9592c2569ceb20b417efe5ab34e2a265c2a0fb586316e4d046b92baa74ccb,"{""code"":""double_measurement_surface_code"",""diameter"":12,""noise_model"":""SI1000"",""p"":0.0014000000000000002,""rounds"":12}"
    438004,         4,         0,   138.3,pymatching,a2c9592c2569ceb20b417efe5ab34e2a265c2a0fb586316e4d046b92baa74ccb,"{""code"":""double_measurement_surface_code"",""diameter"":12,""noise_model"":""SI1000"",""p"":0.0014000000000000002,""rounds"":12}"
    145800,         2,         0,    53.4,pymatching,edd564e23ac4e9ab3630dcf96c02fbf32c90e85a91408a36400a78f37cd417ee,"{""code"":""double_measurement_surface_code"",""diameter"":12,""noise_model"":""SI1000"",""p"":0.0016250000000000001,""rounds"":12}"
    431586,         1,         0,   133.4,pymatching,a2c9592c2569ceb20b417efe5ab34e2a265c2a0fb586316e4d046b92baa74ccb,"{""code"":""double_measurement_surface_code"",""diameter"":12,""noise_model"":""SI1000"",""p"":0.0014000000000000002,""rounds"":12}"
     72900,         1,         0,    26.4,pymatching,edd564e23ac4e9ab3630dcf96c02fbf32c90e85a91408a36400a78f37cd417ee,"{""code"":""double_measurement_surface_code"",""diameter"":12,""noise_model"":""SI1000"",""p"":0.0016250000000000001,""rounds"":12}"
    454950,         3,         0,    97.9,pymatching,a2c9592c2569ceb20b417efe5ab34e2a265c2a0fb586316e4d046b92baa74ccb,"{""code"":""double_measurement_surface_code"",""diameter"":12,""noise_model"":""SI1000"",""p"":0.0014000000000000002,""rounds"":12}"
    447736,         2,         0,   138.2,pymatching,a2c9592c2569ceb20b417efe5ab34e2a265c2a0fb586316e4d046b92baa74ccb,"{""code"":""double_measurement_surface_code"",""diameter"":12,""noise_model"":""SI1000"",""p"":0.0014000000000000002,""rounds"":12}"
       200,         0,         0,   0.496,pymatching,6c0e562926ee33cbe66088e1e4e3671bfa62c57340ac849a9eb8eeceb0a0aa16,"{""code"":""double_measurement_surface_code"",""diameter"":12,""noise_model"":""SI1000"",""p"":0.00185,""rounds"":12}"
       600,         0,         0,   0.519,pymatching,6c0e562926ee33cbe66088e1e4e3671bfa62c57340ac849a9eb8eeceb0a0aa16,"{""code"":""double_measurement_surface_code"",""diameter"":12,""noise_model"":""SI1000"",""p"":0.00185,""rounds"":12}"
    442403,         1,         0,   136.3,pymatching,a2c9592c2569ceb20b417efe5ab34e2a265c2a0fb586316e4d046b92baa74ccb,"{""code"":""double_measurement_surface_code"",""diameter"":12,""noise_model"":""SI1000"",""p"":0.0014000000000000002,""rounds"":12}"
      1800,         0,         0,    1.04,pymatching,6c0e562926ee33cbe66088e1e4e3671bfa62c57340ac849a9eb8eeceb0a0aa16,"{""code"":""double_measurement_surface_code"",""diameter"":12,""noise_model"":""SI1000"",""p"":0.00185,""rounds"":12}"
    438096,         2,         0,   135.2,pymatching,a2c9592c2569ceb20b417efe5ab34e2a265c2a0fb586316e4d046b92baa74ccb,"{""code"":""double_measurement_surface_code"",""diameter"":12,""noise_model"":""SI1000"",""p"":0.0014000000000000002,""rounds"":12}"
      1800,         0,         0,    1.13,pymatching,6c0e562926ee33cbe66088e1e4e3671bfa62c57340ac849a9eb8eeceb0a0aa16,"{""code"":""double_measurement_surface_code"",""diameter"":12,""noise_model"":""SI1000"",""p"":0.00185,""rounds"":12}"
      5400,         0,         0,    2.49,pymatching,6c0e562926ee33cbe66088e1e4e3671bfa62c57340ac849a9eb8eeceb0a0aa16,"{""code"":""double_measurement_surface_code"",""diameter"":12,""noise_model"":""SI1000"",""p"":0.00185,""rounds"":12}"
      5400,         0,         0,    2.60,pymatching,6c0e562926ee33cbe66088e1e4e3671bfa62c57340ac849a9eb8eeceb0a0aa16,"{""code"":""double_measurement_surface_code"",""diameter"":12,""noise_model"":""SI1000"",""p"":0.00185,""rounds"":12}"
      9000,         0,         0,    3.94,pymatching,6c0e562926ee33cbe66088e1e4e3671bfa62c57340ac849a9eb8eeceb0a0aa16,"{""code"":""double_measurement_surface_code"",""diameter"":12,""noise_model"":""SI1000"",""p"":0.00185,""rounds"":12}"
     19800,         1,         0,    8.24,pymatching,6c0e562926ee33cbe66088e1e4e3671bfa62c57340ac849a9eb8eeceb0a0aa16,"{""code"":""double_measurement_surface_code"",""diameter"":12,""noise_model"":""SI1000"",""p"":0.00185,""rounds"":12}"
    330839,         3,         0,    79.5,pymatching,edd564e23ac4e9ab3630dcf96c02fbf32c90e85a91408a36400a78f37cd417ee,"{""code"":""double_measurement_surface_code"",""diameter"":12,""noise_model"":""SI1000"",""p"":0.0016250000000000001,""rounds"":12}"
     30600,         1,         0,    12.7,pymatching,6c0e562926ee33cbe66088e1e4e3671bfa62c57340ac849a9eb8eeceb0a0aa16,"{""code"":""double_measurement_surface_code"",""diameter"":12,""noise_model"":""SI1000"",""p"":0.00185,""rounds"":12}"
    213122,         2,         0,    75.6,pymatching,edd564e23ac4e9ab3630dcf96c02fbf32c90e85a91408a36400a78f37cd417ee,"{""code"":""double_measurement_surface_code"",""diameter"":12,""noise_model"":""SI1000"",""p"":0.0016250000000000001,""rounds"":12}"
     48600,         2,         0,    20.0,pymatching,6c0e562926ee33cbe66088e1e4e3671bfa62c57340ac849a9eb8eeceb0a0aa16,"{""code"":""double_measurement_surface_code"",""diameter"":12,""noise_model"":""SI1000"",""p"":0.00185,""rounds"":12}"
    323554,         4,         0,    79.2,pymatching,edd564e23ac4e9ab3630dcf96c02fbf32c90e85a91408a36400a78f37cd417ee,"{""code"":""double_measurement_surface_code"",""diameter"":12,""noise_model"":""SI1000"",""p"":0.0016250000000000001,""rounds"":12}"
    330839,         6,         0,   116.4,pymatching,edd564e23ac4e9ab3630dcf96c02fbf32c90e85a91408a36400a78f37cd417ee,"{""code"":""double_measurement_surface_code"",""diameter"":12,""noise_model"":""SI1000"",""p"":0.0016250000000000001,""rounds"":12}"
     88200,         4,         0,    35.3,pymatching,6c0e562926ee33cbe66088e1e4e3671bfa62c57340ac849a9eb8eeceb0a0aa16,"{""code"":""double_measurement_surface_code"",""diameter"":12,""noise_model"":""SI1000"",""p"":0.00185,""rounds"":12}"
    329430,         7,         0,   116.0,pymatching,edd564e23ac4e9ab3630dcf96c02fbf32c90e85a91408a36400a78f37cd417ee,"{""code"":""double_measurement_surface_code"",""diameter"":12,""noise_model"":""SI1000"",""p"":0.0016250000000000001,""rounds"":12}"
    329430,         4,         0,   114.4,pymatching,edd564e23ac4e9ab3630dcf96c02fbf32c90e85a91408a36400a78f37cd417ee,"{""code"":""double_measurement_surface_code"",""diameter"":12,""noise_model"":""SI1000"",""p"":0.0016250000000000001,""rounds"":12}"
    329786,         6,         0,   114.8,pymatching,edd564e23ac4e9ab3630dcf96c02fbf32c90e85a91408a36400a78f37cd417ee,"{""code"":""double_measurement_surface_code"",""diameter"":12,""noise_model"":""SI1000"",""p"":0.0016250000000000001,""rounds"":12}"
    386321,         4,         0,    92.4,pymatching,edd564e23ac4e9ab3630dcf96c02fbf32c90e85a91408a36400a78f37cd417ee,"{""code"":""double_measurement_surface_code"",""diameter"":12,""noise_model"":""SI1000"",""p"":0.0016250000000000001,""rounds"":12}"
    398080,         6,         0,    95.4,pymatching,edd564e23ac4e9ab3630dcf96c02fbf32c90e85a91408a36400a78f37cd417ee,"{""code"":""double_measurement_surface_code"",""diameter"":12,""noise_model"":""SI1000"",""p"":0.0016250000000000001,""rounds"":12}"
    386321,         3,         0,   134.1,pymatching,edd564e23ac4e9ab3630dcf96c02fbf32c90e85a91408a36400a78f37cd417ee,"{""code"":""double_measurement_surface_code"",""diameter"":12,""noise_model"":""SI1000"",""p"":0.0016250000000000001,""rounds"":12}"
    374790,         4,         0,   131.4,pymatching,edd564e23ac4e9ab3630dcf96c02fbf32c90e85a91408a36400a78f37cd417ee,"{""code"":""double_measurement_surface_code"",""diameter"":12,""noise_model"":""SI1000"",""p"":0.0016250000000000001,""rounds"":12}"
    374790,         7,         0,   131.4,pymatching,edd564e23ac4e9ab3630dcf96c02fbf32c90e85a91408a36400a78f37cd417ee,"{""code"":""double_measurement_surface_code"",""diameter"":12,""noise_model"":""SI1000"",""p"":0.0016250000000000001,""rounds"":12}"
    385075,         4,         0,   136.3,pymatching,edd564e23ac4e9ab3630dcf96c02fbf32c90e85a91408a36400a78f37cd417ee,"{""code"":""double_measurement_surface_code"",""diameter"":12,""noise_model"":""SI1000"",""p"":0.0016250000000000001,""rounds"":12}"
    385075,        11,         0,   136.8,pymatching,edd564e23ac4e9ab3630dcf96c02fbf32c90e85a91408a36400a78f37cd417ee,"{""code"":""double_measurement_surface_code"",""diameter"":12,""noise_model"":""SI1000"",""p"":0.0016250000000000001,""rounds"":12}"
    372020,         4,         0,   129.5,pymatching,edd564e23ac4e9ab3630dcf96c02fbf32c90e85a91408a36400a78f37cd417ee,"{""code"":""double_measurement_surface_code"",""diameter"":12,""noise_model"":""SI1000"",""p"":0.0016250000000000001,""rounds"":12}"
    368334,         3,         0,   129.5,pymatching,edd564e23ac4e9ab3630dcf96c02fbf32c90e85a91408a36400a78f37cd417ee,"{""code"":""double_measurement_surface_code"",""diameter"":12,""noise_model"":""SI1000"",""p"":0.0016250000000000001,""rounds"":12}"
    376841,         4,         0,   133.7,pymatching,edd564e23ac4e9ab3630dcf96c02fbf32c90e85a91408a36400a78f37cd417ee,"{""code"":""double_measurement_surface_code"",""diameter"":12,""noise_model"":""SI1000"",""p"":0.0016250000000000001,""rounds"":12}"
    381349,         2,         0,    91.9,pymatching,edd564e23ac4e9ab3630dcf96c02fbf32c90e85a91408a36400a78f37cd417ee,"{""code"":""double_measurement_surface_code"",""diameter"":12,""noise_model"":""SI1000"",""p"":0.0016250000000000001,""rounds"":12}"
    392262,         9,         0,    95.3,pymatching,edd564e23ac4e9ab3630dcf96c02fbf32c90e85a91408a36400a78f37cd417ee,"{""code"":""double_measurement_surface_code"",""diameter"":12,""noise_model"":""SI1000"",""p"":0.0016250000000000001,""rounds"":12}"
    159609,         3,         0,    58.5,pymatching,edd564e23ac4e9ab3630dcf96c02fbf32c90e85a91408a36400a78f37cd417ee,"{""code"":""double_measurement_surface_code"",""diameter"":12,""noise_model"":""SI1000"",""p"":0.0016250000000000001,""rounds"":12}"
    286780,         7,         0,    78.0,pymatching,6c0e562926ee33cbe66088e1e4e3671bfa62c57340ac849a9eb8eeceb0a0aa16,"{""code"":""double_measurement_surface_code"",""diameter"":12,""noise_model"":""SI1000"",""p"":0.00185,""rounds"":12}"
    386960,         8,         0,   135.2,pymatching,edd564e23ac4e9ab3630dcf96c02fbf32c90e85a91408a36400a78f37cd417ee,"{""code"":""double_measurement_surface_code"",""diameter"":12,""noise_model"":""SI1000"",""p"":0.0016250000000000001,""rounds"":12}"
    382458,         4,         0,   134.1,pymatching,edd564e23ac4e9ab3630dcf96c02fbf32c90e85a91408a36400a78f37cd417ee,"{""code"":""double_measurement_surface_code"",""diameter"":12,""noise_model"":""SI1000"",""p"":0.0016250000000000001,""rounds"":12}"
    378778,         5,         0,   133.3,pymatching,edd564e23ac4e9ab3630dcf96c02fbf32c90e85a91408a36400a78f37cd417ee,"{""code"":""double_measurement_surface_code"",""diameter"":12,""noise_model"":""SI1000"",""p"":0.0016250000000000001,""rounds"":12}"
    286780,         7,         0,    79.2,pymatching,6c0e562926ee33cbe66088e1e4e3671bfa62c57340ac849a9eb8eeceb0a0aa16,"{""code"":""double_measurement_surface_code"",""diameter"":12,""noise_model"":""SI1000"",""p"":0.00185,""rounds"":12}"
    372325,         5,         0,   133.0,pymatching,edd564e23ac4e9ab3630dcf96c02fbf32c90e85a91408a36400a78f37cd417ee,"{""code"":""double_measurement_surface_code"",""diameter"":12,""noise_model"":""SI1000"",""p"":0.0016250000000000001,""rounds"":12}"
    375332,         8,         0,   133.5,pymatching,edd564e23ac4e9ab3630dcf96c02fbf32c90e85a91408a36400a78f37cd417ee,"{""code"":""double_measurement_surface_code"",""diameter"":12,""noise_model"":""SI1000"",""p"":0.0016250000000000001,""rounds"":12}"
    370393,         6,         0,   129.7,pymatching,edd564e23ac4e9ab3630dcf96c02fbf32c90e85a91408a36400a78f37cd417ee,"{""code"":""double_measurement_surface_code"",""diameter"":12,""noise_model"":""SI1000"",""p"":0.0016250000000000001,""rounds"":12}"
    368487,         5,         0,   130.3,pymatching,edd564e23ac4e9ab3630dcf96c02fbf32c90e85a91408a36400a78f37cd417ee,"{""code"":""double_measurement_surface_code"",""diameter"":12,""noise_model"":""SI1000"",""p"":0.0016250000000000001,""rounds"":12}"
    286780,         6,         0,   113.9,pymatching,6c0e562926ee33cbe66088e1e4e3671bfa62c57340ac849a9eb8eeceb0a0aa16,"{""code"":""double_measurement_surface_code"",""diameter"":12,""noise_model"":""SI1000"",""p"":0.00185,""rounds"":12}"
    359205,        12,         0,    97.6,pymatching,6c0e562926ee33cbe66088e1e4e3671bfa62c57340ac849a9eb8eeceb0a0aa16,"{""code"":""double_measurement_surface_code"",""diameter"":12,""noise_model"":""SI1000"",""p"":0.00185,""rounds"":12}"
    383497,        11,         0,   105.4,pymatching,6c0e562926ee33cbe66088e1e4e3671bfa62c57340ac849a9eb8eeceb0a0aa16,"{""code"":""double_measurement_surface_code"",""diameter"":12,""noise_model"":""SI1000"",""p"":0.00185,""rounds"":12}"
    359205,         9,         0,   141.2,pymatching,6c0e562926ee33cbe66088e1e4e3671bfa62c57340ac849a9eb8eeceb0a0aa16,"{""code"":""double_measurement_surface_code"",""diameter"":12,""noise_model"":""SI1000"",""p"":0.00185,""rounds"":12}"
    359205,        14,         0,   143.2,pymatching,6c0e562926ee33cbe66088e1e4e3671bfa62c57340ac849a9eb8eeceb0a0aa16,"{""code"":""double_measurement_surface_code"",""diameter"":12,""noise_model"":""SI1000"",""p"":0.00185,""rounds"":12}"
    359205,         9,         0,   142.2,pymatching,6c0e562926ee33cbe66088e1e4e3671bfa62c57340ac849a9eb8eeceb0a0aa16,"{""code"":""double_measurement_surface_code"",""diameter"":12,""noise_model"":""SI1000"",""p"":0.00185,""rounds"":12}"
    383497,        10,         0,   154.5,pymatching,6c0e562926ee33cbe66088e1e4e3671bfa62c57340ac849a9eb8eeceb0a0aa16,"{""code"":""double_measurement_surface_code"",""diameter"":12,""noise_model"":""SI1000"",""p"":0.00185,""rounds"":12}"
    383497,        11,         0,   154.2,pymatching,6c0e562926ee33cbe66088e1e4e3671bfa62c57340ac849a9eb8eeceb0a0aa16,"{""code"":""double_measurement_surface_code"",""diameter"":12,""noise_model"":""SI1000"",""p"":0.00185,""rounds"":12}"
    375571,        13,         0,   102.1,pymatching,6c0e562926ee33cbe66088e1e4e3671bfa62c57340ac849a9eb8eeceb0a0aa16,"{""code"":""double_measurement_surface_code"",""diameter"":12,""noise_model"":""SI1000"",""p"":0.00185,""rounds"":12}"
    383497,        15,         0,   151.9,pymatching,6c0e562926ee33cbe66088e1e4e3671bfa62c57340ac849a9eb8eeceb0a0aa16,"{""code"":""double_measurement_surface_code"",""diameter"":12,""noise_model"":""SI1000"",""p"":0.00185,""rounds"":12}"
    383497,        11,         0,   153.1,pymatching,6c0e562926ee33cbe66088e1e4e3671bfa62c57340ac849a9eb8eeceb0a0aa16,"{""code"":""double_measurement_surface_code"",""diameter"":12,""noise_model"":""SI1000"",""p"":0.00185,""rounds"":12}"
    387035,         8,         0,   106.5,pymatching,6c0e562926ee33cbe66088e1e4e3671bfa62c57340ac849a9eb8eeceb0a0aa16,"{""code"":""double_measurement_surface_code"",""diameter"":12,""noise_model"":""SI1000"",""p"":0.00185,""rounds"":12}"
    357675,        12,         0,   143.7,pymatching,6c0e562926ee33cbe66088e1e4e3671bfa62c57340ac849a9eb8eeceb0a0aa16,"{""code"":""double_measurement_surface_code"",""diameter"":12,""noise_model"":""SI1000"",""p"":0.00185,""rounds"":12}"
    345841,        16,         0,    94.1,pymatching,6c0e562926ee33cbe66088e1e4e3671bfa62c57340ac849a9eb8eeceb0a0aa16,"{""code"":""double_measurement_surface_code"",""diameter"":12,""noise_model"":""SI1000"",""p"":0.00185,""rounds"":12}"
    350852,         7,         0,   139.1,pymatching,6c0e562926ee33cbe66088e1e4e3671bfa62c57340ac849a9eb8eeceb0a0aa16,"{""code"":""double_measurement_surface_code"",""diameter"":12,""noise_model"":""SI1000"",""p"":0.00185,""rounds"":12}"
    358863,        13,         0,   143.2,pymatching,6c0e562926ee33cbe66088e1e4e3671bfa62c57340ac849a9eb8eeceb0a0aa16,"{""code"":""double_measurement_surface_code"",""diameter"":12,""noise_model"":""SI1000"",""p"":0.00185,""rounds"":12}"
    370633,        15,         0,   146.3,pymatching,6c0e562926ee33cbe66088e1e4e3671bfa62c57340ac849a9eb8eeceb0a0aa16,"{""code"":""double_measurement_surface_code"",""diameter"":12,""noise_model"":""SI1000"",""p"":0.00185,""rounds"":12}"
       200,         0,         0,   0.473,pymatching,8245b0ffca2bcc5a88693e0c6bbacbd8075112039be0fcb18c1c42fce69aab15,"{""code"":""double_measurement_surface_code"",""diameter"":12,""noise_model"":""SI1000"",""p"":0.0020750000000000005,""rounds"":12}"
       600,         0,         0,   0.541,pymatching,8245b0ffca2bcc5a88693e0c6bbacbd8075112039be0fcb18c1c42fce69aab15,"{""code"":""double_measurement_surface_code"",""diameter"":12,""noise_model"":""SI1000"",""p"":0.0020750000000000005,""rounds"":12}"
      1800,         0,         0,    1.11,pymatching,8245b0ffca2bcc5a88693e0c6bbacbd8075112039be0fcb18c1c42fce69aab15,"{""code"":""double_measurement_surface_code"",""diameter"":12,""noise_model"":""SI1000"",""p"":0.0020750000000000005,""rounds"":12}"
      5400,         0,         0,    2.79,pymatching,8245b0ffca2bcc5a88693e0c6bbacbd8075112039be0fcb18c1c42fce69aab15,"{""code"":""double_measurement_surface_code"",""diameter"":12,""noise_model"":""SI1000"",""p"":0.0020750000000000005,""rounds"":12}"
     16200,         0,         0,    7.61,pymatching,8245b0ffca2bcc5a88693e0c6bbacbd8075112039be0fcb18c1c42fce69aab15,"{""code"":""double_measurement_surface_code"",""diameter"":12,""noise_model"":""SI1000"",""p"":0.0020750000000000005,""rounds"":12}"
    338323,        11,         0,   135.9,pymatching,6c0e562926ee33cbe66088e1e4e3671bfa62c57340ac849a9eb8eeceb0a0aa16,"{""code"":""double_measurement_surface_code"",""diameter"":12,""noise_model"":""SI1000"",""p"":0.00185,""rounds"":12}"
     48600,         7,         0,    22.2,pymatching,8245b0ffca2bcc5a88693e0c6bbacbd8075112039be0fcb18c1c42fce69aab15,"{""code"":""double_measurement_surface_code"",""diameter"":12,""noise_model"":""SI1000"",""p"":0.0020750000000000005,""rounds"":12}"
    343738,        16,         0,    95.1,pymatching,6c0e562926ee33cbe66088e1e4e3671bfa62c57340ac849a9eb8eeceb0a0aa16,"{""code"":""double_measurement_surface_code"",""diameter"":12,""noise_model"":""SI1000"",""p"":0.00185,""rounds"":12}"
    343707,         9,         0,   139.1,pymatching,6c0e562926ee33cbe66088e1e4e3671bfa62c57340ac849a9eb8eeceb0a0aa16,"{""code"":""double_measurement_surface_code"",""diameter"":12,""noise_model"":""SI1000"",""p"":0.00185,""rounds"":12}"
    341642,        15,         0,   137.4,pymatching,6c0e562926ee33cbe66088e1e4e3671bfa62c57340ac849a9eb8eeceb0a0aa16,"{""code"":""double_measurement_surface_code"",""diameter"":12,""noise_model"":""SI1000"",""p"":0.00185,""rounds"":12}"
    337959,        12,         0,   134.7,pymatching,6c0e562926ee33cbe66088e1e4e3671bfa62c57340ac849a9eb8eeceb0a0aa16,"{""code"":""double_measurement_surface_code"",""diameter"":12,""noise_model"":""SI1000"",""p"":0.00185,""rounds"":12}"
       200,         0,         0,   0.470,pymatching,7223d436a11d2bcd4d704d3ef38be71e3049699e74e88ccddaa8dae6721b81e7,"{""code"":""double_measurement_surface_code"",""diameter"":12,""noise_model"":""SI1000"",""p"":0.0023,""rounds"":12}"
       600,         0,         0,   0.535,pymatching,7223d436a11d2bcd4d704d3ef38be71e3049699e74e88ccddaa8dae6721b81e7,"{""code"":""double_measurement_surface_code"",""diameter"":12,""noise_model"":""SI1000"",""p"":0.0023,""rounds"":12}"
      1800,         1,         0,    1.17,pymatching,7223d436a11d2bcd4d704d3ef38be71e3049699e74e88ccddaa8dae6721b81e7,"{""code"":""double_measurement_surface_code"",""diameter"":12,""noise_model"":""SI1000"",""p"":0.0023,""rounds"":12}"
      1800,         0,         0,    1.29,pymatching,7223d436a11d2bcd4d704d3ef38be71e3049699e74e88ccddaa8dae6721b81e7,"{""code"":""double_measurement_surface_code"",""diameter"":12,""noise_model"":""SI1000"",""p"":0.0023,""rounds"":12}"
      5400,         0,         0,    2.94,pymatching,7223d436a11d2bcd4d704d3ef38be71e3049699e74e88ccddaa8dae6721b81e7,"{""code"":""double_measurement_surface_code"",""diameter"":12,""noise_model"":""SI1000"",""p"":0.0023,""rounds"":12}"
     24300,         3,         0,    11.3,pymatching,8245b0ffca2bcc5a88693e0c6bbacbd8075112039be0fcb18c1c42fce69aab15,"{""code"":""double_measurement_surface_code"",""diameter"":12,""noise_model"":""SI1000"",""p"":0.0020750000000000005,""rounds"":12}"
      9000,         1,         0,    4.86,pymatching,7223d436a11d2bcd4d704d3ef38be71e3049699e74e88ccddaa8dae6721b81e7,"{""code"":""double_measurement_surface_code"",""diameter"":12,""noise_model"":""SI1000"",""p"":0.0023,""rounds"":12}"
     48600,         2,         0,    21.7,pymatching,8245b0ffca2bcc5a88693e0c6bbacbd8075112039be0fcb18c1c42fce69aab15,"{""code"":""double_measurement_surface_code"",""diameter"":12,""noise_model"":""SI1000"",""p"":0.0020750000000000005,""rounds"":12}"
     19800,         3,         0,    10.4,pymatching,7223d436a11d2bcd4d704d3ef38be71e3049699e74e88ccddaa8dae6721b81e7,"{""code"":""double_measurement_surface_code"",""diameter"":12,""noise_model"":""SI1000"",""p"":0.0023,""rounds"":12}"
     37800,         4,         0,    19.3,pymatching,7223d436a11d2bcd4d704d3ef38be71e3049699e74e88ccddaa8dae6721b81e7,"{""code"":""double_measurement_surface_code"",""diameter"":12,""noise_model"":""SI1000"",""p"":0.0023,""rounds"":12}"
     33484,         3,         0,    15.5,pymatching,8245b0ffca2bcc5a88693e0c6bbacbd8075112039be0fcb18c1c42fce69aab15,"{""code"":""double_measurement_surface_code"",""diameter"":12,""noise_model"":""SI1000"",""p"":0.0020750000000000005,""rounds"":12}"
    340430,        12,         0,   138.0,pymatching,6c0e562926ee33cbe66088e1e4e3671bfa62c57340ac849a9eb8eeceb0a0aa16,"{""code"":""double_measurement_surface_code"",""diameter"":12,""noise_model"":""SI1000"",""p"":0.00185,""rounds"":12}"
    145800,        13,         0,    46.8,pymatching,8245b0ffca2bcc5a88693e0c6bbacbd8075112039be0fcb18c1c42fce69aab15,"{""code"":""double_measurement_surface_code"",""diameter"":12,""noise_model"":""SI1000"",""p"":0.0020750000000000005,""rounds"":12}"
    345047,        13,         0,    96.2,pymatching,6c0e562926ee33cbe66088e1e4e3671bfa62c57340ac849a9eb8eeceb0a0aa16,"{""code"":""double_measurement_surface_code"",""diameter"":12,""noise_model"":""SI1000"",""p"":0.00185,""rounds"":12}"
    145800,        10,         0,    63.3,pymatching,8245b0ffca2bcc5a88693e0c6bbacbd8075112039be0fcb18c1c42fce69aab15,"{""code"":""double_measurement_surface_code"",""diameter"":12,""noise_model"":""SI1000"",""p"":0.0020750000000000005,""rounds"":12}"
    145800,        11,         0,    64.6,pymatching,8245b0ffca2bcc5a88693e0c6bbacbd8075112039be0fcb18c1c42fce69aab15,"{""code"":""double_measurement_surface_code"",""diameter"":12,""noise_model"":""SI1000"",""p"":0.0020750000000000005,""rounds"":12}"
    294179,        10,         0,   119.1,pymatching,6c0e562926ee33cbe66088e1e4e3671bfa62c57340ac849a9eb8eeceb0a0aa16,"{""code"":""double_measurement_surface_code"",""diameter"":12,""noise_model"":""SI1000"",""p"":0.00185,""rounds"":12}"
    342360,         9,         0,   137.8,pymatching,6c0e562926ee33cbe66088e1e4e3671bfa62c57340ac849a9eb8eeceb0a0aa16,"{""code"":""double_measurement_surface_code"",""diameter"":12,""noise_model"":""SI1000"",""p"":0.00185,""rounds"":12}"
    153000,        27,         0,    76.8,pymatching,7223d436a11d2bcd4d704d3ef38be71e3049699e74e88ccddaa8dae6721b81e7,"{""code"":""double_measurement_surface_code"",""diameter"":12,""noise_model"":""SI1000"",""p"":0.0023,""rounds"":12}"
    153000,        17,         0,    76.0,pymatching,7223d436a11d2bcd4d704d3ef38be71e3049699e74e88ccddaa8dae6721b81e7,"{""code"":""double_measurement_surface_code"",""diameter"":12,""noise_model"":""SI1000"",""p"":0.0023,""rounds"":12}"
    200904,        12,         0,    88.5,pymatching,8245b0ffca2bcc5a88693e0c6bbacbd8075112039be0fcb18c1c42fce69aab15,"{""code"":""double_measurement_surface_code"",""diameter"":12,""noise_model"":""SI1000"",""p"":0.0020750000000000005,""rounds"":12}"
    258116,        13,         0,   113.8,pymatching,8245b0ffca2bcc5a88693e0c6bbacbd8075112039be0fcb18c1c42fce69aab15,"{""code"":""double_measurement_surface_code"",""diameter"":12,""noise_model"":""SI1000"",""p"":0.0020750000000000005,""rounds"":12}"
    299980,        20,         0,    93.6,pymatching,8245b0ffca2bcc5a88693e0c6bbacbd8075112039be0fcb18c1c42fce69aab15,"{""code"":""double_measurement_surface_code"",""diameter"":12,""noise_model"":""SI1000"",""p"":0.0020750000000000005,""rounds"":12}"
    299980,        18,         0,    92.3,pymatching,8245b0ffca2bcc5a88693e0c6bbacbd8075112039be0fcb18c1c42fce69aab15,"{""code"":""double_measurement_surface_code"",""diameter"":12,""noise_model"":""SI1000"",""p"":0.0020750000000000005,""rounds"":12}"
    292291,        22,         0,   129.3,pymatching,8245b0ffca2bcc5a88693e0c6bbacbd8075112039be0fcb18c1c42fce69aab15,"{""code"":""double_measurement_surface_code"",""diameter"":12,""noise_model"":""SI1000"",""p"":0.0020750000000000005,""rounds"":12}"
    286941,        15,         0,   127.4,pymatching,8245b0ffca2bcc5a88693e0c6bbacbd8075112039be0fcb18c1c42fce69aab15,"{""code"":""double_measurement_surface_code"",""diameter"":12,""noise_model"":""SI1000"",""p"":0.0020750000000000005,""rounds"":12}"
    286941,        18,         0,   128.5,pymatching,8245b0ffca2bcc5a88693e0c6bbacbd8075112039be0fcb18c1c42fce69aab15,"{""code"":""double_measurement_surface_code"",""diameter"":12,""noise_model"":""SI1000"",""p"":0.0020750000000000005,""rounds"":12}"
    286941,        17,         0,   129.3,pymatching,8245b0ffca2bcc5a88693e0c6bbacbd8075112039be0fcb18c1c42fce69aab15,"{""code"":""double_measurement_surface_code"",""diameter"":12,""noise_model"":""SI1000"",""p"":0.0020750000000000005,""rounds"":12}"
    298061,        23,         0,    92.4,pymatching,8245b0ffca2bcc5a88693e0c6bbacbd8075112039be0fcb18c1c42fce69aab15,"{""code"":""double_measurement_surface_code"",""diameter"":12,""noise_model"":""SI1000"",""p"":0.0020750000000000005,""rounds"":12}"
    286941,        20,         0,   129.6,pymatching,8245b0ffca2bcc5a88693e0c6bbacbd8075112039be0fcb18c1c42fce69aab15,"{""code"":""double_measurement_surface_code"",""diameter"":12,""noise_model"":""SI1000"",""p"":0.0020750000000000005,""rounds"":12}"
    311206,        23,         0,    95.7,pymatching,8245b0ffca2bcc5a88693e0c6bbacbd8075112039be0fcb18c1c42fce69aab15,"{""code"":""double_measurement_surface_code"",""diameter"":12,""noise_model"":""SI1000"",""p"":0.0020750000000000005,""rounds"":12}"
    286941,        21,         0,   129.8,pymatching,8245b0ffca2bcc5a88693e0c6bbacbd8075112039be0fcb18c1c42fce69aab15,"{""code"":""double_measurement_surface_code"",""diameter"":12,""noise_model"":""SI1000"",""p"":0.0020750000000000005,""rounds"":12}"
    283205,        26,         0,   126.0,pymatching,8245b0ffca2bcc5a88693e0c6bbacbd8075112039be0fcb18c1c42fce69aab15,"{""code"":""double_measurement_surface_code"",""diameter"":12,""noise_model"":""SI1000"",""p"":0.0020750000000000005,""rounds"":12}"
    280469,        19,         0,   124.4,pymatching,8245b0ffca2bcc5a88693e0c6bbacbd8075112039be0fcb18c1c42fce69aab15,"{""code"":""double_measurement_surface_code"",""diameter"":12,""noise_model"":""SI1000"",""p"":0.0020750000000000005,""rounds"":12}"
    299473,        24,         0,    92.7,pymatching,8245b0ffca2bcc5a88693e0c6bbacbd8075112039be0fcb18c1c42fce69aab15,"{""code"":""double_measurement_surface_code"",""diameter"":12,""noise_model"":""SI1000"",""p"":0.0020750000000000005,""rounds"":12}"
    304562,        28,         0,   134.5,pymatching,8245b0ffca2bcc5a88693e0c6bbacbd8075112039be0fcb18c1c42fce69aab15,"{""code"":""double_measurement_surface_code"",""diameter"":12,""noise_model"":""SI1000"",""p"":0.0020750000000000005,""rounds"":12}"
    299735,        30,         0,   132.9,pymatching,8245b0ffca2bcc5a88693e0c6bbacbd8075112039be0fcb18c1c42fce69aab15,"{""code"":""double_measurement_surface_code"",""diameter"":12,""noise_model"":""SI1000"",""p"":0.0020750000000000005,""rounds"":12}"
    302394,        27,         0,    92.6,pymatching,8245b0ffca2bcc5a88693e0c6bbacbd8075112039be0fcb18c1c42fce69aab15,"{""code"":""double_measurement_surface_code"",""diameter"":12,""noise_model"":""SI1000"",""p"":0.0020750000000000005,""rounds"":12}"
    295777,        27,         0,   132.3,pymatching,8245b0ffca2bcc5a88693e0c6bbacbd8075112039be0fcb18c1c42fce69aab15,"{""code"":""double_measurement_surface_code"",""diameter"":12,""noise_model"":""SI1000"",""p"":0.0020750000000000005,""rounds"":12}"
    292506,        36,         0,   131.6,pymatching,8245b0ffca2bcc5a88693e0c6bbacbd8075112039be0fcb18c1c42fce69aab15,"{""code"":""double_measurement_surface_code"",""diameter"":12,""noise_model"":""SI1000"",""p"":0.0020750000000000005,""rounds"":12}"
    296304,        26,         0,   133.3,pymatching,8245b0ffca2bcc5a88693e0c6bbacbd8075112039be0fcb18c1c42fce69aab15,"{""code"":""double_measurement_surface_code"",""diameter"":12,""noise_model"":""SI1000"",""p"":0.0020750000000000005,""rounds"":12}"
    299392,        23,         0,   135.5,pymatching,8245b0ffca2bcc5a88693e0c6bbacbd8075112039be0fcb18c1c42fce69aab15,"{""code"":""double_measurement_surface_code"",""diameter"":12,""noise_model"":""SI1000"",""p"":0.0020750000000000005,""rounds"":12}"
    297231,        17,         0,   132.6,pymatching,8245b0ffca2bcc5a88693e0c6bbacbd8075112039be0fcb18c1c42fce69aab15,"{""code"":""double_measurement_surface_code"",""diameter"":12,""noise_model"":""SI1000"",""p"":0.0020750000000000005,""rounds"":12}"
    295441,        21,         0,   131.2,pymatching,8245b0ffca2bcc5a88693e0c6bbacbd8075112039be0fcb18c1c42fce69aab15,"{""code"":""double_measurement_surface_code"",""diameter"":12,""noise_model"":""SI1000"",""p"":0.0020750000000000005,""rounds"":12}"
     62535,         4,         0,    28.8,pymatching,8245b0ffca2bcc5a88693e0c6bbacbd8075112039be0fcb18c1c42fce69aab15,"{""code"":""double_measurement_surface_code"",""diameter"":12,""noise_model"":""SI1000"",""p"":0.0020750000000000005,""rounds"":12}"
    299823,        27,         0,    96.8,pymatching,8245b0ffca2bcc5a88693e0c6bbacbd8075112039be0fcb18c1c42fce69aab15,"{""code"":""double_measurement_surface_code"",""diameter"":12,""noise_model"":""SI1000"",""p"":0.0020750000000000005,""rounds"":12}"
    300206,        32,         0,    98.8,pymatching,8245b0ffca2bcc5a88693e0c6bbacbd8075112039be0fcb18c1c42fce69aab15,"{""code"":""double_measurement_surface_code"",""diameter"":12,""noise_model"":""SI1000"",""p"":0.0020750000000000005,""rounds"":12}"
    298018,        19,         0,   132.5,pymatching,8245b0ffca2bcc5a88693e0c6bbacbd8075112039be0fcb18c1c42fce69aab15,"{""code"":""double_measurement_surface_code"",""diameter"":12,""noise_model"":""SI1000"",""p"":0.0020750000000000005,""rounds"":12}"
    296381,        23,         0,   132.9,pymatching,8245b0ffca2bcc5a88693e0c6bbacbd8075112039be0fcb18c1c42fce69aab15,"{""code"":""double_measurement_surface_code"",""diameter"":12,""noise_model"":""SI1000"",""p"":0.0020750000000000005,""rounds"":12}"
    298476,        20,         0,   134.4,pymatching,8245b0ffca2bcc5a88693e0c6bbacbd8075112039be0fcb18c1c42fce69aab15,"{""code"":""double_measurement_surface_code"",""diameter"":12,""noise_model"":""SI1000"",""p"":0.0020750000000000005,""rounds"":12}"
    296852,        16,         0,   134.9,pymatching,8245b0ffca2bcc5a88693e0c6bbacbd8075112039be0fcb18c1c42fce69aab15,"{""code"":""double_measurement_surface_code"",""diameter"":12,""noise_model"":""SI1000"",""p"":0.0020750000000000005,""rounds"":12}"
    236758,        38,         0,    82.7,pymatching,7223d436a11d2bcd4d704d3ef38be71e3049699e74e88ccddaa8dae6721b81e7,"{""code"":""double_measurement_surface_code"",""diameter"":12,""noise_model"":""SI1000"",""p"":0.0023,""rounds"":12}"
    236758,        53,         0,   117.5,pymatching,7223d436a11d2bcd4d704d3ef38be71e3049699e74e88ccddaa8dae6721b81e7,"{""code"":""double_measurement_surface_code"",""diameter"":12,""noise_model"":""SI1000"",""p"":0.0023,""rounds"":12}"
    295365,        23,         0,   134.1,pymatching,8245b0ffca2bcc5a88693e0c6bbacbd8075112039be0fcb18c1c42fce69aab15,"{""code"":""double_measurement_surface_code"",""diameter"":12,""noise_model"":""SI1000"",""p"":0.0020750000000000005,""rounds"":12}"
    293928,        21,         0,   133.4,pymatching,8245b0ffca2bcc5a88693e0c6bbacbd8075112039be0fcb18c1c42fce69aab15,"{""code"":""double_measurement_surface_code"",""diameter"":12,""noise_model"":""SI1000"",""p"":0.0020750000000000005,""rounds"":12}"
    236758,        40,         0,    81.8,pymatching,7223d436a11d2bcd4d704d3ef38be71e3049699e74e88ccddaa8dae6721b81e7,"{""code"":""double_measurement_surface_code"",""diameter"":12,""noise_model"":""SI1000"",""p"":0.0023,""rounds"":12}"
    236758,        32,         0,   117.3,pymatching,7223d436a11d2bcd4d704d3ef38be71e3049699e74e88ccddaa8dae6721b81e7,"{""code"":""double_measurement_surface_code"",""diameter"":12,""noise_model"":""SI1000"",""p"":0.0023,""rounds"":12}"
    236758,        37,         0,   116.6,pymatching,7223d436a11d2bcd4d704d3ef38be71e3049699e74e88ccddaa8dae6721b81e7,"{""code"":""double_measurement_surface_code"",""diameter"":12,""noise_model"":""SI1000"",""p"":0.0023,""rounds"":12}"
    236758,        51,         0,   117.1,pymatching,7223d436a11d2bcd4d704d3ef38be71e3049699e74e88ccddaa8dae6721b81e7,"{""code"":""double_measurement_surface_code"",""diameter"":12,""noise_model"":""SI1000"",""p"":0.0023,""rounds"":12}"
    236758,        33,         0,   117.8,pymatching,7223d436a11d2bcd4d704d3ef38be71e3049699e74e88ccddaa8dae6721b81e7,"{""code"":""double_measurement_surface_code"",""diameter"":12,""noise_model"":""SI1000"",""p"":0.0023,""rounds"":12}"
    268652,        45,         0,    93.6,pymatching,7223d436a11d2bcd4d704d3ef38be71e3049699e74e88ccddaa8dae6721b81e7,"{""code"":""double_measurement_surface_code"",""diameter"":12,""noise_model"":""SI1000"",""p"":0.0023,""rounds"":12}"
    275540,        39,         0,    94.6,pymatching,7223d436a11d2bcd4d704d3ef38be71e3049699e74e88ccddaa8dae6721b81e7,"{""code"":""double_measurement_surface_code"",""diameter"":12,""noise_model"":""SI1000"",""p"":0.0023,""rounds"":12}"
    236758,        51,         0,   118.6,pymatching,7223d436a11d2bcd4d704d3ef38be71e3049699e74e88ccddaa8dae6721b81e7,"{""code"":""double_measurement_surface_code"",""diameter"":12,""noise_model"":""SI1000"",""p"":0.0023,""rounds"":12}"
    260647,        40,         0,   129.2,pymatching,7223d436a11d2bcd4d704d3ef38be71e3049699e74e88ccddaa8dae6721b81e7,"{""code"":""double_measurement_surface_code"",""diameter"":12,""noise_model"":""SI1000"",""p"":0.0023,""rounds"":12}"
    260647,        45,         0,   131.0,pymatching,7223d436a11d2bcd4d704d3ef38be71e3049699e74e88ccddaa8dae6721b81e7,"{""code"":""double_measurement_surface_code"",""diameter"":12,""noise_model"":""SI1000"",""p"":0.0023,""rounds"":12}"
    260647,        48,         0,   131.7,pymatching,7223d436a11d2bcd4d704d3ef38be71e3049699e74e88ccddaa8dae6721b81e7,"{""code"":""double_measurement_surface_code"",""diameter"":12,""noise_model"":""SI1000"",""p"":0.0023,""rounds"":12}"
       200,         0,         0,   0.470,pymatching,736b9e205a2c8544c0921578eaf1f0227e231b226336c35bbe173e310087d92c,"{""code"":""double_measurement_surface_code"",""diameter"":12,""noise_model"":""SI1000"",""p"":0.0025250000000000003,""rounds"":12}"
       600,         0,         0,   0.615,pymatching,736b9e205a2c8544c0921578eaf1f0227e231b226336c35bbe173e310087d92c,"{""code"":""double_measurement_surface_code"",""diameter"":12,""noise_model"":""SI1000"",""p"":0.0025250000000000003,""rounds"":12}"
      1800,         2,         0,    1.34,pymatching,736b9e205a2c8544c0921578eaf1f0227e231b226336c35bbe173e310087d92c,"{""code"":""double_measurement_surface_code"",""diameter"":12,""noise_model"":""SI1000"",""p"":0.0025250000000000003,""rounds"":12}"
      5400,         3,         0,    3.37,pymatching,736b9e205a2c8544c0921578eaf1f0227e231b226336c35bbe173e310087d92c,"{""code"":""double_measurement_surface_code"",""diameter"":12,""noise_model"":""SI1000"",""p"":0.0025250000000000003,""rounds"":12}"
     16200,         7,         0,    9.45,pymatching,736b9e205a2c8544c0921578eaf1f0227e231b226336c35bbe173e310087d92c,"{""code"":""double_measurement_surface_code"",""diameter"":12,""noise_model"":""SI1000"",""p"":0.0025250000000000003,""rounds"":12}"
    268938,        46,         0,   133.6,pymatching,7223d436a11d2bcd4d704d3ef38be71e3049699e74e88ccddaa8dae6721b81e7,"{""code"":""double_measurement_surface_code"",""diameter"":12,""noise_model"":""SI1000"",""p"":0.0023,""rounds"":12}"
    266775,        37,         0,    92.7,pymatching,7223d436a11d2bcd4d704d3ef38be71e3049699e74e88ccddaa8dae6721b81e7,"{""code"":""double_measurement_surface_code"",""diameter"":12,""noise_model"":""SI1000"",""p"":0.0023,""rounds"":12}"
     48600,        16,         0,    27.7,pymatching,736b9e205a2c8544c0921578eaf1f0227e231b226336c35bbe173e310087d92c,"{""code"":""double_measurement_surface_code"",""diameter"":12,""noise_model"":""SI1000"",""p"":0.0025250000000000003,""rounds"":12}"
     48600,        16,         0,    28.1,pymatching,736b9e205a2c8544c0921578eaf1f0227e231b226336c35bbe173e310087d92c,"{""code"":""double_measurement_surface_code"",""diameter"":12,""noise_model"":""SI1000"",""p"":0.0025250000000000003,""rounds"":12}"
     23302,         2,         0,    8.63,pymatching,7223d436a11d2bcd4d704d3ef38be71e3049699e74e88ccddaa8dae6721b81e7,"{""code"":""double_measurement_surface_code"",""diameter"":12,""noise_model"":""SI1000"",""p"":0.0023,""rounds"":12}"
     16386,         2,         0,    6.26,pymatching,7223d436a11d2bcd4d704d3ef38be71e3049699e74e88ccddaa8dae6721b81e7,"{""code"":""double_measurement_surface_code"",""diameter"":12,""noise_model"":""SI1000"",""p"":0.0023,""rounds"":12}"
    264791,        36,         0,   131.7,pymatching,7223d436a11d2bcd4d704d3ef38be71e3049699e74e88ccddaa8dae6721b81e7,"{""code"":""double_measurement_surface_code"",""diameter"":12,""noise_model"":""SI1000"",""p"":0.0023,""rounds"":12}"
    273676,        51,         0,    95.1,pymatching,7223d436a11d2bcd4d704d3ef38be71e3049699e74e88ccddaa8dae6721b81e7,"{""code"":""double_measurement_surface_code"",""diameter"":12,""noise_model"":""SI1000"",""p"":0.0023,""rounds"":12}"
      6282,         1,         0,    2.56,pymatching,7223d436a11d2bcd4d704d3ef38be71e3049699e74e88ccddaa8dae6721b81e7,"{""code"":""double_measurement_surface_code"",""diameter"":12,""noise_model"":""SI1000"",""p"":0.0023,""rounds"":12}"
    261642,        56,         0,   130.2,pymatching,7223d436a11d2bcd4d704d3ef38be71e3049699e74e88ccddaa8dae6721b81e7,"{""code"":""double_measurement_surface_code"",""diameter"":12,""noise_model"":""SI1000"",""p"":0.0023,""rounds"":12}"
       200,         0,         0,   0.491,pymatching,253e21495479ae25b0b7055f9be5a9205187c9e587f9d33d2a0c60cc940a511b,"{""code"":""double_measurement_surface_code"",""diameter"":12,""noise_model"":""SI1000"",""p"":0.0027500000000000003,""rounds"":12}"
       600,         0,         0,   0.652,pymatching,253e21495479ae25b0b7055f9be5a9205187c9e587f9d33d2a0c60cc940a511b,"{""code"":""double_measurement_surface_code"",""diameter"":12,""noise_model"":""SI1000"",""p"":0.0027500000000000003,""rounds"":12}"
      1800,         3,         0,    1.43,pymatching,253e21495479ae25b0b7055f9be5a9205187c9e587f9d33d2a0c60cc940a511b,"{""code"":""double_measurement_surface_code"",""diameter"":12,""noise_model"":""SI1000"",""p"":0.0027500000000000003,""rounds"":12}"
    259081,        40,         0,   129.8,pymatching,7223d436a11d2bcd4d704d3ef38be71e3049699e74e88ccddaa8dae6721b81e7,"{""code"":""double_measurement_surface_code"",""diameter"":12,""noise_model"":""SI1000"",""p"":0.0023,""rounds"":12}"
      5400,         2,         0,    3.71,pymatching,253e21495479ae25b0b7055f9be5a9205187c9e587f9d33d2a0c60cc940a511b,"{""code"":""double_measurement_surface_code"",""diameter"":12,""noise_model"":""SI1000"",""p"":0.0027500000000000003,""rounds"":12}"
      5400,         3,         0,    3.73,pymatching,253e21495479ae25b0b7055f9be5a9205187c9e587f9d33d2a0c60cc940a511b,"{""code"":""double_measurement_surface_code"",""diameter"":12,""noise_model"":""SI1000"",""p"":0.0027500000000000003,""rounds"":12}"
     52170,        12,         0,    21.0,pymatching,736b9e205a2c8544c0921578eaf1f0227e231b226336c35bbe173e310087d92c,"{""code"":""double_measurement_surface_code"",""diameter"":12,""noise_model"":""SI1000"",""p"":0.0025250000000000003,""rounds"":12}"
     16200,         8,         0,    10.3,pymatching,253e21495479ae25b0b7055f9be5a9205187c9e587f9d33d2a0c60cc940a511b,"{""code"":""double_measurement_surface_code"",""diameter"":12,""noise_model"":""SI1000"",""p"":0.0027500000000000003,""rounds"":12}"
     65693,        18,         0,    33.8,pymatching,7223d436a11d2bcd4d704d3ef38be71e3049699e74e88ccddaa8dae6721b81e7,"{""code"":""double_measurement_surface_code"",""diameter"":12,""noise_model"":""SI1000"",""p"":0.0023,""rounds"":12}"
     27000,        23,         0,    17.1,pymatching,253e21495479ae25b0b7055f9be5a9205187c9e587f9d33d2a0c60cc940a511b,"{""code"":""double_measurement_surface_code"",""diameter"":12,""noise_model"":""SI1000"",""p"":0.0027500000000000003,""rounds"":12}"
    270447,        43,         0,   135.6,pymatching,7223d436a11d2bcd4d704d3ef38be71e3049699e74e88ccddaa8dae6721b81e7,"{""code"":""double_measurement_surface_code"",""diameter"":12,""noise_model"":""SI1000"",""p"":0.0023,""rounds"":12}"
    267791,        44,         0,   134.0,pymatching,7223d436a11d2bcd4d704d3ef38be71e3049699e74e88ccddaa8dae6721b81e7,"{""code"":""double_measurement_surface_code"",""diameter"":12,""noise_model"":""SI1000"",""p"":0.0023,""rounds"":12}"
       200,         0,         0,   0.533,pymatching,296701e096a815ac6cc3e42f419a0de2c3c3d6a4cb473b9fa5e359b895a5e0be,"{""code"":""double_measurement_surface_code"",""diameter"":12,""noise_model"":""SI1000"",""p"":0.002975,""rounds"":12}"
    265281,        61,         0,   134.4,pymatching,7223d436a11d2bcd4d704d3ef38be71e3049699e74e88ccddaa8dae6721b81e7,"{""code"":""double_measurement_surface_code"",""diameter"":12,""noise_model"":""SI1000"",""p"":0.0023,""rounds"":12}"
       600,         0,         0,   0.673,pymatching,296701e096a815ac6cc3e42f419a0de2c3c3d6a4cb473b9fa5e359b895a5e0be,"{""code"":""double_measurement_surface_code"",""diameter"":12,""noise_model"":""SI1000"",""p"":0.002975,""rounds"":12}"
       600,         0,         0,   0.733,pymatching,296701e096a815ac6cc3e42f419a0de2c3c3d6a4cb473b9fa5e359b895a5e0be,"{""code"":""double_measurement_surface_code"",""diameter"":12,""noise_model"":""SI1000"",""p"":0.002975,""rounds"":12}"
    145800,        45,         0,    81.4,pymatching,736b9e205a2c8544c0921578eaf1f0227e231b226336c35bbe173e310087d92c,"{""code"":""double_measurement_surface_code"",""diameter"":12,""noise_model"":""SI1000"",""p"":0.0025250000000000003,""rounds"":12}"
      1800,         2,         0,    1.52,pymatching,296701e096a815ac6cc3e42f419a0de2c3c3d6a4cb473b9fa5e359b895a5e0be,"{""code"":""double_measurement_surface_code"",""diameter"":12,""noise_model"":""SI1000"",""p"":0.002975,""rounds"":12}"
      3000,         2,         0,    2.30,pymatching,296701e096a815ac6cc3e42f419a0de2c3c3d6a4cb473b9fa5e359b895a5e0be,"{""code"":""double_measurement_surface_code"",""diameter"":12,""noise_model"":""SI1000"",""p"":0.002975,""rounds"":12}"
     59400,        43,         0,    36.9,pymatching,253e21495479ae25b0b7055f9be5a9205187c9e587f9d33d2a0c60cc940a511b,"{""code"":""double_measurement_surface_code"",""diameter"":12,""noise_model"":""SI1000"",""p"":0.0027500000000000003,""rounds"":12}"
     87081,        19,         0,    47.8,pymatching,736b9e205a2c8544c0921578eaf1f0227e231b226336c35bbe173e310087d92c,"{""code"":""double_measurement_surface_code"",""diameter"":12,""noise_model"":""SI1000"",""p"":0.0025250000000000003,""rounds"":12}"
    204765,        82,         0,    80.0,pymatching,736b9e205a2c8544c0921578eaf1f0227e231b226336c35bbe173e310087d92c,"{""code"":""double_measurement_surface_code"",""diameter"":12,""noise_model"":""SI1000"",""p"":0.0025250000000000003,""rounds"":12}"
    204765,        64,         0,   115.6,pymatching,736b9e205a2c8544c0921578eaf1f0227e231b226336c35bbe173e310087d92c,"{""code"":""double_measurement_surface_code"",""diameter"":12,""noise_model"":""SI1000"",""p"":0.0025250000000000003,""rounds"":12}"
    113400,        85,         0,    69.5,pymatching,253e21495479ae25b0b7055f9be5a9205187c9e587f9d33d2a0c60cc940a511b,"{""code"":""double_measurement_surface_code"",""diameter"":12,""noise_model"":""SI1000"",""p"":0.0027500000000000003,""rounds"":12}"
    110700,        81,         0,    66.2,pymatching,253e21495479ae25b0b7055f9be5a9205187c9e587f9d33d2a0c60cc940a511b,"{""code"":""double_measurement_surface_code"",""diameter"":12,""noise_model"":""SI1000"",""p"":0.0027500000000000003,""rounds"":12}"
    225939,        87,         0,    88.9,pymatching,736b9e205a2c8544c0921578eaf1f0227e231b226336c35bbe173e310087d92c,"{""code"":""double_measurement_surface_code"",""diameter"":12,""noise_model"":""SI1000"",""p"":0.0025250000000000003,""rounds"":12}"
    243343,        99,         0,    92.9,pymatching,736b9e205a2c8544c0921578eaf1f0227e231b226336c35bbe173e310087d92c,"{""code"":""double_measurement_surface_code"",""diameter"":12,""noise_model"":""SI1000"",""p"":0.0025250000000000003,""rounds"":12}"
    212304,        69,         0,   118.6,pymatching,736b9e205a2c8544c0921578eaf1f0227e231b226336c35bbe173e310087d92c,"{""code"":""double_measurement_surface_code"",""diameter"":12,""noise_model"":""SI1000"",""p"":0.0025250000000000003,""rounds"":12}"
    220832,        83,         0,   123.1,pymatching,736b9e205a2c8544c0921578eaf1f0227e231b226336c35bbe173e310087d92c,"{""code"":""double_measurement_surface_code"",""diameter"":12,""noise_model"":""SI1000"",""p"":0.0025250000000000003,""rounds"":12}"
    220832,        88,         0,   122.8,pymatching,736b9e205a2c8544c0921578eaf1f0227e231b226336c35bbe173e310087d92c,"{""code"":""double_measurement_surface_code"",""diameter"":12,""noise_model"":""SI1000"",""p"":0.0025250000000000003,""rounds"":12}"
    220832,        92,         0,   122.8,pymatching,736b9e205a2c8544c0921578eaf1f0227e231b226336c35bbe173e310087d92c,"{""code"":""double_measurement_surface_code"",""diameter"":12,""noise_model"":""SI1000"",""p"":0.0025250000000000003,""rounds"":12}"
    194175,       138,         0,    82.8,pymatching,253e21495479ae25b0b7055f9be5a9205187c9e587f9d33d2a0c60cc940a511b,"{""code"":""double_measurement_surface_code"",""diameter"":12,""noise_model"":""SI1000"",""p"":0.0027500000000000003,""rounds"":12}"
    220338,        77,         0,   122.7,pymatching,736b9e205a2c8544c0921578eaf1f0227e231b226336c35bbe173e310087d92c,"{""code"":""double_measurement_surface_code"",""diameter"":12,""noise_model"":""SI1000"",""p"":0.0025250000000000003,""rounds"":12}"
     14591,        14,         0,    6.66,pymatching,253e21495479ae25b0b7055f9be5a9205187c9e587f9d33d2a0c60cc940a511b,"{""code"":""double_measurement_surface_code"",""diameter"":12,""noise_model"":""SI1000"",""p"":0.0027500000000000003,""rounds"":12}"
     12600,        11,         0,    6.12,pymatching,296701e096a815ac6cc3e42f419a0de2c3c3d6a4cb473b9fa5e359b895a5e0be,"{""code"":""double_measurement_surface_code"",""diameter"":12,""noise_model"":""SI1000"",""p"":0.002975,""rounds"":12}"
     12600,        21,         0,    8.27,pymatching,296701e096a815ac6cc3e42f419a0de2c3c3d6a4cb473b9fa5e359b895a5e0be,"{""code"":""double_measurement_surface_code"",""diameter"":12,""noise_model"":""SI1000"",""p"":0.002975,""rounds"":12}"
     37800,        36,         0,    17.9,pymatching,296701e096a815ac6cc3e42f419a0de2c3c3d6a4cb473b9fa5e359b895a5e0be,"{""code"":""double_measurement_surface_code"",""diameter"":12,""noise_model"":""SI1000"",""p"":0.002975,""rounds"":12}"
     59292,        40,         0,    37.0,pymatching,253e21495479ae25b0b7055f9be5a9205187c9e587f9d33d2a0c60cc940a511b,"{""code"":""double_measurement_surface_code"",""diameter"":12,""noise_model"":""SI1000"",""p"":0.0027500000000000003,""rounds"":12}"
    215497,        69,         0,   120.9,pymatching,736b9e205a2c8544c0921578eaf1f0227e231b226336c35bbe173e310087d92c,"{""code"":""double_measurement_surface_code"",""diameter"":12,""noise_model"":""SI1000"",""p"":0.0025250000000000003,""rounds"":12}"
    234829,        73,         0,   133.3,pymatching,736b9e205a2c8544c0921578eaf1f0227e231b226336c35bbe173e310087d92c,"{""code"":""double_measurement_surface_code"",""diameter"":12,""noise_model"":""SI1000"",""p"":0.0025250000000000003,""rounds"":12}"
      6300,         6,         0,    4.37,pymatching,296701e096a815ac6cc3e42f419a0de2c3c3d6a4cb473b9fa5e359b895a5e0be,"{""code"":""double_measurement_surface_code"",""diameter"":12,""noise_model"":""SI1000"",""p"":0.002975,""rounds"":12}"
       200,         0,         0,   0.608,pymatching,c0323ea2d044ff3872af6410faabe304043760c05097ebb16683b45e766e577d,"{""code"":""double_measurement_surface_code"",""diameter"":12,""noise_model"":""SI1000"",""p"":0.0032,""rounds"":12}"
       600,         0,         0,   0.732,pymatching,c0323ea2d044ff3872af6410faabe304043760c05097ebb16683b45e766e577d,"{""code"":""double_measurement_surface_code"",""diameter"":12,""noise_model"":""SI1000"",""p"":0.0032,""rounds"":12}"
      1800,         3,         0,    1.64,pymatching,c0323ea2d044ff3872af6410faabe304043760c05097ebb16683b45e766e577d,"{""code"":""double_measurement_surface_code"",""diameter"":12,""noise_model"":""SI1000"",""p"":0.0032,""rounds"":12}"
    234829,        66,         0,   131.8,pymatching,736b9e205a2c8544c0921578eaf1f0227e231b226336c35bbe173e310087d92c,"{""code"":""double_measurement_surface_code"",""diameter"":12,""noise_model"":""SI1000"",""p"":0.0025250000000000003,""rounds"":12}"
      5400,        12,         0,    4.36,pymatching,c0323ea2d044ff3872af6410faabe304043760c05097ebb16683b45e766e577d,"{""code"":""double_measurement_surface_code"",""diameter"":12,""noise_model"":""SI1000"",""p"":0.0032,""rounds"":12}"
      5400,        12,         0,    4.39,pymatching,c0323ea2d044ff3872af6410faabe304043760c05097ebb16683b45e766e577d,"{""code"":""double_measurement_surface_code"",""diameter"":12,""noise_model"":""SI1000"",""p"":0.0032,""rounds"":12}"
     63000,        69,         0,    43.2,pymatching,296701e096a815ac6cc3e42f419a0de2c3c3d6a4cb473b9fa5e359b895a5e0be,"{""code"":""double_measurement_surface_code"",""diameter"":12,""noise_model"":""SI1000"",""p"":0.002975,""rounds"":12}"
     16200,        30,         0,    12.5,pymatching,c0323ea2d044ff3872af6410faabe304043760c05097ebb16683b45e766e577d,"{""code"":""double_measurement_surface_code"",""diameter"":12,""noise_model"":""SI1000"",""p"":0.0032,""rounds"":12}"
    194175,       135,         0,    83.2,pymatching,253e21495479ae25b0b7055f9be5a9205187c9e587f9d33d2a0c60cc940a511b,"{""code"":""double_measurement_surface_code"",""diameter"":12,""noise_model"":""SI1000"",""p"":0.0027500000000000003,""rounds"":12}"
     37800,        65,         0,    25.8,pymatching,296701e096a815ac6cc3e42f419a0de2c3c3d6a4cb473b9fa5e359b895a5e0be,"{""code"":""double_measurement_surface_code"",""diameter"":12,""noise_model"":""SI1000"",""p"":0.002975,""rounds"":12}"
     12335,        10,         0,    5.61,pymatching,253e21495479ae25b0b7055f9be5a9205187c9e587f9d33d2a0c60cc940a511b,"{""code"":""double_measurement_surface_code"",""diameter"":12,""noise_model"":""SI1000"",""p"":0.0027500000000000003,""rounds"":12}"
     27000,        46,         0,    19.9,pymatching,c0323ea2d044ff3872af6410faabe304043760c05097ebb16683b45e766e577d,"{""code"":""double_measurement_surface_code"",""diameter"":12,""noise_model"":""SI1000"",""p"":0.0032,""rounds"":12}"
    138600,       160,         0,    66.8,pymatching,296701e096a815ac6cc3e42f419a0de2c3c3d6a4cb473b9fa5e359b895a5e0be,"{""code"":""double_measurement_surface_code"",""diameter"":12,""noise_model"":""SI1000"",""p"":0.002975,""rounds"":12}"
     59400,       144,         0,    30.9,pymatching,c0323ea2d044ff3872af6410faabe304043760c05097ebb16683b45e766e577d,"{""code"":""double_measurement_surface_code"",""diameter"":12,""noise_model"":""SI1000"",""p"":0.0032,""rounds"":12}"
     15440,        22,         0,    7.85,pymatching,296701e096a815ac6cc3e42f419a0de2c3c3d6a4cb473b9fa5e359b895a5e0be,"{""code"":""double_measurement_surface_code"",""diameter"":12,""noise_model"":""SI1000"",""p"":0.002975,""rounds"":12}"
       200,         0,         0,   0.355,pymatching,c66779030376719bd6856c9d80ca92de464c131d690680120067308c137debd7,"{""code"":""double_measurement_surface_code"",""diameter"":12,""noise_model"":""SI1000"",""p"":0.003425,""rounds"":12}"
       600,         4,         0,   0.546,pymatching,c66779030376719bd6856c9d80ca92de464c131d690680120067308c137debd7,"{""code"":""double_measurement_surface_code"",""diameter"":12,""noise_model"":""SI1000"",""p"":0.003425,""rounds"":12}"
      1800,         6,         0,    1.29,pymatching,c66779030376719bd6856c9d80ca92de464c131d690680120067308c137debd7,"{""code"":""double_measurement_surface_code"",""diameter"":12,""noise_model"":""SI1000"",""p"":0.003425,""rounds"":12}"
     59400,       141,         0,    44.8,pymatching,c0323ea2d044ff3872af6410faabe304043760c05097ebb16683b45e766e577d,"{""code"":""double_measurement_surface_code"",""diameter"":12,""noise_model"":""SI1000"",""p"":0.0032,""rounds"":12}"
      5400,        25,         0,    3.42,pymatching,c66779030376719bd6856c9d80ca92de464c131d690680120067308c137debd7,"{""code"":""double_measurement_surface_code"",""diameter"":12,""noise_model"":""SI1000"",""p"":0.003425,""rounds"":12}"
    194175,       123,         0,   119.9,pymatching,253e21495479ae25b0b7055f9be5a9205187c9e587f9d33d2a0c60cc940a511b,"{""code"":""double_measurement_surface_code"",""diameter"":12,""noise_model"":""SI1000"",""p"":0.0027500000000000003,""rounds"":12}"
    194175,       148,         0,   118.2,pymatching,253e21495479ae25b0b7055f9be5a9205187c9e587f9d33d2a0c60cc940a511b,"{""code"":""double_measurement_surface_code"",""diameter"":12,""noise_model"":""SI1000"",""p"":0.0027500000000000003,""rounds"":12}"
    194175,       136,         0,   120.6,pymatching,253e21495479ae25b0b7055f9be5a9205187c9e587f9d33d2a0c60cc940a511b,"{""code"":""double_measurement_surface_code"",""diameter"":12,""noise_model"":""SI1000"",""p"":0.0027500000000000003,""rounds"":12}"
      5400,        15,         0,    4.76,pymatching,c66779030376719bd6856c9d80ca92de464c131d690680120067308c137debd7,"{""code"":""double_measurement_surface_code"",""diameter"":12,""noise_model"":""SI1000"",""p"":0.003425,""rounds"":12}"
      2700,        12,         0,    2.40,pymatching,c66779030376719bd6856c9d80ca92de464c131d690680120067308c137debd7,"{""code"":""double_measurement_surface_code"",""diameter"":12,""noise_model"":""SI1000"",""p"":0.003425,""rounds"":12}"
     16200,        67,         0,    9.76,pymatching,c66779030376719bd6856c9d80ca92de464c131d690680120067308c137debd7,"{""code"":""double_measurement_surface_code"",""diameter"":12,""noise_model"":""SI1000"",""p"":0.003425,""rounds"":12}"
     16200,        59,         0,    13.6,pymatching,c66779030376719bd6856c9d80ca92de464c131d690680120067308c137debd7,"{""code"":""double_measurement_surface_code"",""diameter"":12,""noise_model"":""SI1000"",""p"":0.003425,""rounds"":12}"
    138600,       172,         0,    94.4,pymatching,296701e096a815ac6cc3e42f419a0de2c3c3d6a4cb473b9fa5e359b895a5e0be,"{""code"":""double_measurement_surface_code"",""diameter"":12,""noise_model"":""SI1000"",""p"":0.002975,""rounds"":12}"
       200,         2,         0,   0.507,pymatching,a970e370f57ccab86f3e11844256b586103ae49e5139284f1f35d510dd75945d,"{""code"":""double_measurement_surface_code"",""diameter"":12,""noise_model"":""SI1000"",""p"":0.0036500000000000005,""rounds"":12}"
       600,         2,         0,   0.791,pymatching,a970e370f57ccab86f3e11844256b586103ae49e5139284f1f35d510dd75945d,"{""code"":""double_measurement_surface_code"",""diameter"":12,""noise_model"":""SI1000"",""p"":0.0036500000000000005,""rounds"":12}"
     30028,        24,         0,    18.7,pymatching,253e21495479ae25b0b7055f9be5a9205187c9e587f9d33d2a0c60cc940a511b,"{""code"":""double_measurement_surface_code"",""diameter"":12,""noise_model"":""SI1000"",""p"":0.0027500000000000003,""rounds"":12}"
      1800,        10,         0,    1.92,pymatching,a970e370f57ccab86f3e11844256b586103ae49e5139284f1f35d510dd75945d,"{""code"":""double_measurement_surface_code"",""diameter"":12,""noise_model"":""SI1000"",""p"":0.0036500000000000005,""rounds"":12}"
      1800,         7,         0,    1.93,pymatching,a970e370f57ccab86f3e11844256b586103ae49e5139284f1f35d510dd75945d,"{""code"":""double_measurement_surface_code"",""diameter"":12,""noise_model"":""SI1000"",""p"":0.0036500000000000005,""rounds"":12}"
     21600,        85,         0,    17.9,pymatching,c66779030376719bd6856c9d80ca92de464c131d690680120067308c137debd7,"{""code"":""double_measurement_surface_code"",""diameter"":12,""noise_model"":""SI1000"",""p"":0.003425,""rounds"":12}"
     27000,       111,         0,    22.2,pymatching,c66779030376719bd6856c9d80ca92de464c131d690680120067308c137debd7,"{""code"":""double_measurement_surface_code"",""diameter"":12,""noise_model"":""SI1000"",""p"":0.003425,""rounds"":12}"
      5400,        30,         0,    4.92,pymatching,a970e370f57ccab86f3e11844256b586103ae49e5139284f1f35d510dd75945d,"{""code"":""double_measurement_surface_code"",""diameter"":12,""noise_model"":""SI1000"",""p"":0.0036500000000000005,""rounds"":12}"
      9000,        59,         0,    8.29,pymatching,a970e370f57ccab86f3e11844256b586103ae49e5139284f1f35d510dd75945d,"{""code"":""double_measurement_surface_code"",""diameter"":12,""noise_model"":""SI1000"",""p"":0.0036500000000000005,""rounds"":12}"
      8100,        48,         0,    7.46,pymatching,a970e370f57ccab86f3e11844256b586103ae49e5139284f1f35d510dd75945d,"{""code"":""double_measurement_surface_code"",""diameter"":12,""noise_model"":""SI1000"",""p"":0.0036500000000000005,""rounds"":12}"
     12600,        73,         0,    11.5,pymatching,a970e370f57ccab86f3e11844256b586103ae49e5139284f1f35d510dd75945d,"{""code"":""double_measurement_surface_code"",""diameter"":12,""noise_model"":""SI1000"",""p"":0.0036500000000000005,""rounds"":12}"
    113400,       257,         0,    85.4,pymatching,c0323ea2d044ff3872af6410faabe304043760c05097ebb16683b45e766e577d,"{""code"":""double_measurement_surface_code"",""diameter"":12,""noise_model"":""SI1000"",""p"":0.0032,""rounds"":12}"
       200,         2,         0,   0.519,pymatching,623c0068250a30b5dbf37debd9d31ef112e4ef1695eaee6038f58c3ea8bf3d37,"{""code"":""double_measurement_surface_code"",""diameter"":12,""noise_model"":""SI1000"",""p"":0.0038750000000000004,""rounds"":12}"
     19800,       114,         0,    17.9,pymatching,a970e370f57ccab86f3e11844256b586103ae49e5139284f1f35d510dd75945d,"{""code"":""double_measurement_surface_code"",""diameter"":12,""noise_model"":""SI1000"",""p"":0.0036500000000000005,""rounds"":12}"
       600,         6,         0,   0.874,pymatching,623c0068250a30b5dbf37debd9d31ef112e4ef1695eaee6038f58c3ea8bf3d37,"{""code"":""double_measurement_surface_code"",""diameter"":12,""noise_model"":""SI1000"",""p"":0.0038750000000000004,""rounds"":12}"
      1226,         8,         0,    1.39,pymatching,a970e370f57ccab86f3e11844256b586103ae49e5139284f1f35d510dd75945d,"{""code"":""double_measurement_surface_code"",""diameter"":12,""noise_model"":""SI1000"",""p"":0.0036500000000000005,""rounds"":12}"
      1800,        16,         0,    2.11,pymatching,623c0068250a30b5dbf37debd9d31ef112e4ef1695eaee6038f58c3ea8bf3d37,"{""code"":""double_measurement_surface_code"",""diameter"":12,""noise_model"":""SI1000"",""p"":0.0038750000000000004,""rounds"":12}"
      1800,        10,         0,    2.20,pymatching,623c0068250a30b5dbf37debd9d31ef112e4ef1695eaee6038f58c3ea8bf3d37,"{""code"":""double_measurement_surface_code"",""diameter"":12,""noise_model"":""SI1000"",""p"":0.0038750000000000004,""rounds"":12}"
     64800,       236,         0,    38.7,pymatching,c66779030376719bd6856c9d80ca92de464c131d690680120067308c137debd7,"{""code"":""double_measurement_surface_code"",""diameter"":12,""noise_model"":""SI1000"",""p"":0.003425,""rounds"":12}"
      3734,        12,         0,    2.30,pymatching,c66779030376719bd6856c9d80ca92de464c131d690680120067308c137debd7,"{""code"":""double_measurement_surface_code"",""diameter"":12,""noise_model"":""SI1000"",""p"":0.003425,""rounds"":12}"
       957,         2,         0,   0.961,pymatching,c66779030376719bd6856c9d80ca92de464c131d690680120067308c137debd7,"{""code"":""double_measurement_surface_code"",""diameter"":12,""noise_model"":""SI1000"",""p"":0.003425,""rounds"":12}"
       684,         4,         0,   0.594,pymatching,c66779030376719bd6856c9d80ca92de464c131d690680120067308c137debd7,"{""code"":""double_measurement_surface_code"",""diameter"":12,""noise_model"":""SI1000"",""p"":0.003425,""rounds"":12}"
      5400,        60,         0,    5.69,pymatching,623c0068250a30b5dbf37debd9d31ef112e4ef1695eaee6038f58c3ea8bf3d37,"{""code"":""double_measurement_surface_code"",""diameter"":12,""noise_model"":""SI1000"",""p"":0.0038750000000000004,""rounds"":12}"
     19271,       118,         0,    17.7,pymatching,a970e370f57ccab86f3e11844256b586103ae49e5139284f1f35d510dd75945d,"{""code"":""double_measurement_surface_code"",""diameter"":12,""noise_model"":""SI1000"",""p"":0.0036500000000000005,""rounds"":12}"
      9000,        63,         0,    9.19,pymatching,623c0068250a30b5dbf37debd9d31ef112e4ef1695eaee6038f58c3ea8bf3d37,"{""code"":""double_measurement_surface_code"",""diameter"":12,""noise_model"":""SI1000"",""p"":0.0038750000000000004,""rounds"":12}"
      8100,        70,         0,    5.83,pymatching,623c0068250a30b5dbf37debd9d31ef112e4ef1695eaee6038f58c3ea8bf3d37,"{""code"":""double_measurement_surface_code"",""diameter"":12,""noise_model"":""SI1000"",""p"":0.0038750000000000004,""rounds"":12}"
     37800,       204,         0,    34.0,pymatching,a970e370f57ccab86f3e11844256b586103ae49e5139284f1f35d510dd75945d,"{""code"":""double_measurement_surface_code"",""diameter"":12,""noise_model"":""SI1000"",""p"":0.0036500000000000005,""rounds"":12}"
      2676,        17,         0,    2.74,pymatching,a970e370f57ccab86f3e11844256b586103ae49e5139284f1f35d510dd75945d,"{""code"":""double_measurement_surface_code"",""diameter"":12,""noise_model"":""SI1000"",""p"":0.0036500000000000005,""rounds"":12}"
     12600,       124,         0,    12.3,pymatching,623c0068250a30b5dbf37debd9d31ef112e4ef1695eaee6038f58c3ea8bf3d37,"{""code"":""double_measurement_surface_code"",""diameter"":12,""noise_model"":""SI1000"",""p"":0.0038750000000000004,""rounds"":12}"
       200,         3,         0,   0.504,pymatching,5a40930493372fde8d082ccf4f15b7912cdd5367cbd2747c907a9c1a2a8b8301,"{""code"":""double_measurement_surface_code"",""diameter"":12,""noise_model"":""SI1000"",""p"":0.0041,""rounds"":12}"
       600,        13,         0,   0.910,pymatching,5a40930493372fde8d082ccf4f15b7912cdd5367cbd2747c907a9c1a2a8b8301,"{""code"":""double_measurement_surface_code"",""diameter"":12,""noise_model"":""SI1000"",""p"":0.0041,""rounds"":12}"
     19800,       187,         0,    19.7,pymatching,623c0068250a30b5dbf37debd9d31ef112e4ef1695eaee6038f58c3ea8bf3d37,"{""code"":""double_measurement_surface_code"",""diameter"":12,""noise_model"":""SI1000"",""p"":0.0038750000000000004,""rounds"":12}"
       600,         5,         0,   0.940,pymatching,5a40930493372fde8d082ccf4f15b7912cdd5367cbd2747c907a9c1a2a8b8301,"{""code"":""double_measurement_surface_code"",""diameter"":12,""noise_model"":""SI1000"",""p"":0.0041,""rounds"":12}"
     21580,       222,         0,    15.6,pymatching,623c0068250a30b5dbf37debd9d31ef112e4ef1695eaee6038f58c3ea8bf3d37,"{""code"":""double_measurement_surface_code"",""diameter"":12,""noise_model"":""SI1000"",""p"":0.0038750000000000004,""rounds"":12}"
      1800,        21,         0,    2.22,pymatching,5a40930493372fde8d082ccf4f15b7912cdd5367cbd2747c907a9c1a2a8b8301,"{""code"":""double_measurement_surface_code"",""diameter"":12,""noise_model"":""SI1000"",""p"":0.0041,""rounds"":12}"
      1800,        29,         0,    2.22,pymatching,5a40930493372fde8d082ccf4f15b7912cdd5367cbd2747c907a9c1a2a8b8301,"{""code"":""double_measurement_surface_code"",""diameter"":12,""noise_model"":""SI1000"",""p"":0.0041,""rounds"":12}"
       900,         5,         0,   0.870,pymatching,5a40930493372fde8d082ccf4f15b7912cdd5367cbd2747c907a9c1a2a8b8301,"{""code"":""double_measurement_surface_code"",""diameter"":12,""noise_model"":""SI1000"",""p"":0.0041,""rounds"":12}"
      3000,        36,         0,    3.43,pymatching,5a40930493372fde8d082ccf4f15b7912cdd5367cbd2747c907a9c1a2a8b8301,"{""code"":""double_measurement_surface_code"",""diameter"":12,""noise_model"":""SI1000"",""p"":0.0041,""rounds"":12}"
    193822,       249,         0,   132.1,pymatching,296701e096a815ac6cc3e42f419a0de2c3c3d6a4cb473b9fa5e359b895a5e0be,"{""code"":""double_measurement_surface_code"",""diameter"":12,""noise_model"":""SI1000"",""p"":0.002975,""rounds"":12}"
    184178,       236,         0,   127.4,pymatching,296701e096a815ac6cc3e42f419a0de2c3c3d6a4cb473b9fa5e359b895a5e0be,"{""code"":""double_measurement_surface_code"",""diameter"":12,""noise_model"":""SI1000"",""p"":0.002975,""rounds"":12}"
       200,         4,         0,   0.571,pymatching,e6e5ec0d1a4b354b8146a2f89bb0c81529864ffc9e4479dc45d970838c7db676,"{""code"":""double_measurement_surface_code"",""diameter"":12,""noise_model"":""SI1000"",""p"":0.004325000000000001,""rounds"":12}"
       200,         8,         0,   0.574,pymatching,e6e5ec0d1a4b354b8146a2f89bb0c81529864ffc9e4479dc45d970838c7db676,"{""code"":""double_measurement_surface_code"",""diameter"":12,""noise_model"":""SI1000"",""p"":0.004325000000000001,""rounds"":12}"
       600,        13,         0,   0.956,pymatching,e6e5ec0d1a4b354b8146a2f89bb0c81529864ffc9e4479dc45d970838c7db676,"{""code"":""double_measurement_surface_code"",""diameter"":12,""noise_model"":""SI1000"",""p"":0.004325000000000001,""rounds"":12}"
      1000,        18,         0,    1.46,pymatching,e6e5ec0d1a4b354b8146a2f89bb0c81529864ffc9e4479dc45d970838c7db676,"{""code"":""double_measurement_surface_code"",""diameter"":12,""noise_model"":""SI1000"",""p"":0.004325000000000001,""rounds"":12}"
     54000,       327,         0,    48.3,pymatching,a970e370f57ccab86f3e11844256b586103ae49e5139284f1f35d510dd75945d,"{""code"":""double_measurement_surface_code"",""diameter"":12,""noise_model"":""SI1000"",""p"":0.0036500000000000005,""rounds"":12}"
      2200,        50,         0,    2.80,pymatching,e6e5ec0d1a4b354b8146a2f89bb0c81529864ffc9e4479dc45d970838c7db676,"{""code"":""double_measurement_surface_code"",""diameter"":12,""noise_model"":""SI1000"",""p"":0.004325000000000001,""rounds"":12}"
      6600,        95,         0,    7.24,pymatching,5a40930493372fde8d082ccf4f15b7912cdd5367cbd2747c907a9c1a2a8b8301,"{""code"":""double_measurement_surface_code"",""diameter"":12,""noise_model"":""SI1000"",""p"":0.0041,""rounds"":12}"
     10200,       136,         0,    8.04,pymatching,5a40930493372fde8d082ccf4f15b7912cdd5367cbd2747c907a9c1a2a8b8301,"{""code"":""double_measurement_surface_code"",""diameter"":12,""noise_model"":""SI1000"",""p"":0.0041,""rounds"":12}"
    180653,       398,         0,    96.6,pymatching,c0323ea2d044ff3872af6410faabe304043760c05097ebb16683b45e766e577d,"{""code"":""double_measurement_surface_code"",""diameter"":12,""noise_model"":""SI1000"",""p"":0.0032,""rounds"":12}"
      4200,       101,         0,    5.19,pymatching,e6e5ec0d1a4b354b8146a2f89bb0c81529864ffc9e4479dc45d970838c7db676,"{""code"":""double_measurement_surface_code"",""diameter"":12,""noise_model"":""SI1000"",""p"":0.004325000000000001,""rounds"":12}"
      4100,        73,         0,    4.83,pymatching,e6e5ec0d1a4b354b8146a2f89bb0c81529864ffc9e4479dc45d970838c7db676,"{""code"":""double_measurement_surface_code"",""diameter"":12,""noise_model"":""SI1000"",""p"":0.004325000000000001,""rounds"":12}"
       481,         5,         0,   0.588,pymatching,e6e5ec0d1a4b354b8146a2f89bb0c81529864ffc9e4479dc45d970838c7db676,"{""code"":""double_measurement_surface_code"",""diameter"":12,""noise_model"":""SI1000"",""p"":0.004325000000000001,""rounds"":12}"
     10200,       124,         0,    11.0,pymatching,5a40930493372fde8d082ccf4f15b7912cdd5367cbd2747c907a9c1a2a8b8301,"{""code"":""double_measurement_surface_code"",""diameter"":12,""noise_model"":""SI1000"",""p"":0.0041,""rounds"":12}"
       903,        25,         0,   0.950,pymatching,e6e5ec0d1a4b354b8146a2f89bb0c81529864ffc9e4479dc45d970838c7db676,"{""code"":""double_measurement_surface_code"",""diameter"":12,""noise_model"":""SI1000"",""p"":0.004325000000000001,""rounds"":12}"
      4600,        85,         0,    4.01,pymatching,e6e5ec0d1a4b354b8146a2f89bb0c81529864ffc9e4479dc45d970838c7db676,"{""code"":""double_measurement_surface_code"",""diameter"":12,""noise_model"":""SI1000"",""p"":0.004325000000000001,""rounds"":12}"
       200,         6,         0,   0.446,pymatching,3edd0070e59fa4867a5354604a58329f4a49503305a85b3b8edf6617d1e6751f,"{""code"":""double_measurement_surface_code"",""diameter"":12,""noise_model"":""SI1000"",""p"":0.00455,""rounds"":12}"
       704,        12,         0,   0.830,pymatching,e6e5ec0d1a4b354b8146a2f89bb0c81529864ffc9e4479dc45d970838c7db676,"{""code"":""double_measurement_surface_code"",""diameter"":12,""noise_model"":""SI1000"",""p"":0.004325000000000001,""rounds"":12}"
       600,        15,         0,   0.768,pymatching,3edd0070e59fa4867a5354604a58329f4a49503305a85b3b8edf6617d1e6751f,"{""code"":""double_measurement_surface_code"",""diameter"":12,""noise_model"":""SI1000"",""p"":0.00455,""rounds"":12}"
      1926,        28,         0,    2.32,pymatching,5a40930493372fde8d082ccf4f15b7912cdd5367cbd2747c907a9c1a2a8b8301,"{""code"":""double_measurement_surface_code"",""diameter"":12,""noise_model"":""SI1000"",""p"":0.0041,""rounds"":12}"
       315,         5,         0,   0.553,pymatching,e6e5ec0d1a4b354b8146a2f89bb0c81529864ffc9e4479dc45d970838c7db676,"{""code"":""double_measurement_surface_code"",""diameter"":12,""noise_model"":""SI1000"",""p"":0.004325000000000001,""rounds"":12}"
       180,         2,         0,   0.377,pymatching,e6e5ec0d1a4b354b8146a2f89bb0c81529864ffc9e4479dc45d970838c7db676,"{""code"":""double_measurement_surface_code"",""diameter"":12,""noise_model"":""SI1000"",""p"":0.004325000000000001,""rounds"":12}"
       205,         8,         0,   0.379,pymatching,e6e5ec0d1a4b354b8146a2f89bb0c81529864ffc9e4479dc45d970838c7db676,"{""code"":""double_measurement_surface_code"",""diameter"":12,""noise_model"":""SI1000"",""p"":0.004325000000000001,""rounds"":12}"
      3529,        57,         0,    4.35,pymatching,e6e5ec0d1a4b354b8146a2f89bb0c81529864ffc9e4479dc45d970838c7db676,"{""code"":""double_measurement_surface_code"",""diameter"":12,""noise_model"":""SI1000"",""p"":0.004325000000000001,""rounds"":12}"
      1800,        45,         0,    1.83,pymatching,3edd0070e59fa4867a5354604a58329f4a49503305a85b3b8edf6617d1e6751f,"{""code"":""double_measurement_surface_code"",""diameter"":12,""noise_model"":""SI1000"",""p"":0.00455,""rounds"":12}"
       900,        21,         0,    1.02,pymatching,3edd0070e59fa4867a5354604a58329f4a49503305a85b3b8edf6617d1e6751f,"{""code"":""double_measurement_surface_code"",""diameter"":12,""noise_model"":""SI1000"",""p"":0.00455,""rounds"":12}"
      1800,        49,         0,    2.54,pymatching,3edd0070e59fa4867a5354604a58329f4a49503305a85b3b8edf6617d1e6751f,"{""code"":""double_measurement_surface_code"",""diameter"":12,""noise_model"":""SI1000"",""p"":0.00455,""rounds"":12}"
      1178,        28,         0,    1.61,pymatching,e6e5ec0d1a4b354b8146a2f89bb0c81529864ffc9e4479dc45d970838c7db676,"{""code"":""double_measurement_surface_code"",""diameter"":12,""noise_model"":""SI1000"",""p"":0.004325000000000001,""rounds"":12}"
      8600,       163,         0,    10.2,pymatching,e6e5ec0d1a4b354b8146a2f89bb0c81529864ffc9e4479dc45d970838c7db676,"{""code"":""double_measurement_surface_code"",""diameter"":12,""noise_model"":""SI1000"",""p"":0.004325000000000001,""rounds"":12}"
       304,         6,         0,   0.653,pymatching,e6e5ec0d1a4b354b8146a2f89bb0c81529864ffc9e4479dc45d970838c7db676,"{""code"":""double_measurement_surface_code"",""diameter"":12,""noise_model"":""SI1000"",""p"":0.004325000000000001,""rounds"":12}"
         2,         0,         0,   0.315,pymatching,e6e5ec0d1a4b354b8146a2f89bb0c81529864ffc9e4479dc45d970838c7db676,"{""code"":""double_measurement_surface_code"",""diameter"":12,""noise_model"":""SI1000"",""p"":0.004325000000000001,""rounds"":12}"
         3,         0,         0,   0.330,pymatching,e6e5ec0d1a4b354b8146a2f89bb0c81529864ffc9e4479dc45d970838c7db676,"{""code"":""double_measurement_surface_code"",""diameter"":12,""noise_model"":""SI1000"",""p"":0.004325000000000001,""rounds"":12}"
         5,         0,         0,   0.320,pymatching,e6e5ec0d1a4b354b8146a2f89bb0c81529864ffc9e4479dc45d970838c7db676,"{""code"":""double_measurement_surface_code"",""diameter"":12,""noise_model"":""SI1000"",""p"":0.004325000000000001,""rounds"":12}"
         7,         0,         0,   0.323,pymatching,e6e5ec0d1a4b354b8146a2f89bb0c81529864ffc9e4479dc45d970838c7db676,"{""code"":""double_measurement_surface_code"",""diameter"":12,""noise_model"":""SI1000"",""p"":0.004325000000000001,""rounds"":12}"
        11,         1,         0,   0.326,pymatching,e6e5ec0d1a4b354b8146a2f89bb0c81529864ffc9e4479dc45d970838c7db676,"{""code"":""double_measurement_surface_code"",""diameter"":12,""noise_model"":""SI1000"",""p"":0.004325000000000001,""rounds"":12}"
     95919,       354,         0,    78.5,pymatching,c66779030376719bd6856c9d80ca92de464c131d690680120067308c137debd7,"{""code"":""double_measurement_surface_code"",""diameter"":12,""noise_model"":""SI1000"",""p"":0.003425,""rounds"":12}"
     37800,       347,         0,    36.9,pymatching,623c0068250a30b5dbf37debd9d31ef112e4ef1695eaee6038f58c3ea8bf3d37,"{""code"":""double_measurement_surface_code"",""diameter"":12,""noise_model"":""SI1000"",""p"":0.0038750000000000004,""rounds"":12}"
      5400,       129,         0,    5.16,pymatching,3edd0070e59fa4867a5354604a58329f4a49503305a85b3b8edf6617d1e6751f,"{""code"":""double_measurement_surface_code"",""diameter"":12,""noise_model"":""SI1000"",""p"":0.00455,""rounds"":12}"
      3600,        82,         0,    4.68,pymatching,3edd0070e59fa4867a5354604a58329f4a49503305a85b3b8edf6617d1e6751f,"{""code"":""double_measurement_surface_code"",""diameter"":12,""noise_model"":""SI1000"",""p"":0.00455,""rounds"":12}"
     18000,       230,         0,    19.6,pymatching,5a40930493372fde8d082ccf4f15b7912cdd5367cbd2747c907a9c1a2a8b8301,"{""code"":""double_measurement_surface_code"",""diameter"":12,""noise_model"":""SI1000"",""p"":0.0041,""rounds"":12}"
       200,         4,         0,   0.559,pymatching,d741bdff5e0f799c0c59b443eb6e817345cbb95f9b7718d74739a35f8a090a49,"{""code"":""double_measurement_surface_code"",""diameter"":12,""noise_model"":""SI1000"",""p"":0.004775,""rounds"":12}"
       110,         4,         0,   0.416,pymatching,5a40930493372fde8d082ccf4f15b7912cdd5367cbd2747c907a9c1a2a8b8301,"{""code"":""double_measurement_surface_code"",""diameter"":12,""noise_model"":""SI1000"",""p"":0.0041,""rounds"":12}"
      2652,        11,         0,    2.35,pymatching,c66779030376719bd6856c9d80ca92de464c131d690680120067308c137debd7,"{""code"":""double_measurement_surface_code"",""diameter"":12,""noise_model"":""SI1000"",""p"":0.003425,""rounds"":12}"
       846,        26,         0,    1.35,pymatching,3edd0070e59fa4867a5354604a58329f4a49503305a85b3b8edf6617d1e6751f,"{""code"":""double_measurement_surface_code"",""diameter"":12,""noise_model"":""SI1000"",""p"":0.00455,""rounds"":12}"
      7200,       201,         0,    6.94,pymatching,3edd0070e59fa4867a5354604a58329f4a49503305a85b3b8edf6617d1e6751f,"{""code"":""double_measurement_surface_code"",""diameter"":12,""noise_model"":""SI1000"",""p"":0.00455,""rounds"":12}"
       100,         4,         0,   0.320,pymatching,bc34a2733bfd7ee57bc4528f530cd10b85e0e51e15adc5d77e530193e03c6a1a,"{""code"":""double_measurement_surface_code"",""diameter"":12,""noise_model"":""SI1000"",""p"":0.005,""rounds"":12}"
       600,        21,         0,    1.03,pymatching,d741bdff5e0f799c0c59b443eb6e817345cbb95f9b7718d74739a35f8a090a49,"{""code"":""double_measurement_surface_code"",""diameter"":12,""noise_model"":""SI1000"",""p"":0.004775,""rounds"":12}"
       200,         6,         0,   0.589,pymatching,bc34a2733bfd7ee57bc4528f530cd10b85e0e51e15adc5d77e530193e03c6a1a,"{""code"":""double_measurement_surface_code"",""diameter"":12,""noise_model"":""SI1000"",""p"":0.005,""rounds"":12}"
       300,        13,         0,   0.683,pymatching,d741bdff5e0f799c0c59b443eb6e817345cbb95f9b7718d74739a35f8a090a49,"{""code"":""double_measurement_surface_code"",""diameter"":12,""noise_model"":""SI1000"",""p"":0.004775,""rounds"":12}"
       200,         4,         0,   0.581,pymatching,bc34a2733bfd7ee57bc4528f530cd10b85e0e51e15adc5d77e530193e03c6a1a,"{""code"":""double_measurement_surface_code"",""diameter"":12,""noise_model"":""SI1000"",""p"":0.005,""rounds"":12}"
       600,        30,         0,    1.05,pymatching,d741bdff5e0f799c0c59b443eb6e817345cbb95f9b7718d74739a35f8a090a49,"{""code"":""double_measurement_surface_code"",""diameter"":12,""noise_model"":""SI1000"",""p"":0.004775,""rounds"":12}"
       400,        18,         0,   0.670,pymatching,bc34a2733bfd7ee57bc4528f530cd10b85e0e51e15adc5d77e530193e03c6a1a,"{""code"":""double_measurement_surface_code"",""diameter"":12,""noise_model"":""SI1000"",""p"":0.005,""rounds"":12}"
      1200,        64,         0,    2.02,pymatching,bc34a2733bfd7ee57bc4528f530cd10b85e0e51e15adc5d77e530193e03c6a1a,"{""code"":""double_measurement_surface_code"",""diameter"":12,""noise_model"":""SI1000"",""p"":0.005,""rounds"":12}"
      1800,        57,         0,    2.73,pymatching,d741bdff5e0f799c0c59b443eb6e817345cbb95f9b7718d74739a35f8a090a49,"{""code"":""double_measurement_surface_code"",""diameter"":12,""noise_model"":""SI1000"",""p"":0.004775,""rounds"":12}"
      1800,        69,         0,    2.73,pymatching,d741bdff5e0f799c0c59b443eb6e817345cbb95f9b7718d74739a35f8a090a49,"{""code"":""double_measurement_surface_code"",""diameter"":12,""noise_model"":""SI1000"",""p"":0.004775,""rounds"":12}"
      1800,        47,         0,    2.73,pymatching,d741bdff5e0f799c0c59b443eb6e817345cbb95f9b7718d74739a35f8a090a49,"{""code"":""double_measurement_surface_code"",""diameter"":12,""noise_model"":""SI1000"",""p"":0.004775,""rounds"":12}"
      2000,        90,         0,    2.41,pymatching,bc34a2733bfd7ee57bc4528f530cd10b85e0e51e15adc5d77e530193e03c6a1a,"{""code"":""double_measurement_surface_code"",""diameter"":12,""noise_model"":""SI1000"",""p"":0.005,""rounds"":12}"
      3600,       115,         0,    4.99,pymatching,d741bdff5e0f799c0c59b443eb6e817345cbb95f9b7718d74739a35f8a090a49,"{""code"":""double_measurement_surface_code"",""diameter"":12,""noise_model"":""SI1000"",""p"":0.004775,""rounds"":12}"
      8023,       208,         0,    7.43,pymatching,3edd0070e59fa4867a5354604a58329f4a49503305a85b3b8edf6617d1e6751f,"{""code"":""double_measurement_surface_code"",""diameter"":12,""noise_model"":""SI1000"",""p"":0.00455,""rounds"":12}"
      2121,        74,         0,    3.05,pymatching,d741bdff5e0f799c0c59b443eb6e817345cbb95f9b7718d74739a35f8a090a49,"{""code"":""double_measurement_surface_code"",""diameter"":12,""noise_model"":""SI1000"",""p"":0.004775,""rounds"":12}"
       612,        16,         0,    1.09,pymatching,d741bdff5e0f799c0c59b443eb6e817345cbb95f9b7718d74739a35f8a090a49,"{""code"":""double_measurement_surface_code"",""diameter"":12,""noise_model"":""SI1000"",""p"":0.004775,""rounds"":12}"
     21229,       277,         0,    22.4,pymatching,5a40930493372fde8d082ccf4f15b7912cdd5367cbd2747c907a9c1a2a8b8301,"{""code"":""double_measurement_surface_code"",""diameter"":12,""noise_model"":""SI1000"",""p"":0.0041,""rounds"":12}"
     10800,       294,         0,    13.8,pymatching,3edd0070e59fa4867a5354604a58329f4a49503305a85b3b8edf6617d1e6751f,"{""code"":""double_measurement_surface_code"",""diameter"":12,""noise_model"":""SI1000"",""p"":0.00455,""rounds"":12}"
     17000,       321,         0,    19.9,pymatching,e6e5ec0d1a4b354b8146a2f89bb0c81529864ffc9e4479dc45d970838c7db676,"{""code"":""double_measurement_surface_code"",""diameter"":12,""noise_model"":""SI1000"",""p"":0.004325000000000001,""rounds"":12}"
        73,         3,         0,   0.372,pymatching,d741bdff5e0f799c0c59b443eb6e817345cbb95f9b7718d74739a35f8a090a49,"{""code"":""double_measurement_surface_code"",""diameter"":12,""noise_model"":""SI1000"",""p"":0.004775,""rounds"":12}"
      4400,       207,         0,    5.84,pymatching,bc34a2733bfd7ee57bc4528f530cd10b85e0e51e15adc5d77e530193e03c6a1a,"{""code"":""double_measurement_surface_code"",""diameter"":12,""noise_model"":""SI1000"",""p"":0.005,""rounds"":12}"
       769,        14,         0,   0.988,pymatching,e6e5ec0d1a4b354b8146a2f89bb0c81529864ffc9e4479dc45d970838c7db676,"{""code"":""double_measurement_surface_code"",""diameter"":12,""noise_model"":""SI1000"",""p"":0.004325000000000001,""rounds"":12}"
      7200,       265,         0,    7.86,pymatching,d741bdff5e0f799c0c59b443eb6e817345cbb95f9b7718d74739a35f8a090a49,"{""code"":""double_measurement_surface_code"",""diameter"":12,""noise_model"":""SI1000"",""p"":0.004775,""rounds"":12}"
      8400,       362,         0,    8.02,pymatching,bc34a2733bfd7ee57bc4528f530cd10b85e0e51e15adc5d77e530193e03c6a1a,"{""code"":""double_measurement_surface_code"",""diameter"":12,""noise_model"":""SI1000"",""p"":0.005,""rounds"":12}"
       200,         0,         0,   0.446,pymatching,e445e1426bf2fe02751a86f3af86922443d2a10c7b04886b8f0ec13b0eea510d,"{""code"":""double_measurement_surface_code"",""diameter"":14,""noise_model"":""SI1000"",""p"":0.0005,""rounds"":14}"
       100,         0,         0,   0.464,pymatching,e445e1426bf2fe02751a86f3af86922443d2a10c7b04886b8f0ec13b0eea510d,"{""code"":""double_measurement_surface_code"",""diameter"":14,""noise_model"":""SI1000"",""p"":0.0005,""rounds"":14}"
       200,         0,         0,   0.468,pymatching,e445e1426bf2fe02751a86f3af86922443d2a10c7b04886b8f0ec13b0eea510d,"{""code"":""double_measurement_surface_code"",""diameter"":14,""noise_model"":""SI1000"",""p"":0.0005,""rounds"":14}"
       202,         7,         0,   0.361,pymatching,bc34a2733bfd7ee57bc4528f530cd10b85e0e51e15adc5d77e530193e03c6a1a,"{""code"":""double_measurement_surface_code"",""diameter"":12,""noise_model"":""SI1000"",""p"":0.005,""rounds"":12}"
       200,         0,         0,   0.480,pymatching,0ed1f50da98fb38cdc63586431bd5a1a37a52caeebc40fa99d3d4850d1da3246,"{""code"":""double_measurement_surface_code"",""diameter"":14,""noise_model"":""SI1000"",""p"":0.0007250000000000001,""rounds"":14}"
       200,         0,         0,   0.483,pymatching,0ed1f50da98fb38cdc63586431bd5a1a37a52caeebc40fa99d3d4850d1da3246,"{""code"":""double_measurement_surface_code"",""diameter"":14,""noise_model"":""SI1000"",""p"":0.0007250000000000001,""rounds"":14}"
        59,         3,         0,   0.259,pymatching,bc34a2733bfd7ee57bc4528f530cd10b85e0e51e15adc5d77e530193e03c6a1a,"{""code"":""double_measurement_surface_code"",""diameter"":12,""noise_model"":""SI1000"",""p"":0.005,""rounds"":12}"
      5294,       231,         0,    6.20,pymatching,bc34a2733bfd7ee57bc4528f530cd10b85e0e51e15adc5d77e530193e03c6a1a,"{""code"":""double_measurement_surface_code"",""diameter"":12,""noise_model"":""SI1000"",""p"":0.005,""rounds"":12}"
       600,         0,         0,   0.576,pymatching,e445e1426bf2fe02751a86f3af86922443d2a10c7b04886b8f0ec13b0eea510d,"{""code"":""double_measurement_surface_code"",""diameter"":14,""noise_model"":""SI1000"",""p"":0.0005,""rounds"":14}"
       400,         0,         0,   0.563,pymatching,e445e1426bf2fe02751a86f3af86922443d2a10c7b04886b8f0ec13b0eea510d,"{""code"":""double_measurement_surface_code"",""diameter"":14,""noise_model"":""SI1000"",""p"":0.0005,""rounds"":14}"
        91,         5,         0,   0.297,pymatching,bc34a2733bfd7ee57bc4528f530cd10b85e0e51e15adc5d77e530193e03c6a1a,"{""code"":""double_measurement_surface_code"",""diameter"":12,""noise_model"":""SI1000"",""p"":0.005,""rounds"":12}"
       800,         0,         0,   0.740,pymatching,e445e1426bf2fe02751a86f3af86922443d2a10c7b04886b8f0ec13b0eea510d,"{""code"":""double_measurement_surface_code"",""diameter"":14,""noise_model"":""SI1000"",""p"":0.0005,""rounds"":14}"
      1200,         0,         0,   0.768,pymatching,e445e1426bf2fe02751a86f3af86922443d2a10c7b04886b8f0ec13b0eea510d,"{""code"":""double_measurement_surface_code"",""diameter"":14,""noise_model"":""SI1000"",""p"":0.0005,""rounds"":14}"
      1000,         0,         0,   0.808,pymatching,0ed1f50da98fb38cdc63586431bd5a1a37a52caeebc40fa99d3d4850d1da3246,"{""code"":""double_measurement_surface_code"",""diameter"":14,""noise_model"":""SI1000"",""p"":0.0007250000000000001,""rounds"":14}"
      1000,         0,         0,   0.557,pymatching,0ed1f50da98fb38cdc63586431bd5a1a37a52caeebc40fa99d3d4850d1da3246,"{""code"":""double_measurement_surface_code"",""diameter"":14,""noise_model"":""SI1000"",""p"":0.0007250000000000001,""rounds"":14}"
       500,         0,         0,   0.598,pymatching,0ed1f50da98fb38cdc63586431bd5a1a37a52caeebc40fa99d3d4850d1da3246,"{""code"":""double_measurement_surface_code"",""diameter"":14,""noise_model"":""SI1000"",""p"":0.0007250000000000001,""rounds"":14}"
       400,         0,         0,   0.428,pymatching,e445e1426bf2fe02751a86f3af86922443d2a10c7b04886b8f0ec13b0eea510d,"{""code"":""double_measurement_surface_code"",""diameter"":14,""noise_model"":""SI1000"",""p"":0.0005,""rounds"":14}"
      9359,       331,         0,    10.1,pymatching,d741bdff5e0f799c0c59b443eb6e817345cbb95f9b7718d74739a35f8a090a49,"{""code"":""double_measurement_surface_code"",""diameter"":12,""noise_model"":""SI1000"",""p"":0.004775,""rounds"":12}"
      2400,         0,         0,    1.16,pymatching,e445e1426bf2fe02751a86f3af86922443d2a10c7b04886b8f0ec13b0eea510d,"{""code"":""double_measurement_surface_code"",""diameter"":14,""noise_model"":""SI1000"",""p"":0.0005,""rounds"":14}"
      3200,         0,         0,    1.37,pymatching,e445e1426bf2fe02751a86f3af86922443d2a10c7b04886b8f0ec13b0eea510d,"{""code"":""double_measurement_surface_code"",""diameter"":14,""noise_model"":""SI1000"",""p"":0.0005,""rounds"":14}"
      2400,         0,         0,   0.885,pymatching,e445e1426bf2fe02751a86f3af86922443d2a10c7b04886b8f0ec13b0eea510d,"{""code"":""double_measurement_surface_code"",""diameter"":14,""noise_model"":""SI1000"",""p"":0.0005,""rounds"":14}"
       200,         0,         0,   0.558,pymatching,0e0b0b53198a78657bfe1b6cd7a5aa1802e155fc2dea0255bf979eaf7a14a79f,"{""code"":""double_measurement_surface_code"",""diameter"":14,""noise_model"":""SI1000"",""p"":0.0009500000000000001,""rounds"":14}"
      1000,         0,         0,   0.818,pymatching,0ed1f50da98fb38cdc63586431bd5a1a37a52caeebc40fa99d3d4850d1da3246,"{""code"":""double_measurement_surface_code"",""diameter"":14,""noise_model"":""SI1000"",""p"":0.0007250000000000001,""rounds"":14}"
      3000,         0,         0,    1.46,pymatching,0ed1f50da98fb38cdc63586431bd5a1a37a52caeebc40fa99d3d4850d1da3246,"{""code"":""double_measurement_surface_code"",""diameter"":14,""noise_model"":""SI1000"",""p"":0.0007250000000000001,""rounds"":14}"
      5000,         0,         0,    1.63,pymatching,0ed1f50da98fb38cdc63586431bd5a1a37a52caeebc40fa99d3d4850d1da3246,"{""code"":""double_measurement_surface_code"",""diameter"":14,""noise_model"":""SI1000"",""p"":0.0007250000000000001,""rounds"":14}"
      4800,         0,         0,    1.88,pymatching,e445e1426bf2fe02751a86f3af86922443d2a10c7b04886b8f0ec13b0eea510d,"{""code"":""double_measurement_surface_code"",""diameter"":14,""noise_model"":""SI1000"",""p"":0.0005,""rounds"":14}"
       600,         0,         0,   0.678,pymatching,0e0b0b53198a78657bfe1b6cd7a5aa1802e155fc2dea0255bf979eaf7a14a79f,"{""code"":""double_measurement_surface_code"",""diameter"":14,""noise_model"":""SI1000"",""p"":0.0009500000000000001,""rounds"":14}"
      7200,         0,         0,    2.51,pymatching,e445e1426bf2fe02751a86f3af86922443d2a10c7b04886b8f0ec13b0eea510d,"{""code"":""double_measurement_surface_code"",""diameter"":14,""noise_model"":""SI1000"",""p"":0.0005,""rounds"":14}"
      6000,         0,         0,    2.44,pymatching,0ed1f50da98fb38cdc63586431bd5a1a37a52caeebc40fa99d3d4850d1da3246,"{""code"":""double_measurement_surface_code"",""diameter"":14,""noise_model"":""SI1000"",""p"":0.0007250000000000001,""rounds"":14}"
      6000,         0,         0,    2.45,pymatching,0ed1f50da98fb38cdc63586431bd5a1a37a52caeebc40fa99d3d4850d1da3246,"{""code"":""double_measurement_surface_code"",""diameter"":14,""noise_model"":""SI1000"",""p"":0.0007250000000000001,""rounds"":14}"
     16000,         0,         0,    3.45,pymatching,e445e1426bf2fe02751a86f3af86922443d2a10c7b04886b8f0ec13b0eea510d,"{""code"":""double_measurement_surface_code"",""diameter"":14,""noise_model"":""SI1000"",""p"":0.0005,""rounds"":14}"
     12800,         0,         0,    4.10,pymatching,e445e1426bf2fe02751a86f3af86922443d2a10c7b04886b8f0ec13b0eea510d,"{""code"":""double_measurement_surface_code"",""diameter"":14,""noise_model"":""SI1000"",""p"":0.0005,""rounds"":14}"
     10000,         0,         0,    3.87,pymatching,0ed1f50da98fb38cdc63586431bd5a1a37a52caeebc40fa99d3d4850d1da3246,"{""code"":""double_measurement_surface_code"",""diameter"":14,""noise_model"":""SI1000"",""p"":0.0007250000000000001,""rounds"":14}"
     14000,         0,         0,    5.12,pymatching,0ed1f50da98fb38cdc63586431bd5a1a37a52caeebc40fa99d3d4850d1da3246,"{""code"":""double_measurement_surface_code"",""diameter"":14,""noise_model"":""SI1000"",""p"":0.0007250000000000001,""rounds"":14}"
     19200,         0,         0,    5.78,pymatching,e445e1426bf2fe02751a86f3af86922443d2a10c7b04886b8f0ec13b0eea510d,"{""code"":""double_measurement_surface_code"",""diameter"":14,""noise_model"":""SI1000"",""p"":0.0005,""rounds"":14}"
     24000,         0,         0,    6.06,pymatching,0ed1f50da98fb38cdc63586431bd5a1a37a52caeebc40fa99d3d4850d1da3246,"{""code"":""double_measurement_surface_code"",""diameter"":14,""noise_model"":""SI1000"",""p"":0.0007250000000000001,""rounds"":14}"
     28800,         0,         0,    8.58,pymatching,e445e1426bf2fe02751a86f3af86922443d2a10c7b04886b8f0ec13b0eea510d,"{""code"":""double_measurement_surface_code"",""diameter"":14,""noise_model"":""SI1000"",""p"":0.0005,""rounds"":14}"
     43200,         0,         0,    12.4,pymatching,e445e1426bf2fe02751a86f3af86922443d2a10c7b04886b8f0ec13b0eea510d,"{""code"":""double_measurement_surface_code"",""diameter"":14,""noise_model"":""SI1000"",""p"":0.0005,""rounds"":14}"
     36000,         0,         0,    12.6,pymatching,0ed1f50da98fb38cdc63586431bd5a1a37a52caeebc40fa99d3d4850d1da3246,"{""code"":""double_measurement_surface_code"",""diameter"":14,""noise_model"":""SI1000"",""p"":0.0007250000000000001,""rounds"":14}"
     36000,         0,         0,    12.5,pymatching,0ed1f50da98fb38cdc63586431bd5a1a37a52caeebc40fa99d3d4850d1da3246,"{""code"":""double_measurement_surface_code"",""diameter"":14,""noise_model"":""SI1000"",""p"":0.0007250000000000001,""rounds"":14}"
     80000,         0,         0,    16.1,pymatching,e445e1426bf2fe02751a86f3af86922443d2a10c7b04886b8f0ec13b0eea510d,"{""code"":""double_measurement_surface_code"",""diameter"":14,""noise_model"":""SI1000"",""p"":0.0005,""rounds"":14}"
     60000,         0,         0,    20.4,pymatching,0ed1f50da98fb38cdc63586431bd5a1a37a52caeebc40fa99d3d4850d1da3246,"{""code"":""double_measurement_surface_code"",""diameter"":14,""noise_model"":""SI1000"",""p"":0.0007250000000000001,""rounds"":14}"
     92800,         0,         0,    26.5,pymatching,e445e1426bf2fe02751a86f3af86922443d2a10c7b04886b8f0ec13b0eea510d,"{""code"":""double_measurement_surface_code"",""diameter"":14,""noise_model"":""SI1000"",""p"":0.0005,""rounds"":14}"
     84000,         0,         0,    27.7,pymatching,0ed1f50da98fb38cdc63586431bd5a1a37a52caeebc40fa99d3d4850d1da3246,"{""code"":""double_measurement_surface_code"",""diameter"":14,""noise_model"":""SI1000"",""p"":0.0007250000000000001,""rounds"":14}"
    115200,         0,         0,    32.3,pymatching,e445e1426bf2fe02751a86f3af86922443d2a10c7b04886b8f0ec13b0eea510d,"{""code"":""double_measurement_surface_code"",""diameter"":14,""noise_model"":""SI1000"",""p"":0.0005,""rounds"":14}"
    144000,         0,         0,    33.6,pymatching,0ed1f50da98fb38cdc63586431bd5a1a37a52caeebc40fa99d3d4850d1da3246,"{""code"":""double_measurement_surface_code"",""diameter"":14,""noise_model"":""SI1000"",""p"":0.0007250000000000001,""rounds"":14}"
     53105,         0,         0,    15.2,pymatching,e445e1426bf2fe02751a86f3af86922443d2a10c7b04886b8f0ec13b0eea510d,"{""code"":""double_measurement_surface_code"",""diameter"":14,""noise_model"":""SI1000"",""p"":0.0005,""rounds"":14}"
    172800,         0,         0,    48.8,pymatching,e445e1426bf2fe02751a86f3af86922443d2a10c7b04886b8f0ec13b0eea510d,"{""code"":""double_measurement_surface_code"",""diameter"":14,""noise_model"":""SI1000"",""p"":0.0005,""rounds"":14}"
    131649,         0,         0,    37.5,pymatching,e445e1426bf2fe02751a86f3af86922443d2a10c7b04886b8f0ec13b0eea510d,"{""code"":""double_measurement_surface_code"",""diameter"":14,""noise_model"":""SI1000"",""p"":0.0005,""rounds"":14}"
    259200,         0,         0,    71.4,pymatching,e445e1426bf2fe02751a86f3af86922443d2a10c7b04886b8f0ec13b0eea510d,"{""code"":""double_measurement_surface_code"",""diameter"":14,""noise_model"":""SI1000"",""p"":0.0005,""rounds"":14}"
    216000,         0,         0,    72.7,pymatching,0ed1f50da98fb38cdc63586431bd5a1a37a52caeebc40fa99d3d4850d1da3246,"{""code"":""double_measurement_surface_code"",""diameter"":14,""noise_model"":""SI1000"",""p"":0.0007250000000000001,""rounds"":14}"
    216000,         0,         0,    73.1,pymatching,0ed1f50da98fb38cdc63586431bd5a1a37a52caeebc40fa99d3d4850d1da3246,"{""code"":""double_measurement_surface_code"",""diameter"":14,""noise_model"":""SI1000"",""p"":0.0007250000000000001,""rounds"":14}"
    265447,         0,         0,    51.4,pymatching,e445e1426bf2fe02751a86f3af86922443d2a10c7b04886b8f0ec13b0eea510d,"{""code"":""double_measurement_surface_code"",""diameter"":14,""noise_model"":""SI1000"",""p"":0.0005,""rounds"":14}"
    426895,         0,         0,    81.6,pymatching,e445e1426bf2fe02751a86f3af86922443d2a10c7b04886b8f0ec13b0eea510d,"{""code"":""double_measurement_surface_code"",""diameter"":14,""noise_model"":""SI1000"",""p"":0.0005,""rounds"":14}"
    318630,         0,         0,    90.2,pymatching,e445e1426bf2fe02751a86f3af86922443d2a10c7b04886b8f0ec13b0eea510d,"{""code"":""double_measurement_surface_code"",""diameter"":14,""noise_model"":""SI1000"",""p"":0.0005,""rounds"":14}"
    425151,         0,         0,   119.0,pymatching,e445e1426bf2fe02751a86f3af86922443d2a10c7b04886b8f0ec13b0eea510d,"{""code"":""double_measurement_surface_code"",""diameter"":14,""noise_model"":""SI1000"",""p"":0.0005,""rounds"":14}"
    425753,         0,         0,   117.2,pymatching,e445e1426bf2fe02751a86f3af86922443d2a10c7b04886b8f0ec13b0eea510d,"{""code"":""double_measurement_surface_code"",""diameter"":14,""noise_model"":""SI1000"",""p"":0.0005,""rounds"":14}"
    425033,         0,         0,   120.8,pymatching,e445e1426bf2fe02751a86f3af86922443d2a10c7b04886b8f0ec13b0eea510d,"{""code"":""double_measurement_surface_code"",""diameter"":14,""noise_model"":""SI1000"",""p"":0.0005,""rounds"":14}"
    455840,         0,         0,    87.8,pymatching,e445e1426bf2fe02751a86f3af86922443d2a10c7b04886b8f0ec13b0eea510d,"{""code"":""double_measurement_surface_code"",""diameter"":14,""noise_model"":""SI1000"",""p"":0.0005,""rounds"":14}"
    424387,         0,         0,   119.9,pymatching,e445e1426bf2fe02751a86f3af86922443d2a10c7b04886b8f0ec13b0eea510d,"{""code"":""double_measurement_surface_code"",""diameter"":14,""noise_model"":""SI1000"",""p"":0.0005,""rounds"":14}"
    488649,         0,         0,    92.0,pymatching,e445e1426bf2fe02751a86f3af86922443d2a10c7b04886b8f0ec13b0eea510d,"{""code"":""double_measurement_surface_code"",""diameter"":14,""noise_model"":""SI1000"",""p"":0.0005,""rounds"":14}"
    427181,         0,         0,   118.0,pymatching,e445e1426bf2fe02751a86f3af86922443d2a10c7b04886b8f0ec13b0eea510d,"{""code"":""double_measurement_surface_code"",""diameter"":14,""noise_model"":""SI1000"",""p"":0.0005,""rounds"":14}"
    427181,         0,         0,   121.4,pymatching,e445e1426bf2fe02751a86f3af86922443d2a10c7b04886b8f0ec13b0eea510d,"{""code"":""double_measurement_surface_code"",""diameter"":14,""noise_model"":""SI1000"",""p"":0.0005,""rounds"":14}"
    427181,         0,         0,   121.4,pymatching,e445e1426bf2fe02751a86f3af86922443d2a10c7b04886b8f0ec13b0eea510d,"{""code"":""double_measurement_surface_code"",""diameter"":14,""noise_model"":""SI1000"",""p"":0.0005,""rounds"":14}"
    477399,         0,         0,   134.0,pymatching,e445e1426bf2fe02751a86f3af86922443d2a10c7b04886b8f0ec13b0eea510d,"{""code"":""double_measurement_surface_code"",""diameter"":14,""noise_model"":""SI1000"",""p"":0.0005,""rounds"":14}"
    472708,         0,         0,    90.9,pymatching,e445e1426bf2fe02751a86f3af86922443d2a10c7b04886b8f0ec13b0eea510d,"{""code"":""double_measurement_surface_code"",""diameter"":14,""noise_model"":""SI1000"",""p"":0.0005,""rounds"":14}"
    250003,         0,         0,    70.0,pymatching,e445e1426bf2fe02751a86f3af86922443d2a10c7b04886b8f0ec13b0eea510d,"{""code"":""double_measurement_surface_code"",""diameter"":14,""noise_model"":""SI1000"",""p"":0.0005,""rounds"":14}"
    468314,         0,         0,   132.1,pymatching,e445e1426bf2fe02751a86f3af86922443d2a10c7b04886b8f0ec13b0eea510d,"{""code"":""double_measurement_surface_code"",""diameter"":14,""noise_model"":""SI1000"",""p"":0.0005,""rounds"":14}"
    463294,         0,         0,   128.1,pymatching,e445e1426bf2fe02751a86f3af86922443d2a10c7b04886b8f0ec13b0eea510d,"{""code"":""double_measurement_surface_code"",""diameter"":14,""noise_model"":""SI1000"",""p"":0.0005,""rounds"":14}"
    480705,         0,         0,    92.6,pymatching,e445e1426bf2fe02751a86f3af86922443d2a10c7b04886b8f0ec13b0eea510d,"{""code"":""double_measurement_surface_code"",""diameter"":14,""noise_model"":""SI1000"",""p"":0.0005,""rounds"":14}"
    457641,         0,         0,   131.0,pymatching,e445e1426bf2fe02751a86f3af86922443d2a10c7b04886b8f0ec13b0eea510d,"{""code"":""double_measurement_surface_code"",""diameter"":14,""noise_model"":""SI1000"",""p"":0.0005,""rounds"":14}"
    467389,         0,         0,   132.6,pymatching,e445e1426bf2fe02751a86f3af86922443d2a10c7b04886b8f0ec13b0eea510d,"{""code"":""double_measurement_surface_code"",""diameter"":14,""noise_model"":""SI1000"",""p"":0.0005,""rounds"":14}"
    370807,         0,         0,   120.8,pymatching,0ed1f50da98fb38cdc63586431bd5a1a37a52caeebc40fa99d3d4850d1da3246,"{""code"":""double_measurement_surface_code"",""diameter"":14,""noise_model"":""SI1000"",""p"":0.0007250000000000001,""rounds"":14}"
    476465,         0,         0,   131.7,pymatching,e445e1426bf2fe02751a86f3af86922443d2a10c7b04886b8f0ec13b0eea510d,"{""code"":""double_measurement_surface_code"",""diameter"":14,""noise_model"":""SI1000"",""p"":0.0005,""rounds"":14}"
    370807,         0,         0,    84.2,pymatching,0ed1f50da98fb38cdc63586431bd5a1a37a52caeebc40fa99d3d4850d1da3246,"{""code"":""double_measurement_surface_code"",""diameter"":14,""noise_model"":""SI1000"",""p"":0.0007250000000000001,""rounds"":14}"
    370807,         0,         0,    83.8,pymatching,0ed1f50da98fb38cdc63586431bd5a1a37a52caeebc40fa99d3d4850d1da3246,"{""code"":""double_measurement_surface_code"",""diameter"":14,""noise_model"":""SI1000"",""p"":0.0007250000000000001,""rounds"":14}"
    370807,         0,         0,   124.3,pymatching,0ed1f50da98fb38cdc63586431bd5a1a37a52caeebc40fa99d3d4850d1da3246,"{""code"":""double_measurement_surface_code"",""diameter"":14,""noise_model"":""SI1000"",""p"":0.0007250000000000001,""rounds"":14}"
    370807,         0,         0,   122.3,pymatching,0ed1f50da98fb38cdc63586431bd5a1a37a52caeebc40fa99d3d4850d1da3246,"{""code"":""double_measurement_surface_code"",""diameter"":14,""noise_model"":""SI1000"",""p"":0.0007250000000000001,""rounds"":14}"
    370807,         0,         0,   123.7,pymatching,0ed1f50da98fb38cdc63586431bd5a1a37a52caeebc40fa99d3d4850d1da3246,"{""code"":""double_measurement_surface_code"",""diameter"":14,""noise_model"":""SI1000"",""p"":0.0007250000000000001,""rounds"":14}"
    370807,         0,         0,   122.3,pymatching,0ed1f50da98fb38cdc63586431bd5a1a37a52caeebc40fa99d3d4850d1da3246,"{""code"":""double_measurement_surface_code"",""diameter"":14,""noise_model"":""SI1000"",""p"":0.0007250000000000001,""rounds"":14}"
    370807,         0,         0,   127.0,pymatching,0ed1f50da98fb38cdc63586431bd5a1a37a52caeebc40fa99d3d4850d1da3246,"{""code"":""double_measurement_surface_code"",""diameter"":14,""noise_model"":""SI1000"",""p"":0.0007250000000000001,""rounds"":14}"
    397632,         0,         0,    91.1,pymatching,0ed1f50da98fb38cdc63586431bd5a1a37a52caeebc40fa99d3d4850d1da3246,"{""code"":""double_measurement_surface_code"",""diameter"":14,""noise_model"":""SI1000"",""p"":0.0007250000000000001,""rounds"":14}"
    370807,         0,         0,   125.5,pymatching,0ed1f50da98fb38cdc63586431bd5a1a37a52caeebc40fa99d3d4850d1da3246,"{""code"":""double_measurement_surface_code"",""diameter"":14,""noise_model"":""SI1000"",""p"":0.0007250000000000001,""rounds"":14}"
    370080,         0,         0,   122.2,pymatching,0ed1f50da98fb38cdc63586431bd5a1a37a52caeebc40fa99d3d4850d1da3246,"{""code"":""double_measurement_surface_code"",""diameter"":14,""noise_model"":""SI1000"",""p"":0.0007250000000000001,""rounds"":14}"
    370080,         0,         0,   121.2,pymatching,0ed1f50da98fb38cdc63586431bd5a1a37a52caeebc40fa99d3d4850d1da3246,"{""code"":""double_measurement_surface_code"",""diameter"":14,""noise_model"":""SI1000"",""p"":0.0007250000000000001,""rounds"":14}"
    417284,         0,         0,    94.4,pymatching,0ed1f50da98fb38cdc63586431bd5a1a37a52caeebc40fa99d3d4850d1da3246,"{""code"":""double_measurement_surface_code"",""diameter"":14,""noise_model"":""SI1000"",""p"":0.0007250000000000001,""rounds"":14}"
    406652,         0,         0,   138.3,pymatching,0ed1f50da98fb38cdc63586431bd5a1a37a52caeebc40fa99d3d4850d1da3246,"{""code"":""double_measurement_surface_code"",""diameter"":14,""noise_model"":""SI1000"",""p"":0.0007250000000000001,""rounds"":14}"
    400225,         0,         0,   132.5,pymatching,0ed1f50da98fb38cdc63586431bd5a1a37a52caeebc40fa99d3d4850d1da3246,"{""code"":""double_measurement_surface_code"",""diameter"":14,""noise_model"":""SI1000"",""p"":0.0007250000000000001,""rounds"":14}"
      1800,         0,         0,    1.36,pymatching,0e0b0b53198a78657bfe1b6cd7a5aa1802e155fc2dea0255bf979eaf7a14a79f,"{""code"":""double_measurement_surface_code"",""diameter"":14,""noise_model"":""SI1000"",""p"":0.0009500000000000001,""rounds"":14}"
    391303,         0,         0,   129.1,pymatching,0ed1f50da98fb38cdc63586431bd5a1a37a52caeebc40fa99d3d4850d1da3246,"{""code"":""double_measurement_surface_code"",""diameter"":14,""noise_model"":""SI1000"",""p"":0.0007250000000000001,""rounds"":14}"
      5400,         0,         0,    2.73,pymatching,0e0b0b53198a78657bfe1b6cd7a5aa1802e155fc2dea0255bf979eaf7a14a79f,"{""code"":""double_measurement_surface_code"",""diameter"":14,""noise_model"":""SI1000"",""p"":0.0009500000000000001,""rounds"":14}"
      5400,         0,         0,    2.82,pymatching,0e0b0b53198a78657bfe1b6cd7a5aa1802e155fc2dea0255bf979eaf7a14a79f,"{""code"":""double_measurement_surface_code"",""diameter"":14,""noise_model"":""SI1000"",""p"":0.0009500000000000001,""rounds"":14}"
    396645,         0,         0,    92.1,pymatching,0ed1f50da98fb38cdc63586431bd5a1a37a52caeebc40fa99d3d4850d1da3246,"{""code"":""double_measurement_surface_code"",""diameter"":14,""noise_model"":""SI1000"",""p"":0.0007250000000000001,""rounds"":14}"
    394870,         0,         0,   133.3,pymatching,0ed1f50da98fb38cdc63586431bd5a1a37a52caeebc40fa99d3d4850d1da3246,"{""code"":""double_measurement_surface_code"",""diameter"":14,""noise_model"":""SI1000"",""p"":0.0007250000000000001,""rounds"":14}"
       200,         0,         0,   0.705,pymatching,780d95f856169bbba0f0932d4f67044c607fbdad0ebc0348dc9b94ea00817060,"{""code"":""double_measurement_surface_code"",""diameter"":14,""noise_model"":""SI1000"",""p"":0.001175,""rounds"":14}"
       600,         0,         0,   0.697,pymatching,780d95f856169bbba0f0932d4f67044c607fbdad0ebc0348dc9b94ea00817060,"{""code"":""double_measurement_surface_code"",""diameter"":14,""noise_model"":""SI1000"",""p"":0.001175,""rounds"":14}"
      1800,         0,         0,    1.27,pymatching,780d95f856169bbba0f0932d4f67044c607fbdad0ebc0348dc9b94ea00817060,"{""code"":""double_measurement_surface_code"",""diameter"":14,""noise_model"":""SI1000"",""p"":0.001175,""rounds"":14}"
      5400,         0,         0,    2.93,pymatching,780d95f856169bbba0f0932d4f67044c607fbdad0ebc0348dc9b94ea00817060,"{""code"":""double_measurement_surface_code"",""diameter"":14,""noise_model"":""SI1000"",""p"":0.001175,""rounds"":14}"
     16200,         0,         0,    7.06,pymatching,0e0b0b53198a78657bfe1b6cd7a5aa1802e155fc2dea0255bf979eaf7a14a79f,"{""code"":""double_measurement_surface_code"",""diameter"":14,""noise_model"":""SI1000"",""p"":0.0009500000000000001,""rounds"":14}"
     24300,         0,         0,    7.56,pymatching,0e0b0b53198a78657bfe1b6cd7a5aa1802e155fc2dea0255bf979eaf7a14a79f,"{""code"":""double_measurement_surface_code"",""diameter"":14,""noise_model"":""SI1000"",""p"":0.0009500000000000001,""rounds"":14}"
     27000,         0,         0,    11.3,pymatching,0e0b0b53198a78657bfe1b6cd7a5aa1802e155fc2dea0255bf979eaf7a14a79f,"{""code"":""double_measurement_surface_code"",""diameter"":14,""noise_model"":""SI1000"",""p"":0.0009500000000000001,""rounds"":14}"
     16200,         0,         0,    7.60,pymatching,780d95f856169bbba0f0932d4f67044c607fbdad0ebc0348dc9b94ea00817060,"{""code"":""double_measurement_surface_code"",""diameter"":14,""noise_model"":""SI1000"",""p"":0.001175,""rounds"":14}"
    396424,         0,         0,    91.1,pymatching,0ed1f50da98fb38cdc63586431bd5a1a37a52caeebc40fa99d3d4850d1da3246,"{""code"":""double_measurement_surface_code"",""diameter"":14,""noise_model"":""SI1000"",""p"":0.0007250000000000001,""rounds"":14}"
     59400,         0,         0,    24.3,pymatching,0e0b0b53198a78657bfe1b6cd7a5aa1802e155fc2dea0255bf979eaf7a14a79f,"{""code"":""double_measurement_surface_code"",""diameter"":14,""noise_model"":""SI1000"",""p"":0.0009500000000000001,""rounds"":14}"
    386912,         0,         0,   133.7,pymatching,0ed1f50da98fb38cdc63586431bd5a1a37a52caeebc40fa99d3d4850d1da3246,"{""code"":""double_measurement_surface_code"",""diameter"":14,""noise_model"":""SI1000"",""p"":0.0007250000000000001,""rounds"":14}"
     48600,         0,         0,    15.8,pymatching,780d95f856169bbba0f0932d4f67044c607fbdad0ebc0348dc9b94ea00817060,"{""code"":""double_measurement_surface_code"",""diameter"":14,""noise_model"":""SI1000"",""p"":0.001175,""rounds"":14}"
    108000,         0,         0,    29.9,pymatching,0e0b0b53198a78657bfe1b6cd7a5aa1802e155fc2dea0255bf979eaf7a14a79f,"{""code"":""double_measurement_surface_code"",""diameter"":14,""noise_model"":""SI1000"",""p"":0.0009500000000000001,""rounds"":14}"
     75600,         0,         0,    29.6,pymatching,0e0b0b53198a78657bfe1b6cd7a5aa1802e155fc2dea0255bf979eaf7a14a79f,"{""code"":""double_measurement_surface_code"",""diameter"":14,""noise_model"":""SI1000"",""p"":0.0009500000000000001,""rounds"":14}"
    392881,         0,         0,   134.2,pymatching,0ed1f50da98fb38cdc63586431bd5a1a37a52caeebc40fa99d3d4850d1da3246,"{""code"":""double_measurement_surface_code"",""diameter"":14,""noise_model"":""SI1000"",""p"":0.0007250000000000001,""rounds"":14}"
    390526,         0,         0,   132.7,pymatching,0ed1f50da98fb38cdc63586431bd5a1a37a52caeebc40fa99d3d4850d1da3246,"{""code"":""double_measurement_surface_code"",""diameter"":14,""noise_model"":""SI1000"",""p"":0.0007250000000000001,""rounds"":14}"
    388743,         0,         0,   130.7,pymatching,0ed1f50da98fb38cdc63586431bd5a1a37a52caeebc40fa99d3d4850d1da3246,"{""code"":""double_measurement_surface_code"",""diameter"":14,""noise_model"":""SI1000"",""p"":0.0007250000000000001,""rounds"":14}"
     75600,         0,         0,    29.5,pymatching,0e0b0b53198a78657bfe1b6cd7a5aa1802e155fc2dea0255bf979eaf7a14a79f,"{""code"":""double_measurement_surface_code"",""diameter"":14,""noise_model"":""SI1000"",""p"":0.0009500000000000001,""rounds"":14}"
    162000,         0,         0,    61.9,pymatching,0e0b0b53198a78657bfe1b6cd7a5aa1802e155fc2dea0255bf979eaf7a14a79f,"{""code"":""double_measurement_surface_code"",""diameter"":14,""noise_model"":""SI1000"",""p"":0.0009500000000000001,""rounds"":14}"
    145800,         1,         0,    45.0,pymatching,780d95f856169bbba0f0932d4f67044c607fbdad0ebc0348dc9b94ea00817060,"{""code"":""double_measurement_surface_code"",""diameter"":14,""noise_model"":""SI1000"",""p"":0.001175,""rounds"":14}"
    298480,         0,         0,    98.3,pymatching,0ed1f50da98fb38cdc63586431bd5a1a37a52caeebc40fa99d3d4850d1da3246,"{""code"":""double_measurement_surface_code"",""diameter"":14,""noise_model"":""SI1000"",""p"":0.0007250000000000001,""rounds"":14}"
    106315,         0,         0,    41.9,pymatching,0e0b0b53198a78657bfe1b6cd7a5aa1802e155fc2dea0255bf979eaf7a14a79f,"{""code"":""double_measurement_surface_code"",""diameter"":14,""noise_model"":""SI1000"",""p"":0.0009500000000000001,""rounds"":14}"
    145800,         0,         0,    63.8,pymatching,780d95f856169bbba0f0932d4f67044c607fbdad0ebc0348dc9b94ea00817060,"{""code"":""double_measurement_surface_code"",""diameter"":14,""noise_model"":""SI1000"",""p"":0.001175,""rounds"":14}"
    336823,         0,         0,    90.8,pymatching,0e0b0b53198a78657bfe1b6cd7a5aa1802e155fc2dea0255bf979eaf7a14a79f,"{""code"":""double_measurement_surface_code"",""diameter"":14,""noise_model"":""SI1000"",""p"":0.0009500000000000001,""rounds"":14}"
    280800,         0,         0,   107.3,pymatching,0e0b0b53198a78657bfe1b6cd7a5aa1802e155fc2dea0255bf979eaf7a14a79f,"{""code"":""double_measurement_surface_code"",""diameter"":14,""noise_model"":""SI1000"",""p"":0.0009500000000000001,""rounds"":14}"
    321744,         0,         0,    85.7,pymatching,0e0b0b53198a78657bfe1b6cd7a5aa1802e155fc2dea0255bf979eaf7a14a79f,"{""code"":""double_measurement_surface_code"",""diameter"":14,""noise_model"":""SI1000"",""p"":0.0009500000000000001,""rounds"":14}"
    329231,         0,         0,   127.4,pymatching,0e0b0b53198a78657bfe1b6cd7a5aa1802e155fc2dea0255bf979eaf7a14a79f,"{""code"":""double_measurement_surface_code"",""diameter"":14,""noise_model"":""SI1000"",""p"":0.0009500000000000001,""rounds"":14}"
    329231,         0,         0,   131.0,pymatching,0e0b0b53198a78657bfe1b6cd7a5aa1802e155fc2dea0255bf979eaf7a14a79f,"{""code"":""double_measurement_surface_code"",""diameter"":14,""noise_model"":""SI1000"",""p"":0.0009500000000000001,""rounds"":14}"
    324884,         0,         0,   130.1,pymatching,0e0b0b53198a78657bfe1b6cd7a5aa1802e155fc2dea0255bf979eaf7a14a79f,"{""code"":""double_measurement_surface_code"",""diameter"":14,""noise_model"":""SI1000"",""p"":0.0009500000000000001,""rounds"":14}"
    321744,         0,         0,   125.2,pymatching,0e0b0b53198a78657bfe1b6cd7a5aa1802e155fc2dea0255bf979eaf7a14a79f,"{""code"":""double_measurement_surface_code"",""diameter"":14,""noise_model"":""SI1000"",""p"":0.0009500000000000001,""rounds"":14}"
    321744,         0,         0,   125.0,pymatching,0e0b0b53198a78657bfe1b6cd7a5aa1802e155fc2dea0255bf979eaf7a14a79f,"{""code"":""double_measurement_surface_code"",""diameter"":14,""noise_model"":""SI1000"",""p"":0.0009500000000000001,""rounds"":14}"
    318923,         0,         0,   123.6,pymatching,0e0b0b53198a78657bfe1b6cd7a5aa1802e155fc2dea0255bf979eaf7a14a79f,"{""code"":""double_measurement_surface_code"",""diameter"":14,""noise_model"":""SI1000"",""p"":0.0009500000000000001,""rounds"":14}"
    352385,         0,         0,    95.4,pymatching,0e0b0b53198a78657bfe1b6cd7a5aa1802e155fc2dea0255bf979eaf7a14a79f,"{""code"":""double_measurement_surface_code"",""diameter"":14,""noise_model"":""SI1000"",""p"":0.0009500000000000001,""rounds"":14}"
    318923,         0,         0,   123.0,pymatching,0e0b0b53198a78657bfe1b6cd7a5aa1802e155fc2dea0255bf979eaf7a14a79f,"{""code"":""double_measurement_surface_code"",""diameter"":14,""noise_model"":""SI1000"",""p"":0.0009500000000000001,""rounds"":14}"
    360385,         0,         0,    95.3,pymatching,0e0b0b53198a78657bfe1b6cd7a5aa1802e155fc2dea0255bf979eaf7a14a79f,"{""code"":""double_measurement_surface_code"",""diameter"":14,""noise_model"":""SI1000"",""p"":0.0009500000000000001,""rounds"":14}"
    343236,         0,         0,   131.9,pymatching,0e0b0b53198a78657bfe1b6cd7a5aa1802e155fc2dea0255bf979eaf7a14a79f,"{""code"":""double_measurement_surface_code"",""diameter"":14,""noise_model"":""SI1000"",""p"":0.0009500000000000001,""rounds"":14}"
    350731,         0,         0,   135.8,pymatching,0e0b0b53198a78657bfe1b6cd7a5aa1802e155fc2dea0255bf979eaf7a14a79f,"{""code"":""double_measurement_surface_code"",""diameter"":14,""noise_model"":""SI1000"",""p"":0.0009500000000000001,""rounds"":14}"
    342621,         0,         0,   135.9,pymatching,0e0b0b53198a78657bfe1b6cd7a5aa1802e155fc2dea0255bf979eaf7a14a79f,"{""code"":""double_measurement_surface_code"",""diameter"":14,""noise_model"":""SI1000"",""p"":0.0009500000000000001,""rounds"":14}"
    336451,         0,         0,    91.6,pymatching,0e0b0b53198a78657bfe1b6cd7a5aa1802e155fc2dea0255bf979eaf7a14a79f,"{""code"":""double_measurement_surface_code"",""diameter"":14,""noise_model"":""SI1000"",""p"":0.0009500000000000001,""rounds"":14}"
    336571,         0,         0,   135.5,pymatching,0e0b0b53198a78657bfe1b6cd7a5aa1802e155fc2dea0255bf979eaf7a14a79f,"{""code"":""double_measurement_surface_code"",""diameter"":14,""noise_model"":""SI1000"",""p"":0.0009500000000000001,""rounds"":14}"
    333198,         0,         0,   130.5,pymatching,0e0b0b53198a78657bfe1b6cd7a5aa1802e155fc2dea0255bf979eaf7a14a79f,"{""code"":""double_measurement_surface_code"",""diameter"":14,""noise_model"":""SI1000"",""p"":0.0009500000000000001,""rounds"":14}"
    328608,         0,         0,   128.1,pymatching,0e0b0b53198a78657bfe1b6cd7a5aa1802e155fc2dea0255bf979eaf7a14a79f,"{""code"":""double_measurement_surface_code"",""diameter"":14,""noise_model"":""SI1000"",""p"":0.0009500000000000001,""rounds"":14}"
    330610,         0,         0,   129.4,pymatching,0e0b0b53198a78657bfe1b6cd7a5aa1802e155fc2dea0255bf979eaf7a14a79f,"{""code"":""double_measurement_surface_code"",""diameter"":14,""noise_model"":""SI1000"",""p"":0.0009500000000000001,""rounds"":14}"
     14690,         0,         0,    6.44,pymatching,0e0b0b53198a78657bfe1b6cd7a5aa1802e155fc2dea0255bf979eaf7a14a79f,"{""code"":""double_measurement_surface_code"",""diameter"":14,""noise_model"":""SI1000"",""p"":0.0009500000000000001,""rounds"":14}"
    341460,         0,         0,    91.5,pymatching,0e0b0b53198a78657bfe1b6cd7a5aa1802e155fc2dea0255bf979eaf7a14a79f,"{""code"":""double_measurement_surface_code"",""diameter"":14,""noise_model"":""SI1000"",""p"":0.0009500000000000001,""rounds"":14}"
    334398,         0,         0,   129.7,pymatching,0e0b0b53198a78657bfe1b6cd7a5aa1802e155fc2dea0255bf979eaf7a14a79f,"{""code"":""double_measurement_surface_code"",""diameter"":14,""noise_model"":""SI1000"",""p"":0.0009500000000000001,""rounds"":14}"
    339245,         0,         0,   129.3,pymatching,0e0b0b53198a78657bfe1b6cd7a5aa1802e155fc2dea0255bf979eaf7a14a79f,"{""code"":""double_measurement_surface_code"",""diameter"":14,""noise_model"":""SI1000"",""p"":0.0009500000000000001,""rounds"":14}"
    339404,         0,         0,    91.7,pymatching,0e0b0b53198a78657bfe1b6cd7a5aa1802e155fc2dea0255bf979eaf7a14a79f,"{""code"":""double_measurement_surface_code"",""diameter"":14,""noise_model"":""SI1000"",""p"":0.0009500000000000001,""rounds"":14}"
    337126,         0,         0,   132.3,pymatching,0e0b0b53198a78657bfe1b6cd7a5aa1802e155fc2dea0255bf979eaf7a14a79f,"{""code"":""double_measurement_surface_code"",""diameter"":14,""noise_model"":""SI1000"",""p"":0.0009500000000000001,""rounds"":14}"
       200,         0,         0,   0.727,pymatching,d749d6be5deb027825022eb4afff0f3e414edaf7e5f48c796075489ee69ca5b6,"{""code"":""double_measurement_surface_code"",""diameter"":14,""noise_model"":""SI1000"",""p"":0.0014000000000000002,""rounds"":14}"
       600,         0,         0,   0.762,pymatching,d749d6be5deb027825022eb4afff0f3e414edaf7e5f48c796075489ee69ca5b6,"{""code"":""double_measurement_surface_code"",""diameter"":14,""noise_model"":""SI1000"",""p"":0.0014000000000000002,""rounds"":14}"
      1800,         0,         0,    1.45,pymatching,d749d6be5deb027825022eb4afff0f3e414edaf7e5f48c796075489ee69ca5b6,"{""code"":""double_measurement_surface_code"",""diameter"":14,""noise_model"":""SI1000"",""p"":0.0014000000000000002,""rounds"":14}"
      5400,         0,         0,    3.44,pymatching,d749d6be5deb027825022eb4afff0f3e414edaf7e5f48c796075489ee69ca5b6,"{""code"":""double_measurement_surface_code"",""diameter"":14,""noise_model"":""SI1000"",""p"":0.0014000000000000002,""rounds"":14}"
    334791,         0,         0,   133.4,pymatching,0e0b0b53198a78657bfe1b6cd7a5aa1802e155fc2dea0255bf979eaf7a14a79f,"{""code"":""double_measurement_surface_code"",""diameter"":14,""noise_model"":""SI1000"",""p"":0.0009500000000000001,""rounds"":14}"
    317056,         1,         0,    98.8,pymatching,780d95f856169bbba0f0932d4f67044c607fbdad0ebc0348dc9b94ea00817060,"{""code"":""double_measurement_surface_code"",""diameter"":14,""noise_model"":""SI1000"",""p"":0.001175,""rounds"":14}"
     16200,         0,         0,    9.20,pymatching,d749d6be5deb027825022eb4afff0f3e414edaf7e5f48c796075489ee69ca5b6,"{""code"":""double_measurement_surface_code"",""diameter"":14,""noise_model"":""SI1000"",""p"":0.0014000000000000002,""rounds"":14}"
     16200,         0,         0,    9.35,pymatching,d749d6be5deb027825022eb4afff0f3e414edaf7e5f48c796075489ee69ca5b6,"{""code"":""double_measurement_surface_code"",""diameter"":14,""noise_model"":""SI1000"",""p"":0.0014000000000000002,""rounds"":14}"
    335223,         0,         0,   132.1,pymatching,0e0b0b53198a78657bfe1b6cd7a5aa1802e155fc2dea0255bf979eaf7a14a79f,"{""code"":""double_measurement_surface_code"",""diameter"":14,""noise_model"":""SI1000"",""p"":0.0009500000000000001,""rounds"":14}"
    336905,         0,         0,   136.6,pymatching,0e0b0b53198a78657bfe1b6cd7a5aa1802e155fc2dea0255bf979eaf7a14a79f,"{""code"":""double_measurement_surface_code"",""diameter"":14,""noise_model"":""SI1000"",""p"":0.0009500000000000001,""rounds"":14}"
    237220,         0,         0,    75.2,pymatching,780d95f856169bbba0f0932d4f67044c607fbdad0ebc0348dc9b94ea00817060,"{""code"":""double_measurement_surface_code"",""diameter"":14,""noise_model"":""SI1000"",""p"":0.001175,""rounds"":14}"
    317056,         0,         0,   144.0,pymatching,780d95f856169bbba0f0932d4f67044c607fbdad0ebc0348dc9b94ea00817060,"{""code"":""double_measurement_surface_code"",""diameter"":14,""noise_model"":""SI1000"",""p"":0.001175,""rounds"":14}"
    317056,         0,         0,   143.6,pymatching,780d95f856169bbba0f0932d4f67044c607fbdad0ebc0348dc9b94ea00817060,"{""code"":""double_measurement_surface_code"",""diameter"":14,""noise_model"":""SI1000"",""p"":0.001175,""rounds"":14}"
    317056,         0,         0,   142.0,pymatching,780d95f856169bbba0f0932d4f67044c607fbdad0ebc0348dc9b94ea00817060,"{""code"":""double_measurement_surface_code"",""diameter"":14,""noise_model"":""SI1000"",""p"":0.001175,""rounds"":14}"
    317056,         0,         0,   141.1,pymatching,780d95f856169bbba0f0932d4f67044c607fbdad0ebc0348dc9b94ea00817060,"{""code"":""double_measurement_surface_code"",""diameter"":14,""noise_model"":""SI1000"",""p"":0.001175,""rounds"":14}"
    345445,         0,         0,   107.4,pymatching,780d95f856169bbba0f0932d4f67044c607fbdad0ebc0348dc9b94ea00817060,"{""code"":""double_measurement_surface_code"",""diameter"":14,""noise_model"":""SI1000"",""p"":0.001175,""rounds"":14}"
    353476,         0,         0,   111.3,pymatching,780d95f856169bbba0f0932d4f67044c607fbdad0ebc0348dc9b94ea00817060,"{""code"":""double_measurement_surface_code"",""diameter"":14,""noise_model"":""SI1000"",""p"":0.001175,""rounds"":14}"
    345445,         0,         0,   158.0,pymatching,780d95f856169bbba0f0932d4f67044c607fbdad0ebc0348dc9b94ea00817060,"{""code"":""double_measurement_surface_code"",""diameter"":14,""noise_model"":""SI1000"",""p"":0.001175,""rounds"":14}"
    345445,         0,         0,   160.4,pymatching,780d95f856169bbba0f0932d4f67044c607fbdad0ebc0348dc9b94ea00817060,"{""code"":""double_measurement_surface_code"",""diameter"":14,""noise_model"":""SI1000"",""p"":0.001175,""rounds"":14}"
    345445,         0,         0,   157.8,pymatching,780d95f856169bbba0f0932d4f67044c607fbdad0ebc0348dc9b94ea00817060,"{""code"":""double_measurement_surface_code"",""diameter"":14,""noise_model"":""SI1000"",""p"":0.001175,""rounds"":14}"
    345445,         0,         0,   162.6,pymatching,780d95f856169bbba0f0932d4f67044c607fbdad0ebc0348dc9b94ea00817060,"{""code"":""double_measurement_surface_code"",""diameter"":14,""noise_model"":""SI1000"",""p"":0.001175,""rounds"":14}"
    310852,         0,         0,   142.0,pymatching,780d95f856169bbba0f0932d4f67044c607fbdad0ebc0348dc9b94ea00817060,"{""code"":""double_measurement_surface_code"",""diameter"":14,""noise_model"":""SI1000"",""p"":0.001175,""rounds"":14}"
    325313,         0,         0,   150.3,pymatching,780d95f856169bbba0f0932d4f67044c607fbdad0ebc0348dc9b94ea00817060,"{""code"":""double_measurement_surface_code"",""diameter"":14,""noise_model"":""SI1000"",""p"":0.001175,""rounds"":14}"
    302644,         0,         0,   138.7,pymatching,780d95f856169bbba0f0932d4f67044c607fbdad0ebc0348dc9b94ea00817060,"{""code"":""double_measurement_surface_code"",""diameter"":14,""noise_model"":""SI1000"",""p"":0.001175,""rounds"":14}"
    306984,         0,         0,    96.9,pymatching,780d95f856169bbba0f0932d4f67044c607fbdad0ebc0348dc9b94ea00817060,"{""code"":""double_measurement_surface_code"",""diameter"":14,""noise_model"":""SI1000"",""p"":0.001175,""rounds"":14}"
    297369,         0,         0,   134.1,pymatching,780d95f856169bbba0f0932d4f67044c607fbdad0ebc0348dc9b94ea00817060,"{""code"":""double_measurement_surface_code"",""diameter"":14,""noise_model"":""SI1000"",""p"":0.001175,""rounds"":14}"
    314484,         0,         0,    98.7,pymatching,780d95f856169bbba0f0932d4f67044c607fbdad0ebc0348dc9b94ea00817060,"{""code"":""double_measurement_surface_code"",""diameter"":14,""noise_model"":""SI1000"",""p"":0.001175,""rounds"":14}"
    291749,         0,         0,    92.3,pymatching,780d95f856169bbba0f0932d4f67044c607fbdad0ebc0348dc9b94ea00817060,"{""code"":""double_measurement_surface_code"",""diameter"":14,""noise_model"":""SI1000"",""p"":0.001175,""rounds"":14}"
    307954,         0,         0,   142.0,pymatching,780d95f856169bbba0f0932d4f67044c607fbdad0ebc0348dc9b94ea00817060,"{""code"":""double_measurement_surface_code"",""diameter"":14,""noise_model"":""SI1000"",""p"":0.001175,""rounds"":14}"
    302365,         0,         0,   141.3,pymatching,780d95f856169bbba0f0932d4f67044c607fbdad0ebc0348dc9b94ea00817060,"{""code"":""double_measurement_surface_code"",""diameter"":14,""noise_model"":""SI1000"",""p"":0.001175,""rounds"":14}"
    298391,         0,         0,   137.9,pymatching,780d95f856169bbba0f0932d4f67044c607fbdad0ebc0348dc9b94ea00817060,"{""code"":""double_measurement_surface_code"",""diameter"":14,""noise_model"":""SI1000"",""p"":0.001175,""rounds"":14}"
    294327,         0,         0,   138.9,pymatching,780d95f856169bbba0f0932d4f67044c607fbdad0ebc0348dc9b94ea00817060,"{""code"":""double_measurement_surface_code"",""diameter"":14,""noise_model"":""SI1000"",""p"":0.001175,""rounds"":14}"
    291941,         0,         0,   134.3,pymatching,780d95f856169bbba0f0932d4f67044c607fbdad0ebc0348dc9b94ea00817060,"{""code"":""double_measurement_surface_code"",""diameter"":14,""noise_model"":""SI1000"",""p"":0.001175,""rounds"":14}"
    289564,         0,         0,   134.9,pymatching,780d95f856169bbba0f0932d4f67044c607fbdad0ebc0348dc9b94ea00817060,"{""code"":""double_measurement_surface_code"",""diameter"":14,""noise_model"":""SI1000"",""p"":0.001175,""rounds"":14}"
     41024,         0,         0,    19.4,pymatching,780d95f856169bbba0f0932d4f67044c607fbdad0ebc0348dc9b94ea00817060,"{""code"":""double_measurement_surface_code"",""diameter"":14,""noise_model"":""SI1000"",""p"":0.001175,""rounds"":14}"
    287797,         0,         0,   133.1,pymatching,780d95f856169bbba0f0932d4f67044c607fbdad0ebc0348dc9b94ea00817060,"{""code"":""double_measurement_surface_code"",""diameter"":14,""noise_model"":""SI1000"",""p"":0.001175,""rounds"":14}"
       200,         0,         0,   0.593,pymatching,09ac664ccbef0f7768cd173650d1b7c939f176185099baa3c7eac1a87cc28e05,"{""code"":""double_measurement_surface_code"",""diameter"":14,""noise_model"":""SI1000"",""p"":0.0016250000000000001,""rounds"":14}"
       600,         0,         0,   0.784,pymatching,09ac664ccbef0f7768cd173650d1b7c939f176185099baa3c7eac1a87cc28e05,"{""code"":""double_measurement_surface_code"",""diameter"":14,""noise_model"":""SI1000"",""p"":0.0016250000000000001,""rounds"":14}"
      1800,         0,         0,    1.52,pymatching,09ac664ccbef0f7768cd173650d1b7c939f176185099baa3c7eac1a87cc28e05,"{""code"":""double_measurement_surface_code"",""diameter"":14,""noise_model"":""SI1000"",""p"":0.0016250000000000001,""rounds"":14}"
      1800,         0,         0,    1.64,pymatching,09ac664ccbef0f7768cd173650d1b7c939f176185099baa3c7eac1a87cc28e05,"{""code"":""double_measurement_surface_code"",""diameter"":14,""noise_model"":""SI1000"",""p"":0.0016250000000000001,""rounds"":14}"
    293952,         0,         0,    94.4,pymatching,780d95f856169bbba0f0932d4f67044c607fbdad0ebc0348dc9b94ea00817060,"{""code"":""double_measurement_surface_code"",""diameter"":14,""noise_model"":""SI1000"",""p"":0.001175,""rounds"":14}"
      5400,         0,         0,    3.75,pymatching,09ac664ccbef0f7768cd173650d1b7c939f176185099baa3c7eac1a87cc28e05,"{""code"":""double_measurement_surface_code"",""diameter"":14,""noise_model"":""SI1000"",""p"":0.0016250000000000001,""rounds"":14}"
      9000,         0,         0,    5.69,pymatching,09ac664ccbef0f7768cd173650d1b7c939f176185099baa3c7eac1a87cc28e05,"{""code"":""double_measurement_surface_code"",""diameter"":14,""noise_model"":""SI1000"",""p"":0.0016250000000000001,""rounds"":14}"
      8100,         0,         0,    3.91,pymatching,09ac664ccbef0f7768cd173650d1b7c939f176185099baa3c7eac1a87cc28e05,"{""code"":""double_measurement_surface_code"",""diameter"":14,""noise_model"":""SI1000"",""p"":0.0016250000000000001,""rounds"":14}"
     40500,         0,         0,    20.9,pymatching,d749d6be5deb027825022eb4afff0f3e414edaf7e5f48c796075489ee69ca5b6,"{""code"":""double_measurement_surface_code"",""diameter"":14,""noise_model"":""SI1000"",""p"":0.0014000000000000002,""rounds"":14}"
     19800,         0,         0,    11.8,pymatching,09ac664ccbef0f7768cd173650d1b7c939f176185099baa3c7eac1a87cc28e05,"{""code"":""double_measurement_surface_code"",""diameter"":14,""noise_model"":""SI1000"",""p"":0.0016250000000000001,""rounds"":14}"
     81000,         0,         0,    42.0,pymatching,d749d6be5deb027825022eb4afff0f3e414edaf7e5f48c796075489ee69ca5b6,"{""code"":""double_measurement_surface_code"",""diameter"":14,""noise_model"":""SI1000"",""p"":0.0014000000000000002,""rounds"":14}"
    290314,         0,         0,   135.1,pymatching,780d95f856169bbba0f0932d4f67044c607fbdad0ebc0348dc9b94ea00817060,"{""code"":""double_measurement_surface_code"",""diameter"":14,""noise_model"":""SI1000"",""p"":0.001175,""rounds"":14}"
     81000,         0,         0,    43.6,pymatching,d749d6be5deb027825022eb4afff0f3e414edaf7e5f48c796075489ee69ca5b6,"{""code"":""double_measurement_surface_code"",""diameter"":14,""noise_model"":""SI1000"",""p"":0.0014000000000000002,""rounds"":14}"
     37800,         1,         0,    22.3,pymatching,09ac664ccbef0f7768cd173650d1b7c939f176185099baa3c7eac1a87cc28e05,"{""code"":""double_measurement_surface_code"",""diameter"":14,""noise_model"":""SI1000"",""p"":0.0016250000000000001,""rounds"":14}"
     54000,         0,         0,    23.1,pymatching,09ac664ccbef0f7768cd173650d1b7c939f176185099baa3c7eac1a87cc28e05,"{""code"":""double_measurement_surface_code"",""diameter"":14,""noise_model"":""SI1000"",""p"":0.0016250000000000001,""rounds"":14}"
     81000,         0,         0,    40.2,pymatching,d749d6be5deb027825022eb4afff0f3e414edaf7e5f48c796075489ee69ca5b6,"{""code"":""double_measurement_surface_code"",""diameter"":14,""noise_model"":""SI1000"",""p"":0.0014000000000000002,""rounds"":14}"
    296989,         0,         0,    93.4,pymatching,780d95f856169bbba0f0932d4f67044c607fbdad0ebc0348dc9b94ea00817060,"{""code"":""double_measurement_surface_code"",""diameter"":14,""noise_model"":""SI1000"",""p"":0.001175,""rounds"":14}"
     86778,         0,         0,    31.3,pymatching,d749d6be5deb027825022eb4afff0f3e414edaf7e5f48c796075489ee69ca5b6,"{""code"":""double_measurement_surface_code"",""diameter"":14,""noise_model"":""SI1000"",""p"":0.0014000000000000002,""rounds"":14}"
    162000,         0,         0,    86.2,pymatching,d749d6be5deb027825022eb4afff0f3e414edaf7e5f48c796075489ee69ca5b6,"{""code"":""double_measurement_surface_code"",""diameter"":14,""noise_model"":""SI1000"",""p"":0.0014000000000000002,""rounds"":14}"
    295085,         0,         0,   134.8,pymatching,780d95f856169bbba0f0932d4f67044c607fbdad0ebc0348dc9b94ea00817060,"{""code"":""double_measurement_surface_code"",""diameter"":14,""noise_model"":""SI1000"",""p"":0.001175,""rounds"":14}"
    293201,         0,         0,   133.6,pymatching,780d95f856169bbba0f0932d4f67044c607fbdad0ebc0348dc9b94ea00817060,"{""code"":""double_measurement_surface_code"",""diameter"":14,""noise_model"":""SI1000"",""p"":0.001175,""rounds"":14}"
    226331,         0,         0,    82.2,pymatching,d749d6be5deb027825022eb4afff0f3e414edaf7e5f48c796075489ee69ca5b6,"{""code"":""double_measurement_surface_code"",""diameter"":14,""noise_model"":""SI1000"",""p"":0.0014000000000000002,""rounds"":14}"
    220934,         0,         0,   116.7,pymatching,d749d6be5deb027825022eb4afff0f3e414edaf7e5f48c796075489ee69ca5b6,"{""code"":""double_measurement_surface_code"",""diameter"":14,""noise_model"":""SI1000"",""p"":0.0014000000000000002,""rounds"":14}"
    220934,         0,         0,   118.2,pymatching,d749d6be5deb027825022eb4afff0f3e414edaf7e5f48c796075489ee69ca5b6,"{""code"":""double_measurement_surface_code"",""diameter"":14,""noise_model"":""SI1000"",""p"":0.0014000000000000002,""rounds"":14}"
    221677,         0,         0,   116.7,pymatching,d749d6be5deb027825022eb4afff0f3e414edaf7e5f48c796075489ee69ca5b6,"{""code"":""double_measurement_surface_code"",""diameter"":14,""noise_model"":""SI1000"",""p"":0.0014000000000000002,""rounds"":14}"
    221677,         0,         0,   119.0,pymatching,d749d6be5deb027825022eb4afff0f3e414edaf7e5f48c796075489ee69ca5b6,"{""code"":""double_measurement_surface_code"",""diameter"":14,""noise_model"":""SI1000"",""p"":0.0014000000000000002,""rounds"":14}"
    242730,         0,         0,    89.4,pymatching,d749d6be5deb027825022eb4afff0f3e414edaf7e5f48c796075489ee69ca5b6,"{""code"":""double_measurement_surface_code"",""diameter"":14,""noise_model"":""SI1000"",""p"":0.0014000000000000002,""rounds"":14}"
    226331,         0,         0,   117.7,pymatching,d749d6be5deb027825022eb4afff0f3e414edaf7e5f48c796075489ee69ca5b6,"{""code"":""double_measurement_surface_code"",""diameter"":14,""noise_model"":""SI1000"",""p"":0.0014000000000000002,""rounds"":14}"
    237608,         0,         0,   125.7,pymatching,d749d6be5deb027825022eb4afff0f3e414edaf7e5f48c796075489ee69ca5b6,"{""code"":""double_measurement_surface_code"",""diameter"":14,""noise_model"":""SI1000"",""p"":0.0014000000000000002,""rounds"":14}"
    237608,         0,         0,   124.2,pymatching,d749d6be5deb027825022eb4afff0f3e414edaf7e5f48c796075489ee69ca5b6,"{""code"":""double_measurement_surface_code"",""diameter"":14,""noise_model"":""SI1000"",""p"":0.0014000000000000002,""rounds"":14}"
    258165,         0,         0,    93.3,pymatching,d749d6be5deb027825022eb4afff0f3e414edaf7e5f48c796075489ee69ca5b6,"{""code"":""double_measurement_surface_code"",""diameter"":14,""noise_model"":""SI1000"",""p"":0.0014000000000000002,""rounds"":14}"
    237608,         1,         0,   125.8,pymatching,d749d6be5deb027825022eb4afff0f3e414edaf7e5f48c796075489ee69ca5b6,"{""code"":""double_measurement_surface_code"",""diameter"":14,""noise_model"":""SI1000"",""p"":0.0014000000000000002,""rounds"":14}"
    248247,         0,         0,    90.3,pymatching,d749d6be5deb027825022eb4afff0f3e414edaf7e5f48c796075489ee69ca5b6,"{""code"":""double_measurement_surface_code"",""diameter"":14,""noise_model"":""SI1000"",""p"":0.0014000000000000002,""rounds"":14}"
    242741,         0,         0,   128.1,pymatching,d749d6be5deb027825022eb4afff0f3e414edaf7e5f48c796075489ee69ca5b6,"{""code"":""double_measurement_surface_code"",""diameter"":14,""noise_model"":""SI1000"",""p"":0.0014000000000000002,""rounds"":14}"
    250774,         0,         0,   132.6,pymatching,d749d6be5deb027825022eb4afff0f3e414edaf7e5f48c796075489ee69ca5b6,"{""code"":""double_measurement_surface_code"",""diameter"":14,""noise_model"":""SI1000"",""p"":0.0014000000000000002,""rounds"":14}"
    245594,         0,         0,   131.5,pymatching,d749d6be5deb027825022eb4afff0f3e414edaf7e5f48c796075489ee69ca5b6,"{""code"":""double_measurement_surface_code"",""diameter"":14,""noise_model"":""SI1000"",""p"":0.0014000000000000002,""rounds"":14}"
    240025,         0,         0,   129.5,pymatching,d749d6be5deb027825022eb4afff0f3e414edaf7e5f48c796075489ee69ca5b6,"{""code"":""double_measurement_surface_code"",""diameter"":14,""noise_model"":""SI1000"",""p"":0.0014000000000000002,""rounds"":14}"
    246275,         1,         0,   128.2,pymatching,d749d6be5deb027825022eb4afff0f3e414edaf7e5f48c796075489ee69ca5b6,"{""code"":""double_measurement_surface_code"",""diameter"":14,""noise_model"":""SI1000"",""p"":0.0014000000000000002,""rounds"":14}"
    248766,         0,         0,    89.1,pymatching,d749d6be5deb027825022eb4afff0f3e414edaf7e5f48c796075489ee69ca5b6,"{""code"":""double_measurement_surface_code"",""diameter"":14,""noise_model"":""SI1000"",""p"":0.0014000000000000002,""rounds"":14}"
    251588,         0,         0,    90.6,pymatching,d749d6be5deb027825022eb4afff0f3e414edaf7e5f48c796075489ee69ca5b6,"{""code"":""double_measurement_surface_code"",""diameter"":14,""noise_model"":""SI1000"",""p"":0.0014000000000000002,""rounds"":14}"
    244194,         0,         0,   129.0,pymatching,d749d6be5deb027825022eb4afff0f3e414edaf7e5f48c796075489ee69ca5b6,"{""code"":""double_measurement_surface_code"",""diameter"":14,""noise_model"":""SI1000"",""p"":0.0014000000000000002,""rounds"":14}"
    242787,         1,         0,   126.9,pymatching,d749d6be5deb027825022eb4afff0f3e414edaf7e5f48c796075489ee69ca5b6,"{""code"":""double_measurement_surface_code"",""diameter"":14,""noise_model"":""SI1000"",""p"":0.0014000000000000002,""rounds"":14}"
    246936,         0,         0,   130.3,pymatching,d749d6be5deb027825022eb4afff0f3e414edaf7e5f48c796075489ee69ca5b6,"{""code"":""double_measurement_surface_code"",""diameter"":14,""noise_model"":""SI1000"",""p"":0.0014000000000000002,""rounds"":14}"
    249808,         0,         0,   131.5,pymatching,d749d6be5deb027825022eb4afff0f3e414edaf7e5f48c796075489ee69ca5b6,"{""code"":""double_measurement_surface_code"",""diameter"":14,""noise_model"":""SI1000"",""p"":0.0014000000000000002,""rounds"":14}"
    248179,         1,         0,   131.1,pymatching,d749d6be5deb027825022eb4afff0f3e414edaf7e5f48c796075489ee69ca5b6,"{""code"":""double_measurement_surface_code"",""diameter"":14,""noise_model"":""SI1000"",""p"":0.0014000000000000002,""rounds"":14}"
    245131,         0,         0,   131.9,pymatching,d749d6be5deb027825022eb4afff0f3e414edaf7e5f48c796075489ee69ca5b6,"{""code"":""double_measurement_surface_code"",""diameter"":14,""noise_model"":""SI1000"",""p"":0.0014000000000000002,""rounds"":14}"
    246601,         1,         0,   132.9,pymatching,d749d6be5deb027825022eb4afff0f3e414edaf7e5f48c796075489ee69ca5b6,"{""code"":""double_measurement_surface_code"",""diameter"":14,""noise_model"":""SI1000"",""p"":0.0014000000000000002,""rounds"":14}"
    247739,         0,         0,    89.9,pymatching,d749d6be5deb027825022eb4afff0f3e414edaf7e5f48c796075489ee69ca5b6,"{""code"":""double_measurement_surface_code"",""diameter"":14,""noise_model"":""SI1000"",""p"":0.0014000000000000002,""rounds"":14}"
    250914,         0,         0,    91.6,pymatching,d749d6be5deb027825022eb4afff0f3e414edaf7e5f48c796075489ee69ca5b6,"{""code"":""double_measurement_surface_code"",""diameter"":14,""noise_model"":""SI1000"",""p"":0.0014000000000000002,""rounds"":14}"
    244297,         0,         0,   128.2,pymatching,d749d6be5deb027825022eb4afff0f3e414edaf7e5f48c796075489ee69ca5b6,"{""code"":""double_measurement_surface_code"",""diameter"":14,""noise_model"":""SI1000"",""p"":0.0014000000000000002,""rounds"":14}"
    249720,         0,         0,   132.9,pymatching,d749d6be5deb027825022eb4afff0f3e414edaf7e5f48c796075489ee69ca5b6,"{""code"":""double_measurement_surface_code"",""diameter"":14,""noise_model"":""SI1000"",""p"":0.0014000000000000002,""rounds"":14}"
    248776,         1,         0,   129.9,pymatching,d749d6be5deb027825022eb4afff0f3e414edaf7e5f48c796075489ee69ca5b6,"{""code"":""double_measurement_surface_code"",""diameter"":14,""noise_model"":""SI1000"",""p"":0.0014000000000000002,""rounds"":14}"
    247791,         0,         0,   131.6,pymatching,d749d6be5deb027825022eb4afff0f3e414edaf7e5f48c796075489ee69ca5b6,"{""code"":""double_measurement_surface_code"",""diameter"":14,""noise_model"":""SI1000"",""p"":0.0014000000000000002,""rounds"":14}"
    246485,         0,         0,    90.0,pymatching,d749d6be5deb027825022eb4afff0f3e414edaf7e5f48c796075489ee69ca5b6,"{""code"":""double_measurement_surface_code"",""diameter"":14,""noise_model"":""SI1000"",""p"":0.0014000000000000002,""rounds"":14}"
     29607,         0,         0,    12.4,pymatching,09ac664ccbef0f7768cd173650d1b7c939f176185099baa3c7eac1a87cc28e05,"{""code"":""double_measurement_surface_code"",""diameter"":14,""noise_model"":""SI1000"",""p"":0.0016250000000000001,""rounds"":14}"
    248616,         1,         0,    91.1,pymatching,d749d6be5deb027825022eb4afff0f3e414edaf7e5f48c796075489ee69ca5b6,"{""code"":""double_measurement_surface_code"",""diameter"":14,""noise_model"":""SI1000"",""p"":0.0014000000000000002,""rounds"":14}"
       200,         0,         0,   0.560,pymatching,8fc446bd07ffda586be2c578249c0c710b608f1dff8f6ee2cd2249f4ceab048e,"{""code"":""double_measurement_surface_code"",""diameter"":14,""noise_model"":""SI1000"",""p"":0.00185,""rounds"":14}"
       600,         0,         0,   0.610,pymatching,8fc446bd07ffda586be2c578249c0c710b608f1dff8f6ee2cd2249f4ceab048e,"{""code"":""double_measurement_surface_code"",""diameter"":14,""noise_model"":""SI1000"",""p"":0.00185,""rounds"":14}"
      1800,         0,         0,    1.17,pymatching,8fc446bd07ffda586be2c578249c0c710b608f1dff8f6ee2cd2249f4ceab048e,"{""code"":""double_measurement_surface_code"",""diameter"":14,""noise_model"":""SI1000"",""p"":0.00185,""rounds"":14}"
      5400,         0,         0,    3.05,pymatching,8fc446bd07ffda586be2c578249c0c710b608f1dff8f6ee2cd2249f4ceab048e,"{""code"":""double_measurement_surface_code"",""diameter"":14,""noise_model"":""SI1000"",""p"":0.00185,""rounds"":14}"
     16200,         1,         0,    8.06,pymatching,8fc446bd07ffda586be2c578249c0c710b608f1dff8f6ee2cd2249f4ceab048e,"{""code"":""double_measurement_surface_code"",""diameter"":14,""noise_model"":""SI1000"",""p"":0.00185,""rounds"":14}"
    246063,         0,         0,   131.6,pymatching,d749d6be5deb027825022eb4afff0f3e414edaf7e5f48c796075489ee69ca5b6,"{""code"":""double_measurement_surface_code"",""diameter"":14,""noise_model"":""SI1000"",""p"":0.0014000000000000002,""rounds"":14}"
    246905,         0,         0,   132.0,pymatching,d749d6be5deb027825022eb4afff0f3e414edaf7e5f48c796075489ee69ca5b6,"{""code"":""double_measurement_surface_code"",""diameter"":14,""noise_model"":""SI1000"",""p"":0.0014000000000000002,""rounds"":14}"
    244224,         0,         0,   132.5,pymatching,d749d6be5deb027825022eb4afff0f3e414edaf7e5f48c796075489ee69ca5b6,"{""code"":""double_measurement_surface_code"",""diameter"":14,""noise_model"":""SI1000"",""p"":0.0014000000000000002,""rounds"":14}"
    245116,         0,         0,   133.0,pymatching,d749d6be5deb027825022eb4afff0f3e414edaf7e5f48c796075489ee69ca5b6,"{""code"":""double_measurement_surface_code"",""diameter"":14,""noise_model"":""SI1000"",""p"":0.0014000000000000002,""rounds"":14}"
    211327,         0,         0,   113.7,pymatching,d749d6be5deb027825022eb4afff0f3e414edaf7e5f48c796075489ee69ca5b6,"{""code"":""double_measurement_surface_code"",""diameter"":14,""noise_model"":""SI1000"",""p"":0.0014000000000000002,""rounds"":14}"
       200,         0,         0,   0.712,pymatching,d7301471ae49b5278cb509e6338cab5418de2a6cdfc04b84f60463c90003be50,"{""code"":""double_measurement_surface_code"",""diameter"":14,""noise_model"":""SI1000"",""p"":0.0020750000000000005,""rounds"":14}"
       600,         0,         0,   0.926,pymatching,d7301471ae49b5278cb509e6338cab5418de2a6cdfc04b84f60463c90003be50,"{""code"":""double_measurement_surface_code"",""diameter"":14,""noise_model"":""SI1000"",""p"":0.0020750000000000005,""rounds"":14}"
       600,         0,         0,   0.948,pymatching,d7301471ae49b5278cb509e6338cab5418de2a6cdfc04b84f60463c90003be50,"{""code"":""double_measurement_surface_code"",""diameter"":14,""noise_model"":""SI1000"",""p"":0.0020750000000000005,""rounds"":14}"
      1800,         0,         0,    1.84,pymatching,d7301471ae49b5278cb509e6338cab5418de2a6cdfc04b84f60463c90003be50,"{""code"":""double_measurement_surface_code"",""diameter"":14,""noise_model"":""SI1000"",""p"":0.0020750000000000005,""rounds"":14}"
      2700,         0,         0,    2.71,pymatching,d7301471ae49b5278cb509e6338cab5418de2a6cdfc04b84f60463c90003be50,"{""code"":""double_measurement_surface_code"",""diameter"":14,""noise_model"":""SI1000"",""p"":0.0020750000000000005,""rounds"":14}"
      3000,         0,         0,    2.88,pymatching,d7301471ae49b5278cb509e6338cab5418de2a6cdfc04b84f60463c90003be50,"{""code"":""double_measurement_surface_code"",""diameter"":14,""noise_model"":""SI1000"",""p"":0.0020750000000000005,""rounds"":14}"
     48600,         2,         0,    24.2,pymatching,8fc446bd07ffda586be2c578249c0c710b608f1dff8f6ee2cd2249f4ceab048e,"{""code"":""double_measurement_surface_code"",""diameter"":14,""noise_model"":""SI1000"",""p"":0.00185,""rounds"":14}"
     24300,         0,         0,    16.3,pymatching,8fc446bd07ffda586be2c578249c0c710b608f1dff8f6ee2cd2249f4ceab048e,"{""code"":""double_measurement_surface_code"",""diameter"":14,""noise_model"":""SI1000"",""p"":0.00185,""rounds"":14}"
      6600,         1,         0,    5.40,pymatching,d7301471ae49b5278cb509e6338cab5418de2a6cdfc04b84f60463c90003be50,"{""code"":""double_measurement_surface_code"",""diameter"":14,""noise_model"":""SI1000"",""p"":0.0020750000000000005,""rounds"":14}"
     12000,         0,         0,    9.24,pymatching,d7301471ae49b5278cb509e6338cab5418de2a6cdfc04b84f60463c90003be50,"{""code"":""double_measurement_surface_code"",""diameter"":14,""noise_model"":""SI1000"",""p"":0.0020750000000000005,""rounds"":14}"
     18000,         1,         0,    13.4,pymatching,d7301471ae49b5278cb509e6338cab5418de2a6cdfc04b84f60463c90003be50,"{""code"":""double_measurement_surface_code"",""diameter"":14,""noise_model"":""SI1000"",""p"":0.0020750000000000005,""rounds"":14}"
     48600,         0,         0,    34.5,pymatching,8fc446bd07ffda586be2c578249c0c710b608f1dff8f6ee2cd2249f4ceab048e,"{""code"":""double_measurement_surface_code"",""diameter"":14,""noise_model"":""SI1000"",""p"":0.00185,""rounds"":14}"
    177642,         0,         0,    75.6,pymatching,09ac664ccbef0f7768cd173650d1b7c939f176185099baa3c7eac1a87cc28e05,"{""code"":""double_measurement_surface_code"",""diameter"":14,""noise_model"":""SI1000"",""p"":0.0016250000000000001,""rounds"":14}"
     55200,         1,         0,    41.5,pymatching,d7301471ae49b5278cb509e6338cab5418de2a6cdfc04b84f60463c90003be50,"{""code"":""double_measurement_surface_code"",""diameter"":14,""noise_model"":""SI1000"",""p"":0.0020750000000000005,""rounds"":14}"
    221131,         0,         0,   134.3,pymatching,09ac664ccbef0f7768cd173650d1b7c939f176185099baa3c7eac1a87cc28e05,"{""code"":""double_measurement_surface_code"",""diameter"":14,""noise_model"":""SI1000"",""p"":0.0016250000000000001,""rounds"":14}"
    221131,         0,         0,   132.1,pymatching,09ac664ccbef0f7768cd173650d1b7c939f176185099baa3c7eac1a87cc28e05,"{""code"":""double_measurement_surface_code"",""diameter"":14,""noise_model"":""SI1000"",""p"":0.0016250000000000001,""rounds"":14}"
     97200,         1,         0,    66.7,pymatching,8fc446bd07ffda586be2c578249c0c710b608f1dff8f6ee2cd2249f4ceab048e,"{""code"":""double_measurement_surface_code"",""diameter"":14,""noise_model"":""SI1000"",""p"":0.00185,""rounds"":14}"
    145800,         1,         0,    69.7,pymatching,8fc446bd07ffda586be2c578249c0c710b608f1dff8f6ee2cd2249f4ceab048e,"{""code"":""double_measurement_surface_code"",""diameter"":14,""noise_model"":""SI1000"",""p"":0.00185,""rounds"":14}"
    221131,         1,         0,   133.9,pymatching,09ac664ccbef0f7768cd173650d1b7c939f176185099baa3c7eac1a87cc28e05,"{""code"":""double_measurement_surface_code"",""diameter"":14,""noise_model"":""SI1000"",""p"":0.0016250000000000001,""rounds"":14}"
     91200,         2,         0,    69.6,pymatching,d7301471ae49b5278cb509e6338cab5418de2a6cdfc04b84f60463c90003be50,"{""code"":""double_measurement_surface_code"",""diameter"":14,""noise_model"":""SI1000"",""p"":0.0020750000000000005,""rounds"":14}"
    194400,         3,         0,   129.3,pymatching,8fc446bd07ffda586be2c578249c0c710b608f1dff8f6ee2cd2249f4ceab048e,"{""code"":""double_measurement_surface_code"",""diameter"":14,""noise_model"":""SI1000"",""p"":0.00185,""rounds"":14}"
    254359,         2,         0,   104.5,pymatching,09ac664ccbef0f7768cd173650d1b7c939f176185099baa3c7eac1a87cc28e05,"{""code"":""double_measurement_surface_code"",""diameter"":14,""noise_model"":""SI1000"",""p"":0.0016250000000000001,""rounds"":14}"
    197245,         0,         0,   134.7,pymatching,8fc446bd07ffda586be2c578249c0c710b608f1dff8f6ee2cd2249f4ceab048e,"{""code"":""double_measurement_surface_code"",""diameter"":14,""noise_model"":""SI1000"",""p"":0.00185,""rounds"":14}"
    220146,         1,         0,    92.7,pymatching,09ac664ccbef0f7768cd173650d1b7c939f176185099baa3c7eac1a87cc28e05,"{""code"":""double_measurement_surface_code"",""diameter"":14,""noise_model"":""SI1000"",""p"":0.0016250000000000001,""rounds"":14}"
    220146,         0,         0,   133.2,pymatching,09ac664ccbef0f7768cd173650d1b7c939f176185099baa3c7eac1a87cc28e05,"{""code"":""double_measurement_surface_code"",""diameter"":14,""noise_model"":""SI1000"",""p"":0.0016250000000000001,""rounds"":14}"
    254359,         0,         0,   153.4,pymatching,09ac664ccbef0f7768cd173650d1b7c939f176185099baa3c7eac1a87cc28e05,"{""code"":""double_measurement_surface_code"",""diameter"":14,""noise_model"":""SI1000"",""p"":0.0016250000000000001,""rounds"":14}"
    220146,         0,         0,   135.1,pymatching,09ac664ccbef0f7768cd173650d1b7c939f176185099baa3c7eac1a87cc28e05,"{""code"":""double_measurement_surface_code"",""diameter"":14,""noise_model"":""SI1000"",""p"":0.0016250000000000001,""rounds"":14}"
    228734,         1,         0,   141.1,pymatching,09ac664ccbef0f7768cd173650d1b7c939f176185099baa3c7eac1a87cc28e05,"{""code"":""double_measurement_surface_code"",""diameter"":14,""noise_model"":""SI1000"",""p"":0.0016250000000000001,""rounds"":14}"
    214934,         0,         0,   132.2,pymatching,09ac664ccbef0f7768cd173650d1b7c939f176185099baa3c7eac1a87cc28e05,"{""code"":""double_measurement_surface_code"",""diameter"":14,""noise_model"":""SI1000"",""p"":0.0016250000000000001,""rounds"":14}"
    214934,         3,         0,   131.8,pymatching,09ac664ccbef0f7768cd173650d1b7c939f176185099baa3c7eac1a87cc28e05,"{""code"":""double_measurement_surface_code"",""diameter"":14,""noise_model"":""SI1000"",""p"":0.0016250000000000001,""rounds"":14}"
    227002,         2,         0,    93.6,pymatching,09ac664ccbef0f7768cd173650d1b7c939f176185099baa3c7eac1a87cc28e05,"{""code"":""double_measurement_surface_code"",""diameter"":14,""noise_model"":""SI1000"",""p"":0.0016250000000000001,""rounds"":14}"
    214934,         0,         0,   126.5,pymatching,09ac664ccbef0f7768cd173650d1b7c939f176185099baa3c7eac1a87cc28e05,"{""code"":""double_measurement_surface_code"",""diameter"":14,""noise_model"":""SI1000"",""p"":0.0016250000000000001,""rounds"":14}"
    234078,         1,         0,    97.2,pymatching,09ac664ccbef0f7768cd173650d1b7c939f176185099baa3c7eac1a87cc28e05,"{""code"":""double_measurement_surface_code"",""diameter"":14,""noise_model"":""SI1000"",""p"":0.0016250000000000001,""rounds"":14}"
    227002,         1,         0,   136.1,pymatching,09ac664ccbef0f7768cd173650d1b7c939f176185099baa3c7eac1a87cc28e05,"{""code"":""double_measurement_surface_code"",""diameter"":14,""noise_model"":""SI1000"",""p"":0.0016250000000000001,""rounds"":14}"
    218726,         1,         0,    91.0,pymatching,09ac664ccbef0f7768cd173650d1b7c939f176185099baa3c7eac1a87cc28e05,"{""code"":""double_measurement_surface_code"",""diameter"":14,""noise_model"":""SI1000"",""p"":0.0016250000000000001,""rounds"":14}"
    224401,         2,         0,   135.5,pymatching,09ac664ccbef0f7768cd173650d1b7c939f176185099baa3c7eac1a87cc28e05,"{""code"":""double_measurement_surface_code"",""diameter"":14,""noise_model"":""SI1000"",""p"":0.0016250000000000001,""rounds"":14}"
    221112,         2,         0,   135.2,pymatching,09ac664ccbef0f7768cd173650d1b7c939f176185099baa3c7eac1a87cc28e05,"{""code"":""double_measurement_surface_code"",""diameter"":14,""noise_model"":""SI1000"",""p"":0.0016250000000000001,""rounds"":14}"
    228753,         2,         0,   137.8,pymatching,09ac664ccbef0f7768cd173650d1b7c939f176185099baa3c7eac1a87cc28e05,"{""code"":""double_measurement_surface_code"",""diameter"":14,""noise_model"":""SI1000"",""p"":0.0016250000000000001,""rounds"":14}"
    218278,         0,         0,   134.5,pymatching,09ac664ccbef0f7768cd173650d1b7c939f176185099baa3c7eac1a87cc28e05,"{""code"":""double_measurement_surface_code"",""diameter"":14,""noise_model"":""SI1000"",""p"":0.0016250000000000001,""rounds"":14}"
    216168,         0,         0,   133.2,pymatching,09ac664ccbef0f7768cd173650d1b7c939f176185099baa3c7eac1a87cc28e05,"{""code"":""double_measurement_surface_code"",""diameter"":14,""noise_model"":""SI1000"",""p"":0.0016250000000000001,""rounds"":14}"
    214468,         1,         0,   132.3,pymatching,09ac664ccbef0f7768cd173650d1b7c939f176185099baa3c7eac1a87cc28e05,"{""code"":""double_measurement_surface_code"",""diameter"":14,""noise_model"":""SI1000"",""p"":0.0016250000000000001,""rounds"":14}"
    221329,         1,         0,    93.0,pymatching,09ac664ccbef0f7768cd173650d1b7c939f176185099baa3c7eac1a87cc28e05,"{""code"":""double_measurement_surface_code"",""diameter"":14,""noise_model"":""SI1000"",""p"":0.0016250000000000001,""rounds"":14}"
    217686,         1,         0,   128.4,pymatching,09ac664ccbef0f7768cd173650d1b7c939f176185099baa3c7eac1a87cc28e05,"{""code"":""double_measurement_surface_code"",""diameter"":14,""noise_model"":""SI1000"",""p"":0.0016250000000000001,""rounds"":14}"
    222839,         2,         0,    91.8,pymatching,09ac664ccbef0f7768cd173650d1b7c939f176185099baa3c7eac1a87cc28e05,"{""code"":""double_measurement_surface_code"",""diameter"":14,""noise_model"":""SI1000"",""p"":0.0016250000000000001,""rounds"":14}"
    219919,         0,         0,   132.3,pymatching,09ac664ccbef0f7768cd173650d1b7c939f176185099baa3c7eac1a87cc28e05,"{""code"":""double_measurement_surface_code"",""diameter"":14,""noise_model"":""SI1000"",""p"":0.0016250000000000001,""rounds"":14}"
    217721,         0,         0,    91.3,pymatching,09ac664ccbef0f7768cd173650d1b7c939f176185099baa3c7eac1a87cc28e05,"{""code"":""double_measurement_surface_code"",""diameter"":14,""noise_model"":""SI1000"",""p"":0.0016250000000000001,""rounds"":14}"
    218859,         0,         0,   132.2,pymatching,09ac664ccbef0f7768cd173650d1b7c939f176185099baa3c7eac1a87cc28e05,"{""code"":""double_measurement_surface_code"",""diameter"":14,""noise_model"":""SI1000"",""p"":0.0016250000000000001,""rounds"":14}"
    221396,         0,         0,   134.0,pymatching,09ac664ccbef0f7768cd173650d1b7c939f176185099baa3c7eac1a87cc28e05,"{""code"":""double_measurement_surface_code"",""diameter"":14,""noise_model"":""SI1000"",""p"":0.0016250000000000001,""rounds"":14}"
    219984,         1,         0,   134.9,pymatching,09ac664ccbef0f7768cd173650d1b7c939f176185099baa3c7eac1a87cc28e05,"{""code"":""double_measurement_surface_code"",""diameter"":14,""noise_model"":""SI1000"",""p"":0.0016250000000000001,""rounds"":14}"
    216563,         0,         0,   134.4,pymatching,09ac664ccbef0f7768cd173650d1b7c939f176185099baa3c7eac1a87cc28e05,"{""code"":""double_measurement_surface_code"",""diameter"":14,""noise_model"":""SI1000"",""p"":0.0016250000000000001,""rounds"":14}"
    217651,         0,         0,   135.2,pymatching,09ac664ccbef0f7768cd173650d1b7c939f176185099baa3c7eac1a87cc28e05,"{""code"":""double_measurement_surface_code"",""diameter"":14,""noise_model"":""SI1000"",""p"":0.0016250000000000001,""rounds"":14}"
    215572,         0,         0,   132.7,pymatching,09ac664ccbef0f7768cd173650d1b7c939f176185099baa3c7eac1a87cc28e05,"{""code"":""double_measurement_surface_code"",""diameter"":14,""noise_model"":""SI1000"",""p"":0.0016250000000000001,""rounds"":14}"
    219229,         0,         0,    90.2,pymatching,09ac664ccbef0f7768cd173650d1b7c939f176185099baa3c7eac1a87cc28e05,"{""code"":""double_measurement_surface_code"",""diameter"":14,""noise_model"":""SI1000"",""p"":0.0016250000000000001,""rounds"":14}"
    217139,         2,         0,   127.4,pymatching,09ac664ccbef0f7768cd173650d1b7c939f176185099baa3c7eac1a87cc28e05,"{""code"":""double_measurement_surface_code"",""diameter"":14,""noise_model"":""SI1000"",""p"":0.0016250000000000001,""rounds"":14}"
    220235,         0,         0,    90.9,pymatching,09ac664ccbef0f7768cd173650d1b7c939f176185099baa3c7eac1a87cc28e05,"{""code"":""double_measurement_surface_code"",""diameter"":14,""noise_model"":""SI1000"",""p"":0.0016250000000000001,""rounds"":14}"
    218454,         1,         0,   131.3,pymatching,09ac664ccbef0f7768cd173650d1b7c939f176185099baa3c7eac1a87cc28e05,"{""code"":""double_measurement_surface_code"",""diameter"":14,""noise_model"":""SI1000"",""p"":0.0016250000000000001,""rounds"":14}"
    128514,         0,         0,    54.2,pymatching,09ac664ccbef0f7768cd173650d1b7c939f176185099baa3c7eac1a87cc28e05,"{""code"":""double_measurement_surface_code"",""diameter"":14,""noise_model"":""SI1000"",""p"":0.0016250000000000001,""rounds"":14}"
    218684,         1,         0,   132.5,pymatching,09ac664ccbef0f7768cd173650d1b7c939f176185099baa3c7eac1a87cc28e05,"{""code"":""double_measurement_surface_code"",""diameter"":14,""noise_model"":""SI1000"",""p"":0.0016250000000000001,""rounds"":14}"
    219444,         2,         0,   132.9,pymatching,09ac664ccbef0f7768cd173650d1b7c939f176185099baa3c7eac1a87cc28e05,"{""code"":""double_measurement_surface_code"",""diameter"":14,""noise_model"":""SI1000"",""p"":0.0016250000000000001,""rounds"":14}"
    217883,         1,         0,   133.8,pymatching,09ac664ccbef0f7768cd173650d1b7c939f176185099baa3c7eac1a87cc28e05,"{""code"":""double_measurement_surface_code"",""diameter"":14,""noise_model"":""SI1000"",""p"":0.0016250000000000001,""rounds"":14}"
    216287,         2,         0,   133.3,pymatching,09ac664ccbef0f7768cd173650d1b7c939f176185099baa3c7eac1a87cc28e05,"{""code"":""double_measurement_surface_code"",""diameter"":14,""noise_model"":""SI1000"",""p"":0.0016250000000000001,""rounds"":14}"
    217063,         3,         0,   133.7,pymatching,09ac664ccbef0f7768cd173650d1b7c939f176185099baa3c7eac1a87cc28e05,"{""code"":""double_measurement_surface_code"",""diameter"":14,""noise_model"":""SI1000"",""p"":0.0016250000000000001,""rounds"":14}"
    215627,         0,         0,   133.3,pymatching,09ac664ccbef0f7768cd173650d1b7c939f176185099baa3c7eac1a87cc28e05,"{""code"":""double_measurement_surface_code"",""diameter"":14,""noise_model"":""SI1000"",""p"":0.0016250000000000001,""rounds"":14}"
    191431,         1,         0,    91.2,pymatching,8fc446bd07ffda586be2c578249c0c710b608f1dff8f6ee2cd2249f4ceab048e,"{""code"":""double_measurement_surface_code"",""diameter"":14,""noise_model"":""SI1000"",""p"":0.00185,""rounds"":14}"
    191431,         3,         0,   128.4,pymatching,8fc446bd07ffda586be2c578249c0c710b608f1dff8f6ee2cd2249f4ceab048e,"{""code"":""double_measurement_surface_code"",""diameter"":14,""noise_model"":""SI1000"",""p"":0.00185,""rounds"":14}"
    191431,         5,         0,    89.4,pymatching,8fc446bd07ffda586be2c578249c0c710b608f1dff8f6ee2cd2249f4ceab048e,"{""code"":""double_measurement_surface_code"",""diameter"":14,""noise_model"":""SI1000"",""p"":0.00185,""rounds"":14}"
    191431,         1,         0,   130.9,pymatching,8fc446bd07ffda586be2c578249c0c710b608f1dff8f6ee2cd2249f4ceab048e,"{""code"":""double_measurement_surface_code"",""diameter"":14,""noise_model"":""SI1000"",""p"":0.00185,""rounds"":14}"
    200912,         1,         0,    95.8,pymatching,8fc446bd07ffda586be2c578249c0c710b608f1dff8f6ee2cd2249f4ceab048e,"{""code"":""double_measurement_surface_code"",""diameter"":14,""noise_model"":""SI1000"",""p"":0.00185,""rounds"":14}"
    191431,         2,         0,   131.0,pymatching,8fc446bd07ffda586be2c578249c0c710b608f1dff8f6ee2cd2249f4ceab048e,"{""code"":""double_measurement_surface_code"",""diameter"":14,""noise_model"":""SI1000"",""p"":0.00185,""rounds"":14}"
    191431,         0,         0,   131.4,pymatching,8fc446bd07ffda586be2c578249c0c710b608f1dff8f6ee2cd2249f4ceab048e,"{""code"":""double_measurement_surface_code"",""diameter"":14,""noise_model"":""SI1000"",""p"":0.00185,""rounds"":14}"
    191431,         1,         0,   133.4,pymatching,8fc446bd07ffda586be2c578249c0c710b608f1dff8f6ee2cd2249f4ceab048e,"{""code"":""double_measurement_surface_code"",""diameter"":14,""noise_model"":""SI1000"",""p"":0.00185,""rounds"":14}"
    191431,         1,         0,   133.7,pymatching,8fc446bd07ffda586be2c578249c0c710b608f1dff8f6ee2cd2249f4ceab048e,"{""code"":""double_measurement_surface_code"",""diameter"":14,""noise_model"":""SI1000"",""p"":0.00185,""rounds"":14}"
    191431,         1,         0,   134.1,pymatching,8fc446bd07ffda586be2c578249c0c710b608f1dff8f6ee2cd2249f4ceab048e,"{""code"":""double_measurement_surface_code"",""diameter"":14,""noise_model"":""SI1000"",""p"":0.00185,""rounds"":14}"
    191431,         0,         0,   133.9,pymatching,8fc446bd07ffda586be2c578249c0c710b608f1dff8f6ee2cd2249f4ceab048e,"{""code"":""double_measurement_surface_code"",""diameter"":14,""noise_model"":""SI1000"",""p"":0.00185,""rounds"":14}"
    203649,         3,         0,    96.9,pymatching,8fc446bd07ffda586be2c578249c0c710b608f1dff8f6ee2cd2249f4ceab048e,"{""code"":""double_measurement_surface_code"",""diameter"":14,""noise_model"":""SI1000"",""p"":0.00185,""rounds"":14}"
    196936,         1,         0,   132.3,pymatching,8fc446bd07ffda586be2c578249c0c710b608f1dff8f6ee2cd2249f4ceab048e,"{""code"":""double_measurement_surface_code"",""diameter"":14,""noise_model"":""SI1000"",""p"":0.00185,""rounds"":14}"
    204544,         4,         0,    97.0,pymatching,8fc446bd07ffda586be2c578249c0c710b608f1dff8f6ee2cd2249f4ceab048e,"{""code"":""double_measurement_surface_code"",""diameter"":14,""noise_model"":""SI1000"",""p"":0.00185,""rounds"":14}"
    199682,         1,         0,   136.4,pymatching,8fc446bd07ffda586be2c578249c0c710b608f1dff8f6ee2cd2249f4ceab048e,"{""code"":""double_measurement_surface_code"",""diameter"":14,""noise_model"":""SI1000"",""p"":0.00185,""rounds"":14}"
    193773,         4,         0,    91.8,pymatching,8fc446bd07ffda586be2c578249c0c710b608f1dff8f6ee2cd2249f4ceab048e,"{""code"":""double_measurement_surface_code"",""diameter"":14,""noise_model"":""SI1000"",""p"":0.00185,""rounds"":14}"
    198542,         1,         0,   136.8,pymatching,8fc446bd07ffda586be2c578249c0c710b608f1dff8f6ee2cd2249f4ceab048e,"{""code"":""double_measurement_surface_code"",""diameter"":14,""noise_model"":""SI1000"",""p"":0.00185,""rounds"":14}"
    201237,         2,         0,   138.6,pymatching,8fc446bd07ffda586be2c578249c0c710b608f1dff8f6ee2cd2249f4ceab048e,"{""code"":""double_measurement_surface_code"",""diameter"":14,""noise_model"":""SI1000"",""p"":0.00185,""rounds"":14}"
    196064,         3,         0,   137.2,pymatching,8fc446bd07ffda586be2c578249c0c710b608f1dff8f6ee2cd2249f4ceab048e,"{""code"":""double_measurement_surface_code"",""diameter"":14,""noise_model"":""SI1000"",""p"":0.00185,""rounds"":14}"
    190662,         2,         0,   133.4,pymatching,8fc446bd07ffda586be2c578249c0c710b608f1dff8f6ee2cd2249f4ceab048e,"{""code"":""double_measurement_surface_code"",""diameter"":14,""noise_model"":""SI1000"",""p"":0.00185,""rounds"":14}"
    193977,         1,         0,   135.8,pymatching,8fc446bd07ffda586be2c578249c0c710b608f1dff8f6ee2cd2249f4ceab048e,"{""code"":""double_measurement_surface_code"",""diameter"":14,""noise_model"":""SI1000"",""p"":0.00185,""rounds"":14}"
    192179,         1,         0,   135.7,pymatching,8fc446bd07ffda586be2c578249c0c710b608f1dff8f6ee2cd2249f4ceab048e,"{""code"":""double_measurement_surface_code"",""diameter"":14,""noise_model"":""SI1000"",""p"":0.00185,""rounds"":14}"
    192799,         2,         0,   130.4,pymatching,8fc446bd07ffda586be2c578249c0c710b608f1dff8f6ee2cd2249f4ceab048e,"{""code"":""double_measurement_surface_code"",""diameter"":14,""noise_model"":""SI1000"",""p"":0.00185,""rounds"":14}"
    195515,         3,         0,    91.8,pymatching,8fc446bd07ffda586be2c578249c0c710b608f1dff8f6ee2cd2249f4ceab048e,"{""code"":""double_measurement_surface_code"",""diameter"":14,""noise_model"":""SI1000"",""p"":0.00185,""rounds"":14}"
    196606,         1,         0,    91.4,pymatching,8fc446bd07ffda586be2c578249c0c710b608f1dff8f6ee2cd2249f4ceab048e,"{""code"":""double_measurement_surface_code"",""diameter"":14,""noise_model"":""SI1000"",""p"":0.00185,""rounds"":14}"
    194331,         3,         0,   132.9,pymatching,8fc446bd07ffda586be2c578249c0c710b608f1dff8f6ee2cd2249f4ceab048e,"{""code"":""double_measurement_surface_code"",""diameter"":14,""noise_model"":""SI1000"",""p"":0.00185,""rounds"":14}"
    191602,         4,         0,    92.0,pymatching,8fc446bd07ffda586be2c578249c0c710b608f1dff8f6ee2cd2249f4ceab048e,"{""code"":""double_measurement_surface_code"",""diameter"":14,""noise_model"":""SI1000"",""p"":0.00185,""rounds"":14}"
    195387,         2,         0,   133.9,pymatching,8fc446bd07ffda586be2c578249c0c710b608f1dff8f6ee2cd2249f4ceab048e,"{""code"":""double_measurement_surface_code"",""diameter"":14,""noise_model"":""SI1000"",""p"":0.00185,""rounds"":14}"
    194283,         4,         0,   133.1,pymatching,8fc446bd07ffda586be2c578249c0c710b608f1dff8f6ee2cd2249f4ceab048e,"{""code"":""double_measurement_surface_code"",""diameter"":14,""noise_model"":""SI1000"",""p"":0.00185,""rounds"":14}"
    190343,         2,         0,   133.5,pymatching,8fc446bd07ffda586be2c578249c0c710b608f1dff8f6ee2cd2249f4ceab048e,"{""code"":""double_measurement_surface_code"",""diameter"":14,""noise_model"":""SI1000"",""p"":0.00185,""rounds"":14}"
    191249,         1,         0,   133.6,pymatching,8fc446bd07ffda586be2c578249c0c710b608f1dff8f6ee2cd2249f4ceab048e,"{""code"":""double_measurement_surface_code"",""diameter"":14,""noise_model"":""SI1000"",""p"":0.00185,""rounds"":14}"
    192173,         2,         0,   134.6,pymatching,8fc446bd07ffda586be2c578249c0c710b608f1dff8f6ee2cd2249f4ceab048e,"{""code"":""double_measurement_surface_code"",""diameter"":14,""noise_model"":""SI1000"",""p"":0.00185,""rounds"":14}"
    193163,         1,         0,   134.9,pymatching,8fc446bd07ffda586be2c578249c0c710b608f1dff8f6ee2cd2249f4ceab048e,"{""code"":""double_measurement_surface_code"",""diameter"":14,""noise_model"":""SI1000"",""p"":0.00185,""rounds"":14}"
    193333,         2,         0,    91.8,pymatching,8fc446bd07ffda586be2c578249c0c710b608f1dff8f6ee2cd2249f4ceab048e,"{""code"":""double_measurement_surface_code"",""diameter"":14,""noise_model"":""SI1000"",""p"":0.00185,""rounds"":14}"
    189837,         3,         0,   129.1,pymatching,8fc446bd07ffda586be2c578249c0c710b608f1dff8f6ee2cd2249f4ceab048e,"{""code"":""double_measurement_surface_code"",""diameter"":14,""noise_model"":""SI1000"",""p"":0.00185,""rounds"":14}"
    192682,         1,         0,   131.7,pymatching,8fc446bd07ffda586be2c578249c0c710b608f1dff8f6ee2cd2249f4ceab048e,"{""code"":""double_measurement_surface_code"",""diameter"":14,""noise_model"":""SI1000"",""p"":0.00185,""rounds"":14}"
    194093,         2,         0,    92.5,pymatching,8fc446bd07ffda586be2c578249c0c710b608f1dff8f6ee2cd2249f4ceab048e,"{""code"":""double_measurement_surface_code"",""diameter"":14,""noise_model"":""SI1000"",""p"":0.00185,""rounds"":14}"
    191539,         0,         0,    91.4,pymatching,8fc446bd07ffda586be2c578249c0c710b608f1dff8f6ee2cd2249f4ceab048e,"{""code"":""double_measurement_surface_code"",""diameter"":14,""noise_model"":""SI1000"",""p"":0.00185,""rounds"":14}"
    192828,         3,         0,   132.8,pymatching,8fc446bd07ffda586be2c578249c0c710b608f1dff8f6ee2cd2249f4ceab048e,"{""code"":""double_measurement_surface_code"",""diameter"":14,""noise_model"":""SI1000"",""p"":0.00185,""rounds"":14}"
    193438,         1,         0,   134.1,pymatching,8fc446bd07ffda586be2c578249c0c710b608f1dff8f6ee2cd2249f4ceab048e,"{""code"":""double_measurement_surface_code"",""diameter"":14,""noise_model"":""SI1000"",""p"":0.00185,""rounds"":14}"
    190301,         5,         0,   133.8,pymatching,8fc446bd07ffda586be2c578249c0c710b608f1dff8f6ee2cd2249f4ceab048e,"{""code"":""double_measurement_surface_code"",""diameter"":14,""noise_model"":""SI1000"",""p"":0.00185,""rounds"":14}"
    190869,         2,         0,   134.5,pymatching,8fc446bd07ffda586be2c578249c0c710b608f1dff8f6ee2cd2249f4ceab048e,"{""code"":""double_measurement_surface_code"",""diameter"":14,""noise_model"":""SI1000"",""p"":0.00185,""rounds"":14}"
    191485,         1,         0,   135.2,pymatching,8fc446bd07ffda586be2c578249c0c710b608f1dff8f6ee2cd2249f4ceab048e,"{""code"":""double_measurement_surface_code"",""diameter"":14,""noise_model"":""SI1000"",""p"":0.00185,""rounds"":14}"
    192124,         0,         0,   135.7,pymatching,8fc446bd07ffda586be2c578249c0c710b608f1dff8f6ee2cd2249f4ceab048e,"{""code"":""double_measurement_surface_code"",""diameter"":14,""noise_model"":""SI1000"",""p"":0.00185,""rounds"":14}"
    191128,         4,         0,   130.6,pymatching,8fc446bd07ffda586be2c578249c0c710b608f1dff8f6ee2cd2249f4ceab048e,"{""code"":""double_measurement_surface_code"",""diameter"":14,""noise_model"":""SI1000"",""p"":0.00185,""rounds"":14}"
    119430,         1,         0,    56.0,pymatching,8fc446bd07ffda586be2c578249c0c710b608f1dff8f6ee2cd2249f4ceab048e,"{""code"":""double_measurement_surface_code"",""diameter"":14,""noise_model"":""SI1000"",""p"":0.00185,""rounds"":14}"
       200,         0,         0,   0.495,pymatching,a64ebc5ea6038b996306e9639723729eaba30e3ac46911d3027809814299635a,"{""code"":""double_measurement_surface_code"",""diameter"":14,""noise_model"":""SI1000"",""p"":0.0023,""rounds"":14}"
       600,         0,         0,   0.681,pymatching,a64ebc5ea6038b996306e9639723729eaba30e3ac46911d3027809814299635a,"{""code"":""double_measurement_surface_code"",""diameter"":14,""noise_model"":""SI1000"",""p"":0.0023,""rounds"":14}"
      1800,         0,         0,    1.49,pymatching,a64ebc5ea6038b996306e9639723729eaba30e3ac46911d3027809814299635a,"{""code"":""double_measurement_surface_code"",""diameter"":14,""noise_model"":""SI1000"",""p"":0.0023,""rounds"":14}"
      5400,         0,         0,    3.65,pymatching,a64ebc5ea6038b996306e9639723729eaba30e3ac46911d3027809814299635a,"{""code"":""double_measurement_surface_code"",""diameter"":14,""noise_model"":""SI1000"",""p"":0.0023,""rounds"":14}"
    191843,         1,         0,    91.5,pymatching,8fc446bd07ffda586be2c578249c0c710b608f1dff8f6ee2cd2249f4ceab048e,"{""code"":""double_measurement_surface_code"",""diameter"":14,""noise_model"":""SI1000"",""p"":0.00185,""rounds"":14}"
     16200,         0,         0,    10.7,pymatching,a64ebc5ea6038b996306e9639723729eaba30e3ac46911d3027809814299635a,"{""code"":""double_measurement_surface_code"",""diameter"":14,""noise_model"":""SI1000"",""p"":0.0023,""rounds"":14}"
     35688,         0,         0,    28.9,pymatching,d7301471ae49b5278cb509e6338cab5418de2a6cdfc04b84f60463c90003be50,"{""code"":""double_measurement_surface_code"",""diameter"":14,""noise_model"":""SI1000"",""p"":0.0020750000000000005,""rounds"":14}"
     16200,         2,         0,    10.5,pymatching,a64ebc5ea6038b996306e9639723729eaba30e3ac46911d3027809814299635a,"{""code"":""double_measurement_surface_code"",""diameter"":14,""noise_model"":""SI1000"",""p"":0.0023,""rounds"":14}"
     48600,         2,         0,    29.8,pymatching,a64ebc5ea6038b996306e9639723729eaba30e3ac46911d3027809814299635a,"{""code"":""double_measurement_surface_code"",""diameter"":14,""noise_model"":""SI1000"",""p"":0.0023,""rounds"":14}"
    190707,         1,         0,   132.5,pymatching,8fc446bd07ffda586be2c578249c0c710b608f1dff8f6ee2cd2249f4ceab048e,"{""code"":""double_measurement_surface_code"",""diameter"":14,""noise_model"":""SI1000"",""p"":0.00185,""rounds"":14}"
     60993,         4,         0,    33.2,pymatching,d7301471ae49b5278cb509e6338cab5418de2a6cdfc04b84f60463c90003be50,"{""code"":""double_measurement_surface_code"",""diameter"":14,""noise_model"":""SI1000"",""p"":0.0020750000000000005,""rounds"":14}"
    154052,         4,         0,   118.3,pymatching,d7301471ae49b5278cb509e6338cab5418de2a6cdfc04b84f60463c90003be50,"{""code"":""double_measurement_surface_code"",""diameter"":14,""noise_model"":""SI1000"",""p"":0.0020750000000000005,""rounds"":14}"
    154052,         4,         0,   118.4,pymatching,d7301471ae49b5278cb509e6338cab5418de2a6cdfc04b84f60463c90003be50,"{""code"":""double_measurement_surface_code"",""diameter"":14,""noise_model"":""SI1000"",""p"":0.0020750000000000005,""rounds"":14}"
    154052,         3,         0,   120.3,pymatching,d7301471ae49b5278cb509e6338cab5418de2a6cdfc04b84f60463c90003be50,"{""code"":""double_measurement_surface_code"",""diameter"":14,""noise_model"":""SI1000"",""p"":0.0020750000000000005,""rounds"":14}"
    154052,         3,         0,   121.2,pymatching,d7301471ae49b5278cb509e6338cab5418de2a6cdfc04b84f60463c90003be50,"{""code"":""double_measurement_surface_code"",""diameter"":14,""noise_model"":""SI1000"",""p"":0.0020750000000000005,""rounds"":14}"
    154052,         5,         0,   121.3,pymatching,d7301471ae49b5278cb509e6338cab5418de2a6cdfc04b84f60463c90003be50,"{""code"":""double_measurement_surface_code"",""diameter"":14,""noise_model"":""SI1000"",""p"":0.0020750000000000005,""rounds"":14}"
    154052,         4,         0,   121.1,pymatching,d7301471ae49b5278cb509e6338cab5418de2a6cdfc04b84f60463c90003be50,"{""code"":""double_measurement_surface_code"",""diameter"":14,""noise_model"":""SI1000"",""p"":0.0020750000000000005,""rounds"":14}"
    153135,         5,         0,   115.9,pymatching,d7301471ae49b5278cb509e6338cab5418de2a6cdfc04b84f60463c90003be50,"{""code"":""double_measurement_surface_code"",""diameter"":14,""noise_model"":""SI1000"",""p"":0.0020750000000000005,""rounds"":14}"
    163698,         3,         0,    87.2,pymatching,d7301471ae49b5278cb509e6338cab5418de2a6cdfc04b84f60463c90003be50,"{""code"":""double_measurement_surface_code"",""diameter"":14,""noise_model"":""SI1000"",""p"":0.0020750000000000005,""rounds"":14}"
    178200,        10,         0,   105.7,pymatching,a64ebc5ea6038b996306e9639723729eaba30e3ac46911d3027809814299635a,"{""code"":""double_measurement_surface_code"",""diameter"":14,""noise_model"":""SI1000"",""p"":0.0023,""rounds"":14}"
    178200,        16,         0,   155.5,pymatching,a64ebc5ea6038b996306e9639723729eaba30e3ac46911d3027809814299635a,"{""code"":""double_measurement_surface_code"",""diameter"":14,""noise_model"":""SI1000"",""p"":0.0023,""rounds"":14}"
    159718,         2,         0,   124.0,pymatching,d7301471ae49b5278cb509e6338cab5418de2a6cdfc04b84f60463c90003be50,"{""code"":""double_measurement_surface_code"",""diameter"":14,""noise_model"":""SI1000"",""p"":0.0020750000000000005,""rounds"":14}"
    161020,         2,         0,   126.3,pymatching,d7301471ae49b5278cb509e6338cab5418de2a6cdfc04b84f60463c90003be50,"{""code"":""double_measurement_surface_code"",""diameter"":14,""noise_model"":""SI1000"",""p"":0.0020750000000000005,""rounds"":14}"
    158434,         7,         0,   124.8,pymatching,d7301471ae49b5278cb509e6338cab5418de2a6cdfc04b84f60463c90003be50,"{""code"":""double_measurement_surface_code"",""diameter"":14,""noise_model"":""SI1000"",""p"":0.0020750000000000005,""rounds"":14}"
    156136,         8,         0,   123.8,pymatching,d7301471ae49b5278cb509e6338cab5418de2a6cdfc04b84f60463c90003be50,"{""code"":""double_measurement_surface_code"",""diameter"":14,""noise_model"":""SI1000"",""p"":0.0020750000000000005,""rounds"":14}"
    156650,         7,         0,   124.0,pymatching,d7301471ae49b5278cb509e6338cab5418de2a6cdfc04b84f60463c90003be50,"{""code"":""double_measurement_surface_code"",""diameter"":14,""noise_model"":""SI1000"",""p"":0.0020750000000000005,""rounds"":14}"
    157404,         6,         0,   125.0,pymatching,d7301471ae49b5278cb509e6338cab5418de2a6cdfc04b84f60463c90003be50,"{""code"":""double_measurement_surface_code"",""diameter"":14,""noise_model"":""SI1000"",""p"":0.0020750000000000005,""rounds"":14}"
    161684,         3,         0,    89.2,pymatching,d7301471ae49b5278cb509e6338cab5418de2a6cdfc04b84f60463c90003be50,"{""code"":""double_measurement_surface_code"",""diameter"":14,""noise_model"":""SI1000"",""p"":0.0020750000000000005,""rounds"":14}"
    161684,         3,         0,    86.5,pymatching,d7301471ae49b5278cb509e6338cab5418de2a6cdfc04b84f60463c90003be50,"{""code"":""double_measurement_surface_code"",""diameter"":14,""noise_model"":""SI1000"",""p"":0.0020750000000000005,""rounds"":14}"
    156398,         1,         0,   119.2,pymatching,d7301471ae49b5278cb509e6338cab5418de2a6cdfc04b84f60463c90003be50,"{""code"":""double_measurement_surface_code"",""diameter"":14,""noise_model"":""SI1000"",""p"":0.0020750000000000005,""rounds"":14}"
    160667,         3,         0,    86.9,pymatching,d7301471ae49b5278cb509e6338cab5418de2a6cdfc04b84f60463c90003be50,"{""code"":""double_measurement_surface_code"",""diameter"":14,""noise_model"":""SI1000"",""p"":0.0020750000000000005,""rounds"":14}"
    163339,         4,         0,    87.9,pymatching,d7301471ae49b5278cb509e6338cab5418de2a6cdfc04b84f60463c90003be50,"{""code"":""double_measurement_surface_code"",""diameter"":14,""noise_model"":""SI1000"",""p"":0.0020750000000000005,""rounds"":14}"
    161684,         2,         0,   126.9,pymatching,d7301471ae49b5278cb509e6338cab5418de2a6cdfc04b84f60463c90003be50,"{""code"":""double_measurement_surface_code"",""diameter"":14,""noise_model"":""SI1000"",""p"":0.0020750000000000005,""rounds"":14}"
    160987,         1,         0,   124.6,pymatching,d7301471ae49b5278cb509e6338cab5418de2a6cdfc04b84f60463c90003be50,"{""code"":""double_measurement_surface_code"",""diameter"":14,""noise_model"":""SI1000"",""p"":0.0020750000000000005,""rounds"":14}"
    160262,         5,         0,   125.2,pymatching,d7301471ae49b5278cb509e6338cab5418de2a6cdfc04b84f60463c90003be50,"{""code"":""double_measurement_surface_code"",""diameter"":14,""noise_model"":""SI1000"",""p"":0.0020750000000000005,""rounds"":14}"
    159612,        10,         0,   125.1,pymatching,d7301471ae49b5278cb509e6338cab5418de2a6cdfc04b84f60463c90003be50,"{""code"":""double_measurement_surface_code"",""diameter"":14,""noise_model"":""SI1000"",""p"":0.0020750000000000005,""rounds"":14}"
    158464,         7,         0,   124.6,pymatching,d7301471ae49b5278cb509e6338cab5418de2a6cdfc04b84f60463c90003be50,"{""code"":""double_measurement_surface_code"",""diameter"":14,""noise_model"":""SI1000"",""p"":0.0020750000000000005,""rounds"":14}"
    157975,         2,         0,   124.4,pymatching,d7301471ae49b5278cb509e6338cab5418de2a6cdfc04b84f60463c90003be50,"{""code"":""double_measurement_surface_code"",""diameter"":14,""noise_model"":""SI1000"",""p"":0.0020750000000000005,""rounds"":14}"
    158984,         6,         0,   125.6,pymatching,d7301471ae49b5278cb509e6338cab5418de2a6cdfc04b84f60463c90003be50,"{""code"":""double_measurement_surface_code"",""diameter"":14,""noise_model"":""SI1000"",""p"":0.0020750000000000005,""rounds"":14}"
    163016,         3,         0,   123.4,pymatching,d7301471ae49b5278cb509e6338cab5418de2a6cdfc04b84f60463c90003be50,"{""code"":""double_measurement_surface_code"",""diameter"":14,""noise_model"":""SI1000"",""p"":0.0020750000000000005,""rounds"":14}"
    165274,         3,         0,    87.6,pymatching,d7301471ae49b5278cb509e6338cab5418de2a6cdfc04b84f60463c90003be50,"{""code"":""double_measurement_surface_code"",""diameter"":14,""noise_model"":""SI1000"",""p"":0.0020750000000000005,""rounds"":14}"
    167432,         4,         0,    88.3,pymatching,d7301471ae49b5278cb509e6338cab5418de2a6cdfc04b84f60463c90003be50,"{""code"":""double_measurement_surface_code"",""diameter"":14,""noise_model"":""SI1000"",""p"":0.0020750000000000005,""rounds"":14}"
    166686,         5,         0,   131.5,pymatching,d7301471ae49b5278cb509e6338cab5418de2a6cdfc04b84f60463c90003be50,"{""code"":""double_measurement_surface_code"",""diameter"":14,""noise_model"":""SI1000"",""p"":0.0020750000000000005,""rounds"":14}"
    166126,         5,         0,   129.0,pymatching,d7301471ae49b5278cb509e6338cab5418de2a6cdfc04b84f60463c90003be50,"{""code"":""double_measurement_surface_code"",""diameter"":14,""noise_model"":""SI1000"",""p"":0.0020750000000000005,""rounds"":14}"
    165552,         7,         0,   130.3,pymatching,d7301471ae49b5278cb509e6338cab5418de2a6cdfc04b84f60463c90003be50,"{""code"":""double_measurement_surface_code"",""diameter"":14,""noise_model"":""SI1000"",""p"":0.0020750000000000005,""rounds"":14}"
    165005,         5,         0,   129.6,pymatching,d7301471ae49b5278cb509e6338cab5418de2a6cdfc04b84f60463c90003be50,"{""code"":""double_measurement_surface_code"",""diameter"":14,""noise_model"":""SI1000"",""p"":0.0020750000000000005,""rounds"":14}"
    163998,         6,         0,   129.5,pymatching,d7301471ae49b5278cb509e6338cab5418de2a6cdfc04b84f60463c90003be50,"{""code"":""double_measurement_surface_code"",""diameter"":14,""noise_model"":""SI1000"",""p"":0.0020750000000000005,""rounds"":14}"
    164484,         5,         0,   130.0,pymatching,d7301471ae49b5278cb509e6338cab5418de2a6cdfc04b84f60463c90003be50,"{""code"":""double_measurement_surface_code"",""diameter"":14,""noise_model"":""SI1000"",""p"":0.0020750000000000005,""rounds"":14}"
    163529,         3,         0,   129.6,pymatching,d7301471ae49b5278cb509e6338cab5418de2a6cdfc04b84f60463c90003be50,"{""code"":""double_measurement_surface_code"",""diameter"":14,""noise_model"":""SI1000"",""p"":0.0020750000000000005,""rounds"":14}"
    164951,         6,         0,    88.6,pymatching,d7301471ae49b5278cb509e6338cab5418de2a6cdfc04b84f60463c90003be50,"{""code"":""double_measurement_surface_code"",""diameter"":14,""noise_model"":""SI1000"",""p"":0.0020750000000000005,""rounds"":14}"
    166519,         8,         0,    88.4,pymatching,d7301471ae49b5278cb509e6338cab5418de2a6cdfc04b84f60463c90003be50,"{""code"":""double_measurement_surface_code"",""diameter"":14,""noise_model"":""SI1000"",""p"":0.0020750000000000005,""rounds"":14}"
    163344,         2,         0,   124.3,pymatching,d7301471ae49b5278cb509e6338cab5418de2a6cdfc04b84f60463c90003be50,"{""code"":""double_measurement_surface_code"",""diameter"":14,""noise_model"":""SI1000"",""p"":0.0020750000000000005,""rounds"":14}"
    164802,         8,         0,    89.5,pymatching,d7301471ae49b5278cb509e6338cab5418de2a6cdfc04b84f60463c90003be50,"{""code"":""double_measurement_surface_code"",""diameter"":14,""noise_model"":""SI1000"",""p"":0.0020750000000000005,""rounds"":14}"
    166001,         4,         0,   131.2,pymatching,d7301471ae49b5278cb509e6338cab5418de2a6cdfc04b84f60463c90003be50,"{""code"":""double_measurement_surface_code"",""diameter"":14,""noise_model"":""SI1000"",""p"":0.0020750000000000005,""rounds"":14}"
    165975,         7,         0,    89.9,pymatching,d7301471ae49b5278cb509e6338cab5418de2a6cdfc04b84f60463c90003be50,"{""code"":""double_measurement_surface_code"",""diameter"":14,""noise_model"":""SI1000"",""p"":0.0020750000000000005,""rounds"":14}"
    165613,         3,         0,   128.7,pymatching,d7301471ae49b5278cb509e6338cab5418de2a6cdfc04b84f60463c90003be50,"{""code"":""double_measurement_surface_code"",""diameter"":14,""noise_model"":""SI1000"",""p"":0.0020750000000000005,""rounds"":14}"
    165174,         7,         0,   129.4,pymatching,d7301471ae49b5278cb509e6338cab5418de2a6cdfc04b84f60463c90003be50,"{""code"":""double_measurement_surface_code"",""diameter"":14,""noise_model"":""SI1000"",""p"":0.0020750000000000005,""rounds"":14}"
    164776,         7,         0,   129.2,pymatching,d7301471ae49b5278cb509e6338cab5418de2a6cdfc04b84f60463c90003be50,"{""code"":""double_measurement_surface_code"",""diameter"":14,""noise_model"":""SI1000"",""p"":0.0020750000000000005,""rounds"":14}"
    164380,         5,         0,   129.3,pymatching,d7301471ae49b5278cb509e6338cab5418de2a6cdfc04b84f60463c90003be50,"{""code"":""double_measurement_surface_code"",""diameter"":14,""noise_model"":""SI1000"",""p"":0.0020750000000000005,""rounds"":14}"
    164002,         8,         0,   129.2,pymatching,d7301471ae49b5278cb509e6338cab5418de2a6cdfc04b84f60463c90003be50,"{""code"":""double_measurement_surface_code"",""diameter"":14,""noise_model"":""SI1000"",""p"":0.0020750000000000005,""rounds"":14}"
    163634,         8,         0,   129.0,pymatching,d7301471ae49b5278cb509e6338cab5418de2a6cdfc04b84f60463c90003be50,"{""code"":""double_measurement_surface_code"",""diameter"":14,""noise_model"":""SI1000"",""p"":0.0020750000000000005,""rounds"":14}"
    165759,         2,         0,   126.4,pymatching,d7301471ae49b5278cb509e6338cab5418de2a6cdfc04b84f60463c90003be50,"{""code"":""double_measurement_surface_code"",""diameter"":14,""noise_model"":""SI1000"",""p"":0.0020750000000000005,""rounds"":14}"
    166781,         3,         0,    88.4,pymatching,d7301471ae49b5278cb509e6338cab5418de2a6cdfc04b84f60463c90003be50,"{""code"":""double_measurement_surface_code"",""diameter"":14,""noise_model"":""SI1000"",""p"":0.0020750000000000005,""rounds"":14}"
    167366,         3,         0,    87.8,pymatching,d7301471ae49b5278cb509e6338cab5418de2a6cdfc04b84f60463c90003be50,"{""code"":""double_measurement_surface_code"",""diameter"":14,""noise_model"":""SI1000"",""p"":0.0020750000000000005,""rounds"":14}"
    167043,         4,         0,   129.6,pymatching,d7301471ae49b5278cb509e6338cab5418de2a6cdfc04b84f60463c90003be50,"{""code"":""double_measurement_surface_code"",""diameter"":14,""noise_model"":""SI1000"",""p"":0.0020750000000000005,""rounds"":14}"
    166385,         4,         0,   131.2,pymatching,d7301471ae49b5278cb509e6338cab5418de2a6cdfc04b84f60463c90003be50,"{""code"":""double_measurement_surface_code"",""diameter"":14,""noise_model"":""SI1000"",""p"":0.0020750000000000005,""rounds"":14}"
    166706,         4,         0,   130.6,pymatching,d7301471ae49b5278cb509e6338cab5418de2a6cdfc04b84f60463c90003be50,"{""code"":""double_measurement_surface_code"",""diameter"":14,""noise_model"":""SI1000"",""p"":0.0020750000000000005,""rounds"":14}"
    166381,         6,         0,   130.9,pymatching,d7301471ae49b5278cb509e6338cab5418de2a6cdfc04b84f60463c90003be50,"{""code"":""double_measurement_surface_code"",""diameter"":14,""noise_model"":""SI1000"",""p"":0.0020750000000000005,""rounds"":14}"
    165750,         4,         0,   131.0,pymatching,d7301471ae49b5278cb509e6338cab5418de2a6cdfc04b84f60463c90003be50,"{""code"":""double_measurement_surface_code"",""diameter"":14,""noise_model"":""SI1000"",""p"":0.0020750000000000005,""rounds"":14}"
    166061,         4,         0,   131.5,pymatching,d7301471ae49b5278cb509e6338cab5418de2a6cdfc04b84f60463c90003be50,"{""code"":""double_measurement_surface_code"",""diameter"":14,""noise_model"":""SI1000"",""p"":0.0020750000000000005,""rounds"":14}"
    165450,         5,         0,   131.2,pymatching,d7301471ae49b5278cb509e6338cab5418de2a6cdfc04b84f60463c90003be50,"{""code"":""double_measurement_surface_code"",""diameter"":14,""noise_model"":""SI1000"",""p"":0.0020750000000000005,""rounds"":14}"
    139840,         7,         0,    74.9,pymatching,d7301471ae49b5278cb509e6338cab5418de2a6cdfc04b84f60463c90003be50,"{""code"":""double_measurement_surface_code"",""diameter"":14,""noise_model"":""SI1000"",""p"":0.0020750000000000005,""rounds"":14}"
    165277,         8,         0,   126.5,pymatching,d7301471ae49b5278cb509e6338cab5418de2a6cdfc04b84f60463c90003be50,"{""code"":""double_measurement_surface_code"",""diameter"":14,""noise_model"":""SI1000"",""p"":0.0020750000000000005,""rounds"":14}"
    167740,         9,         0,    99.3,pymatching,a64ebc5ea6038b996306e9639723729eaba30e3ac46911d3027809814299635a,"{""code"":""double_measurement_surface_code"",""diameter"":14,""noise_model"":""SI1000"",""p"":0.0023,""rounds"":14}"
    167740,         7,         0,   102.1,pymatching,a64ebc5ea6038b996306e9639723729eaba30e3ac46911d3027809814299635a,"{""code"":""double_measurement_surface_code"",""diameter"":14,""noise_model"":""SI1000"",""p"":0.0023,""rounds"":14}"
    167740,        17,         0,   145.2,pymatching,a64ebc5ea6038b996306e9639723729eaba30e3ac46911d3027809814299635a,"{""code"":""double_measurement_surface_code"",""diameter"":14,""noise_model"":""SI1000"",""p"":0.0023,""rounds"":14}"
    167740,        10,         0,   148.3,pymatching,a64ebc5ea6038b996306e9639723729eaba30e3ac46911d3027809814299635a,"{""code"":""double_measurement_surface_code"",""diameter"":14,""noise_model"":""SI1000"",""p"":0.0023,""rounds"":14}"
    167740,        17,         0,   147.6,pymatching,a64ebc5ea6038b996306e9639723729eaba30e3ac46911d3027809814299635a,"{""code"":""double_measurement_surface_code"",""diameter"":14,""noise_model"":""SI1000"",""p"":0.0023,""rounds"":14}"
    167740,         7,         0,   147.8,pymatching,a64ebc5ea6038b996306e9639723729eaba30e3ac46911d3027809814299635a,"{""code"":""double_measurement_surface_code"",""diameter"":14,""noise_model"":""SI1000"",""p"":0.0023,""rounds"":14}"
    167740,        18,         0,   148.3,pymatching,a64ebc5ea6038b996306e9639723729eaba30e3ac46911d3027809814299635a,"{""code"":""double_measurement_surface_code"",""diameter"":14,""noise_model"":""SI1000"",""p"":0.0023,""rounds"":14}"
    167740,         9,         0,   148.1,pymatching,a64ebc5ea6038b996306e9639723729eaba30e3ac46911d3027809814299635a,"{""code"":""double_measurement_surface_code"",""diameter"":14,""noise_model"":""SI1000"",""p"":0.0023,""rounds"":14}"
    167740,        14,         0,   148.2,pymatching,a64ebc5ea6038b996306e9639723729eaba30e3ac46911d3027809814299635a,"{""code"":""double_measurement_surface_code"",""diameter"":14,""noise_model"":""SI1000"",""p"":0.0023,""rounds"":14}"
    176056,        15,         0,   106.7,pymatching,a64ebc5ea6038b996306e9639723729eaba30e3ac46911d3027809814299635a,"{""code"":""double_measurement_surface_code"",""diameter"":14,""noise_model"":""SI1000"",""p"":0.0023,""rounds"":14}"
    167740,        15,         0,   144.0,pymatching,a64ebc5ea6038b996306e9639723729eaba30e3ac46911d3027809814299635a,"{""code"":""double_measurement_surface_code"",""diameter"":14,""noise_model"":""SI1000"",""p"":0.0023,""rounds"":14}"
    180192,         9,         0,   108.0,pymatching,a64ebc5ea6038b996306e9639723729eaba30e3ac46911d3027809814299635a,"{""code"":""double_measurement_surface_code"",""diameter"":14,""noise_model"":""SI1000"",""p"":0.0023,""rounds"":14}"
    154036,         8,         0,    92.0,pymatching,a64ebc5ea6038b996306e9639723729eaba30e3ac46911d3027809814299635a,"{""code"":""double_measurement_surface_code"",""diameter"":14,""noise_model"":""SI1000"",""p"":0.0023,""rounds"":14}"
    171122,        11,         0,   149.0,pymatching,a64ebc5ea6038b996306e9639723729eaba30e3ac46911d3027809814299635a,"{""code"":""double_measurement_surface_code"",""diameter"":14,""noise_model"":""SI1000"",""p"":0.0023,""rounds"":14}"
    164667,         6,         0,   146.1,pymatching,a64ebc5ea6038b996306e9639723729eaba30e3ac46911d3027809814299635a,"{""code"":""double_measurement_surface_code"",""diameter"":14,""noise_model"":""SI1000"",""p"":0.0023,""rounds"":14}"
    160326,        13,         0,   141.8,pymatching,a64ebc5ea6038b996306e9639723729eaba30e3ac46911d3027809814299635a,"{""code"":""double_measurement_surface_code"",""diameter"":14,""noise_model"":""SI1000"",""p"":0.0023,""rounds"":14}"
    151020,         4,         0,   134.6,pymatching,a64ebc5ea6038b996306e9639723729eaba30e3ac46911d3027809814299635a,"{""code"":""double_measurement_surface_code"",""diameter"":14,""noise_model"":""SI1000"",""p"":0.0023,""rounds"":14}"
    152623,         6,         0,   135.8,pymatching,a64ebc5ea6038b996306e9639723729eaba30e3ac46911d3027809814299635a,"{""code"":""double_measurement_surface_code"",""diameter"":14,""noise_model"":""SI1000"",""p"":0.0023,""rounds"":14}"
    154587,        13,         0,   137.4,pymatching,a64ebc5ea6038b996306e9639723729eaba30e3ac46911d3027809814299635a,"{""code"":""double_measurement_surface_code"",""diameter"":14,""noise_model"":""SI1000"",""p"":0.0023,""rounds"":14}"
    157116,        13,         0,   139.1,pymatching,a64ebc5ea6038b996306e9639723729eaba30e3ac46911d3027809814299635a,"{""code"":""double_measurement_surface_code"",""diameter"":14,""noise_model"":""SI1000"",""p"":0.0023,""rounds"":14}"
    152901,         8,         0,   133.4,pymatching,a64ebc5ea6038b996306e9639723729eaba30e3ac46911d3027809814299635a,"{""code"":""double_measurement_surface_code"",""diameter"":14,""noise_model"":""SI1000"",""p"":0.0023,""rounds"":14}"
    155575,        11,         0,    93.0,pymatching,a64ebc5ea6038b996306e9639723729eaba30e3ac46911d3027809814299635a,"{""code"":""double_measurement_surface_code"",""diameter"":14,""noise_model"":""SI1000"",""p"":0.0023,""rounds"":14}"
    157653,         9,         0,    93.2,pymatching,a64ebc5ea6038b996306e9639723729eaba30e3ac46911d3027809814299635a,"{""code"":""double_measurement_surface_code"",""diameter"":14,""noise_model"":""SI1000"",""p"":0.0023,""rounds"":14}"
    151310,         8,         0,    92.6,pymatching,a64ebc5ea6038b996306e9639723729eaba30e3ac46911d3027809814299635a,"{""code"":""double_measurement_surface_code"",""diameter"":14,""noise_model"":""SI1000"",""p"":0.0023,""rounds"":14}"
    153824,         8,         0,   135.9,pymatching,a64ebc5ea6038b996306e9639723729eaba30e3ac46911d3027809814299635a,"{""code"":""double_measurement_surface_code"",""diameter"":14,""noise_model"":""SI1000"",""p"":0.0023,""rounds"":14}"
    156280,        18,         0,   137.0,pymatching,a64ebc5ea6038b996306e9639723729eaba30e3ac46911d3027809814299635a,"{""code"":""double_measurement_surface_code"",""diameter"":14,""noise_model"":""SI1000"",""p"":0.0023,""rounds"":14}"
    151926,        10,         0,   134.2,pymatching,a64ebc5ea6038b996306e9639723729eaba30e3ac46911d3027809814299635a,"{""code"":""double_measurement_surface_code"",""diameter"":14,""noise_model"":""SI1000"",""p"":0.0023,""rounds"":14}"
    150387,         5,         0,   132.8,pymatching,a64ebc5ea6038b996306e9639723729eaba30e3ac46911d3027809814299635a,"{""code"":""double_measurement_surface_code"",""diameter"":14,""noise_model"":""SI1000"",""p"":0.0023,""rounds"":14}"
    152824,        15,         0,   135.5,pymatching,a64ebc5ea6038b996306e9639723729eaba30e3ac46911d3027809814299635a,"{""code"":""double_measurement_surface_code"",""diameter"":14,""noise_model"":""SI1000"",""p"":0.0023,""rounds"":14}"
    154947,         9,         0,   137.6,pymatching,a64ebc5ea6038b996306e9639723729eaba30e3ac46911d3027809814299635a,"{""code"":""double_measurement_surface_code"",""diameter"":14,""noise_model"":""SI1000"",""p"":0.0023,""rounds"":14}"
    151109,        13,         0,   133.6,pymatching,a64ebc5ea6038b996306e9639723729eaba30e3ac46911d3027809814299635a,"{""code"":""double_measurement_surface_code"",""diameter"":14,""noise_model"":""SI1000"",""p"":0.0023,""rounds"":14}"
    152765,        12,         0,    92.1,pymatching,a64ebc5ea6038b996306e9639723729eaba30e3ac46911d3027809814299635a,"{""code"":""double_measurement_surface_code"",""diameter"":14,""noise_model"":""SI1000"",""p"":0.0023,""rounds"":14}"
    149836,        10,         0,   131.0,pymatching,a64ebc5ea6038b996306e9639723729eaba30e3ac46911d3027809814299635a,"{""code"":""double_measurement_surface_code"",""diameter"":14,""noise_model"":""SI1000"",""p"":0.0023,""rounds"":14}"
    153944,         8,         0,    92.7,pymatching,a64ebc5ea6038b996306e9639723729eaba30e3ac46911d3027809814299635a,"{""code"":""double_measurement_surface_code"",""diameter"":14,""noise_model"":""SI1000"",""p"":0.0023,""rounds"":14}"
    151014,        17,         0,    91.5,pymatching,a64ebc5ea6038b996306e9639723729eaba30e3ac46911d3027809814299635a,"{""code"":""double_measurement_surface_code"",""diameter"":14,""noise_model"":""SI1000"",""p"":0.0023,""rounds"":14}"
    149996,         7,         0,   133.4,pymatching,a64ebc5ea6038b996306e9639723729eaba30e3ac46911d3027809814299635a,"{""code"":""double_measurement_surface_code"",""diameter"":14,""noise_model"":""SI1000"",""p"":0.0023,""rounds"":14}"
    153246,        11,         0,   135.3,pymatching,a64ebc5ea6038b996306e9639723729eaba30e3ac46911d3027809814299635a,"{""code"":""double_measurement_surface_code"",""diameter"":14,""noise_model"":""SI1000"",""p"":0.0023,""rounds"":14}"
    152636,         7,         0,   135.2,pymatching,a64ebc5ea6038b996306e9639723729eaba30e3ac46911d3027809814299635a,"{""code"":""double_measurement_surface_code"",""diameter"":14,""noise_model"":""SI1000"",""p"":0.0023,""rounds"":14}"
    151500,        18,         0,   134.6,pymatching,a64ebc5ea6038b996306e9639723729eaba30e3ac46911d3027809814299635a,"{""code"":""double_measurement_surface_code"",""diameter"":14,""noise_model"":""SI1000"",""p"":0.0023,""rounds"":14}"
    150964,        14,         0,   134.4,pymatching,a64ebc5ea6038b996306e9639723729eaba30e3ac46911d3027809814299635a,"{""code"":""double_measurement_surface_code"",""diameter"":14,""noise_model"":""SI1000"",""p"":0.0023,""rounds"":14}"
    150447,        11,         0,   134.3,pymatching,a64ebc5ea6038b996306e9639723729eaba30e3ac46911d3027809814299635a,"{""code"":""double_measurement_surface_code"",""diameter"":14,""noise_model"":""SI1000"",""p"":0.0023,""rounds"":14}"
    152042,        14,         0,   135.5,pymatching,a64ebc5ea6038b996306e9639723729eaba30e3ac46911d3027809814299635a,"{""code"":""double_measurement_surface_code"",""diameter"":14,""noise_model"":""SI1000"",""p"":0.0023,""rounds"":14}"
    150620,         5,         0,   132.4,pymatching,a64ebc5ea6038b996306e9639723729eaba30e3ac46911d3027809814299635a,"{""code"":""double_measurement_surface_code"",""diameter"":14,""noise_model"":""SI1000"",""p"":0.0023,""rounds"":14}"
    151587,         7,         0,    90.6,pymatching,a64ebc5ea6038b996306e9639723729eaba30e3ac46911d3027809814299635a,"{""code"":""double_measurement_surface_code"",""diameter"":14,""noise_model"":""SI1000"",""p"":0.0023,""rounds"":14}"
    152482,        11,         0,    89.7,pymatching,a64ebc5ea6038b996306e9639723729eaba30e3ac46911d3027809814299635a,"{""code"":""double_measurement_surface_code"",""diameter"":14,""noise_model"":""SI1000"",""p"":0.0023,""rounds"":14}"
    150086,         7,         0,    92.1,pymatching,a64ebc5ea6038b996306e9639723729eaba30e3ac46911d3027809814299635a,"{""code"":""double_measurement_surface_code"",""diameter"":14,""noise_model"":""SI1000"",""p"":0.0023,""rounds"":14}"
    151147,        12,         0,   133.4,pymatching,a64ebc5ea6038b996306e9639723729eaba30e3ac46911d3027809814299635a,"{""code"":""double_measurement_surface_code"",""diameter"":14,""noise_model"":""SI1000"",""p"":0.0023,""rounds"":14}"
    150739,        14,         0,   133.6,pymatching,a64ebc5ea6038b996306e9639723729eaba30e3ac46911d3027809814299635a,"{""code"":""double_measurement_surface_code"",""diameter"":14,""noise_model"":""SI1000"",""p"":0.0023,""rounds"":14}"
    151569,        11,         0,   134.0,pymatching,a64ebc5ea6038b996306e9639723729eaba30e3ac46911d3027809814299635a,"{""code"":""double_measurement_surface_code"",""diameter"":14,""noise_model"":""SI1000"",""p"":0.0023,""rounds"":14}"
    149596,        12,         0,   133.1,pymatching,a64ebc5ea6038b996306e9639723729eaba30e3ac46911d3027809814299635a,"{""code"":""double_measurement_surface_code"",""diameter"":14,""noise_model"":""SI1000"",""p"":0.0023,""rounds"":14}"
    150344,        10,         0,   133.8,pymatching,a64ebc5ea6038b996306e9639723729eaba30e3ac46911d3027809814299635a,"{""code"":""double_measurement_surface_code"",""diameter"":14,""noise_model"":""SI1000"",""p"":0.0023,""rounds"":14}"
    149960,         5,         0,   134.0,pymatching,a64ebc5ea6038b996306e9639723729eaba30e3ac46911d3027809814299635a,"{""code"":""double_measurement_surface_code"",""diameter"":14,""noise_model"":""SI1000"",""p"":0.0023,""rounds"":14}"
    152004,        11,         0,   134.8,pymatching,a64ebc5ea6038b996306e9639723729eaba30e3ac46911d3027809814299635a,"{""code"":""double_measurement_surface_code"",""diameter"":14,""noise_model"":""SI1000"",""p"":0.0023,""rounds"":14}"
       200,         0,         0,   0.696,pymatching,cfbb08ade772fa828c111dbf1671bc0a7654ead28f6e0ecb200aa289d83a0300,"{""code"":""double_measurement_surface_code"",""diameter"":14,""noise_model"":""SI1000"",""p"":0.0025250000000000003,""rounds"":14}"
       600,         0,         0,   0.935,pymatching,cfbb08ade772fa828c111dbf1671bc0a7654ead28f6e0ecb200aa289d83a0300,"{""code"":""double_measurement_surface_code"",""diameter"":14,""noise_model"":""SI1000"",""p"":0.0025250000000000003,""rounds"":14}"
      1800,         0,         0,    2.02,pymatching,cfbb08ade772fa828c111dbf1671bc0a7654ead28f6e0ecb200aa289d83a0300,"{""code"":""double_measurement_surface_code"",""diameter"":14,""noise_model"":""SI1000"",""p"":0.0025250000000000003,""rounds"":14}"
    149298,         2,         0,   131.6,pymatching,a64ebc5ea6038b996306e9639723729eaba30e3ac46911d3027809814299635a,"{""code"":""double_measurement_surface_code"",""diameter"":14,""noise_model"":""SI1000"",""p"":0.0023,""rounds"":14}"
      5400,         1,         0,    5.08,pymatching,cfbb08ade772fa828c111dbf1671bc0a7654ead28f6e0ecb200aa289d83a0300,"{""code"":""double_measurement_surface_code"",""diameter"":14,""noise_model"":""SI1000"",""p"":0.0025250000000000003,""rounds"":14}"
      5400,         0,         0,    5.12,pymatching,cfbb08ade772fa828c111dbf1671bc0a7654ead28f6e0ecb200aa289d83a0300,"{""code"":""double_measurement_surface_code"",""diameter"":14,""noise_model"":""SI1000"",""p"":0.0025250000000000003,""rounds"":14}"
    150890,        13,         0,    91.4,pymatching,a64ebc5ea6038b996306e9639723729eaba30e3ac46911d3027809814299635a,"{""code"":""double_measurement_surface_code"",""diameter"":14,""noise_model"":""SI1000"",""p"":0.0023,""rounds"":14}"
     16200,         0,         0,    14.3,pymatching,cfbb08ade772fa828c111dbf1671bc0a7654ead28f6e0ecb200aa289d83a0300,"{""code"":""double_measurement_surface_code"",""diameter"":14,""noise_model"":""SI1000"",""p"":0.0025250000000000003,""rounds"":14}"
     33401,         1,         0,    26.8,pymatching,a64ebc5ea6038b996306e9639723729eaba30e3ac46911d3027809814299635a,"{""code"":""double_measurement_surface_code"",""diameter"":14,""noise_model"":""SI1000"",""p"":0.0023,""rounds"":14}"
     24300,         4,         0,    16.0,pymatching,cfbb08ade772fa828c111dbf1671bc0a7654ead28f6e0ecb200aa289d83a0300,"{""code"":""double_measurement_surface_code"",""diameter"":14,""noise_model"":""SI1000"",""p"":0.0025250000000000003,""rounds"":14}"
     27000,         4,         0,    24.9,pymatching,cfbb08ade772fa828c111dbf1671bc0a7654ead28f6e0ecb200aa289d83a0300,"{""code"":""double_measurement_surface_code"",""diameter"":14,""noise_model"":""SI1000"",""p"":0.0025250000000000003,""rounds"":14}"
     37800,         7,         0,    37.8,pymatching,cfbb08ade772fa828c111dbf1671bc0a7654ead28f6e0ecb200aa289d83a0300,"{""code"":""double_measurement_surface_code"",""diameter"":14,""noise_model"":""SI1000"",""p"":0.0025250000000000003,""rounds"":14}"
     59400,         9,         0,    58.6,pymatching,cfbb08ade772fa828c111dbf1671bc0a7654ead28f6e0ecb200aa289d83a0300,"{""code"":""double_measurement_surface_code"",""diameter"":14,""noise_model"":""SI1000"",""p"":0.0025250000000000003,""rounds"":14}"
    151564,        11,         0,    92.5,pymatching,a64ebc5ea6038b996306e9639723729eaba30e3ac46911d3027809814299635a,"{""code"":""double_measurement_surface_code"",""diameter"":14,""noise_model"":""SI1000"",""p"":0.0023,""rounds"":14}"
    108000,        16,         0,    72.7,pymatching,cfbb08ade772fa828c111dbf1671bc0a7654ead28f6e0ecb200aa289d83a0300,"{""code"":""double_measurement_surface_code"",""diameter"":14,""noise_model"":""SI1000"",""p"":0.0025250000000000003,""rounds"":14}"
    149963,        12,         0,   130.0,pymatching,a64ebc5ea6038b996306e9639723729eaba30e3ac46911d3027809814299635a,"{""code"":""double_measurement_surface_code"",""diameter"":14,""noise_model"":""SI1000"",""p"":0.0023,""rounds"":14}"
    150584,        15,         0,   130.5,pymatching,a64ebc5ea6038b996306e9639723729eaba30e3ac46911d3027809814299635a,"{""code"":""double_measurement_surface_code"",""diameter"":14,""noise_model"":""SI1000"",""p"":0.0023,""rounds"":14}"
    151229,        10,         0,   131.8,pymatching,a64ebc5ea6038b996306e9639723729eaba30e3ac46911d3027809814299635a,"{""code"":""double_measurement_surface_code"",""diameter"":14,""noise_model"":""SI1000"",""p"":0.0023,""rounds"":14}"
    150897,        11,         0,   133.3,pymatching,a64ebc5ea6038b996306e9639723729eaba30e3ac46911d3027809814299635a,"{""code"":""double_measurement_surface_code"",""diameter"":14,""noise_model"":""SI1000"",""p"":0.0023,""rounds"":14}"
    150269,        10,         0,   133.5,pymatching,a64ebc5ea6038b996306e9639723729eaba30e3ac46911d3027809814299635a,"{""code"":""double_measurement_surface_code"",""diameter"":14,""noise_model"":""SI1000"",""p"":0.0023,""rounds"":14}"
    140283,        27,         0,   133.7,pymatching,cfbb08ade772fa828c111dbf1671bc0a7654ead28f6e0ecb200aa289d83a0300,"{""code"":""double_measurement_surface_code"",""diameter"":14,""noise_model"":""SI1000"",""p"":0.0025250000000000003,""rounds"":14}"
    129109,        21,         0,    86.8,pymatching,cfbb08ade772fa828c111dbf1671bc0a7654ead28f6e0ecb200aa289d83a0300,"{""code"":""double_measurement_surface_code"",""diameter"":14,""noise_model"":""SI1000"",""p"":0.0025250000000000003,""rounds"":14}"
    133146,        25,         0,   128.4,pymatching,cfbb08ade772fa828c111dbf1671bc0a7654ead28f6e0ecb200aa289d83a0300,"{""code"":""double_measurement_surface_code"",""diameter"":14,""noise_model"":""SI1000"",""p"":0.0025250000000000003,""rounds"":14}"
    144075,        26,         0,    96.3,pymatching,cfbb08ade772fa828c111dbf1671bc0a7654ead28f6e0ecb200aa289d83a0300,"{""code"":""double_measurement_surface_code"",""diameter"":14,""noise_model"":""SI1000"",""p"":0.0025250000000000003,""rounds"":14}"
    129109,        25,         0,   123.0,pymatching,cfbb08ade772fa828c111dbf1671bc0a7654ead28f6e0ecb200aa289d83a0300,"{""code"":""double_measurement_surface_code"",""diameter"":14,""noise_model"":""SI1000"",""p"":0.0025250000000000003,""rounds"":14}"
    144075,        25,         0,   138.5,pymatching,cfbb08ade772fa828c111dbf1671bc0a7654ead28f6e0ecb200aa289d83a0300,"{""code"":""double_measurement_surface_code"",""diameter"":14,""noise_model"":""SI1000"",""p"":0.0025250000000000003,""rounds"":14}"
    144075,        21,         0,   139.4,pymatching,cfbb08ade772fa828c111dbf1671bc0a7654ead28f6e0ecb200aa289d83a0300,"{""code"":""double_measurement_surface_code"",""diameter"":14,""noise_model"":""SI1000"",""p"":0.0025250000000000003,""rounds"":14}"
    144075,        23,         0,   139.5,pymatching,cfbb08ade772fa828c111dbf1671bc0a7654ead28f6e0ecb200aa289d83a0300,"{""code"":""double_measurement_surface_code"",""diameter"":14,""noise_model"":""SI1000"",""p"":0.0025250000000000003,""rounds"":14}"
    144075,        34,         0,   139.5,pymatching,cfbb08ade772fa828c111dbf1671bc0a7654ead28f6e0ecb200aa289d83a0300,"{""code"":""double_measurement_surface_code"",""diameter"":14,""noise_model"":""SI1000"",""p"":0.0025250000000000003,""rounds"":14}"
    145285,        21,         0,    98.6,pymatching,cfbb08ade772fa828c111dbf1671bc0a7654ead28f6e0ecb200aa289d83a0300,"{""code"":""double_measurement_surface_code"",""diameter"":14,""noise_model"":""SI1000"",""p"":0.0025250000000000003,""rounds"":14}"
    144075,        28,         0,   140.5,pymatching,cfbb08ade772fa828c111dbf1671bc0a7654ead28f6e0ecb200aa289d83a0300,"{""code"":""double_measurement_surface_code"",""diameter"":14,""noise_model"":""SI1000"",""p"":0.0025250000000000003,""rounds"":14}"
    146194,        24,         0,    97.0,pymatching,cfbb08ade772fa828c111dbf1671bc0a7654ead28f6e0ecb200aa289d83a0300,"{""code"":""double_measurement_surface_code"",""diameter"":14,""noise_model"":""SI1000"",""p"":0.0025250000000000003,""rounds"":14}"
    137548,        21,         0,   131.1,pymatching,cfbb08ade772fa828c111dbf1671bc0a7654ead28f6e0ecb200aa289d83a0300,"{""code"":""double_measurement_surface_code"",""diameter"":14,""noise_model"":""SI1000"",""p"":0.0025250000000000003,""rounds"":14}"
    140727,        30,         0,   135.9,pymatching,cfbb08ade772fa828c111dbf1671bc0a7654ead28f6e0ecb200aa289d83a0300,"{""code"":""double_measurement_surface_code"",""diameter"":14,""noise_model"":""SI1000"",""p"":0.0025250000000000003,""rounds"":14}"
    143117,        24,         0,   136.7,pymatching,cfbb08ade772fa828c111dbf1671bc0a7654ead28f6e0ecb200aa289d83a0300,"{""code"":""double_measurement_surface_code"",""diameter"":14,""noise_model"":""SI1000"",""p"":0.0025250000000000003,""rounds"":14}"
    138177,        20,         0,    93.3,pymatching,cfbb08ade772fa828c111dbf1671bc0a7654ead28f6e0ecb200aa289d83a0300,"{""code"":""double_measurement_surface_code"",""diameter"":14,""noise_model"":""SI1000"",""p"":0.0025250000000000003,""rounds"":14}"
    139364,        30,         0,    94.1,pymatching,cfbb08ade772fa828c111dbf1671bc0a7654ead28f6e0ecb200aa289d83a0300,"{""code"":""double_measurement_surface_code"",""diameter"":14,""noise_model"":""SI1000"",""p"":0.0025250000000000003,""rounds"":14}"
    136682,        19,         0,   132.4,pymatching,cfbb08ade772fa828c111dbf1671bc0a7654ead28f6e0ecb200aa289d83a0300,"{""code"":""double_measurement_surface_code"",""diameter"":14,""noise_model"":""SI1000"",""p"":0.0025250000000000003,""rounds"":14}"
    138319,        25,         0,   134.2,pymatching,cfbb08ade772fa828c111dbf1671bc0a7654ead28f6e0ecb200aa289d83a0300,"{""code"":""double_measurement_surface_code"",""diameter"":14,""noise_model"":""SI1000"",""p"":0.0025250000000000003,""rounds"":14}"
    140434,        16,         0,   135.3,pymatching,cfbb08ade772fa828c111dbf1671bc0a7654ead28f6e0ecb200aa289d83a0300,"{""code"":""double_measurement_surface_code"",""diameter"":14,""noise_model"":""SI1000"",""p"":0.0025250000000000003,""rounds"":14}"
    135380,        21,         0,   132.1,pymatching,cfbb08ade772fa828c111dbf1671bc0a7654ead28f6e0ecb200aa289d83a0300,"{""code"":""double_measurement_surface_code"",""diameter"":14,""noise_model"":""SI1000"",""p"":0.0025250000000000003,""rounds"":14}"
    136851,        20,         0,   133.8,pymatching,cfbb08ade772fa828c111dbf1671bc0a7654ead28f6e0ecb200aa289d83a0300,"{""code"":""double_measurement_surface_code"",""diameter"":14,""noise_model"":""SI1000"",""p"":0.0025250000000000003,""rounds"":14}"
    138399,        24,         0,   132.2,pymatching,cfbb08ade772fa828c111dbf1671bc0a7654ead28f6e0ecb200aa289d83a0300,"{""code"":""double_measurement_surface_code"",""diameter"":14,""noise_model"":""SI1000"",""p"":0.0025250000000000003,""rounds"":14}"
    137426,        25,         0,   133.0,pymatching,cfbb08ade772fa828c111dbf1671bc0a7654ead28f6e0ecb200aa289d83a0300,"{""code"":""double_measurement_surface_code"",""diameter"":14,""noise_model"":""SI1000"",""p"":0.0025250000000000003,""rounds"":14}"
    138406,        29,         0,    93.3,pymatching,cfbb08ade772fa828c111dbf1671bc0a7654ead28f6e0ecb200aa289d83a0300,"{""code"":""double_measurement_surface_code"",""diameter"":14,""noise_model"":""SI1000"",""p"":0.0025250000000000003,""rounds"":14}"
    136660,        19,         0,   131.5,pymatching,cfbb08ade772fa828c111dbf1671bc0a7654ead28f6e0ecb200aa289d83a0300,"{""code"":""double_measurement_surface_code"",""diameter"":14,""noise_model"":""SI1000"",""p"":0.0025250000000000003,""rounds"":14}"
    140021,        31,         0,    93.1,pymatching,cfbb08ade772fa828c111dbf1671bc0a7654ead28f6e0ecb200aa289d83a0300,"{""code"":""double_measurement_surface_code"",""diameter"":14,""noise_model"":""SI1000"",""p"":0.0025250000000000003,""rounds"":14}"
    137638,        20,         0,   133.0,pymatching,cfbb08ade772fa828c111dbf1671bc0a7654ead28f6e0ecb200aa289d83a0300,"{""code"":""double_measurement_surface_code"",""diameter"":14,""noise_model"":""SI1000"",""p"":0.0025250000000000003,""rounds"":14}"
    136951,        18,         0,   133.6,pymatching,cfbb08ade772fa828c111dbf1671bc0a7654ead28f6e0ecb200aa289d83a0300,"{""code"":""double_measurement_surface_code"",""diameter"":14,""noise_model"":""SI1000"",""p"":0.0025250000000000003,""rounds"":14}"
    138330,        25,         0,   134.5,pymatching,cfbb08ade772fa828c111dbf1671bc0a7654ead28f6e0ecb200aa289d83a0300,"{""code"":""double_measurement_surface_code"",""diameter"":14,""noise_model"":""SI1000"",""p"":0.0025250000000000003,""rounds"":14}"
    139141,        23,         0,   135.1,pymatching,cfbb08ade772fa828c111dbf1671bc0a7654ead28f6e0ecb200aa289d83a0300,"{""code"":""double_measurement_surface_code"",""diameter"":14,""noise_model"":""SI1000"",""p"":0.0025250000000000003,""rounds"":14}"
    136306,        27,         0,   133.3,pymatching,cfbb08ade772fa828c111dbf1671bc0a7654ead28f6e0ecb200aa289d83a0300,"{""code"":""double_measurement_surface_code"",""diameter"":14,""noise_model"":""SI1000"",""p"":0.0025250000000000003,""rounds"":14}"
       200,         0,         0,   0.715,pymatching,977a7f7abcbfcc7d929f4bb2187554a174520520340b000a17a8468654237363,"{""code"":""double_measurement_surface_code"",""diameter"":14,""noise_model"":""SI1000"",""p"":0.0027500000000000003,""rounds"":14}"
       600,         0,         0,    1.00,pymatching,977a7f7abcbfcc7d929f4bb2187554a174520520340b000a17a8468654237363,"{""code"":""double_measurement_surface_code"",""diameter"":14,""noise_model"":""SI1000"",""p"":0.0027500000000000003,""rounds"":14}"
      1800,         0,         0,    2.23,pymatching,977a7f7abcbfcc7d929f4bb2187554a174520520340b000a17a8468654237363,"{""code"":""double_measurement_surface_code"",""diameter"":14,""noise_model"":""SI1000"",""p"":0.0027500000000000003,""rounds"":14}"
      5400,         2,         0,    5.80,pymatching,977a7f7abcbfcc7d929f4bb2187554a174520520340b000a17a8468654237363,"{""code"":""double_measurement_surface_code"",""diameter"":14,""noise_model"":""SI1000"",""p"":0.0027500000000000003,""rounds"":14}"
    136560,        21,         0,    92.4,pymatching,cfbb08ade772fa828c111dbf1671bc0a7654ead28f6e0ecb200aa289d83a0300,"{""code"":""double_measurement_surface_code"",""diameter"":14,""noise_model"":""SI1000"",""p"":0.0025250000000000003,""rounds"":14}"
    135850,        29,         0,   131.0,pymatching,cfbb08ade772fa828c111dbf1671bc0a7654ead28f6e0ecb200aa289d83a0300,"{""code"":""double_measurement_surface_code"",""diameter"":14,""noise_model"":""SI1000"",""p"":0.0025250000000000003,""rounds"":14}"
     16200,         6,         0,    12.8,pymatching,977a7f7abcbfcc7d929f4bb2187554a174520520340b000a17a8468654237363,"{""code"":""double_measurement_surface_code"",""diameter"":14,""noise_model"":""SI1000"",""p"":0.0027500000000000003,""rounds"":14}"
     16200,         6,         0,    17.8,pymatching,977a7f7abcbfcc7d929f4bb2187554a174520520340b000a17a8468654237363,"{""code"":""double_measurement_surface_code"",""diameter"":14,""noise_model"":""SI1000"",""p"":0.0027500000000000003,""rounds"":14}"
      8100,         3,         0,    9.31,pymatching,977a7f7abcbfcc7d929f4bb2187554a174520520340b000a17a8468654237363,"{""code"":""double_measurement_surface_code"",""diameter"":14,""noise_model"":""SI1000"",""p"":0.0027500000000000003,""rounds"":14}"
    137275,        27,         0,    92.9,pymatching,cfbb08ade772fa828c111dbf1671bc0a7654ead28f6e0ecb200aa289d83a0300,"{""code"":""double_measurement_surface_code"",""diameter"":14,""noise_model"":""SI1000"",""p"":0.0025250000000000003,""rounds"":14}"
     16200,         5,         0,    12.2,pymatching,977a7f7abcbfcc7d929f4bb2187554a174520520340b000a17a8468654237363,"{""code"":""double_measurement_surface_code"",""diameter"":14,""noise_model"":""SI1000"",""p"":0.0027500000000000003,""rounds"":14}"
    135361,        26,         0,   131.8,pymatching,cfbb08ade772fa828c111dbf1671bc0a7654ead28f6e0ecb200aa289d83a0300,"{""code"":""double_measurement_surface_code"",""diameter"":14,""noise_model"":""SI1000"",""p"":0.0025250000000000003,""rounds"":14}"
       200,         0,         0,   0.741,pymatching,a6d367c7fe0b9dc104179b9c2bdab365446218af83883880c5a9a83b662c1716,"{""code"":""double_measurement_surface_code"",""diameter"":14,""noise_model"":""SI1000"",""p"":0.002975,""rounds"":14}"
       600,         0,         0,    1.14,pymatching,a6d367c7fe0b9dc104179b9c2bdab365446218af83883880c5a9a83b662c1716,"{""code"":""double_measurement_surface_code"",""diameter"":14,""noise_model"":""SI1000"",""p"":0.002975,""rounds"":14}"
      1800,         1,         0,    2.65,pymatching,a6d367c7fe0b9dc104179b9c2bdab365446218af83883880c5a9a83b662c1716,"{""code"":""double_measurement_surface_code"",""diameter"":14,""noise_model"":""SI1000"",""p"":0.002975,""rounds"":14}"
    136107,        19,         0,   131.6,pymatching,cfbb08ade772fa828c111dbf1671bc0a7654ead28f6e0ecb200aa289d83a0300,"{""code"":""double_measurement_surface_code"",""diameter"":14,""noise_model"":""SI1000"",""p"":0.0025250000000000003,""rounds"":14}"
     48600,        26,         0,    37.5,pymatching,977a7f7abcbfcc7d929f4bb2187554a174520520340b000a17a8468654237363,"{""code"":""double_measurement_surface_code"",""diameter"":14,""noise_model"":""SI1000"",""p"":0.0027500000000000003,""rounds"":14}"
      5400,         4,         0,    7.12,pymatching,a6d367c7fe0b9dc104179b9c2bdab365446218af83883880c5a9a83b662c1716,"{""code"":""double_measurement_surface_code"",""diameter"":14,""noise_model"":""SI1000"",""p"":0.002975,""rounds"":14}"
     74495,        10,         0,    71.7,pymatching,cfbb08ade772fa828c111dbf1671bc0a7654ead28f6e0ecb200aa289d83a0300,"{""code"":""double_measurement_surface_code"",""diameter"":14,""noise_model"":""SI1000"",""p"":0.0025250000000000003,""rounds"":14}"
      5400,         4,         0,    7.03,pymatching,a6d367c7fe0b9dc104179b9c2bdab365446218af83883880c5a9a83b662c1716,"{""code"":""double_measurement_surface_code"",""diameter"":14,""noise_model"":""SI1000"",""p"":0.002975,""rounds"":14}"
     18336,         9,         0,    20.2,pymatching,977a7f7abcbfcc7d929f4bb2187554a174520520340b000a17a8468654237363,"{""code"":""double_measurement_surface_code"",""diameter"":14,""noise_model"":""SI1000"",""p"":0.0027500000000000003,""rounds"":14}"
     27000,        16,         0,    32.9,pymatching,a6d367c7fe0b9dc104179b9c2bdab365446218af83883880c5a9a83b662c1716,"{""code"":""double_measurement_surface_code"",""diameter"":14,""noise_model"":""SI1000"",""p"":0.002975,""rounds"":14}"
     81000,        29,         0,    88.6,pymatching,977a7f7abcbfcc7d929f4bb2187554a174520520340b000a17a8468654237363,"{""code"":""double_measurement_surface_code"",""diameter"":14,""noise_model"":""SI1000"",""p"":0.0027500000000000003,""rounds"":14}"
     97200,        39,         0,    74.0,pymatching,977a7f7abcbfcc7d929f4bb2187554a174520520340b000a17a8468654237363,"{""code"":""double_measurement_surface_code"",""diameter"":14,""noise_model"":""SI1000"",""p"":0.0027500000000000003,""rounds"":14}"
    136800,        22,         0,   131.6,pymatching,cfbb08ade772fa828c111dbf1671bc0a7654ead28f6e0ecb200aa289d83a0300,"{""code"":""double_measurement_surface_code"",""diameter"":14,""noise_model"":""SI1000"",""p"":0.0025250000000000003,""rounds"":14}"
    136316,        24,         0,   131.6,pymatching,cfbb08ade772fa828c111dbf1671bc0a7654ead28f6e0ecb200aa289d83a0300,"{""code"":""double_measurement_surface_code"",""diameter"":14,""noise_model"":""SI1000"",""p"":0.0025250000000000003,""rounds"":14}"
    135877,        12,         0,   132.0,pymatching,cfbb08ade772fa828c111dbf1671bc0a7654ead28f6e0ecb200aa289d83a0300,"{""code"":""double_measurement_surface_code"",""diameter"":14,""noise_model"":""SI1000"",""p"":0.0025250000000000003,""rounds"":14}"
     97200,        35,         0,   102.8,pymatching,977a7f7abcbfcc7d929f4bb2187554a174520520340b000a17a8468654237363,"{""code"":""double_measurement_surface_code"",""diameter"":14,""noise_model"":""SI1000"",""p"":0.0027500000000000003,""rounds"":14}"
     23641,         3,         0,    23.0,pymatching,cfbb08ade772fa828c111dbf1671bc0a7654ead28f6e0ecb200aa289d83a0300,"{""code"":""double_measurement_surface_code"",""diameter"":14,""noise_model"":""SI1000"",""p"":0.0025250000000000003,""rounds"":14}"
    136632,        49,         0,   102.3,pymatching,977a7f7abcbfcc7d929f4bb2187554a174520520340b000a17a8468654237363,"{""code"":""double_measurement_surface_code"",""diameter"":14,""noise_model"":""SI1000"",""p"":0.0027500000000000003,""rounds"":14}"
     81000,        52,         0,    93.7,pymatching,a6d367c7fe0b9dc104179b9c2bdab365446218af83883880c5a9a83b662c1716,"{""code"":""double_measurement_surface_code"",""diameter"":14,""noise_model"":""SI1000"",""p"":0.002975,""rounds"":14}"
    110016,        42,         0,   116.4,pymatching,977a7f7abcbfcc7d929f4bb2187554a174520520340b000a17a8468654237363,"{""code"":""double_measurement_surface_code"",""diameter"":14,""noise_model"":""SI1000"",""p"":0.0027500000000000003,""rounds"":14}"
    136632,        48,         0,   146.3,pymatching,977a7f7abcbfcc7d929f4bb2187554a174520520340b000a17a8468654237363,"{""code"":""double_measurement_surface_code"",""diameter"":14,""noise_model"":""SI1000"",""p"":0.0027500000000000003,""rounds"":14}"
    131695,        50,         0,    97.8,pymatching,977a7f7abcbfcc7d929f4bb2187554a174520520340b000a17a8468654237363,"{""code"":""double_measurement_surface_code"",""diameter"":14,""noise_model"":""SI1000"",""p"":0.0027500000000000003,""rounds"":14}"
    122513,        48,         0,   131.6,pymatching,977a7f7abcbfcc7d929f4bb2187554a174520520340b000a17a8468654237363,"{""code"":""double_measurement_surface_code"",""diameter"":14,""noise_model"":""SI1000"",""p"":0.0027500000000000003,""rounds"":14}"
    131695,        44,         0,   140.0,pymatching,977a7f7abcbfcc7d929f4bb2187554a174520520340b000a17a8468654237363,"{""code"":""double_measurement_surface_code"",""diameter"":14,""noise_model"":""SI1000"",""p"":0.0027500000000000003,""rounds"":14}"
    133837,        58,         0,   100.9,pymatching,977a7f7abcbfcc7d929f4bb2187554a174520520340b000a17a8468654237363,"{""code"":""double_measurement_surface_code"",""diameter"":14,""noise_model"":""SI1000"",""p"":0.0027500000000000003,""rounds"":14}"
    131695,        51,         0,   140.7,pymatching,977a7f7abcbfcc7d929f4bb2187554a174520520340b000a17a8468654237363,"{""code"":""double_measurement_surface_code"",""diameter"":14,""noise_model"":""SI1000"",""p"":0.0027500000000000003,""rounds"":14}"
    126830,        53,         0,   135.1,pymatching,977a7f7abcbfcc7d929f4bb2187554a174520520340b000a17a8468654237363,"{""code"":""double_measurement_surface_code"",""diameter"":14,""noise_model"":""SI1000"",""p"":0.0027500000000000003,""rounds"":14}"
    126830,        43,         0,   134.6,pymatching,977a7f7abcbfcc7d929f4bb2187554a174520520340b000a17a8468654237363,"{""code"":""double_measurement_surface_code"",""diameter"":14,""noise_model"":""SI1000"",""p"":0.0027500000000000003,""rounds"":14}"
      3795,         3,         0,    4.63,pymatching,977a7f7abcbfcc7d929f4bb2187554a174520520340b000a17a8468654237363,"{""code"":""double_measurement_surface_code"",""diameter"":14,""noise_model"":""SI1000"",""p"":0.0027500000000000003,""rounds"":14}"
     25683,         8,         0,    27.8,pymatching,977a7f7abcbfcc7d929f4bb2187554a174520520340b000a17a8468654237363,"{""code"":""double_measurement_surface_code"",""diameter"":14,""noise_model"":""SI1000"",""p"":0.0027500000000000003,""rounds"":14}"
       994,         2,         0,    1.58,pymatching,977a7f7abcbfcc7d929f4bb2187554a174520520340b000a17a8468654237363,"{""code"":""double_measurement_surface_code"",""diameter"":14,""noise_model"":""SI1000"",""p"":0.0027500000000000003,""rounds"":14}"
    130472,        40,         0,    97.0,pymatching,977a7f7abcbfcc7d929f4bb2187554a174520520340b000a17a8468654237363,"{""code"":""double_measurement_surface_code"",""diameter"":14,""noise_model"":""SI1000"",""p"":0.0027500000000000003,""rounds"":14}"
     30606,        13,         0,    23.2,pymatching,977a7f7abcbfcc7d929f4bb2187554a174520520340b000a17a8468654237363,"{""code"":""double_measurement_surface_code"",""diameter"":14,""noise_model"":""SI1000"",""p"":0.0027500000000000003,""rounds"":14}"
    133837,        50,         0,   143.2,pymatching,977a7f7abcbfcc7d929f4bb2187554a174520520340b000a17a8468654237363,"{""code"":""double_measurement_surface_code"",""diameter"":14,""noise_model"":""SI1000"",""p"":0.0027500000000000003,""rounds"":14}"
    129896,        36,         0,   139.2,pymatching,977a7f7abcbfcc7d929f4bb2187554a174520520340b000a17a8468654237363,"{""code"":""double_measurement_surface_code"",""diameter"":14,""noise_model"":""SI1000"",""p"":0.0027500000000000003,""rounds"":14}"
    126419,        40,         0,   136.2,pymatching,977a7f7abcbfcc7d929f4bb2187554a174520520340b000a17a8468654237363,"{""code"":""double_measurement_surface_code"",""diameter"":14,""noise_model"":""SI1000"",""p"":0.0027500000000000003,""rounds"":14}"
    128805,        37,         0,    98.2,pymatching,977a7f7abcbfcc7d929f4bb2187554a174520520340b000a17a8468654237363,"{""code"":""double_measurement_surface_code"",""diameter"":14,""noise_model"":""SI1000"",""p"":0.0027500000000000003,""rounds"":14}"
     22408,        10,         0,    25.2,pymatching,977a7f7abcbfcc7d929f4bb2187554a174520520340b000a17a8468654237363,"{""code"":""double_measurement_surface_code"",""diameter"":14,""noise_model"":""SI1000"",""p"":0.0027500000000000003,""rounds"":14}"
     39898,        12,         0,    44.2,pymatching,977a7f7abcbfcc7d929f4bb2187554a174520520340b000a17a8468654237363,"{""code"":""double_measurement_surface_code"",""diameter"":14,""noise_model"":""SI1000"",""p"":0.0027500000000000003,""rounds"":14}"
    127952,        61,         0,   138.0,pymatching,977a7f7abcbfcc7d929f4bb2187554a174520520340b000a17a8468654237363,"{""code"":""double_measurement_surface_code"",""diameter"":14,""noise_model"":""SI1000"",""p"":0.0027500000000000003,""rounds"":14}"
    100273,        63,         0,   120.3,pymatching,a6d367c7fe0b9dc104179b9c2bdab365446218af83883880c5a9a83b662c1716,"{""code"":""double_measurement_surface_code"",""diameter"":14,""noise_model"":""SI1000"",""p"":0.002975,""rounds"":14}"
      2101,         0,         0,    2.67,pymatching,977a7f7abcbfcc7d929f4bb2187554a174520520340b000a17a8468654237363,"{""code"":""double_measurement_surface_code"",""diameter"":14,""noise_model"":""SI1000"",""p"":0.0027500000000000003,""rounds"":14}"
     32494,        12,         0,    25.4,pymatching,977a7f7abcbfcc7d929f4bb2187554a174520520340b000a17a8468654237363,"{""code"":""double_measurement_surface_code"",""diameter"":14,""noise_model"":""SI1000"",""p"":0.0027500000000000003,""rounds"":14}"
      5862,         1,         0,    7.30,pymatching,a6d367c7fe0b9dc104179b9c2bdab365446218af83883880c5a9a83b662c1716,"{""code"":""double_measurement_surface_code"",""diameter"":14,""noise_model"":""SI1000"",""p"":0.002975,""rounds"":14}"
    126066,        47,         0,   134.7,pymatching,977a7f7abcbfcc7d929f4bb2187554a174520520340b000a17a8468654237363,"{""code"":""double_measurement_surface_code"",""diameter"":14,""noise_model"":""SI1000"",""p"":0.0027500000000000003,""rounds"":14}"
    100273,        57,         0,   119.0,pymatching,a6d367c7fe0b9dc104179b9c2bdab365446218af83883880c5a9a83b662c1716,"{""code"":""double_measurement_surface_code"",""diameter"":14,""noise_model"":""SI1000"",""p"":0.002975,""rounds"":14}"
    100273,        69,         0,   118.4,pymatching,a6d367c7fe0b9dc104179b9c2bdab365446218af83883880c5a9a83b662c1716,"{""code"":""double_measurement_surface_code"",""diameter"":14,""noise_model"":""SI1000"",""p"":0.002975,""rounds"":14}"
    100273,        65,         0,    83.3,pymatching,a6d367c7fe0b9dc104179b9c2bdab365446218af83883880c5a9a83b662c1716,"{""code"":""double_measurement_surface_code"",""diameter"":14,""noise_model"":""SI1000"",""p"":0.002975,""rounds"":14}"
    100273,        78,         0,   118.0,pymatching,a6d367c7fe0b9dc104179b9c2bdab365446218af83883880c5a9a83b662c1716,"{""code"":""double_measurement_surface_code"",""diameter"":14,""noise_model"":""SI1000"",""p"":0.002975,""rounds"":14}"
       200,         0,         0,   0.782,pymatching,1bac401a048f1df53ec97a72b0709b10d7bd487ce4901a52401d24e9255960c9,"{""code"":""double_measurement_surface_code"",""diameter"":14,""noise_model"":""SI1000"",""p"":0.0032,""rounds"":14}"
       600,         0,         0,    1.23,pymatching,1bac401a048f1df53ec97a72b0709b10d7bd487ce4901a52401d24e9255960c9,"{""code"":""double_measurement_surface_code"",""diameter"":14,""noise_model"":""SI1000"",""p"":0.0032,""rounds"":14}"
      1800,         1,         0,    2.88,pymatching,1bac401a048f1df53ec97a72b0709b10d7bd487ce4901a52401d24e9255960c9,"{""code"":""double_measurement_surface_code"",""diameter"":14,""noise_model"":""SI1000"",""p"":0.0032,""rounds"":14}"
      5400,         9,         0,    7.75,pymatching,1bac401a048f1df53ec97a72b0709b10d7bd487ce4901a52401d24e9255960c9,"{""code"":""double_measurement_surface_code"",""diameter"":14,""noise_model"":""SI1000"",""p"":0.0032,""rounds"":14}"
    100147,        72,         0,    84.4,pymatching,a6d367c7fe0b9dc104179b9c2bdab365446218af83883880c5a9a83b662c1716,"{""code"":""double_measurement_surface_code"",""diameter"":14,""noise_model"":""SI1000"",""p"":0.002975,""rounds"":14}"
     16200,        16,         0,    15.5,pymatching,1bac401a048f1df53ec97a72b0709b10d7bd487ce4901a52401d24e9255960c9,"{""code"":""double_measurement_surface_code"",""diameter"":14,""noise_model"":""SI1000"",""p"":0.0032,""rounds"":14}"
     16200,        22,         0,    22.2,pymatching,1bac401a048f1df53ec97a72b0709b10d7bd487ce4901a52401d24e9255960c9,"{""code"":""double_measurement_surface_code"",""diameter"":14,""noise_model"":""SI1000"",""p"":0.0032,""rounds"":14}"
    100273,        46,         0,   118.5,pymatching,a6d367c7fe0b9dc104179b9c2bdab365446218af83883880c5a9a83b662c1716,"{""code"":""double_measurement_surface_code"",""diameter"":14,""noise_model"":""SI1000"",""p"":0.002975,""rounds"":14}"
    100147,        66,         0,   120.0,pymatching,a6d367c7fe0b9dc104179b9c2bdab365446218af83883880c5a9a83b662c1716,"{""code"":""double_measurement_surface_code"",""diameter"":14,""noise_model"":""SI1000"",""p"":0.002975,""rounds"":14}"
    106792,        59,         0,    89.2,pymatching,a6d367c7fe0b9dc104179b9c2bdab365446218af83883880c5a9a83b662c1716,"{""code"":""double_measurement_surface_code"",""diameter"":14,""noise_model"":""SI1000"",""p"":0.002975,""rounds"":14}"
    100147,        67,         0,   120.5,pymatching,a6d367c7fe0b9dc104179b9c2bdab365446218af83883880c5a9a83b662c1716,"{""code"":""double_measurement_surface_code"",""diameter"":14,""noise_model"":""SI1000"",""p"":0.002975,""rounds"":14}"
    100047,        64,         0,   119.1,pymatching,a6d367c7fe0b9dc104179b9c2bdab365446218af83883880c5a9a83b662c1716,"{""code"":""double_measurement_surface_code"",""diameter"":14,""noise_model"":""SI1000"",""p"":0.002975,""rounds"":14}"
       200,         0,         0,   0.774,pymatching,eb52141b4ff720e3a11876d174233ea1883e67f9c5acb68543605b9895d4868b,"{""code"":""double_measurement_surface_code"",""diameter"":14,""noise_model"":""SI1000"",""p"":0.003425,""rounds"":14}"
       200,         0,         0,   0.782,pymatching,eb52141b4ff720e3a11876d174233ea1883e67f9c5acb68543605b9895d4868b,"{""code"":""double_measurement_surface_code"",""diameter"":14,""noise_model"":""SI1000"",""p"":0.003425,""rounds"":14}"
       600,         0,         0,    1.24,pymatching,eb52141b4ff720e3a11876d174233ea1883e67f9c5acb68543605b9895d4868b,"{""code"":""double_measurement_surface_code"",""diameter"":14,""noise_model"":""SI1000"",""p"":0.003425,""rounds"":14}"
      1000,         3,         0,    1.93,pymatching,eb52141b4ff720e3a11876d174233ea1883e67f9c5acb68543605b9895d4868b,"{""code"":""double_measurement_surface_code"",""diameter"":14,""noise_model"":""SI1000"",""p"":0.003425,""rounds"":14}"
      2200,         7,         0,    3.40,pymatching,eb52141b4ff720e3a11876d174233ea1883e67f9c5acb68543605b9895d4868b,"{""code"":""double_measurement_surface_code"",""diameter"":14,""noise_model"":""SI1000"",""p"":0.003425,""rounds"":14}"
      4200,         9,         0,    6.53,pymatching,eb52141b4ff720e3a11876d174233ea1883e67f9c5acb68543605b9895d4868b,"{""code"":""double_measurement_surface_code"",""diameter"":14,""noise_model"":""SI1000"",""p"":0.003425,""rounds"":14}"
    100047,        68,         0,   120.1,pymatching,a6d367c7fe0b9dc104179b9c2bdab365446218af83883880c5a9a83b662c1716,"{""code"":""double_measurement_surface_code"",""diameter"":14,""noise_model"":""SI1000"",""p"":0.002975,""rounds"":14}"
     16894,        11,         0,    14.7,pymatching,a6d367c7fe0b9dc104179b9c2bdab365446218af83883880c5a9a83b662c1716,"{""code"":""double_measurement_surface_code"",""diameter"":14,""noise_model"":""SI1000"",""p"":0.002975,""rounds"":14}"
       200,         1,         0,   0.576,pymatching,3b0f733775f8e7888445027409456e6bc2daefcea257fd1a8598003b5bad2dd5,"{""code"":""double_measurement_surface_code"",""diameter"":14,""noise_model"":""SI1000"",""p"":0.0036500000000000005,""rounds"":14}"
       600,         1,         0,   0.982,pymatching,3b0f733775f8e7888445027409456e6bc2daefcea257fd1a8598003b5bad2dd5,"{""code"":""double_measurement_surface_code"",""diameter"":14,""noise_model"":""SI1000"",""p"":0.0036500000000000005,""rounds"":14}"
    100363,        73,         0,   119.7,pymatching,a6d367c7fe0b9dc104179b9c2bdab365446218af83883880c5a9a83b662c1716,"{""code"":""double_measurement_surface_code"",""diameter"":14,""noise_model"":""SI1000"",""p"":0.002975,""rounds"":14}"
      1800,         3,         0,    2.38,pymatching,3b0f733775f8e7888445027409456e6bc2daefcea257fd1a8598003b5bad2dd5,"{""code"":""double_measurement_surface_code"",""diameter"":14,""noise_model"":""SI1000"",""p"":0.0036500000000000005,""rounds"":14}"
      1800,         7,         0,    3.42,pymatching,3b0f733775f8e7888445027409456e6bc2daefcea257fd1a8598003b5bad2dd5,"{""code"":""double_measurement_surface_code"",""diameter"":14,""noise_model"":""SI1000"",""p"":0.0036500000000000005,""rounds"":14}"
      8600,        19,         0,    12.9,pymatching,eb52141b4ff720e3a11876d174233ea1883e67f9c5acb68543605b9895d4868b,"{""code"":""double_measurement_surface_code"",""diameter"":14,""noise_model"":""SI1000"",""p"":0.003425,""rounds"":14}"
     34752,        32,         0,    42.3,pymatching,a6d367c7fe0b9dc104179b9c2bdab365446218af83883880c5a9a83b662c1716,"{""code"":""double_measurement_surface_code"",""diameter"":14,""noise_model"":""SI1000"",""p"":0.002975,""rounds"":14}"
    100647,        60,         0,   121.4,pymatching,a6d367c7fe0b9dc104179b9c2bdab365446218af83883880c5a9a83b662c1716,"{""code"":""double_measurement_surface_code"",""diameter"":14,""noise_model"":""SI1000"",""p"":0.002975,""rounds"":14}"
     48600,        67,         0,    46.6,pymatching,1bac401a048f1df53ec97a72b0709b10d7bd487ce4901a52401d24e9255960c9,"{""code"":""double_measurement_surface_code"",""diameter"":14,""noise_model"":""SI1000"",""p"":0.0032,""rounds"":14}"
      5400,        27,         0,    6.60,pymatching,3b0f733775f8e7888445027409456e6bc2daefcea257fd1a8598003b5bad2dd5,"{""code"":""double_measurement_surface_code"",""diameter"":14,""noise_model"":""SI1000"",""p"":0.0036500000000000005,""rounds"":14}"
      9000,        31,         0,    14.4,pymatching,3b0f733775f8e7888445027409456e6bc2daefcea257fd1a8598003b5bad2dd5,"{""code"":""double_measurement_surface_code"",""diameter"":14,""noise_model"":""SI1000"",""p"":0.0036500000000000005,""rounds"":14}"
     17000,        38,         0,    24.7,pymatching,eb52141b4ff720e3a11876d174233ea1883e67f9c5acb68543605b9895d4868b,"{""code"":""double_measurement_surface_code"",""diameter"":14,""noise_model"":""SI1000"",""p"":0.003425,""rounds"":14}"
     16900,        41,         0,    24.5,pymatching,eb52141b4ff720e3a11876d174233ea1883e67f9c5acb68543605b9895d4868b,"{""code"":""double_measurement_surface_code"",""diameter"":14,""noise_model"":""SI1000"",""p"":0.003425,""rounds"":14}"
      8100,        31,         0,    12.8,pymatching,3b0f733775f8e7888445027409456e6bc2daefcea257fd1a8598003b5bad2dd5,"{""code"":""double_measurement_surface_code"",""diameter"":14,""noise_model"":""SI1000"",""p"":0.0036500000000000005,""rounds"":14}"
     17400,        62,         0,    24.1,pymatching,eb52141b4ff720e3a11876d174233ea1883e67f9c5acb68543605b9895d4868b,"{""code"":""double_measurement_surface_code"",""diameter"":14,""noise_model"":""SI1000"",""p"":0.003425,""rounds"":14}"
     34200,        75,         0,    48.9,pymatching,eb52141b4ff720e3a11876d174233ea1883e67f9c5acb68543605b9895d4868b,"{""code"":""double_measurement_surface_code"",""diameter"":14,""noise_model"":""SI1000"",""p"":0.003425,""rounds"":14}"
     81000,        97,         0,   105.7,pymatching,1bac401a048f1df53ec97a72b0709b10d7bd487ce4901a52401d24e9255960c9,"{""code"":""double_measurement_surface_code"",""diameter"":14,""noise_model"":""SI1000"",""p"":0.0032,""rounds"":14}"
     72900,        93,         0,    94.6,pymatching,1bac401a048f1df53ec97a72b0709b10d7bd487ce4901a52401d24e9255960c9,"{""code"":""double_measurement_surface_code"",""diameter"":14,""noise_model"":""SI1000"",""p"":0.0032,""rounds"":14}"
     22418,        47,         0,    32.3,pymatching,eb52141b4ff720e3a11876d174233ea1883e67f9c5acb68543605b9895d4868b,"{""code"":""double_measurement_surface_code"",""diameter"":14,""noise_model"":""SI1000"",""p"":0.003425,""rounds"":14}"
     55668,       135,         0,    81.0,pymatching,eb52141b4ff720e3a11876d174233ea1883e67f9c5acb68543605b9895d4868b,"{""code"":""double_measurement_surface_code"",""diameter"":14,""noise_model"":""SI1000"",""p"":0.003425,""rounds"":14}"
    109944,       182,         0,   100.7,pymatching,1bac401a048f1df53ec97a72b0709b10d7bd487ce4901a52401d24e9255960c9,"{""code"":""double_measurement_surface_code"",""diameter"":14,""noise_model"":""SI1000"",""p"":0.0032,""rounds"":14}"
    109944,       164,         0,   101.7,pymatching,1bac401a048f1df53ec97a72b0709b10d7bd487ce4901a52401d24e9255960c9,"{""code"":""double_measurement_surface_code"",""diameter"":14,""noise_model"":""SI1000"",""p"":0.0032,""rounds"":14}"
     71712,        91,         0,    94.5,pymatching,1bac401a048f1df53ec97a72b0709b10d7bd487ce4901a52401d24e9255960c9,"{""code"":""double_measurement_surface_code"",""diameter"":14,""noise_model"":""SI1000"",""p"":0.0032,""rounds"":14}"
     68200,       164,         0,    99.1,pymatching,eb52141b4ff720e3a11876d174233ea1883e67f9c5acb68543605b9895d4868b,"{""code"":""double_measurement_surface_code"",""diameter"":14,""noise_model"":""SI1000"",""p"":0.003425,""rounds"":14}"
     11148,        26,         0,    16.6,pymatching,eb52141b4ff720e3a11876d174233ea1883e67f9c5acb68543605b9895d4868b,"{""code"":""double_measurement_surface_code"",""diameter"":14,""noise_model"":""SI1000"",""p"":0.003425,""rounds"":14}"
       652,         0,         0,    1.42,pymatching,eb52141b4ff720e3a11876d174233ea1883e67f9c5acb68543605b9895d4868b,"{""code"":""double_measurement_surface_code"",""diameter"":14,""noise_model"":""SI1000"",""p"":0.003425,""rounds"":14}"
       610,         3,         0,    1.34,pymatching,eb52141b4ff720e3a11876d174233ea1883e67f9c5acb68543605b9895d4868b,"{""code"":""double_measurement_surface_code"",""diameter"":14,""noise_model"":""SI1000"",""p"":0.003425,""rounds"":14}"
      1043,         1,         0,    1.76,pymatching,eb52141b4ff720e3a11876d174233ea1883e67f9c5acb68543605b9895d4868b,"{""code"":""double_measurement_surface_code"",""diameter"":14,""noise_model"":""SI1000"",""p"":0.003425,""rounds"":14}"
       200,         2,         0,   0.801,pymatching,4b1dfa7a8a4b3848a1b62d0a87938f035bd92dc5f993c904d89449429dd2305d,"{""code"":""double_measurement_surface_code"",""diameter"":14,""noise_model"":""SI1000"",""p"":0.0038750000000000004,""rounds"":14}"
       600,         3,         0,    1.43,pymatching,4b1dfa7a8a4b3848a1b62d0a87938f035bd92dc5f993c904d89449429dd2305d,"{""code"":""double_measurement_surface_code"",""diameter"":14,""noise_model"":""SI1000"",""p"":0.0038750000000000004,""rounds"":14}"
       600,         1,         0,    1.42,pymatching,4b1dfa7a8a4b3848a1b62d0a87938f035bd92dc5f993c904d89449429dd2305d,"{""code"":""double_measurement_surface_code"",""diameter"":14,""noise_model"":""SI1000"",""p"":0.0038750000000000004,""rounds"":14}"
      1800,        13,         0,    3.59,pymatching,4b1dfa7a8a4b3848a1b62d0a87938f035bd92dc5f993c904d89449429dd2305d,"{""code"":""double_measurement_surface_code"",""diameter"":14,""noise_model"":""SI1000"",""p"":0.0038750000000000004,""rounds"":14}"
      3000,        14,         0,    5.54,pymatching,4b1dfa7a8a4b3848a1b62d0a87938f035bd92dc5f993c904d89449429dd2305d,"{""code"":""double_measurement_surface_code"",""diameter"":14,""noise_model"":""SI1000"",""p"":0.0038750000000000004,""rounds"":14}"
     79532,       177,         0,   114.3,pymatching,eb52141b4ff720e3a11876d174233ea1883e67f9c5acb68543605b9895d4868b,"{""code"":""double_measurement_surface_code"",""diameter"":14,""noise_model"":""SI1000"",""p"":0.003425,""rounds"":14}"
     75145,       192,         0,   111.0,pymatching,eb52141b4ff720e3a11876d174233ea1883e67f9c5acb68543605b9895d4868b,"{""code"":""double_measurement_surface_code"",""diameter"":14,""noise_model"":""SI1000"",""p"":0.003425,""rounds"":14}"
      6600,        40,         0,    11.8,pymatching,4b1dfa7a8a4b3848a1b62d0a87938f035bd92dc5f993c904d89449429dd2305d,"{""code"":""double_measurement_surface_code"",""diameter"":14,""noise_model"":""SI1000"",""p"":0.0038750000000000004,""rounds"":14}"
      7362,        21,         0,    10.9,pymatching,eb52141b4ff720e3a11876d174233ea1883e67f9c5acb68543605b9895d4868b,"{""code"":""double_measurement_surface_code"",""diameter"":14,""noise_model"":""SI1000"",""p"":0.003425,""rounds"":14}"
     12600,        81,         0,    22.1,pymatching,4b1dfa7a8a4b3848a1b62d0a87938f035bd92dc5f993c904d89449429dd2305d,"{""code"":""double_measurement_surface_code"",""diameter"":14,""noise_model"":""SI1000"",""p"":0.0038750000000000004,""rounds"":14}"
     27000,       118,         0,    44.0,pymatching,3b0f733775f8e7888445027409456e6bc2daefcea257fd1a8598003b5bad2dd5,"{""code"":""double_measurement_surface_code"",""diameter"":14,""noise_model"":""SI1000"",""p"":0.0036500000000000005,""rounds"":14}"
     12300,       101,         0,    21.8,pymatching,4b1dfa7a8a4b3848a1b62d0a87938f035bd92dc5f993c904d89449429dd2305d,"{""code"":""double_measurement_surface_code"",""diameter"":14,""noise_model"":""SI1000"",""p"":0.0038750000000000004,""rounds"":14}"
     13800,       112,         0,    24.0,pymatching,4b1dfa7a8a4b3848a1b62d0a87938f035bd92dc5f993c904d89449429dd2305d,"{""code"":""double_measurement_surface_code"",""diameter"":14,""noise_model"":""SI1000"",""p"":0.0038750000000000004,""rounds"":14}"
     63304,        86,         0,    84.7,pymatching,1bac401a048f1df53ec97a72b0709b10d7bd487ce4901a52401d24e9255960c9,"{""code"":""double_measurement_surface_code"",""diameter"":14,""noise_model"":""SI1000"",""p"":0.0032,""rounds"":14}"
       200,         3,         0,   0.883,pymatching,386a9faf8025731a2d3fc328df599039b8429eb1c8233a3e588b1ea6643dee9e,"{""code"":""double_measurement_surface_code"",""diameter"":14,""noise_model"":""SI1000"",""p"":0.0041,""rounds"":14}"
     54000,       239,         0,    61.7,pymatching,3b0f733775f8e7888445027409456e6bc2daefcea257fd1a8598003b5bad2dd5,"{""code"":""double_measurement_surface_code"",""diameter"":14,""noise_model"":""SI1000"",""p"":0.0036500000000000005,""rounds"":14}"
       600,        10,         0,    1.55,pymatching,386a9faf8025731a2d3fc328df599039b8429eb1c8233a3e588b1ea6643dee9e,"{""code"":""double_measurement_surface_code"",""diameter"":14,""noise_model"":""SI1000"",""p"":0.0041,""rounds"":14}"
       600,         3,         0,    1.17,pymatching,386a9faf8025731a2d3fc328df599039b8429eb1c8233a3e588b1ea6643dee9e,"{""code"":""double_measurement_surface_code"",""diameter"":14,""noise_model"":""SI1000"",""p"":0.0041,""rounds"":14}"
     54000,       207,         0,    62.3,pymatching,3b0f733775f8e7888445027409456e6bc2daefcea257fd1a8598003b5bad2dd5,"{""code"":""double_measurement_surface_code"",""diameter"":14,""noise_model"":""SI1000"",""p"":0.0036500000000000005,""rounds"":14}"
      6067,        24,         0,    9.90,pymatching,3b0f733775f8e7888445027409456e6bc2daefcea257fd1a8598003b5bad2dd5,"{""code"":""double_measurement_surface_code"",""diameter"":14,""noise_model"":""SI1000"",""p"":0.0036500000000000005,""rounds"":14}"
      1800,        19,         0,    3.88,pymatching,386a9faf8025731a2d3fc328df599039b8429eb1c8233a3e588b1ea6643dee9e,"{""code"":""double_measurement_surface_code"",""diameter"":14,""noise_model"":""SI1000"",""p"":0.0041,""rounds"":14}"
      2700,        35,         0,    4.29,pymatching,386a9faf8025731a2d3fc328df599039b8429eb1c8233a3e588b1ea6643dee9e,"{""code"":""double_measurement_surface_code"",""diameter"":14,""noise_model"":""SI1000"",""p"":0.0041,""rounds"":14}"
      3000,        33,         0,    4.59,pymatching,386a9faf8025731a2d3fc328df599039b8429eb1c8233a3e588b1ea6643dee9e,"{""code"":""double_measurement_surface_code"",""diameter"":14,""noise_model"":""SI1000"",""p"":0.0041,""rounds"":14}"
      4200,        36,         0,    8.47,pymatching,386a9faf8025731a2d3fc328df599039b8429eb1c8233a3e588b1ea6643dee9e,"{""code"":""double_measurement_surface_code"",""diameter"":14,""noise_model"":""SI1000"",""p"":0.0041,""rounds"":14}"
     25800,       177,         0,    44.4,pymatching,4b1dfa7a8a4b3848a1b62d0a87938f035bd92dc5f993c904d89449429dd2305d,"{""code"":""double_measurement_surface_code"",""diameter"":14,""noise_model"":""SI1000"",""p"":0.0038750000000000004,""rounds"":14}"
      6600,        81,         0,    13.0,pymatching,386a9faf8025731a2d3fc328df599039b8429eb1c8233a3e588b1ea6643dee9e,"{""code"":""double_measurement_surface_code"",""diameter"":14,""noise_model"":""SI1000"",""p"":0.0041,""rounds"":14}"
      1806,        17,         0,    3.61,pymatching,4b1dfa7a8a4b3848a1b62d0a87938f035bd92dc5f993c904d89449429dd2305d,"{""code"":""double_measurement_surface_code"",""diameter"":14,""noise_model"":""SI1000"",""p"":0.0038750000000000004,""rounds"":14}"
     12240,        83,         0,    20.7,pymatching,4b1dfa7a8a4b3848a1b62d0a87938f035bd92dc5f993c904d89449429dd2305d,"{""code"":""double_measurement_surface_code"",""diameter"":14,""noise_model"":""SI1000"",""p"":0.0038750000000000004,""rounds"":14}"
       200,         5,         0,   0.878,pymatching,8fd7e6bcabb2846abe77b43766cdd2b54568a8724895f56a543ce6f4ef5ccd48,"{""code"":""double_measurement_surface_code"",""diameter"":14,""noise_model"":""SI1000"",""p"":0.004325000000000001,""rounds"":14}"
       200,         5,         0,   0.919,pymatching,8fd7e6bcabb2846abe77b43766cdd2b54568a8724895f56a543ce6f4ef5ccd48,"{""code"":""double_measurement_surface_code"",""diameter"":14,""noise_model"":""SI1000"",""p"":0.004325000000000001,""rounds"":14}"
       600,         9,         0,    1.64,pymatching,8fd7e6bcabb2846abe77b43766cdd2b54568a8724895f56a543ce6f4ef5ccd48,"{""code"":""double_measurement_surface_code"",""diameter"":14,""noise_model"":""SI1000"",""p"":0.004325000000000001,""rounds"":14}"
      1000,        20,         0,    2.57,pymatching,8fd7e6bcabb2846abe77b43766cdd2b54568a8724895f56a543ce6f4ef5ccd48,"{""code"":""double_measurement_surface_code"",""diameter"":14,""noise_model"":""SI1000"",""p"":0.004325000000000001,""rounds"":14}"
     12000,       139,         0,    17.0,pymatching,386a9faf8025731a2d3fc328df599039b8429eb1c8233a3e588b1ea6643dee9e,"{""code"":""double_measurement_surface_code"",""diameter"":14,""noise_model"":""SI1000"",""p"":0.0041,""rounds"":14}"
      2200,        38,         0,    5.01,pymatching,8fd7e6bcabb2846abe77b43766cdd2b54568a8724895f56a543ce6f4ef5ccd48,"{""code"":""double_measurement_surface_code"",""diameter"":14,""noise_model"":""SI1000"",""p"":0.004325000000000001,""rounds"":14}"
      4100,        58,         0,    6.55,pymatching,8fd7e6bcabb2846abe77b43766cdd2b54568a8724895f56a543ce6f4ef5ccd48,"{""code"":""double_measurement_surface_code"",""diameter"":14,""noise_model"":""SI1000"",""p"":0.004325000000000001,""rounds"":14}"
    100589,       148,         0,   132.3,pymatching,1bac401a048f1df53ec97a72b0709b10d7bd487ce4901a52401d24e9255960c9,"{""code"":""double_measurement_surface_code"",""diameter"":14,""noise_model"":""SI1000"",""p"":0.0032,""rounds"":14}"
     18000,       193,         0,    24.8,pymatching,386a9faf8025731a2d3fc328df599039b8429eb1c8233a3e588b1ea6643dee9e,"{""code"":""double_measurement_surface_code"",""diameter"":14,""noise_model"":""SI1000"",""p"":0.0041,""rounds"":14}"
      4200,        66,         0,    9.30,pymatching,8fd7e6bcabb2846abe77b43766cdd2b54568a8724895f56a543ce6f4ef5ccd48,"{""code"":""double_measurement_surface_code"",""diameter"":14,""noise_model"":""SI1000"",""p"":0.004325000000000001,""rounds"":14}"
       702,         8,         0,    1.24,pymatching,386a9faf8025731a2d3fc328df599039b8429eb1c8233a3e588b1ea6643dee9e,"{""code"":""double_measurement_surface_code"",""diameter"":14,""noise_model"":""SI1000"",""p"":0.0041,""rounds"":14}"
     98010,       128,         0,   129.6,pymatching,1bac401a048f1df53ec97a72b0709b10d7bd487ce4901a52401d24e9255960c9,"{""code"":""double_measurement_surface_code"",""diameter"":14,""noise_model"":""SI1000"",""p"":0.0032,""rounds"":14}"
       200,         1,         0,   0.675,pymatching,edbd412cd76f2a6afed460e8be05bcc9677446d4011ba60d3f6809fe4b510294,"{""code"":""double_measurement_surface_code"",""diameter"":14,""noise_model"":""SI1000"",""p"":0.00455,""rounds"":14}"
       600,        15,         0,    1.30,pymatching,edbd412cd76f2a6afed460e8be05bcc9677446d4011ba60d3f6809fe4b510294,"{""code"":""double_measurement_surface_code"",""diameter"":14,""noise_model"":""SI1000"",""p"":0.00455,""rounds"":14}"
      1800,        45,         0,    3.34,pymatching,edbd412cd76f2a6afed460e8be05bcc9677446d4011ba60d3f6809fe4b510294,"{""code"":""double_measurement_surface_code"",""diameter"":14,""noise_model"":""SI1000"",""p"":0.00455,""rounds"":14}"
      1800,        44,         0,    4.68,pymatching,edbd412cd76f2a6afed460e8be05bcc9677446d4011ba60d3f6809fe4b510294,"{""code"":""double_measurement_surface_code"",""diameter"":14,""noise_model"":""SI1000"",""p"":0.00455,""rounds"":14}"
     13261,       160,         0,    24.9,pymatching,386a9faf8025731a2d3fc328df599039b8429eb1c8233a3e588b1ea6643dee9e,"{""code"":""double_measurement_surface_code"",""diameter"":14,""noise_model"":""SI1000"",""p"":0.0041,""rounds"":14}"
      8600,       142,         0,    18.1,pymatching,8fd7e6bcabb2846abe77b43766cdd2b54568a8724895f56a543ce6f4ef5ccd48,"{""code"":""double_measurement_surface_code"",""diameter"":14,""noise_model"":""SI1000"",""p"":0.004325000000000001,""rounds"":14}"
       200,         4,         0,   0.960,pymatching,49f2a96617a934f957e4d8c7e4a07776590047b4406fcbeabd412012b8b1632f,"{""code"":""double_measurement_surface_code"",""diameter"":14,""noise_model"":""SI1000"",""p"":0.004775,""rounds"":14}"
       600,        19,         0,    1.90,pymatching,49f2a96617a934f957e4d8c7e4a07776590047b4406fcbeabd412012b8b1632f,"{""code"":""double_measurement_surface_code"",""diameter"":14,""noise_model"":""SI1000"",""p"":0.004775,""rounds"":14}"
      5400,       130,         0,    9.12,pymatching,edbd412cd76f2a6afed460e8be05bcc9677446d4011ba60d3f6809fe4b510294,"{""code"":""double_measurement_surface_code"",""diameter"":14,""noise_model"":""SI1000"",""p"":0.00455,""rounds"":14}"
      1800,        65,         0,    4.85,pymatching,49f2a96617a934f957e4d8c7e4a07776590047b4406fcbeabd412012b8b1632f,"{""code"":""double_measurement_surface_code"",""diameter"":14,""noise_model"":""SI1000"",""p"":0.004775,""rounds"":14}"
     16800,       286,         0,    25.7,pymatching,8fd7e6bcabb2846abe77b43766cdd2b54568a8724895f56a543ce6f4ef5ccd48,"{""code"":""double_measurement_surface_code"",""diameter"":14,""noise_model"":""SI1000"",""p"":0.004325000000000001,""rounds"":14}"
     12400,       220,         0,    26.2,pymatching,8fd7e6bcabb2846abe77b43766cdd2b54568a8724895f56a543ce6f4ef5ccd48,"{""code"":""double_measurement_surface_code"",""diameter"":14,""noise_model"":""SI1000"",""p"":0.004325000000000001,""rounds"":14}"
     11860,       184,         0,    24.9,pymatching,8fd7e6bcabb2846abe77b43766cdd2b54568a8724895f56a543ce6f4ef5ccd48,"{""code"":""double_measurement_surface_code"",""diameter"":14,""noise_model"":""SI1000"",""p"":0.004325000000000001,""rounds"":14}"
       200,        12,         0,    1.01,pymatching,79a00c1840b90cadcf64aa9c6b829f44064d54e882e1ca86a49f28178fc5b134,"{""code"":""double_measurement_surface_code"",""diameter"":14,""noise_model"":""SI1000"",""p"":0.005,""rounds"":14}"
      8100,       187,         0,    18.9,pymatching,edbd412cd76f2a6afed460e8be05bcc9677446d4011ba60d3f6809fe4b510294,"{""code"":""double_measurement_surface_code"",""diameter"":14,""noise_model"":""SI1000"",""p"":0.00455,""rounds"":14}"
      9000,       202,         0,    20.7,pymatching,edbd412cd76f2a6afed460e8be05bcc9677446d4011ba60d3f6809fe4b510294,"{""code"":""double_measurement_surface_code"",""diameter"":14,""noise_model"":""SI1000"",""p"":0.00455,""rounds"":14}"
       600,        26,         0,    2.02,pymatching,79a00c1840b90cadcf64aa9c6b829f44064d54e882e1ca86a49f28178fc5b134,"{""code"":""double_measurement_surface_code"",""diameter"":14,""noise_model"":""SI1000"",""p"":0.005,""rounds"":14}"
      2700,       102,         0,    7.06,pymatching,49f2a96617a934f957e4d8c7e4a07776590047b4406fcbeabd412012b8b1632f,"{""code"":""double_measurement_surface_code"",""diameter"":14,""noise_model"":""SI1000"",""p"":0.004775,""rounds"":14}"
       757,        28,         0,    2.08,pymatching,edbd412cd76f2a6afed460e8be05bcc9677446d4011ba60d3f6809fe4b510294,"{""code"":""double_measurement_surface_code"",""diameter"":14,""noise_model"":""SI1000"",""p"":0.00455,""rounds"":14}"
     26400,       274,         0,    49.9,pymatching,386a9faf8025731a2d3fc328df599039b8429eb1c8233a3e588b1ea6643dee9e,"{""code"":""double_measurement_surface_code"",""diameter"":14,""noise_model"":""SI1000"",""p"":0.0041,""rounds"":14}"
       710,        16,         0,    1.93,pymatching,edbd412cd76f2a6afed460e8be05bcc9677446d4011ba60d3f6809fe4b510294,"{""code"":""double_measurement_surface_code"",""diameter"":14,""noise_model"":""SI1000"",""p"":0.00455,""rounds"":14}"
      5400,       197,         0,    13.6,pymatching,49f2a96617a934f957e4d8c7e4a07776590047b4406fcbeabd412012b8b1632f,"{""code"":""double_measurement_surface_code"",""diameter"":14,""noise_model"":""SI1000"",""p"":0.004775,""rounds"":14}"
      5400,       195,         0,    10.2,pymatching,49f2a96617a934f957e4d8c7e4a07776590047b4406fcbeabd412012b8b1632f,"{""code"":""double_measurement_surface_code"",""diameter"":14,""noise_model"":""SI1000"",""p"":0.004775,""rounds"":14}"
       634,         7,         0,    1.64,pymatching,386a9faf8025731a2d3fc328df599039b8429eb1c8233a3e588b1ea6643dee9e,"{""code"":""double_measurement_surface_code"",""diameter"":14,""noise_model"":""SI1000"",""p"":0.0041,""rounds"":14}"
      1068,        38,         0,    2.80,pymatching,49f2a96617a934f957e4d8c7e4a07776590047b4406fcbeabd412012b8b1632f,"{""code"":""double_measurement_surface_code"",""diameter"":14,""noise_model"":""SI1000"",""p"":0.004775,""rounds"":14}"
      1800,        83,         0,    4.10,pymatching,79a00c1840b90cadcf64aa9c6b829f44064d54e882e1ca86a49f28178fc5b134,"{""code"":""double_measurement_surface_code"",""diameter"":14,""noise_model"":""SI1000"",""p"":0.005,""rounds"":14}"
       900,        50,         0,    2.52,pymatching,79a00c1840b90cadcf64aa9c6b829f44064d54e882e1ca86a49f28178fc5b134,"{""code"":""double_measurement_surface_code"",""diameter"":14,""noise_model"":""SI1000"",""p"":0.005,""rounds"":14}"
      1800,        93,         0,    4.17,pymatching,79a00c1840b90cadcf64aa9c6b829f44064d54e882e1ca86a49f28178fc5b134,"{""code"":""double_measurement_surface_code"",""diameter"":14,""noise_model"":""SI1000"",""p"":0.005,""rounds"":14}"
     51000,       366,         0,    87.0,pymatching,4b1dfa7a8a4b3848a1b62d0a87938f035bd92dc5f993c904d89449429dd2305d,"{""code"":""double_measurement_surface_code"",""diameter"":14,""noise_model"":""SI1000"",""p"":0.0038750000000000004,""rounds"":14}"
     14725,       351,         0,    23.1,pymatching,edbd412cd76f2a6afed460e8be05bcc9677446d4011ba60d3f6809fe4b510294,"{""code"":""double_measurement_surface_code"",""diameter"":14,""noise_model"":""SI1000"",""p"":0.00455,""rounds"":14}"
      4557,       202,         0,    6.90,pymatching,79a00c1840b90cadcf64aa9c6b829f44064d54e882e1ca86a49f28178fc5b134,"{""code"":""double_measurement_surface_code"",""diameter"":14,""noise_model"":""SI1000"",""p"":0.005,""rounds"":14}"
      5400,       229,         0,    7.99,pymatching,79a00c1840b90cadcf64aa9c6b829f44064d54e882e1ca86a49f28178fc5b134,"{""code"":""double_measurement_surface_code"",""diameter"":14,""noise_model"":""SI1000"",""p"":0.005,""rounds"":14}"
      5400,       214,         0,    8.27,pymatching,79a00c1840b90cadcf64aa9c6b829f44064d54e882e1ca86a49f28178fc5b134,"{""code"":""double_measurement_surface_code"",""diameter"":14,""noise_model"":""SI1000"",""p"":0.005,""rounds"":14}"
       539,        29,         0,    1.05,pymatching,79a00c1840b90cadcf64aa9c6b829f44064d54e882e1ca86a49f28178fc5b134,"{""code"":""double_measurement_surface_code"",""diameter"":14,""noise_model"":""SI1000"",""p"":0.005,""rounds"":14}"
       772,        34,         0,    1.08,pymatching,79a00c1840b90cadcf64aa9c6b829f44064d54e882e1ca86a49f28178fc5b134,"{""code"":""double_measurement_surface_code"",""diameter"":14,""noise_model"":""SI1000"",""p"":0.005,""rounds"":14}"
       761,        31,         0,    1.00,pymatching,79a00c1840b90cadcf64aa9c6b829f44064d54e882e1ca86a49f28178fc5b134,"{""code"":""double_measurement_surface_code"",""diameter"":14,""noise_model"":""SI1000"",""p"":0.005,""rounds"":14}"
     10800,       378,         0,    16.8,pymatching,49f2a96617a934f957e4d8c7e4a07776590047b4406fcbeabd412012b8b1632f,"{""code"":""double_measurement_surface_code"",""diameter"":14,""noise_model"":""SI1000"",""p"":0.004775,""rounds"":14}"
     75910,       327,         0,    98.8,pymatching,3b0f733775f8e7888445027409456e6bc2daefcea257fd1a8598003b5bad2dd5,"{""code"":""double_measurement_surface_code"",""diameter"":14,""noise_model"":""SI1000"",""p"":0.0036500000000000005,""rounds"":14}"
       100,         0,         0,   0.570,pymatching,85583259e22c39d4cac50004d7e94d995e0a176e5bd3de7b86c888e1404a794d,"{""code"":""double_measurement_surface_code"",""diameter"":4,""measurement_noise_factor"":1,""noise_model"":""SD6_1"",""p"":0.0016250000000000001,""rounds"":4}",
       100,         0,         0,   0.575,pymatching,20dcf328d22d384c4d8c0fa9b85a38c10bd937254c86d453d77c4b5c13717bce,"{""code"":""double_measurement_surface_code"",""diameter"":4,""measurement_noise_factor"":1,""noise_model"":""SD6_1"",""p"":0.0005,""rounds"":4}",
       100,         1,         0,   0.595,pymatching,9915c6c7200e4ea1915351cf4b702ac3e2fcfa9ecc64c3442a10ef929b43c737,"{""code"":""double_measurement_surface_code"",""diameter"":4,""measurement_noise_factor"":1,""noise_model"":""SD6_1"",""p"":0.0014000000000000002,""rounds"":4}",
       100,         0,         0,   0.606,pymatching,136c5d3a4f49288bf46c410c23c7c74b83b0fa3f9dec0b23ed2859ad7ee49e9a,"{""code"":""double_measurement_surface_code"",""diameter"":4,""measurement_noise_factor"":1,""noise_model"":""SD6_1"",""p"":0.0023,""rounds"":4}",
       100,         1,         0,   0.613,pymatching,5d08b82a22b566296e7738c6d4640d1d4ea85298b19b92c092a74b62994c5303,"{""code"":""double_measurement_surface_code"",""diameter"":4,""measurement_noise_factor"":1,""noise_model"":""SD6_1"",""p"":0.001175,""rounds"":4}",
       100,         0,         0,   0.623,pymatching,9b34aa5a5e836ee3fb2975e88ea5e08b3e3b7b7a05b4667446b89b2db16e6ccd,"{""code"":""double_measurement_surface_code"",""diameter"":4,""measurement_noise_factor"":1,""noise_model"":""SD6_1"",""p"":0.0020750000000000005,""rounds"":4}",
       100,         0,         0,   0.643,pymatching,d30a325c0002f4bd2dd9a7f56ed035d54e17bf96fdd498d8b4290b8dfd3f4cef,"{""code"":""double_measurement_surface_code"",""diameter"":4,""measurement_noise_factor"":1,""noise_model"":""SD6_1"",""p"":0.00185,""rounds"":4}",
       100,         4,         0,   0.636,pymatching,14a4b1f58b82be2b4cbdc059bac31b055532291c2010508d21254b1e697a1eb6,"{""code"":""double_measurement_surface_code"",""diameter"":4,""measurement_noise_factor"":1,""noise_model"":""SD6_1"",""p"":0.0025250000000000003,""rounds"":4}",
       100,         0,         0,   0.657,pymatching,ac864cc4786cfa8548ff6d19f998603a1b57360be4182af0fbcac50870f2570a,"{""code"":""double_measurement_surface_code"",""diameter"":4,""measurement_noise_factor"":1,""noise_model"":""SD6_1"",""p"":0.0009500000000000001,""rounds"":4}",
       100,         0,         0,   0.678,pymatching,81ffb497ad079aaf3aab9da3be40230b8a901d7657d3f597980694f229f3feec,"{""code"":""double_measurement_surface_code"",""diameter"":4,""measurement_noise_factor"":1,""noise_model"":""SD6_1"",""p"":0.0007250000000000001,""rounds"":4}",
       100,         0,         0,   0.002,pymatching,741d571604c9de903ce08cb19ea107f2d2a9cf9973e1396550a9138cd190cbf4,"{""code"":""double_measurement_surface_code"",""diameter"":4,""measurement_noise_factor"":1,""noise_model"":""SD6_1"",""p"":0.0027500000000000003,""rounds"":4}",
       100,         0,         0,   0.002,pymatching,9415f96dbb22e6fdedac50150d375f39af2319ae33512161d74b03d8f011dbf4,"{""code"":""double_measurement_surface_code"",""diameter"":4,""measurement_noise_factor"":1,""noise_model"":""SD6_1"",""p"":0.002975,""rounds"":4}",
       100,         5,         0,   0.002,pymatching,a686368ee6899ea0e4681adb00f706be1915b76ae0063f44ee900fac2822686a,"{""code"":""double_measurement_surface_code"",""diameter"":4,""measurement_noise_factor"":1,""noise_model"":""SD6_1"",""p"":0.003425,""rounds"":4}",
       100,         1,         0,   0.002,pymatching,ec07e7360efd4526eab51c32077a610a00d96ba42b5dfc758460e1f7e0698ee4,"{""code"":""double_measurement_surface_code"",""diameter"":4,""measurement_noise_factor"":1,""noise_model"":""SD6_1"",""p"":0.0032,""rounds"":4}",
       100,         5,         0,   0.002,pymatching,8409a2db913a505bad9e39963342f8e0c6ddd305c03f7e830cbb9fc06bf2498c,"{""code"":""double_measurement_surface_code"",""diameter"":4,""measurement_noise_factor"":1,""noise_model"":""SD6_1"",""p"":0.0038750000000000004,""rounds"":4}",
       100,         4,         0,   0.002,pymatching,0fa6aa63ccd765468f0762879e962c1c033f15d649419d9d4f9d3f8154a682d7,"{""code"":""double_measurement_surface_code"",""diameter"":4,""measurement_noise_factor"":1,""noise_model"":""SD6_1"",""p"":0.0041,""rounds"":4}",
       100,         3,         0,   0.002,pymatching,4d3c9ab7d505a0ce64bb90d79dda716219f1639b74658b215abf1270b3c651f4,"{""code"":""double_measurement_surface_code"",""diameter"":4,""measurement_noise_factor"":1,""noise_model"":""SD6_1"",""p"":0.0036500000000000005,""rounds"":4}",
       100,         7,         0,   0.002,pymatching,53252309ff1326e116a6457f914acd73906c8166d30cbdff5e4b08ac051f8d42,"{""code"":""double_measurement_surface_code"",""diameter"":4,""measurement_noise_factor"":1,""noise_model"":""SD6_1"",""p"":0.004325000000000001,""rounds"":4}",
       100,         0,         0,   0.002,pymatching,07ec8ad9c8a23d5765d4303e9f6d09586ae47f9956cd41f38bf39bf347e38585,"{""code"":""double_measurement_surface_code"",""diameter"":4,""measurement_noise_factor"":1,""noise_model"":""SD6_1"",""p"":0.00455,""rounds"":4}",
       100,         6,         0,   0.002,pymatching,e771679120e5ae4c5bae0e33d4d2cf92d44bcef6cf22b4f3964976458773f0ea,"{""code"":""double_measurement_surface_code"",""diameter"":4,""measurement_noise_factor"":1,""noise_model"":""SD6_1"",""p"":0.004775,""rounds"":4}",
       100,         4,         0,   0.002,pymatching,521ced312b7a11c257ec5f17bf9a152d55f45a1e243908af92dc9b3342acf0d1,"{""code"":""double_measurement_surface_code"",""diameter"":4,""measurement_noise_factor"":1,""noise_model"":""SD6_1"",""p"":0.005,""rounds"":4}",
       100,         0,         0,   0.015,pymatching,d5a3d785626b26255c7dbc1901ca2df3bd83e91d3c4918e77e5ab1751b3c7bc7,"{""code"":""double_measurement_surface_code"",""diameter"":8,""measurement_noise_factor"":1,""noise_model"":""SD6_1"",""p"":0.0007250000000000001,""rounds"":8}",
       100,         0,         0,   0.017,pymatching,0e3ad11261905908263cef4282a2afaff2a9fde7fbaedae0aadf314dae817b01,"{""code"":""double_measurement_surface_code"",""diameter"":8,""measurement_noise_factor"":1,""noise_model"":""SD6_1"",""p"":0.0005,""rounds"":8}",
       100,         0,         0,   0.019,pymatching,aecfdbc5a4e50bed9727b2a62a254dfc371fa9acb92294c3b7d4fbee177722b2,"{""code"":""double_measurement_surface_code"",""diameter"":8,""measurement_noise_factor"":1,""noise_model"":""SD6_1"",""p"":0.0009500000000000001,""rounds"":8}",
       100,         0,         0,   0.015,pymatching,538259514d9b0057ac40bb2dc46b27cc9aaa317a9b0d23e835da9bb76909d3e7,"{""code"":""double_measurement_surface_code"",""diameter"":8,""measurement_noise_factor"":1,""noise_model"":""SD6_1"",""p"":0.001175,""rounds"":8}",
       100,         0,         0,   0.017,pymatching,81afb0d04cc5ccf6d881d870511920e06d0d2be5ee4b14e860e46a73c2dc005c,"{""code"":""double_measurement_surface_code"",""diameter"":8,""measurement_noise_factor"":1,""noise_model"":""SD6_1"",""p"":0.0014000000000000002,""rounds"":8}",
       100,         0,         0,   0.015,pymatching,f2d6ea4a4e3b2daeb3fdbf00824d503c11a36f08e2e0f1a18ec96ad2ca1750eb,"{""code"":""double_measurement_surface_code"",""diameter"":8,""measurement_noise_factor"":1,""noise_model"":""SD6_1"",""p"":0.0016250000000000001,""rounds"":8}",
       100,         0,         0,   0.015,pymatching,02868fea17d2cd61315184b1934390e49d6a87350a02dd5ea77182c014fbda26,"{""code"":""double_measurement_surface_code"",""diameter"":8,""measurement_noise_factor"":1,""noise_model"":""SD6_1"",""p"":0.00185,""rounds"":8}",
       100,         0,         0,   0.016,pymatching,f8432f785c0dc471588b26189893530e6b034f3b2320e41ead280b170b98e213,"{""code"":""double_measurement_surface_code"",""diameter"":8,""measurement_noise_factor"":1,""noise_model"":""SD6_1"",""p"":0.0020750000000000005,""rounds"":8}",
       100,         0,         0,   0.016,pymatching,8af02499be22e7d3d08cec0bedd794c3558bf32f2eab467b520c4d3949fbc477,"{""code"":""double_measurement_surface_code"",""diameter"":8,""measurement_noise_factor"":1,""noise_model"":""SD6_1"",""p"":0.0023,""rounds"":8}",
       100,         1,         0,   0.016,pymatching,7d540f5c460bc4d02cb4fb7948a865104016ad378afcab2457cb9ee3c96cedf1,"{""code"":""double_measurement_surface_code"",""diameter"":8,""measurement_noise_factor"":1,""noise_model"":""SD6_1"",""p"":0.0025250000000000003,""rounds"":8}",
       100,         0,         0,   0.020,pymatching,f18bdb01a8da48354a858d3294da4920d2a4c20eee17f33f2189ba58651e7150,"{""code"":""double_measurement_surface_code"",""diameter"":8,""measurement_noise_factor"":1,""noise_model"":""SD6_1"",""p"":0.003425,""rounds"":8}",
       100,         2,         0,   0.019,pymatching,b4ac2c324d637fcaff8521571c59b17d8966d2fa60164e3d869b3998ea8ec3c5,"{""code"":""double_measurement_surface_code"",""diameter"":8,""measurement_noise_factor"":1,""noise_model"":""SD6_1"",""p"":0.0036500000000000005,""rounds"":8}",
       100,         0,         0,   0.023,pymatching,1fbb1e40f55e43a1966ccf7933acb4063d6ad15b754a4bc87ae77615b0842092,"{""code"":""double_measurement_surface_code"",""diameter"":8,""measurement_noise_factor"":1,""noise_model"":""SD6_1"",""p"":0.0032,""rounds"":8}",
       100,         0,         0,   0.023,pymatching,85b325a8cacfc3fed8310e35657787c697362462c07cff5d21a6c8f2ee928030,"{""code"":""double_measurement_surface_code"",""diameter"":8,""measurement_noise_factor"":1,""noise_model"":""SD6_1"",""p"":0.002975,""rounds"":8}",
       100,         0,         0,   0.017,pymatching,c86f4d2bdb7540747cb214136e01606a20c5191d568033658a19f752b6c6c068,"{""code"":""double_measurement_surface_code"",""diameter"":8,""measurement_noise_factor"":1,""noise_model"":""SD6_1"",""p"":0.0027500000000000003,""rounds"":8}",
       100,         2,         0,   0.017,pymatching,cff65f9d80ad7e13732a38fb1e6421420fab2ad4cf8393b3c0509fbfc7bcc426,"{""code"":""double_measurement_surface_code"",""diameter"":8,""measurement_noise_factor"":1,""noise_model"":""SD6_1"",""p"":0.0038750000000000004,""rounds"":8}",
       100,         0,         0,   0.017,pymatching,131207f5f43437ec9968fab9ee7928c95b1c7a0dee2101766d0a8acbb1ace1bd,"{""code"":""double_measurement_surface_code"",""diameter"":8,""measurement_noise_factor"":1,""noise_model"":""SD6_1"",""p"":0.0041,""rounds"":8}",
       100,         1,         0,   0.018,pymatching,953bf7f0ff331965fe96d89c309a348c5502370c90b01893306e145521d647ef,"{""code"":""double_measurement_surface_code"",""diameter"":8,""measurement_noise_factor"":1,""noise_model"":""SD6_1"",""p"":0.004325000000000001,""rounds"":8}",
       100,         2,         0,   0.018,pymatching,733c4518c5ec64e890950bcfd8ea1ce9ae2d6a238633ab1ac69de001e9e28abd,"{""code"":""double_measurement_surface_code"",""diameter"":8,""measurement_noise_factor"":1,""noise_model"":""SD6_1"",""p"":0.00455,""rounds"":8}",
       100,         4,         0,   0.018,pymatching,43fdb8e20682db04d90d51ed7f366a4942060de30e8886d92de5c4094b05a9b7,"{""code"":""double_measurement_surface_code"",""diameter"":8,""measurement_noise_factor"":1,""noise_model"":""SD6_1"",""p"":0.004775,""rounds"":8}",
       100,         2,         0,   0.018,pymatching,52432a014295f47003e84029ff29d187d1a7efde4c1abefa1912f6fa404b71e0,"{""code"":""double_measurement_surface_code"",""diameter"":8,""measurement_noise_factor"":1,""noise_model"":""SD6_1"",""p"":0.005,""rounds"":8}",
       100,         0,         0,   0.026,pymatching,7147cbbeadcb9830fd49adc487e156669349d6d32f34a85e7502dc405bbe0d2a,"{""code"":""double_measurement_surface_code"",""diameter"":10,""measurement_noise_factor"":1,""noise_model"":""SD6_1"",""p"":0.0005,""rounds"":10}",
       100,         0,         0,   0.027,pymatching,dea29111c511474d13daa5d1e3adf04ec334fe923a1a81457da9e2ea899e72b3,"{""code"":""double_measurement_surface_code"",""diameter"":10,""measurement_noise_factor"":1,""noise_model"":""SD6_1"",""p"":0.0007250000000000001,""rounds"":10}",
       100,         0,         0,   0.027,pymatching,8a2c9a2288f17cc35295fb4044b3467252818ac287ef229501c660692d285d39,"{""code"":""double_measurement_surface_code"",""diameter"":10,""measurement_noise_factor"":1,""noise_model"":""SD6_1"",""p"":0.0009500000000000001,""rounds"":10}",
       100,         0,         0,   0.027,pymatching,93e597a716a32e92ac7b8a50079a230ce46a0a2e5db57f825c799972ec7ab90f,"{""code"":""double_measurement_surface_code"",""diameter"":10,""measurement_noise_factor"":1,""noise_model"":""SD6_1"",""p"":0.0014000000000000002,""rounds"":10}",
       100,         0,         0,   0.027,pymatching,9e6fdd2c3bc84e8adbe7c74ad67a724b34462045f6fe5a03acff72d495ddd6f0,"{""code"":""double_measurement_surface_code"",""diameter"":10,""measurement_noise_factor"":1,""noise_model"":""SD6_1"",""p"":0.001175,""rounds"":10}",
       100,         0,         0,   0.028,pymatching,b431aaffe21b1f648cec1e38b9d46f4dcb1eb0c5468147c845af206f0b525d85,"{""code"":""double_measurement_surface_code"",""diameter"":10,""measurement_noise_factor"":1,""noise_model"":""SD6_1"",""p"":0.0016250000000000001,""rounds"":10}",
       100,         0,         0,   0.028,pymatching,5fbd1f0b2650b0668be2995d747f9734180bf97c9269e59a7abc4cbeef86013b,"{""code"":""double_measurement_surface_code"",""diameter"":10,""measurement_noise_factor"":1,""noise_model"":""SD6_1"",""p"":0.00185,""rounds"":10}",
       100,         0,         0,   0.034,pymatching,2197e46823aaed98380e7cd9c4041f29e8d657a2c9dd315351dbc9d700ea6a4d,"{""code"":""double_measurement_surface_code"",""diameter"":10,""measurement_noise_factor"":1,""noise_model"":""SD6_1"",""p"":0.0020750000000000005,""rounds"":10}",
       100,         0,         0,   0.029,pymatching,0aef305f150248616e4f4e55cc733b322708947df939236a5f6ed5d82091c056,"{""code"":""double_measurement_surface_code"",""diameter"":10,""measurement_noise_factor"":1,""noise_model"":""SD6_1"",""p"":0.0023,""rounds"":10}",
       100,         0,         0,   0.029,pymatching,271bf4e4c76b2295454d6d952f19f558f21eff02a6d1619906973da6782a5010,"{""code"":""double_measurement_surface_code"",""diameter"":10,""measurement_noise_factor"":1,""noise_model"":""SD6_1"",""p"":0.0025250000000000003,""rounds"":10}",
       100,         0,         0,   0.030,pymatching,ea2fa988b31d064712f7c2b6d88fba38e2f1037696ee34a90cfdcc017fc011d6,"{""code"":""double_measurement_surface_code"",""diameter"":10,""measurement_noise_factor"":1,""noise_model"":""SD6_1"",""p"":0.0027500000000000003,""rounds"":10}",
       100,         0,         0,   0.030,pymatching,f28700ce30d5f1862f0cb857accae436335b334791350cee1ec1baa0dcbe6c25,"{""code"":""double_measurement_surface_code"",""diameter"":10,""measurement_noise_factor"":1,""noise_model"":""SD6_1"",""p"":0.002975,""rounds"":10}",
       100,         0,         0,   0.031,pymatching,a29b994f34b1e420741e70ebba12499859790987eff9b6b139ad75ccd71d2af3,"{""code"":""double_measurement_surface_code"",""diameter"":10,""measurement_noise_factor"":1,""noise_model"":""SD6_1"",""p"":0.0032,""rounds"":10}",
       100,         0,         0,   0.031,pymatching,458660c0b098f78aff93e426452aa45c1960e2ecd8fcb9580c424fff95e6a3ea,"{""code"":""double_measurement_surface_code"",""diameter"":10,""measurement_noise_factor"":1,""noise_model"":""SD6_1"",""p"":0.0036500000000000005,""rounds"":10}",
       100,         0,         0,   0.031,pymatching,b68192a5ff965893af0330a63e285cbafb7921e7ed9ef90ccd8b35902bfec666,"{""code"":""double_measurement_surface_code"",""diameter"":10,""measurement_noise_factor"":1,""noise_model"":""SD6_1"",""p"":0.003425,""rounds"":10}",
       100,         0,         0,   0.032,pymatching,18e2f3e83e4bf86a81c7950104f1aeb5831c87bb4df36bbfd6ab5a862a7530ed,"{""code"":""double_measurement_surface_code"",""diameter"":10,""measurement_noise_factor"":1,""noise_model"":""SD6_1"",""p"":0.0038750000000000004,""rounds"":10}",
       100,         3,         0,   0.032,pymatching,e8dcac66b0dea15816fa2b60318bcdb036406885b75b778cb9684eb35b904719,"{""code"":""double_measurement_surface_code"",""diameter"":10,""measurement_noise_factor"":1,""noise_model"":""SD6_1"",""p"":0.0041,""rounds"":10}",
       100,         1,         0,   0.032,pymatching,2decbc879dad133b4f69456c18edf609d2539527fa2d2d8318dfc4041ebc034a,"{""code"":""double_measurement_surface_code"",""diameter"":10,""measurement_noise_factor"":1,""noise_model"":""SD6_1"",""p"":0.004325000000000001,""rounds"":10}",
       100,         1,         0,   0.038,pymatching,6a0e465a069b074f58ced07ef56d039c099b0d30a1bbe1b01325613b105b76f8,"{""code"":""double_measurement_surface_code"",""diameter"":10,""measurement_noise_factor"":1,""noise_model"":""SD6_1"",""p"":0.00455,""rounds"":10}",
       100,         7,         0,   0.038,pymatching,090a1730ef228c720d6f3f4606d52a6a3458c9b836d40559ff95e879a96f72b2,"{""code"":""double_measurement_surface_code"",""diameter"":10,""measurement_noise_factor"":1,""noise_model"":""SD6_1"",""p"":0.004775,""rounds"":10}",
       100,         4,         0,   0.035,pymatching,8361e65c114e03f3a85b864117377b31bf25b29b58ea63e34832309d13fbf6e6,"{""code"":""double_measurement_surface_code"",""diameter"":10,""measurement_noise_factor"":1,""noise_model"":""SD6_1"",""p"":0.005,""rounds"":10}",
       100,         0,         0,   0.043,pymatching,b9b6f28cac1e0ebbe5e1332ea79092b71c0827a4c7fd81b9c3aaa88400c2588e,"{""code"":""double_measurement_surface_code"",""diameter"":12,""measurement_noise_factor"":1,""noise_model"":""SD6_1"",""p"":0.0005,""rounds"":12}",
       100,         0,         0,   0.043,pymatching,023a81df84395a50ad1735759390309c72686bf5ea14af4cd7ac7b491100d64b,"{""code"":""double_measurement_surface_code"",""diameter"":12,""measurement_noise_factor"":1,""noise_model"":""SD6_1"",""p"":0.0007250000000000001,""rounds"":12}",
       100,         0,         0,   0.043,pymatching,c65f324eb98e1c7d6a5b88bb440882277d3f381357cc78943a4bfdde8a8b1fa0,"{""code"":""double_measurement_surface_code"",""diameter"":12,""measurement_noise_factor"":1,""noise_model"":""SD6_1"",""p"":0.0009500000000000001,""rounds"":12}",
       100,         0,         0,   0.044,pymatching,db779f2823de8bf4d307ef8edaedd61beea1798caf97b2a8b383b0f6698f61f2,"{""code"":""double_measurement_surface_code"",""diameter"":12,""measurement_noise_factor"":1,""noise_model"":""SD6_1"",""p"":0.001175,""rounds"":12}",
       100,         0,         0,   0.045,pymatching,81f83a2d57c9945b01d49a38609be22a340a19416bf7cea07c0d3fec5227113c,"{""code"":""double_measurement_surface_code"",""diameter"":12,""measurement_noise_factor"":1,""noise_model"":""SD6_1"",""p"":0.0014000000000000002,""rounds"":12}",
       100,         0,         0,   0.045,pymatching,e7e85a688154b120698cad1c35717cb2a12118fa630e0b26afa584fba802d12e,"{""code"":""double_measurement_surface_code"",""diameter"":12,""measurement_noise_factor"":1,""noise_model"":""SD6_1"",""p"":0.0016250000000000001,""rounds"":12}",
       100,         0,         0,   0.045,pymatching,7e7885b862ebebd9bce00cb9f6d6a81dad06a80e1dd1ad6d2851a4ea49e4a75d,"{""code"":""double_measurement_surface_code"",""diameter"":12,""measurement_noise_factor"":1,""noise_model"":""SD6_1"",""p"":0.00185,""rounds"":12}",
       100,         0,         0,   0.047,pymatching,0587ec6124bf7f88e64ba91b28ec92982fdbda1e0b0fe563d2ff489f300637cd,"{""code"":""double_measurement_surface_code"",""diameter"":12,""measurement_noise_factor"":1,""noise_model"":""SD6_1"",""p"":0.0020750000000000005,""rounds"":12}",
       100,         0,         0,   0.048,pymatching,f7d8fb763df283fba869e8528ecf89f9fffe025e61125050a6d002209ea88e2b,"{""code"":""double_measurement_surface_code"",""diameter"":12,""measurement_noise_factor"":1,""noise_model"":""SD6_1"",""p"":0.0023,""rounds"":12}",
       100,         1,         0,   0.049,pymatching,62172ec71675863f2c4fc4051b255ee8a2598d1ea75531d3601a43b5a9ce388b,"{""code"":""double_measurement_surface_code"",""diameter"":12,""measurement_noise_factor"":1,""noise_model"":""SD6_1"",""p"":0.0025250000000000003,""rounds"":12}",
       100,         0,         0,   0.050,pymatching,fd41bd07cef820c4b4a56bed7d9926977963d56312af41bcb7496f30a92d25f2,"{""code"":""double_measurement_surface_code"",""diameter"":12,""measurement_noise_factor"":1,""noise_model"":""SD6_1"",""p"":0.0027500000000000003,""rounds"":12}",
       100,         0,         0,   0.050,pymatching,a97ed939b769f49a17bd877b3cb8e1062767f969ea5f854351151099124e40eb,"{""code"":""double_measurement_surface_code"",""diameter"":12,""measurement_noise_factor"":1,""noise_model"":""SD6_1"",""p"":0.002975,""rounds"":12}",
       100,         0,         0,   0.050,pymatching,d1515947e74113c759aa701e2f9aab0b8027e7f2e6332efbc2375cef3a5c3a0f,"{""code"":""double_measurement_surface_code"",""diameter"":12,""measurement_noise_factor"":1,""noise_model"":""SD6_1"",""p"":0.0032,""rounds"":12}",
       100,         1,         0,   0.052,pymatching,86397572cf07c1c7277ea7890569818a9446642bd6738eeb9bf71d9cea0e63c2,"{""code"":""double_measurement_surface_code"",""diameter"":12,""measurement_noise_factor"":1,""noise_model"":""SD6_1"",""p"":0.003425,""rounds"":12}",
       100,         1,         0,   0.053,pymatching,d146e2e156ee430d6770a562699bd09ce725f5b1c0c5d875c59fa6716cf687ea,"{""code"":""double_measurement_surface_code"",""diameter"":12,""measurement_noise_factor"":1,""noise_model"":""SD6_1"",""p"":0.0036500000000000005,""rounds"":12}",
       100,         0,         0,   0.053,pymatching,7696eac38d3cdd30e1e740d21f517ad3864da506868f2285819b11f2a901a279,"{""code"":""double_measurement_surface_code"",""diameter"":12,""measurement_noise_factor"":1,""noise_model"":""SD6_1"",""p"":0.0038750000000000004,""rounds"":12}",
       100,         2,         0,   0.054,pymatching,8c1faf9cb89bd8b740ad2d0395a69511e9dbb83e7cdb686b7b869610341841b7,"{""code"":""double_measurement_surface_code"",""diameter"":12,""measurement_noise_factor"":1,""noise_model"":""SD6_1"",""p"":0.0041,""rounds"":12}",
       100,         0,         0,   0.055,pymatching,707070f3e96ff7aab1a594c50ad1388d77a28548641700a2de2987574bc3d319,"{""code"":""double_measurement_surface_code"",""diameter"":12,""measurement_noise_factor"":1,""noise_model"":""SD6_1"",""p"":0.004325000000000001,""rounds"":12}",
       100,         1,         0,   0.056,pymatching,c82ba5851c14bbd71e6dcbc367df4e2ec87376f353cc5ed4b42cb2c9704105d1,"{""code"":""double_measurement_surface_code"",""diameter"":12,""measurement_noise_factor"":1,""noise_model"":""SD6_1"",""p"":0.00455,""rounds"":12}",
       100,         3,         0,   0.059,pymatching,83d58098ea48186134015babd5f0837f02fb987519311e1df5c4edb39eec6092,"{""code"":""double_measurement_surface_code"",""diameter"":12,""measurement_noise_factor"":1,""noise_model"":""SD6_1"",""p"":0.004775,""rounds"":12}",
       100,         4,         0,   0.059,pymatching,187870127baf5426196c70352b50693ff33b7f1a0a8ea866d21f6136f48c9fb4,"{""code"":""double_measurement_surface_code"",""diameter"":12,""measurement_noise_factor"":1,""noise_model"":""SD6_1"",""p"":0.005,""rounds"":12}",
       100,         0,         0,   0.065,pymatching,973d58f5303c6ab1dfa97a57dd7c41d9528e9561786498f4e077660178910b8b,"{""code"":""double_measurement_surface_code"",""diameter"":14,""measurement_noise_factor"":1,""noise_model"":""SD6_1"",""p"":0.0005,""rounds"":14}",
       100,         0,         0,   0.065,pymatching,af0335a27ffe9b02a6175528b65107df1a5aa07486a79161e5691284fc5d6760,"{""code"":""double_measurement_surface_code"",""diameter"":14,""measurement_noise_factor"":1,""noise_model"":""SD6_1"",""p"":0.0007250000000000001,""rounds"":14}",
       100,         0,         0,   0.070,pymatching,01a55d006f376af2d4388e076f814628f1ae6a58f8452f85239eda634e1b7e0d,"{""code"":""double_measurement_surface_code"",""diameter"":14,""measurement_noise_factor"":1,""noise_model"":""SD6_1"",""p"":0.0009500000000000001,""rounds"":14}",
       100,         0,         0,   0.072,pymatching,ec80db8e915b434f2fae884900898324bb05208b4675650cdf0e3d8932d92ed1,"{""code"":""double_measurement_surface_code"",""diameter"":14,""measurement_noise_factor"":1,""noise_model"":""SD6_1"",""p"":0.001175,""rounds"":14}",
       100,         0,         0,   0.068,pymatching,297c6bcc1619e4540e2dcbff97ed468de8c4af182cea57e930dbe923981526e8,"{""code"":""double_measurement_surface_code"",""diameter"":14,""measurement_noise_factor"":1,""noise_model"":""SD6_1"",""p"":0.0014000000000000002,""rounds"":14}",
       100,         0,         0,   0.070,pymatching,24338bfd4b06ae498cbdd647cce2f7dd62b57f5c29258b2888cb02a93402a33e,"{""code"":""double_measurement_surface_code"",""diameter"":14,""measurement_noise_factor"":1,""noise_model"":""SD6_1"",""p"":0.0016250000000000001,""rounds"":14}",
       100,         0,         0,   0.071,pymatching,ab9d0e3a0aaab1e348aa9aad9f9935fc89b06da834bfcd71e03dd525aaf10ab3,"{""code"":""double_measurement_surface_code"",""diameter"":14,""measurement_noise_factor"":1,""noise_model"":""SD6_1"",""p"":0.00185,""rounds"":14}",
       100,         0,         0,   0.071,pymatching,1e20ebd421f65489d99c3c4955dce3d838c38a77561b013e12081ceb15b77516,"{""code"":""double_measurement_surface_code"",""diameter"":14,""measurement_noise_factor"":1,""noise_model"":""SD6_1"",""p"":0.0020750000000000005,""rounds"":14}",
       100,         0,         0,   0.073,pymatching,3220a263aefe1b2150d1e84567cd47c2b53debcf296c12817573d00ee3ff7d66,"{""code"":""double_measurement_surface_code"",""diameter"":14,""measurement_noise_factor"":1,""noise_model"":""SD6_1"",""p"":0.0023,""rounds"":14}",
       100,         0,         0,   0.073,pymatching,40f9dac762b4b71eee830027073b151c83dbecd89841bc5a2a488e6fc49dbf7d,"{""code"":""double_measurement_surface_code"",""diameter"":14,""measurement_noise_factor"":1,""noise_model"":""SD6_1"",""p"":0.0025250000000000003,""rounds"":14}",
       100,         0,         0,   0.076,pymatching,38934844a31bd2ef78ff6a3d372dba8fca039d503177ada005cbc6653fcac226,"{""code"":""double_measurement_surface_code"",""diameter"":14,""measurement_noise_factor"":1,""noise_model"":""SD6_1"",""p"":0.0027500000000000003,""rounds"":14}",
       100,         0,         0,   0.078,pymatching,65b087b0ee7dfd9124679a9406d4f12fa828b0cf6e63e3e5d9930d150349e326,"{""code"":""double_measurement_surface_code"",""diameter"":14,""measurement_noise_factor"":1,""noise_model"":""SD6_1"",""p"":0.002975,""rounds"":14}",
       100,         0,         0,   0.079,pymatching,01a1676ac4028ae1d0706f0cdcd1a5c9dddb469b8d12500b987ba4857da499ab,"{""code"":""double_measurement_surface_code"",""diameter"":14,""measurement_noise_factor"":1,""noise_model"":""SD6_1"",""p"":0.0032,""rounds"":14}",
       100,         0,         0,   0.081,pymatching,f4bda6c9586ac4268a63da77dbe1d09ce6e230122d35ed4965514752de9deca8,"{""code"":""double_measurement_surface_code"",""diameter"":14,""measurement_noise_factor"":1,""noise_model"":""SD6_1"",""p"":0.003425,""rounds"":14}",
       100,         2,         0,   0.082,pymatching,bdae2f870dee177953b38783ba59641b5c73b3660fbc991af87dc4d2eaa47b7b,"{""code"":""double_measurement_surface_code"",""diameter"":14,""measurement_noise_factor"":1,""noise_model"":""SD6_1"",""p"":0.0036500000000000005,""rounds"":14}",
       100,         1,         0,   0.084,pymatching,d09eb6937a7433de745e391bfa5bbe1779823d172f3f34e56aca89497845a89c,"{""code"":""double_measurement_surface_code"",""diameter"":14,""measurement_noise_factor"":1,""noise_model"":""SD6_1"",""p"":0.0038750000000000004,""rounds"":14}",
       100,         0,         0,   0.085,pymatching,41dfe9306e12620810f3612736b8164b0013789c6ffeaad53cf736c6807b5049,"{""code"":""double_measurement_surface_code"",""diameter"":14,""measurement_noise_factor"":1,""noise_model"":""SD6_1"",""p"":0.0041,""rounds"":14}",
       100,         3,         0,   0.089,pymatching,2369f1a92590d5f679569d635323344aff38bf02a490045d3906fa96dbbbb651,"{""code"":""double_measurement_surface_code"",""diameter"":14,""measurement_noise_factor"":1,""noise_model"":""SD6_1"",""p"":0.004325000000000001,""rounds"":14}",
       100,         0,         0,   0.089,pymatching,7c9372e062ea5c098fc7e334e8094f670ed469078d28382b26976b531e9dcd5a,"{""code"":""double_measurement_surface_code"",""diameter"":14,""measurement_noise_factor"":1,""noise_model"":""SD6_1"",""p"":0.00455,""rounds"":14}",
       100,         3,         0,   0.093,pymatching,975fcd5073c92aca77cd53aa7cc1bb58bb361be0dc00f674404182b9d02e5300,"{""code"":""double_measurement_surface_code"",""diameter"":14,""measurement_noise_factor"":1,""noise_model"":""SD6_1"",""p"":0.004775,""rounds"":14}",
       100,         3,         0,   0.093,pymatching,ca208562319ccfbab7be4d0f985f66cb7fd597e946198c18d0af07e486b7e650,"{""code"":""double_measurement_surface_code"",""diameter"":14,""measurement_noise_factor"":1,""noise_model"":""SD6_1"",""p"":0.005,""rounds"":14}",
       100,         0,         0,   0.151,pymatching,e8bea0ee5a3852362f713fa3f25187f94fdeb082c1a60d53378ad21387fc6077,"{""code"":""double_measurement_surface_code"",""diameter"":4,""measurement_noise_factor"":5,""noise_model"":""SD6_5"",""p"":0.0007250000000000001,""rounds"":4}",
       100,         0,         0,   0.466,pymatching,9b651cdc0530c3a69b338c096de386059f182af451c67f9513ad8aeb08edba7d,"{""code"":""double_measurement_surface_code"",""diameter"":4,""measurement_noise_factor"":5,""noise_model"":""SD6_5"",""p"":0.0014000000000000002,""rounds"":4}",
       100,         0,         0,   0.479,pymatching,2b7323d551bfd6362cf6359a2aa1a6cf21ce7888fb917bb30f9da6ccfbc37c15,"{""code"":""double_measurement_surface_code"",""diameter"":4,""measurement_noise_factor"":5,""noise_model"":""SD6_5"",""p"":0.0005,""rounds"":4}",
       100,         1,         0,   0.513,pymatching,e6d2dbb2ded5b97164ee2869dc3f425c8d19ff5d51bb1fcf92c7709f8f09dc3d,"{""code"":""double_measurement_surface_code"",""diameter"":4,""measurement_noise_factor"":5,""noise_model"":""SD6_5"",""p"":0.0020750000000000005,""rounds"":4}",
       100,         1,         0,   0.517,pymatching,b2b6fbecc28edc2e633f18eb0b0526570575bd5ac638d843eeb9e12f1629225a,"{""code"":""double_measurement_surface_code"",""diameter"":4,""measurement_noise_factor"":5,""noise_model"":""SD6_5"",""p"":0.0023,""rounds"":4}",
       100,         0,         0,   0.551,pymatching,2fdb35ce9589be61744dcabf457e755f605a3052e7e856710d8c55afe7287e90,"{""code"":""double_measurement_surface_code"",""diameter"":4,""measurement_noise_factor"":5,""noise_model"":""SD6_5"",""p"":0.0016250000000000001,""rounds"":4}",
       100,         0,         0,   0.554,pymatching,fcfcc8a5428f6a6ff8e1ab39bec386a42c640193708703b4187154404e9a267c,"{""code"":""double_measurement_surface_code"",""diameter"":4,""measurement_noise_factor"":5,""noise_model"":""SD6_5"",""p"":0.001175,""rounds"":4}",
       100,         0,         0,   0.559,pymatching,bfc7bd900f3f3ec278e6be6cf53b9742c81c62d290d315adfedbcf983473e6dc,"{""code"":""double_measurement_surface_code"",""diameter"":4,""measurement_noise_factor"":5,""noise_model"":""SD6_5"",""p"":0.0009500000000000001,""rounds"":4}",
       100,         2,         0,   0.562,pymatching,ae0d985f12f65213f999ee6f5ba3f263b2a8689c121b94c50680439e045b1a24,"{""code"":""double_measurement_surface_code"",""diameter"":4,""measurement_noise_factor"":5,""noise_model"":""SD6_5"",""p"":0.0025250000000000003,""rounds"":4}",
       100,         1,         0,   0.582,pymatching,b28492ce32e18e0621909729282af4165598147fe38748079af907bf537ef8cf,"{""code"":""double_measurement_surface_code"",""diameter"":4,""measurement_noise_factor"":5,""noise_model"":""SD6_5"",""p"":0.00185,""rounds"":4}",
       100,         2,         0,   0.002,pymatching,2cd2c5d01551bae49f936ee3fc7f96b8cb9822b6d42c730a586feab0928548cf,"{""code"":""double_measurement_surface_code"",""diameter"":4,""measurement_noise_factor"":5,""noise_model"":""SD6_5"",""p"":0.0032,""rounds"":4}",
       100,         0,         0,   0.002,pymatching,e8cccb1f89ee50a5206fb22d36063e5c912ca032c74793f27303f31e091f8582,"{""code"":""double_measurement_surface_code"",""diameter"":4,""measurement_noise_factor"":5,""noise_model"":""SD6_5"",""p"":0.0027500000000000003,""rounds"":4}",
       100,         3,         0,   0.003,pymatching,2b6960e6648bf712bd9a7913b1f60af0428a05693641b4ab148389eb542d2fba,"{""code"":""double_measurement_surface_code"",""diameter"":4,""measurement_noise_factor"":5,""noise_model"":""SD6_5"",""p"":0.002975,""rounds"":4}",
       100,         2,         0,   0.003,pymatching,6f6a1de1ffae6895095424da2e98b9572fbe75638ac6f0855183d3c98018d0b6,"{""code"":""double_measurement_surface_code"",""diameter"":4,""measurement_noise_factor"":5,""noise_model"":""SD6_5"",""p"":0.003425,""rounds"":4}",
       100,         2,         0,   0.004,pymatching,70b5a4600ea7b75acefcc2f5f78aac3153968742f30f154f51c330216bd29ba6,"{""code"":""double_measurement_surface_code"",""diameter"":4,""measurement_noise_factor"":5,""noise_model"":""SD6_5"",""p"":0.0036500000000000005,""rounds"":4}",
       100,         3,         0,   0.003,pymatching,6548422fbb9a6cf0f6ab0085b9afdaeaaf2c6ad9317eb88a71af11b16a80aa72,"{""code"":""double_measurement_surface_code"",""diameter"":4,""measurement_noise_factor"":5,""noise_model"":""SD6_5"",""p"":0.00455,""rounds"":4}",
       100,         7,         0,   0.003,pymatching,aefd9422782c0f90f8aa20caf450f9cd178f7c30803451407df74341d977a87d,"{""code"":""double_measurement_surface_code"",""diameter"":4,""measurement_noise_factor"":5,""noise_model"":""SD6_5"",""p"":0.0041,""rounds"":4}",
       100,         3,         0,   0.002,pymatching,63062ee88c6d43e40c39d1efb0b22298bc215826ab59d698f40f49c9dce9bca5,"{""code"":""double_measurement_surface_code"",""diameter"":4,""measurement_noise_factor"":5,""noise_model"":""SD6_5"",""p"":0.004325000000000001,""rounds"":4}",
       100,         6,         0,   0.003,pymatching,4e87cf912d33688989c1bf48ea2c0caae91dc5c708a929baba635a4a8ab8181c,"{""code"":""double_measurement_surface_code"",""diameter"":4,""measurement_noise_factor"":5,""noise_model"":""SD6_5"",""p"":0.0038750000000000004,""rounds"":4}",
       100,         7,         0,   0.003,pymatching,f817ce95ef5270bedc7f921ce9d35210b804039dc2fd81961859e5a9b016f0cb,"{""code"":""double_measurement_surface_code"",""diameter"":4,""measurement_noise_factor"":5,""noise_model"":""SD6_5"",""p"":0.004775,""rounds"":4}",
       100,        13,         0,   0.003,pymatching,45440754ab5d7242c4d02a3053eb23b0da1fd20a400ddd6a52cfc480e4f0f8df,"{""code"":""double_measurement_surface_code"",""diameter"":4,""measurement_noise_factor"":5,""noise_model"":""SD6_5"",""p"":0.005,""rounds"":4}",
       100,         0,         0,   0.014,pymatching,195f681ba77ae413a345f050369d705d1a1e836ee59516578479ac4f7a3b63b0,"{""code"":""double_measurement_surface_code"",""diameter"":8,""measurement_noise_factor"":5,""noise_model"":""SD6_5"",""p"":0.0005,""rounds"":8}",
       100,         0,         0,   0.014,pymatching,e617aac139c0f1e2951ad9da3197d5e099b16c6060b371e7c945cdadd51c1033,"{""code"":""double_measurement_surface_code"",""diameter"":8,""measurement_noise_factor"":5,""noise_model"":""SD6_5"",""p"":0.0007250000000000001,""rounds"":8}",
       100,         0,         0,   0.015,pymatching,3f6e8cde608f1f48a742e992f47f7bec1b68c80794a562415d78a01dd089a0d3,"{""code"":""double_measurement_surface_code"",""diameter"":8,""measurement_noise_factor"":5,""noise_model"":""SD6_5"",""p"":0.0009500000000000001,""rounds"":8}",
       100,         0,         0,   0.016,pymatching,c421a76c0c16cb80a0e2f9cb1b6f7e5d4300d781c1c0843a61a4b45f7b793fa7,"{""code"":""double_measurement_surface_code"",""diameter"":8,""measurement_noise_factor"":5,""noise_model"":""SD6_5"",""p"":0.001175,""rounds"":8}",
       100,         0,         0,   0.015,pymatching,d3f58211e0e3b8eec74db29b4b175174f4840fc44238b7149f5862120cc80156,"{""code"":""double_measurement_surface_code"",""diameter"":8,""measurement_noise_factor"":5,""noise_model"":""SD6_5"",""p"":0.0016250000000000001,""rounds"":8}",
       100,         0,         0,   0.016,pymatching,eda706596ac868371811e8d06499378d5421fa0ea7a68dc389a16f791c11f2ec,"{""code"":""double_measurement_surface_code"",""diameter"":8,""measurement_noise_factor"":5,""noise_model"":""SD6_5"",""p"":0.00185,""rounds"":8}",
       100,         0,         0,   0.017,pymatching,e55cd781453554f4eab5797a173eb015c87e14758624271f0a6c26f2d2c1c59b,"{""code"":""double_measurement_surface_code"",""diameter"":8,""measurement_noise_factor"":5,""noise_model"":""SD6_5"",""p"":0.0014000000000000002,""rounds"":8}",
       100,         0,         0,   0.016,pymatching,871af073a69a4b56aa7939f429666cfb1773af52ad2a43b759b056aeb97dea63,"{""code"":""double_measurement_surface_code"",""diameter"":8,""measurement_noise_factor"":5,""noise_model"":""SD6_5"",""p"":0.0020750000000000005,""rounds"":8}",
       100,         0,         0,   0.016,pymatching,d6fe06f87eff75307aac3620d065190bd6df0acfd930f425112174a2a2211ecb,"{""code"":""double_measurement_surface_code"",""diameter"":8,""measurement_noise_factor"":5,""noise_model"":""SD6_5"",""p"":0.0023,""rounds"":8}",
       100,         1,         0,   0.016,pymatching,046982cd0fd717927ffa6498d096473aed0c0c5fd500f246c3de36b0f6fd4e88,"{""code"":""double_measurement_surface_code"",""diameter"":8,""measurement_noise_factor"":5,""noise_model"":""SD6_5"",""p"":0.0025250000000000003,""rounds"":8}",
       100,         0,         0,   0.018,pymatching,7dc90b8e5dd75da4e1ed48ea57a7cd58669a8e296ee3359c24231cd1b2b303bb,"{""code"":""double_measurement_surface_code"",""diameter"":8,""measurement_noise_factor"":5,""noise_model"":""SD6_5"",""p"":0.0027500000000000003,""rounds"":8}",
       100,         0,         0,   0.018,pymatching,987458ed13545e47f1e3f6e215e9ccf2ec58f0e0828b943b4d0e6d5192d6aaa3,"{""code"":""double_measurement_surface_code"",""diameter"":8,""measurement_noise_factor"":5,""noise_model"":""SD6_5"",""p"":0.002975,""rounds"":8}",
       100,         1,         0,   0.018,pymatching,2a69658f8d84d4fbf25887980963f589cc71a8a8e351a4942780fa19139fcac7,"{""code"":""double_measurement_surface_code"",""diameter"":8,""measurement_noise_factor"":5,""noise_model"":""SD6_5"",""p"":0.0032,""rounds"":8}",
       100,         1,         0,   0.018,pymatching,bd034502937d24d49859377e114e58d668dc002b9efe7d737f845a0ebfd43e39,"{""code"":""double_measurement_surface_code"",""diameter"":8,""measurement_noise_factor"":5,""noise_model"":""SD6_5"",""p"":0.003425,""rounds"":8}",
       100,         1,         0,   0.021,pymatching,b3bfcaee8151669dfc9d6ae69bfd36775ed902de28082c855d3d7d5313be54bf,"{""code"":""double_measurement_surface_code"",""diameter"":8,""measurement_noise_factor"":5,""noise_model"":""SD6_5"",""p"":0.0036500000000000005,""rounds"":8}",
       100,         4,         0,   0.022,pymatching,b6c1b53f1c620612a6afac4ab14d02dd1b6fa8d96caeb583eb82f4433cfc2936,"{""code"":""double_measurement_surface_code"",""diameter"":8,""measurement_noise_factor"":5,""noise_model"":""SD6_5"",""p"":0.0041,""rounds"":8}",
       100,         4,         0,   0.022,pymatching,c02c29f32ad92b254d1d5ba3ce91984c9bb8c3c44062a133a9a346d1077a3e6f,"{""code"":""double_measurement_surface_code"",""diameter"":8,""measurement_noise_factor"":5,""noise_model"":""SD6_5"",""p"":0.0038750000000000004,""rounds"":8}",
       100,         5,         0,   0.019,pymatching,a432fe3d7df36b7809ac720759d9489d662831d0bd7e13bfbfbde16faf65c87e,"{""code"":""double_measurement_surface_code"",""diameter"":8,""measurement_noise_factor"":5,""noise_model"":""SD6_5"",""p"":0.004325000000000001,""rounds"":8}",
       100,         6,         0,   0.020,pymatching,d7ff9f2c98682cbe01b1402adbaba8975a4f2ca10b6670876766e9039394a64c,"{""code"":""double_measurement_surface_code"",""diameter"":8,""measurement_noise_factor"":5,""noise_model"":""SD6_5"",""p"":0.00455,""rounds"":8}",
       100,         7,         0,   0.020,pymatching,8a2f0bf21de4931be7911a409940f7f406dd175b16deec1cf506f1a98b0b4d08,"{""code"":""double_measurement_surface_code"",""diameter"":8,""measurement_noise_factor"":5,""noise_model"":""SD6_5"",""p"":0.004775,""rounds"":8}",
       100,         7,         0,   0.021,pymatching,d1115358475a2a483b17ae58861f67d1c154aacf0d19a348d8f59c3a1d66f5e9,"{""code"":""double_measurement_surface_code"",""diameter"":8,""measurement_noise_factor"":5,""noise_model"":""SD6_5"",""p"":0.005,""rounds"":8}",
       100,         0,         0,   0.027,pymatching,48406483f9f7330dd8cefb7d2f4a6ef9491a92c4ffb997f6b7c46c1d3579c864,"{""code"":""double_measurement_surface_code"",""diameter"":10,""measurement_noise_factor"":5,""noise_model"":""SD6_5"",""p"":0.0005,""rounds"":10}",
       100,         0,         0,   0.027,pymatching,74c5df63c97b3d4204f48244c7c767553ce1d77e52d40e118271c4b3369e0ada,"{""code"":""double_measurement_surface_code"",""diameter"":10,""measurement_noise_factor"":5,""noise_model"":""SD6_5"",""p"":0.0007250000000000001,""rounds"":10}",
       100,         0,         0,   0.028,pymatching,abaaf71684f589290aca4e3c8a316532f0f1252b7a0538eea1a4b5649def7166,"{""code"":""double_measurement_surface_code"",""diameter"":10,""measurement_noise_factor"":5,""noise_model"":""SD6_5"",""p"":0.0014000000000000002,""rounds"":10}",
       100,         0,         0,   0.027,pymatching,df77c9d08607c96142eabe42615a8c9530fea79272e446fceb650a035766da05,"{""code"":""double_measurement_surface_code"",""diameter"":10,""measurement_noise_factor"":5,""noise_model"":""SD6_5"",""p"":0.0009500000000000001,""rounds"":10}",
       100,         0,         0,   0.028,pymatching,b032b6b6df9fc673cfa72363ef4cee8eeb708d18353c064c81469b1f15063a9b,"{""code"":""double_measurement_surface_code"",""diameter"":10,""measurement_noise_factor"":5,""noise_model"":""SD6_5"",""p"":0.001175,""rounds"":10}",
       100,         0,         0,   0.029,pymatching,d6758e51392c0ab9c3043b1e84e2e0c7237cb863db32a9a74d92000a888acc3f,"{""code"":""double_measurement_surface_code"",""diameter"":10,""measurement_noise_factor"":5,""noise_model"":""SD6_5"",""p"":0.0016250000000000001,""rounds"":10}",
       100,         0,         0,   0.029,pymatching,9a553601f1ee51c7a605f77c3dc781afb196b51558310356e30ddb51ed8846db,"{""code"":""double_measurement_surface_code"",""diameter"":10,""measurement_noise_factor"":5,""noise_model"":""SD6_5"",""p"":0.00185,""rounds"":10}",
       100,         0,         0,   0.029,pymatching,50906ff8c48d9b73e58895e11c14c89bf226d66f4e2def8d9df8c3a3ba6acbe2,"{""code"":""double_measurement_surface_code"",""diameter"":10,""measurement_noise_factor"":5,""noise_model"":""SD6_5"",""p"":0.0020750000000000005,""rounds"":10}",
       100,         0,         0,   0.029,pymatching,a050204224f8fcb37b75b01aacc2606aed29de608f00ef63315bac99b2f3d61e,"{""code"":""double_measurement_surface_code"",""diameter"":10,""measurement_noise_factor"":5,""noise_model"":""SD6_5"",""p"":0.0023,""rounds"":10}",
       100,         0,         0,   0.030,pymatching,70662ca38ab8285b7b7afe041319f9ed64e37efa41c191095c165ce0a96b940b,"{""code"":""double_measurement_surface_code"",""diameter"":10,""measurement_noise_factor"":5,""noise_model"":""SD6_5"",""p"":0.0025250000000000003,""rounds"":10}",
       100,         1,         0,   0.031,pymatching,917f0d69e3133a2a48f6da2cc1ca30e6fe3502a325eb042286700f248f9e0e83,"{""code"":""double_measurement_surface_code"",""diameter"":10,""measurement_noise_factor"":5,""noise_model"":""SD6_5"",""p"":0.0027500000000000003,""rounds"":10}",
       100,         0,         0,   0.032,pymatching,6bc7c663dd31ec7ce1799ae68fcbfc460656d8dadbcfb0a1a9f844a4660f66c2,"{""code"":""double_measurement_surface_code"",""diameter"":10,""measurement_noise_factor"":5,""noise_model"":""SD6_5"",""p"":0.002975,""rounds"":10}",
       100,         0,         0,   0.032,pymatching,0d27f82f9c66bf2952ceb3ac28b437a609ae65c84ec10bb974e1aa88a03c4d69,"{""code"":""double_measurement_surface_code"",""diameter"":10,""measurement_noise_factor"":5,""noise_model"":""SD6_5"",""p"":0.0032,""rounds"":10}",
       100,         1,         0,   0.033,pymatching,607601f7942419d572a8c3bf61efda4d1012ca420f29073f83ce00639299ba37,"{""code"":""double_measurement_surface_code"",""diameter"":10,""measurement_noise_factor"":5,""noise_model"":""SD6_5"",""p"":0.003425,""rounds"":10}",
       100,         1,         0,   0.034,pymatching,083e39b87479c9a5828a79c44a57ea9ade3bafdcbe52ab0148dff87a8c76e940,"{""code"":""double_measurement_surface_code"",""diameter"":10,""measurement_noise_factor"":5,""noise_model"":""SD6_5"",""p"":0.0036500000000000005,""rounds"":10}",
       100,         2,         0,   0.035,pymatching,d128b637d717f577a4fb8e68bf86e01c67f0f0f558bc464feb2b4be20cf61160,"{""code"":""double_measurement_surface_code"",""diameter"":10,""measurement_noise_factor"":5,""noise_model"":""SD6_5"",""p"":0.0041,""rounds"":10}",
       100,         3,         0,   0.035,pymatching,0efd663e91031f183f9b5a45323bbcd5f015d198d6a6e1948ff881c5c3e83dc5,"{""code"":""double_measurement_surface_code"",""diameter"":10,""measurement_noise_factor"":5,""noise_model"":""SD6_5"",""p"":0.0038750000000000004,""rounds"":10}",
       100,         2,         0,   0.036,pymatching,b68f269099fc35a04c0a03348cb2e24ad8521c5167f68b73373528d52ee5989e,"{""code"":""double_measurement_surface_code"",""diameter"":10,""measurement_noise_factor"":5,""noise_model"":""SD6_5"",""p"":0.004325000000000001,""rounds"":10}",
       100,         4,         0,   0.037,pymatching,82130ce67a9e3da24e6b8b9bbca850622b793228c0648b36f64d4119017a4eb7,"{""code"":""double_measurement_surface_code"",""diameter"":10,""measurement_noise_factor"":5,""noise_model"":""SD6_5"",""p"":0.00455,""rounds"":10}",
       100,         5,         0,   0.038,pymatching,7d671d7497d08ad5936b49fddaa1687f4cff0ce2a7deb64f74cfabd74005abd6,"{""code"":""double_measurement_surface_code"",""diameter"":10,""measurement_noise_factor"":5,""noise_model"":""SD6_5"",""p"":0.004775,""rounds"":10}",
       100,        10,         0,   0.039,pymatching,64825f04f27b3edba3e17af912c19d511303e89737e3adc3b915b99328f70a3b,"{""code"":""double_measurement_surface_code"",""diameter"":10,""measurement_noise_factor"":5,""noise_model"":""SD6_5"",""p"":0.005,""rounds"":10}",
       100,         0,         0,   0.044,pymatching,82959cb35b62d1336f77a73113a0b487e4ab182c1734805fd24039b27d0305f3,"{""code"":""double_measurement_surface_code"",""diameter"":12,""measurement_noise_factor"":5,""noise_model"":""SD6_5"",""p"":0.0005,""rounds"":12}",
       100,         0,         0,   0.044,pymatching,f2e789d3431068f688908aa4efbf16889611c435310a88d1989626151acfcbeb,"{""code"":""double_measurement_surface_code"",""diameter"":12,""measurement_noise_factor"":5,""noise_model"":""SD6_5"",""p"":0.0007250000000000001,""rounds"":12}",
       100,         0,         0,   0.044,pymatching,ce06a7e31dc23d2783927d9922a9d30eaf0871d628c807a55ad129cc937d02c4,"{""code"":""double_measurement_surface_code"",""diameter"":12,""measurement_noise_factor"":5,""noise_model"":""SD6_5"",""p"":0.0009500000000000001,""rounds"":12}",
       100,         0,         0,   0.121,pymatching,79718058f4b463c1a353b37bd74da1bdcb570e08f164f9f0afadd146082b9956,"{""code"":""double_measurement_surface_code"",""diameter"":12,""measurement_noise_factor"":5,""noise_model"":""SD6_5"",""p"":0.001175,""rounds"":12}",
       100,         0,         0,   0.084,pymatching,f1b884d82b45501aad221552341503a892e387376ee2293a1d49ba9eef635048,"{""code"":""double_measurement_surface_code"",""diameter"":12,""measurement_noise_factor"":5,""noise_model"":""SD6_5"",""p"":0.0014000000000000002,""rounds"":12}",
       100,         0,         0,   0.047,pymatching,c742d2db0eb133066741288acf7ba6aa299078fcb4c71380d7a7083268a6d780,"{""code"":""double_measurement_surface_code"",""diameter"":12,""measurement_noise_factor"":5,""noise_model"":""SD6_5"",""p"":0.0016250000000000001,""rounds"":12}",
       100,         0,         0,   0.050,pymatching,9d0b843bb267f466de3abcd0f1921b320b3237582d089dfaeb336af631da6636,"{""code"":""double_measurement_surface_code"",""diameter"":12,""measurement_noise_factor"":5,""noise_model"":""SD6_5"",""p"":0.00185,""rounds"":12}",
       100,         0,         0,   0.047,pymatching,91558ea8b8c01bfadab458eacda22ad9cd3f968424a3b4734d46675802bfe1bd,"{""code"":""double_measurement_surface_code"",""diameter"":12,""measurement_noise_factor"":5,""noise_model"":""SD6_5"",""p"":0.0020750000000000005,""rounds"":12}",
       100,         0,         0,   0.049,pymatching,c8b31e796bcf5917c25e1d56378669d0c363469bde69509b81fe444f539686c2,"{""code"":""double_measurement_surface_code"",""diameter"":12,""measurement_noise_factor"":5,""noise_model"":""SD6_5"",""p"":0.0023,""rounds"":12}",
       100,         0,         0,   0.049,pymatching,0961369895b2ccef5f890ead5a6d77e3ca7de9c0de7b74eed89ef7ac541927a4,"{""code"":""double_measurement_surface_code"",""diameter"":12,""measurement_noise_factor"":5,""noise_model"":""SD6_5"",""p"":0.0025250000000000003,""rounds"":12}",
       100,         2,         0,   0.051,pymatching,e13d9342ec0d7135249990083b50db053b9c8bec44e26de6a1c9aba51a333c5b,"{""code"":""double_measurement_surface_code"",""diameter"":12,""measurement_noise_factor"":5,""noise_model"":""SD6_5"",""p"":0.0027500000000000003,""rounds"":12}",
       100,         1,         0,   0.054,pymatching,8ff003357e8d26dfb5dccdc8339c2d49a4f6cfab1b63e53405530e2a7165ea7e,"{""code"":""double_measurement_surface_code"",""diameter"":12,""measurement_noise_factor"":5,""noise_model"":""SD6_5"",""p"":0.0032,""rounds"":12}",
       100,         0,         0,   0.054,pymatching,e11a0e8228f4e148c02899df04ed54a7fe773802a9a21b92a8936b2c87428dbf,"{""code"":""double_measurement_surface_code"",""diameter"":12,""measurement_noise_factor"":5,""noise_model"":""SD6_5"",""p"":0.002975,""rounds"":12}",
       100,         0,         0,   0.056,pymatching,0bedb7becf732183c3a64ed0ae2a218e7065ff7328050814e528708ecbf5b823,"{""code"":""double_measurement_surface_code"",""diameter"":12,""measurement_noise_factor"":5,""noise_model"":""SD6_5"",""p"":0.003425,""rounds"":12}",
       100,         1,         0,   0.058,pymatching,f566d6a0b5f1870f459363f35f63a6cad9c9a5305bde733bb22acf660f7cef07,"{""code"":""double_measurement_surface_code"",""diameter"":12,""measurement_noise_factor"":5,""noise_model"":""SD6_5"",""p"":0.0036500000000000005,""rounds"":12}",
       100,         1,         0,   0.058,pymatching,6c0da1520ea71c3827282ed91b1636537ca5551d52c822f31046319e86689861,"{""code"":""double_measurement_surface_code"",""diameter"":12,""measurement_noise_factor"":5,""noise_model"":""SD6_5"",""p"":0.0038750000000000004,""rounds"":12}",
       100,         0,         0,   0.058,pymatching,612fdc7fed354f652427ce5882141860652a818e22f5d55ef5a4216876e88b72,"{""code"":""double_measurement_surface_code"",""diameter"":12,""measurement_noise_factor"":5,""noise_model"":""SD6_5"",""p"":0.0041,""rounds"":12}",
       100,         3,         0,   0.061,pymatching,8772b378b2985b018330c93fc6d6ba53b4ef6954d4ab13a507ed1ad1e4bbd889,"{""code"":""double_measurement_surface_code"",""diameter"":12,""measurement_noise_factor"":5,""noise_model"":""SD6_5"",""p"":0.004325000000000001,""rounds"":12}",
       100,         4,         0,   0.062,pymatching,436b9b95dbff43e431fe1bd6d107190669f0b2b9ac5676dbd16b31a757f89cab,"{""code"":""double_measurement_surface_code"",""diameter"":12,""measurement_noise_factor"":5,""noise_model"":""SD6_5"",""p"":0.00455,""rounds"":12}",
       100,         8,         0,   0.064,pymatching,964f6546ebea61074cf4a3b6e408f035924e4664a8f7c4e79f154ea1b9aa8149,"{""code"":""double_measurement_surface_code"",""diameter"":12,""measurement_noise_factor"":5,""noise_model"":""SD6_5"",""p"":0.004775,""rounds"":12}",
       100,        12,         0,   0.067,pymatching,21a5ee2e9b2e5e993a531814706c596911700c2865e32bf89af3ca86369a98c1,"{""code"":""double_measurement_surface_code"",""diameter"":12,""measurement_noise_factor"":5,""noise_model"":""SD6_5"",""p"":0.005,""rounds"":12}",
       100,         0,         0,   0.065,pymatching,040b05ae5f544a9277fcfa085972079d3f1c0859b887682671d3fd85583e24d0,"{""code"":""double_measurement_surface_code"",""diameter"":14,""measurement_noise_factor"":5,""noise_model"":""SD6_5"",""p"":0.0005,""rounds"":14}",
       100,         0,         0,   0.067,pymatching,668756d913d762e56a35357f9c84cb3aaf8c547fe7022561e37d721b8ec65532,"{""code"":""double_measurement_surface_code"",""diameter"":14,""measurement_noise_factor"":5,""noise_model"":""SD6_5"",""p"":0.0007250000000000001,""rounds"":14}",
       100,         0,         0,   0.068,pymatching,89b62bbe25b4e8749f29976b1a3c556ed2776df87694a8435fe389f1fbd87543,"{""code"":""double_measurement_surface_code"",""diameter"":14,""measurement_noise_factor"":5,""noise_model"":""SD6_5"",""p"":0.0009500000000000001,""rounds"":14}",
       100,         0,         0,   0.069,pymatching,cade39dbb97258d77343451356421d45a1222e7de75b4cfc6f4f5e07f4d403a0,"{""code"":""double_measurement_surface_code"",""diameter"":14,""measurement_noise_factor"":5,""noise_model"":""SD6_5"",""p"":0.001175,""rounds"":14}",
       100,         0,         0,   0.070,pymatching,bb11b34f5892f16aa0d1facdb4fb1f1202614b0bcb72ac1403244e0fa38d11d9,"{""code"":""double_measurement_surface_code"",""diameter"":14,""measurement_noise_factor"":5,""noise_model"":""SD6_5"",""p"":0.0014000000000000002,""rounds"":14}",
       100,         0,         0,   0.072,pymatching,bc0d42c981ad60abb3a69db816120f3d1784ec568e94843c9815d0c59927ceac,"{""code"":""double_measurement_surface_code"",""diameter"":14,""measurement_noise_factor"":5,""noise_model"":""SD6_5"",""p"":0.0016250000000000001,""rounds"":14}",
       100,         0,         0,   0.073,pymatching,6974c48f8e2bbb749921fbff1f22433a2d2a9c9a05230279ca87d18842cee59c,"{""code"":""double_measurement_surface_code"",""diameter"":14,""measurement_noise_factor"":5,""noise_model"":""SD6_5"",""p"":0.00185,""rounds"":14}",
       100,         0,         0,   0.074,pymatching,16b1131184369a4a45a9473bf955b5fca4e12ac4e27b6a68db18f0c16acb98c1,"{""code"":""double_measurement_surface_code"",""diameter"":14,""measurement_noise_factor"":5,""noise_model"":""SD6_5"",""p"":0.0020750000000000005,""rounds"":14}",
       100,         0,         0,   0.076,pymatching,4dc8c277d31fff3511de0de9e35f0d8c55764792a80adba367b7a4d8b2c92235,"{""code"":""double_measurement_surface_code"",""diameter"":14,""measurement_noise_factor"":5,""noise_model"":""SD6_5"",""p"":0.0023,""rounds"":14}",
       100,         0,         0,   0.078,pymatching,9ba2c866b315a53ea75cc0cef502ea0934f76d87b85d96284a27f64558498b9d,"{""code"":""double_measurement_surface_code"",""diameter"":14,""measurement_noise_factor"":5,""noise_model"":""SD6_5"",""p"":0.0025250000000000003,""rounds"":14}",
       100,         0,         0,   0.081,pymatching,d3b74d361f377babee901d5076ff755f2bcc465fff8b029a21e1551cc955a682,"{""code"":""double_measurement_surface_code"",""diameter"":14,""measurement_noise_factor"":5,""noise_model"":""SD6_5"",""p"":0.0027500000000000003,""rounds"":14}",
       100,         0,         0,   0.083,pymatching,36f6bdee18bfb7d161a74e855a49d5cb712cd6a6d5469fe2c9329237c7945f50,"{""code"":""double_measurement_surface_code"",""diameter"":14,""measurement_noise_factor"":5,""noise_model"":""SD6_5"",""p"":0.002975,""rounds"":14}",
       100,         0,         0,   0.083,pymatching,5553ddacbe82c777801acb806498de08d1142c5d3c83c41d2ad61c70038658b8,"{""code"":""double_measurement_surface_code"",""diameter"":14,""measurement_noise_factor"":5,""noise_model"":""SD6_5"",""p"":0.0032,""rounds"":14}",
       100,         0,         0,   0.097,pymatching,933cc1aef6810cd6acaed4f2ec073c92602ec2742ea2a27d138fc564a99e7b9a,"{""code"":""double_measurement_surface_code"",""diameter"":14,""measurement_noise_factor"":5,""noise_model"":""SD6_5"",""p"":0.003425,""rounds"":14}",
       100,         0,         0,   0.101,pymatching,f21ed46f0c25291a3590bc1a9fa9588c7c43deefcaa628bb6091a2a9bf19a985,"{""code"":""double_measurement_surface_code"",""diameter"":14,""measurement_noise_factor"":5,""noise_model"":""SD6_5"",""p"":0.0036500000000000005,""rounds"":14}",
       100,         4,         0,   0.092,pymatching,9bc693a919ba7c96c7ab44078449bb85cf969db3192d189e57f260ce175519fa,"{""code"":""double_measurement_surface_code"",""diameter"":14,""measurement_noise_factor"":5,""noise_model"":""SD6_5"",""p"":0.0038750000000000004,""rounds"":14}",
       100,         2,         0,   0.093,pymatching,894e74d5fd4679173b361f8bbeb21ba4112593b421ed367ab801b8d44a0c465a,"{""code"":""double_measurement_surface_code"",""diameter"":14,""measurement_noise_factor"":5,""noise_model"":""SD6_5"",""p"":0.0041,""rounds"":14}",
       100,         2,         0,   0.098,pymatching,48492b4f6a7f857f70d2669094761e5ecbca7c1826da3aec773e44fcaa8a3eed,"{""code"":""double_measurement_surface_code"",""diameter"":14,""measurement_noise_factor"":5,""noise_model"":""SD6_5"",""p"":0.004325000000000001,""rounds"":14}",
       100,         4,         0,   0.100,pymatching,04196ba01791cc60e20d0c403f1d2d82fafeea3a0d5c1db35a109d4de5192b5f,"{""code"":""double_measurement_surface_code"",""diameter"":14,""measurement_noise_factor"":5,""noise_model"":""SD6_5"",""p"":0.00455,""rounds"":14}",
       100,         4,         0,   0.102,pymatching,3c79d1945b5121ef5782378ab1139cd727c34bed0ed41948ab7a080e7628bfc9,"{""code"":""double_measurement_surface_code"",""diameter"":14,""measurement_noise_factor"":5,""noise_model"":""SD6_5"",""p"":0.004775,""rounds"":14}",
       100,         3,         0,   0.103,pymatching,90614a0dda39f9af8c5ee4238ea7a52c6d587af4b9484ee8d30f5bce2db009ac,"{""code"":""double_measurement_surface_code"",""diameter"":14,""measurement_noise_factor"":5,""noise_model"":""SD6_5"",""p"":0.005,""rounds"":14}",
       100,         2,         0,   0.379,pymatching,4bff97acfb21604c866fd2fcf9168ccfb3b35575944f34efe0dd270b4e160a15,"{""code"":""double_measurement_surface_code"",""diameter"":4,""measurement_noise_factor"":10,""noise_model"":""SD6_10"",""p"":0.00185,""rounds"":4}",
       100,         0,         0,   0.515,pymatching,7e8bcb4c6631be86041c36d19a67b0e0a69a1be69e61b12237bcdf1be12a9e82,"{""code"":""double_measurement_surface_code"",""diameter"":4,""measurement_noise_factor"":10,""noise_model"":""SD6_10"",""p"":0.0009500000000000001,""rounds"":4}",
       100,         0,         0,   0.531,pymatching,b32de1f6fb4d71fb251c9547d1aa71ebc0470d7971a35b524b44739d625e7791,"{""code"":""double_measurement_surface_code"",""diameter"":4,""measurement_noise_factor"":10,""noise_model"":""SD6_10"",""p"":0.0007250000000000001,""rounds"":4}",
       100,         0,         0,   0.548,pymatching,4340e992e2bf5221fa29ca79e7fbbe4325bbec694b01581cb2a72b7a5bcdf8d2,"{""code"":""double_measurement_surface_code"",""diameter"":4,""measurement_noise_factor"":10,""noise_model"":""SD6_10"",""p"":0.0005,""rounds"":4}",
       100,         1,         0,   0.549,pymatching,d3882c155e1806f007942b570e372a23d9df7928b2ba0806ea156a54330f2150,"{""code"":""double_measurement_surface_code"",""diameter"":4,""measurement_noise_factor"":10,""noise_model"":""SD6_10"",""p"":0.0023,""rounds"":4}",
       100,         2,         0,   0.541,pymatching,fd112a89aca259f626b6192ac36eedf643f5aa92dc0ab4d236135da322eaba20,"{""code"":""double_measurement_surface_code"",""diameter"":4,""measurement_noise_factor"":10,""noise_model"":""SD6_10"",""p"":0.0025250000000000003,""rounds"":4}",
       100,         0,         0,   0.559,pymatching,03dd71a7342b31d3c9336ecac68d41c0c22397a9f0233c7884ec62dd76957604,"{""code"":""double_measurement_surface_code"",""diameter"":4,""measurement_noise_factor"":10,""noise_model"":""SD6_10"",""p"":0.0014000000000000002,""rounds"":4}",
       100,         0,         0,   0.558,pymatching,ceb1a5cf1b31eccff0e6bc25464982dd1f5f38c83954ebb9756608c797a93463,"{""code"":""double_measurement_surface_code"",""diameter"":4,""measurement_noise_factor"":10,""noise_model"":""SD6_10"",""p"":0.0020750000000000005,""rounds"":4}",
       100,         0,         0,   0.604,pymatching,04f02a0b2ee48ff405b2986d056ffa6f95e6bf9d1c6b979e948d1a82531a7c89,"{""code"":""double_measurement_surface_code"",""diameter"":4,""measurement_noise_factor"":10,""noise_model"":""SD6_10"",""p"":0.0016250000000000001,""rounds"":4}",
       100,         0,         0,   0.635,pymatching,089d9fb271fecd0b13d7819a573a00314ddd0f9f1010bc8c8c3b1364ef3c9578,"{""code"":""double_measurement_surface_code"",""diameter"":4,""measurement_noise_factor"":10,""noise_model"":""SD6_10"",""p"":0.001175,""rounds"":4}",
       100,         2,         0,   0.002,pymatching,871b899353809a30a57ab39d769d887edcbb4ef3d586611117edccc5daf26df6,"{""code"":""double_measurement_surface_code"",""diameter"":4,""measurement_noise_factor"":10,""noise_model"":""SD6_10"",""p"":0.0027500000000000003,""rounds"":4}",
       100,         5,         0,   0.002,pymatching,d656d16bc4ba31617a3d564cad246c105ef8aa9f58bc2cfd1cd193d989182444,"{""code"":""double_measurement_surface_code"",""diameter"":4,""measurement_noise_factor"":10,""noise_model"":""SD6_10"",""p"":0.0032,""rounds"":4}",
       100,         2,         0,   0.003,pymatching,0319deed218798842d974d5496d47e600e7ad4ec128bcddb96b3970f165e0526,"{""code"":""double_measurement_surface_code"",""diameter"":4,""measurement_noise_factor"":10,""noise_model"":""SD6_10"",""p"":0.0036500000000000005,""rounds"":4}",
       100,         5,         0,   0.003,pymatching,58c5ea2602cd0fe78cf10ff22c574a10e9c9e3e5efd6574b9d303c9b71f309f2,"{""code"":""double_measurement_surface_code"",""diameter"":4,""measurement_noise_factor"":10,""noise_model"":""SD6_10"",""p"":0.0041,""rounds"":4}",
       100,         9,         0,   0.003,pymatching,e6ded0ab90c2b0ce47091dfdd0a5f80c8a724d7ff82e759bea8c1a042e9e569f,"{""code"":""double_measurement_surface_code"",""diameter"":4,""measurement_noise_factor"":10,""noise_model"":""SD6_10"",""p"":0.0038750000000000004,""rounds"":4}",
       100,         2,         0,   0.003,pymatching,b0468b7341cd6c9bfcdd52c63fcade129ebcb7fdfafdf9f1a7f6b110f4daa73b,"{""code"":""double_measurement_surface_code"",""diameter"":4,""measurement_noise_factor"":10,""noise_model"":""SD6_10"",""p"":0.002975,""rounds"":4}",
       100,         5,         0,   0.003,pymatching,1243cc750be64b88944adcb31a19ee8b490e79cac0b34b08fac5dd941391a84f,"{""code"":""double_measurement_surface_code"",""diameter"":4,""measurement_noise_factor"":10,""noise_model"":""SD6_10"",""p"":0.003425,""rounds"":4}",
       100,        10,         0,   0.003,pymatching,e4dd7e74e2510135b5731d507e36f47b9c8196286cbd95af4e30b28e8b41b0fd,"{""code"":""double_measurement_surface_code"",""diameter"":4,""measurement_noise_factor"":10,""noise_model"":""SD6_10"",""p"":0.004325000000000001,""rounds"":4}",
       100,        10,         0,   0.003,pymatching,e46e139666e0b4310284862d73dd4cc527250572f5ed211f0d799b8285adc3b5,"{""code"":""double_measurement_surface_code"",""diameter"":4,""measurement_noise_factor"":10,""noise_model"":""SD6_10"",""p"":0.00455,""rounds"":4}",
       100,         7,         0,   0.003,pymatching,2edc9aacd27e814c289f460390e59e9a042a382815080c5083b595304f3e57e0,"{""code"":""double_measurement_surface_code"",""diameter"":4,""measurement_noise_factor"":10,""noise_model"":""SD6_10"",""p"":0.004775,""rounds"":4}",
       100,        13,         0,   0.003,pymatching,d2b06b05bce8eee25c985021b2de737dd1abb038806d71ebdec06f053b3f9b8f,"{""code"":""double_measurement_surface_code"",""diameter"":4,""measurement_noise_factor"":10,""noise_model"":""SD6_10"",""p"":0.005,""rounds"":4}",
       100,         0,         0,   0.015,pymatching,02ae9ddece04ac6abcdd85b050fa2cff3bbdc17884f885ab9f92728aafb82bd0,"{""code"":""double_measurement_surface_code"",""diameter"":8,""measurement_noise_factor"":10,""noise_model"":""SD6_10"",""p"":0.0005,""rounds"":8}",
       100,         0,         0,   0.015,pymatching,425a31ac06a75d883839ece83529ff69a258f9eda363870941d71cac75e65e09,"{""code"":""double_measurement_surface_code"",""diameter"":8,""measurement_noise_factor"":10,""noise_model"":""SD6_10"",""p"":0.0007250000000000001,""rounds"":8}",
       100,         0,         0,   0.015,pymatching,1f1ba5bc188582002a10e4bdb1212765156327661ecd46ab51b6a1e89cef5d9f,"{""code"":""double_measurement_surface_code"",""diameter"":8,""measurement_noise_factor"":10,""noise_model"":""SD6_10"",""p"":0.0009500000000000001,""rounds"":8}",
       100,         0,         0,   0.015,pymatching,241e75691be90a42e7cea92e83df675f5ef422a25099ac6776e734c66b138d68,"{""code"":""double_measurement_surface_code"",""diameter"":8,""measurement_noise_factor"":10,""noise_model"":""SD6_10"",""p"":0.001175,""rounds"":8}",
       100,         0,         0,   0.016,pymatching,d7e06649981adf86615de8693c4e8a0e26b5002e20e36ce23b729d69203762a3,"{""code"":""double_measurement_surface_code"",""diameter"":8,""measurement_noise_factor"":10,""noise_model"":""SD6_10"",""p"":0.0014000000000000002,""rounds"":8}",
       100,         0,         0,   0.016,pymatching,7839c2ee1ea023cff98d313c688a5b75f592b8610f6954227bec4627ea954667,"{""code"":""double_measurement_surface_code"",""diameter"":8,""measurement_noise_factor"":10,""noise_model"":""SD6_10"",""p"":0.0016250000000000001,""rounds"":8}",
       100,         0,         0,   0.016,pymatching,801f8fbca4c76c7751a038f10c91757a7b39bfbd8620db270a3ce584c259bc0d,"{""code"":""double_measurement_surface_code"",""diameter"":8,""measurement_noise_factor"":10,""noise_model"":""SD6_10"",""p"":0.00185,""rounds"":8}",
       100,         0,         0,   0.016,pymatching,2fc29c5cc5c2e54a1b7f5b4d3abbf276b453d7ad9ea4fb116024d3e2dac5696d,"{""code"":""double_measurement_surface_code"",""diameter"":8,""measurement_noise_factor"":10,""noise_model"":""SD6_10"",""p"":0.0020750000000000005,""rounds"":8}",
       100,         0,         0,   0.017,pymatching,f987702e483fb604e087ea79cdd254588c34bd25ac01ab6c2a2a508be7588d81,"{""code"":""double_measurement_surface_code"",""diameter"":8,""measurement_noise_factor"":10,""noise_model"":""SD6_10"",""p"":0.0023,""rounds"":8}",
       100,         1,         0,   0.017,pymatching,b477ffbea0943ece25f8befca844b748a8cc447d51f16815c6fe789e207ac5f8,"{""code"":""double_measurement_surface_code"",""diameter"":8,""measurement_noise_factor"":10,""noise_model"":""SD6_10"",""p"":0.0025250000000000003,""rounds"":8}",
       100,         1,         0,   0.018,pymatching,2728fb88225b7021cea8a187eee94e103efeb7c13bd60df2f16b249384487291,"{""code"":""double_measurement_surface_code"",""diameter"":8,""measurement_noise_factor"":10,""noise_model"":""SD6_10"",""p"":0.0027500000000000003,""rounds"":8}",
       100,         1,         0,   0.018,pymatching,6405fbb096a8b45f82c19b0906479e7e536540c2d48ba5d6e33c05c149c16f82,"{""code"":""double_measurement_surface_code"",""diameter"":8,""measurement_noise_factor"":10,""noise_model"":""SD6_10"",""p"":0.002975,""rounds"":8}",
       100,         0,         0,   0.018,pymatching,5fffa9406ac501cd6fcf46ba59bad9bf1a857724b394a7d782472d3be180363c,"{""code"":""double_measurement_surface_code"",""diameter"":8,""measurement_noise_factor"":10,""noise_model"":""SD6_10"",""p"":0.0032,""rounds"":8}",
       100,         2,         0,   0.019,pymatching,d4b5714f5e39b8112a3e50c4e8ae8d6c5cfadbdbe5d706f8ddff71ef8e711432,"{""code"":""double_measurement_surface_code"",""diameter"":8,""measurement_noise_factor"":10,""noise_model"":""SD6_10"",""p"":0.003425,""rounds"":8}",
       100,         3,         0,   0.020,pymatching,adfde33bb53ca90fe3678c57223cff47d986f57ad0bb004e9d0c875c8a4acdc6,"{""code"":""double_measurement_surface_code"",""diameter"":8,""measurement_noise_factor"":10,""noise_model"":""SD6_10"",""p"":0.0036500000000000005,""rounds"":8}",
       100,         4,         0,   0.020,pymatching,ea10f7b954a4759e71b8f22f22214e342efdfa86ae8ba8b27044bdabcfa822aa,"{""code"":""double_measurement_surface_code"",""diameter"":8,""measurement_noise_factor"":10,""noise_model"":""SD6_10"",""p"":0.0041,""rounds"":8}",
       100,         3,         0,   0.020,pymatching,72d7b37f103fecbb846e5470e1699c40bead8b4fd9edb85df85214b26cd48e82,"{""code"":""double_measurement_surface_code"",""diameter"":8,""measurement_noise_factor"":10,""noise_model"":""SD6_10"",""p"":0.0038750000000000004,""rounds"":8}",
       100,         4,         0,   0.021,pymatching,3a0bd08e964db5db5d6d97922cd43cfdc839da0a22eb80100db5db7280e4257a,"{""code"":""double_measurement_surface_code"",""diameter"":8,""measurement_noise_factor"":10,""noise_model"":""SD6_10"",""p"":0.004325000000000001,""rounds"":8}",
       100,         7,         0,   0.022,pymatching,11e7b6fe09928ddb31dc4d1054929db9a80680208fba244f7a4af2e963002a05,"{""code"":""double_measurement_surface_code"",""diameter"":8,""measurement_noise_factor"":10,""noise_model"":""SD6_10"",""p"":0.00455,""rounds"":8}",
       100,         9,         0,   0.022,pymatching,e6f3ee8c19210364f84ccf4b6912e97de7b1c112c674720fd3a0a24b80157cd0,"{""code"":""double_measurement_surface_code"",""diameter"":8,""measurement_noise_factor"":10,""noise_model"":""SD6_10"",""p"":0.004775,""rounds"":8}",
       100,         7,         0,   0.022,pymatching,a3fec3d7ac3ee1d43c79ce4aecc37e4165f58036d6b06773e16fffe14b6e69eb,"{""code"":""double_measurement_surface_code"",""diameter"":8,""measurement_noise_factor"":10,""noise_model"":""SD6_10"",""p"":0.005,""rounds"":8}",
       100,         0,         0,   0.027,pymatching,3becf10359d294ea3c8498eb741136eac15eb39a35975d30f68ad3ae3b8932b2,"{""code"":""double_measurement_surface_code"",""diameter"":10,""measurement_noise_factor"":10,""noise_model"":""SD6_10"",""p"":0.0005,""rounds"":10}",
       100,         0,         0,   0.028,pymatching,013b8f869823175af3d793e48f1e95cd6255aa1d76e61011dea3ff300276e0d7,"{""code"":""double_measurement_surface_code"",""diameter"":10,""measurement_noise_factor"":10,""noise_model"":""SD6_10"",""p"":0.0007250000000000001,""rounds"":10}",
       100,         0,         0,   0.028,pymatching,cc00719d1b9b7b78c3bff8d993e63622de6c32579c827ad300de5c4c52c35758,"{""code"":""double_measurement_surface_code"",""diameter"":10,""measurement_noise_factor"":10,""noise_model"":""SD6_10"",""p"":0.001175,""rounds"":10}",
       100,         0,         0,   0.029,pymatching,5e248e267b45da08223b2274499caa91fca31fb6e532aa9832e9ebd14f745a0c,"{""code"":""double_measurement_surface_code"",""diameter"":10,""measurement_noise_factor"":10,""noise_model"":""SD6_10"",""p"":0.0014000000000000002,""rounds"":10}",
       100,         0,         0,   0.029,pymatching,81fbbc6fafdfa8989e37a20b202ab5bf78f676e169bac1bc1d345f54ae506374,"{""code"":""double_measurement_surface_code"",""diameter"":10,""measurement_noise_factor"":10,""noise_model"":""SD6_10"",""p"":0.0009500000000000001,""rounds"":10}",
       100,         0,         0,   0.029,pymatching,0cf3838d4d322ffa549c7667e1b25706f9725b1dfce9cb6298289251fc2e2b0e,"{""code"":""double_measurement_surface_code"",""diameter"":10,""measurement_noise_factor"":10,""noise_model"":""SD6_10"",""p"":0.0016250000000000001,""rounds"":10}",
       100,         1,         0,   0.030,pymatching,7db530a1c39477b67fa263cab4a1f917c95ef6905e82c2b588e087fdf3de57fb,"{""code"":""double_measurement_surface_code"",""diameter"":10,""measurement_noise_factor"":10,""noise_model"":""SD6_10"",""p"":0.00185,""rounds"":10}",
       100,         0,         0,   0.030,pymatching,e98d05ea865de18a4dcd74330dcbac1e6fab67e3ba8377d6ed95b8057de16d76,"{""code"":""double_measurement_surface_code"",""diameter"":10,""measurement_noise_factor"":10,""noise_model"":""SD6_10"",""p"":0.0020750000000000005,""rounds"":10}",
       100,         1,         0,   0.031,pymatching,8b8470084c74bdc53756dde69d4c39437d59b3b3d76f0f25892582c421d722ea,"{""code"":""double_measurement_surface_code"",""diameter"":10,""measurement_noise_factor"":10,""noise_model"":""SD6_10"",""p"":0.0023,""rounds"":10}",
       100,         0,         0,   0.031,pymatching,a416400c6c0763b9dff56cd0391f30d02657242d5b0c66763b49910cbab4fe57,"{""code"":""double_measurement_surface_code"",""diameter"":10,""measurement_noise_factor"":10,""noise_model"":""SD6_10"",""p"":0.0025250000000000003,""rounds"":10}",
       100,         1,         0,   0.033,pymatching,fb699e9b9ce8b3e7840a06d503e19856e304b694432c7c4fce2c9178c489afa8,"{""code"":""double_measurement_surface_code"",""diameter"":10,""measurement_noise_factor"":10,""noise_model"":""SD6_10"",""p"":0.0027500000000000003,""rounds"":10}",
       100,         0,         0,   0.035,pymatching,af28f6a6fb420cda22a8a1c4b8d6a5030ac654d6e2534b417e45a207c82308af,"{""code"":""double_measurement_surface_code"",""diameter"":10,""measurement_noise_factor"":10,""noise_model"":""SD6_10"",""p"":0.002975,""rounds"":10}",
       100,         2,         0,   0.038,pymatching,35c9819628d83ed91b98777d8625c81bbee4bae7b273b6028f58dc76d6c0e063,"{""code"":""double_measurement_surface_code"",""diameter"":10,""measurement_noise_factor"":10,""noise_model"":""SD6_10"",""p"":0.0036500000000000005,""rounds"":10}",
       100,         2,         0,   0.039,pymatching,76f7921ba41db0c74a73dfd082eddeeaf8f9c9a4abd9b8ef8ad56d4786fcf741,"{""code"":""double_measurement_surface_code"",""diameter"":10,""measurement_noise_factor"":10,""noise_model"":""SD6_10"",""p"":0.0032,""rounds"":10}",
       100,         4,         0,   0.038,pymatching,91cd98669033e991764c1b5d4d85abe12317b7c7e9289486333718885781972f,"{""code"":""double_measurement_surface_code"",""diameter"":10,""measurement_noise_factor"":10,""noise_model"":""SD6_10"",""p"":0.0038750000000000004,""rounds"":10}",
       100,         3,         0,   0.044,pymatching,19b26bb662fa9c3ed2634458ea1ca03932d65242e68148f850610411264f941a,"{""code"":""double_measurement_surface_code"",""diameter"":10,""measurement_noise_factor"":10,""noise_model"":""SD6_10"",""p"":0.003425,""rounds"":10}",
       100,         2,         0,   0.039,pymatching,881b9c69098d5d6e51c178f12a7306d13de7689a13f866e8501fba63ffca7ed4,"{""code"":""double_measurement_surface_code"",""diameter"":10,""measurement_noise_factor"":10,""noise_model"":""SD6_10"",""p"":0.0041,""rounds"":10}",
       100,         3,         0,   0.040,pymatching,f426187cffbace794b054b553b6ee9929bfd5738b3d4e400d7984e11054574b7,"{""code"":""double_measurement_surface_code"",""diameter"":10,""measurement_noise_factor"":10,""noise_model"":""SD6_10"",""p"":0.004325000000000001,""rounds"":10}",
       100,         9,         0,   0.041,pymatching,d85885b41b0ea080754733ab58c0018b03ac9744778b5813fec37444e32352ab,"{""code"":""double_measurement_surface_code"",""diameter"":10,""measurement_noise_factor"":10,""noise_model"":""SD6_10"",""p"":0.00455,""rounds"":10}",
       100,         7,         0,   0.042,pymatching,4c0c34d7b29905f16a5317692f9249c1290c5195ebc9cce9c59c540a06d3e800,"{""code"":""double_measurement_surface_code"",""diameter"":10,""measurement_noise_factor"":10,""noise_model"":""SD6_10"",""p"":0.004775,""rounds"":10}",
       100,        11,         0,   0.042,pymatching,8d0991ab3b52ee6e9528a8d7d204a21fcc5e7fd0cfa4e9d2d42794928fcc8605,"{""code"":""double_measurement_surface_code"",""diameter"":10,""measurement_noise_factor"":10,""noise_model"":""SD6_10"",""p"":0.005,""rounds"":10}",
       100,         0,         0,   0.043,pymatching,2d0db93f1ef49dfbd1b7e54ebf5130354cba218289ce67b39e17c544fb90b551,"{""code"":""double_measurement_surface_code"",""diameter"":12,""measurement_noise_factor"":10,""noise_model"":""SD6_10"",""p"":0.0005,""rounds"":12}",
       100,         0,         0,   0.044,pymatching,c7405057bd06fb51c5b952d5c6544acfaf6df8a84b00028d2436c3f246d29ab2,"{""code"":""double_measurement_surface_code"",""diameter"":12,""measurement_noise_factor"":10,""noise_model"":""SD6_10"",""p"":0.0007250000000000001,""rounds"":12}",
       100,         0,         0,   0.045,pymatching,45267d4dcdd635cec62f71209f70d3bdd8f040dac3263bb6726a9999b12f2469,"{""code"":""double_measurement_surface_code"",""diameter"":12,""measurement_noise_factor"":10,""noise_model"":""SD6_10"",""p"":0.001175,""rounds"":12}",
       100,         0,         0,   0.045,pymatching,617d0204dce5a65776eb0c81c16f9c73096337f395ba287510a15655580fd53e,"{""code"":""double_measurement_surface_code"",""diameter"":12,""measurement_noise_factor"":10,""noise_model"":""SD6_10"",""p"":0.0009500000000000001,""rounds"":12}",
       100,         0,         0,   0.047,pymatching,592dc4adfcb8842932b56e548f8c471d3afce03d7ef3ba2bfc067c3f466bc14b,"{""code"":""double_measurement_surface_code"",""diameter"":12,""measurement_noise_factor"":10,""noise_model"":""SD6_10"",""p"":0.0014000000000000002,""rounds"":12}",
       100,         0,         0,   0.048,pymatching,e629046ecb16368dcc20061dee1a383c52f58edb89ea38bfe9e123bc0830ca6a,"{""code"":""double_measurement_surface_code"",""diameter"":12,""measurement_noise_factor"":10,""noise_model"":""SD6_10"",""p"":0.0016250000000000001,""rounds"":12}",
       100,         0,         0,   0.049,pymatching,cfba03db68c680e39f9ad76f60e5e588f911b4336e20636a416eb67e0c6dc0b6,"{""code"":""double_measurement_surface_code"",""diameter"":12,""measurement_noise_factor"":10,""noise_model"":""SD6_10"",""p"":0.00185,""rounds"":12}",
       100,         0,         0,   0.051,pymatching,2ac3d226843aa0f2153f4e49df7ed325d6cdda148c32a7a500fbe0512924db46,"{""code"":""double_measurement_surface_code"",""diameter"":12,""measurement_noise_factor"":10,""noise_model"":""SD6_10"",""p"":0.0020750000000000005,""rounds"":12}",
       100,         0,         0,   0.052,pymatching,24e7effaf31112ff1e128f38117627b5d08911a3db5255f0c2ecaf25b69ab6b6,"{""code"":""double_measurement_surface_code"",""diameter"":12,""measurement_noise_factor"":10,""noise_model"":""SD6_10"",""p"":0.0023,""rounds"":12}",
       100,         1,         0,   0.053,pymatching,f673e845cd02cad385b16e2e31e64fc37f91a871b2b5bd70e4751375350b28f7,"{""code"":""double_measurement_surface_code"",""diameter"":12,""measurement_noise_factor"":10,""noise_model"":""SD6_10"",""p"":0.0025250000000000003,""rounds"":12}",
       100,         0,         0,   0.057,pymatching,0c39de098e9fe7abfa03b3479cc23a3b628d6da3e6a13d517928db7d57da4363,"{""code"":""double_measurement_surface_code"",""diameter"":12,""measurement_noise_factor"":10,""noise_model"":""SD6_10"",""p"":0.0027500000000000003,""rounds"":12}",
       100,         0,         0,   0.058,pymatching,d4016505a8c375523d4d274b4344a959ab367e539683a7ef269ef30624d0b6e0,"{""code"":""double_measurement_surface_code"",""diameter"":12,""measurement_noise_factor"":10,""noise_model"":""SD6_10"",""p"":0.002975,""rounds"":12}",
       100,         1,         0,   0.058,pymatching,02ab67037dc92166acfdd25043dbbb91a99c41e89955a2043f70bce3b2f4bbe3,"{""code"":""double_measurement_surface_code"",""diameter"":12,""measurement_noise_factor"":10,""noise_model"":""SD6_10"",""p"":0.0032,""rounds"":12}",
       100,         0,         0,   0.061,pymatching,6d35a0783785ef2ca40db207fc531a0be01cfc5c999445123531a3e87865c21d,"{""code"":""double_measurement_surface_code"",""diameter"":12,""measurement_noise_factor"":10,""noise_model"":""SD6_10"",""p"":0.003425,""rounds"":12}",
       100,         3,         0,   0.064,pymatching,079382ac93aaf28c5e90dd92c5890dc7b7499c94853f78ba73fdbfa67bb6977d,"{""code"":""double_measurement_surface_code"",""diameter"":12,""measurement_noise_factor"":10,""noise_model"":""SD6_10"",""p"":0.0036500000000000005,""rounds"":12}",
       100,         1,         0,   0.064,pymatching,23d9ef1793e08fbfb6e9633e37b5d7369686e356ac3cb8f406be21364b08558a,"{""code"":""double_measurement_surface_code"",""diameter"":12,""measurement_noise_factor"":10,""noise_model"":""SD6_10"",""p"":0.0038750000000000004,""rounds"":12}",
       100,         3,         0,   0.069,pymatching,e245783e6e96929e6f7479a2b0c7cafaf9c78d473f3bab2e80edf383678098fc,"{""code"":""double_measurement_surface_code"",""diameter"":12,""measurement_noise_factor"":10,""noise_model"":""SD6_10"",""p"":0.0041,""rounds"":12}",
       100,        10,         0,   0.072,pymatching,9a739bb30725ad5acf5594e2c3ab5e9272d7d0cbc88a6bb138e7f8bcca549cf6,"{""code"":""double_measurement_surface_code"",""diameter"":12,""measurement_noise_factor"":10,""noise_model"":""SD6_10"",""p"":0.004325000000000001,""rounds"":12}",
       100,         7,         0,   0.072,pymatching,769bea9e71f139e0c83a64a24ee246861e05f4ba85e07bac596e65ffe1d3fbb7,"{""code"":""double_measurement_surface_code"",""diameter"":12,""measurement_noise_factor"":10,""noise_model"":""SD6_10"",""p"":0.00455,""rounds"":12}",
       100,        10,         0,   0.074,pymatching,fc19674a59b8f879f48c1795f06511451a7632992c01d8b4cea1379aa1c3712a,"{""code"":""double_measurement_surface_code"",""diameter"":12,""measurement_noise_factor"":10,""noise_model"":""SD6_10"",""p"":0.004775,""rounds"":12}",
       100,        16,         0,   0.078,pymatching,50e8b58636566109e77039c9419dd8647b4c0d9f3b6d833eba0183c88daacc5a,"{""code"":""double_measurement_surface_code"",""diameter"":12,""measurement_noise_factor"":10,""noise_model"":""SD6_10"",""p"":0.005,""rounds"":12}",
       100,         0,         0,   0.068,pymatching,8b051efdb5c53b4e74704d322b21137c47539ab7a4fd30b978f3aae8cf23753d,"{""code"":""double_measurement_surface_code"",""diameter"":14,""measurement_noise_factor"":10,""noise_model"":""SD6_10"",""p"":0.0005,""rounds"":14}",
       100,         0,         0,   0.069,pymatching,3d556e279d334778bd253dc2dbaa41ebcf58f72b16722fe6f99b174b20e2f748,"{""code"":""double_measurement_surface_code"",""diameter"":14,""measurement_noise_factor"":10,""noise_model"":""SD6_10"",""p"":0.0007250000000000001,""rounds"":14}",
       100,         0,         0,   0.071,pymatching,6fd0ac8b91f9d5d0e1170d65604cfbb5dc14157b69eee962f8f18239f712298b,"{""code"":""double_measurement_surface_code"",""diameter"":14,""measurement_noise_factor"":10,""noise_model"":""SD6_10"",""p"":0.0009500000000000001,""rounds"":14}",
       100,         0,         0,   0.143,pymatching,732732c1b86c9817462d4ce7f5fdc8d2e25a639947a161202dff39b0d9716a3e,"{""code"":""double_measurement_surface_code"",""diameter"":14,""measurement_noise_factor"":10,""noise_model"":""SD6_10"",""p"":0.001175,""rounds"":14}",
       100,         0,         0,   0.074,pymatching,1b640783fa211ca3760d0470efdf9d3bdafe7e39fbfbf9860c6f4cc03b9bdd48,"{""code"":""double_measurement_surface_code"",""diameter"":14,""measurement_noise_factor"":10,""noise_model"":""SD6_10"",""p"":0.0014000000000000002,""rounds"":14}",
       100,         0,         0,   0.077,pymatching,610a4a8e98a82cecc6f86caeb0f81697071ef04649f28c404e15ace88b787514,"{""code"":""double_measurement_surface_code"",""diameter"":14,""measurement_noise_factor"":10,""noise_model"":""SD6_10"",""p"":0.0016250000000000001,""rounds"":14}",
       100,         0,         0,   0.078,pymatching,25ba873e69c7c555b0839eb2fca806c2d2014d3c13f0f59f36a119d83301838c,"{""code"":""double_measurement_surface_code"",""diameter"":14,""measurement_noise_factor"":10,""noise_model"":""SD6_10"",""p"":0.00185,""rounds"":14}",
       100,         0,         0,   0.080,pymatching,f445cd169d8b8e5d21998f42c2ab529c48c2b7654cfb2b27cb822f14870a26ef,"{""code"":""double_measurement_surface_code"",""diameter"":14,""measurement_noise_factor"":10,""noise_model"":""SD6_10"",""p"":0.0020750000000000005,""rounds"":14}",
       100,         0,         0,   0.083,pymatching,d49943bdb22331e95d0d1aa4f907513a375344a75963314bee74df87b9ff283e,"{""code"":""double_measurement_surface_code"",""diameter"":14,""measurement_noise_factor"":10,""noise_model"":""SD6_10"",""p"":0.0023,""rounds"":14}",
       100,         0,         0,   0.084,pymatching,45758c262d74b01d6ee4dab183c2d14f4cd515d0aa3b092b6b0f3353c6cec938,"{""code"":""double_measurement_surface_code"",""diameter"":14,""measurement_noise_factor"":10,""noise_model"":""SD6_10"",""p"":0.0025250000000000003,""rounds"":14}",
       100,         0,         0,   0.088,pymatching,3f22358a0bec133fca3a649f01db48ec6cf5dac174870f73db174d829042fc41,"{""code"":""double_measurement_surface_code"",""diameter"":14,""measurement_noise_factor"":10,""noise_model"":""SD6_10"",""p"":0.0027500000000000003,""rounds"":14}",
       100,         0,         0,   0.090,pymatching,cea3a63d0a542bd10d355ca419234b72e5855cfb60ebfdb5067d2235c3025e50,"{""code"":""double_measurement_surface_code"",""diameter"":14,""measurement_noise_factor"":10,""noise_model"":""SD6_10"",""p"":0.002975,""rounds"":14}",
       100,         0,         0,   0.099,pymatching,cbe09e27672b47999e82f8e1858fa3fbc5a59b1fe1221f6697f6679ec30e1cf4,"{""code"":""double_measurement_surface_code"",""diameter"":14,""measurement_noise_factor"":10,""noise_model"":""SD6_10"",""p"":0.0032,""rounds"":14}",
       100,         2,         0,   0.096,pymatching,27973162ee10359eb09f786994063cc1e35e2324915619eca4e9854a002d1130,"{""code"":""double_measurement_surface_code"",""diameter"":14,""measurement_noise_factor"":10,""noise_model"":""SD6_10"",""p"":0.003425,""rounds"":14}",
       100,         1,         0,   0.097,pymatching,0712c02d93e0d3167ecd66593a61b5b62a00dcb4d1ffd6c8e51e22cdc1f80ba8,"{""code"":""double_measurement_surface_code"",""diameter"":14,""measurement_noise_factor"":10,""noise_model"":""SD6_10"",""p"":0.0036500000000000005,""rounds"":14}",
       100,         0,         0,   0.104,pymatching,0a701929eb8a4b4f6509aa81c4e34c3ac7cb54141ab6484d8d2dabbf27d2b2c1,"{""code"":""double_measurement_surface_code"",""diameter"":14,""measurement_noise_factor"":10,""noise_model"":""SD6_10"",""p"":0.0038750000000000004,""rounds"":14}",
       100,         4,         0,   0.116,pymatching,2dd3f8965ccb6422d8e74720ff0fd3a61f92e775806e0dd914352dbd4b7f4046,"{""code"":""double_measurement_surface_code"",""diameter"":14,""measurement_noise_factor"":10,""noise_model"":""SD6_10"",""p"":0.0041,""rounds"":14}",
       100,         4,         0,   0.118,pymatching,e9719a5e3f1cf1e90241019a1ff3a6f42b216d56872fa8395612f905ab9cad6e,"{""code"":""double_measurement_surface_code"",""diameter"":14,""measurement_noise_factor"":10,""noise_model"":""SD6_10"",""p"":0.004325000000000001,""rounds"":14}",
       100,         6,         0,   0.123,pymatching,63de5d52277542964478cc7ea461ca5b57c96f0ba040a7675edeef9957cbea4a,"{""code"":""double_measurement_surface_code"",""diameter"":14,""measurement_noise_factor"":10,""noise_model"":""SD6_10"",""p"":0.00455,""rounds"":14}",
       100,         9,         0,   0.125,pymatching,8db6ba49380af2c884fab49dd988293f8f792a62b824e6badc653073227742a6,"{""code"":""double_measurement_surface_code"",""diameter"":14,""measurement_noise_factor"":10,""noise_model"":""SD6_10"",""p"":0.004775,""rounds"":14}",
       100,        15,         0,   0.121,pymatching,4ab306500761f6b5c2be314dceb246110238b896a752448ae06e61ee013b6c3a,"{""code"":""double_measurement_surface_code"",""diameter"":14,""measurement_noise_factor"":10,""noise_model"":""SD6_10"",""p"":0.005,""rounds"":14}",
       100,         0,         0,   0.400,pymatching,d6b6ffb1c90b579d69cf1f252ffcd10b8f75e5d974f74d264a4c265b5172e407,"{""code"":""double_measurement_surface_code"",""diameter"":4,""measurement_noise_factor"":20,""noise_model"":""SD6_20"",""p"":0.0020750000000000005,""rounds"":4}",
       100,         1,         0,   0.388,pymatching,44ad6b338e48cf27ff5e2144e3ae1ed47fb349187f02b4a3b9b219b6ade7cab9,"{""code"":""double_measurement_surface_code"",""diameter"":4,""measurement_noise_factor"":20,""noise_model"":""SD6_20"",""p"":0.0009500000000000001,""rounds"":4}",
       100,         1,         0,   0.423,pymatching,0db1b137282dd0ad0ce955e27143958412a531b2cd833b0c97a16131664634eb,"{""code"":""double_measurement_surface_code"",""diameter"":4,""measurement_noise_factor"":20,""noise_model"":""SD6_20"",""p"":0.001175,""rounds"":4}",
       100,         0,         0,   0.483,pymatching,7362577541e3c93b9eeff67416ff47ed757a63d2679f3c3c477735d65a4df215,"{""code"":""double_measurement_surface_code"",""diameter"":4,""measurement_noise_factor"":20,""noise_model"":""SD6_20"",""p"":0.0005,""rounds"":4}",
       100,         0,         0,   0.496,pymatching,533b667d8b799e6e7a975cc32f6db74b95ae6e7da1d53b93e6ff8b6b3965e658,"{""code"":""double_measurement_surface_code"",""diameter"":4,""measurement_noise_factor"":20,""noise_model"":""SD6_20"",""p"":0.0014000000000000002,""rounds"":4}",
       100,         4,         0,   0.499,pymatching,c0637adec5354104ff2f14342e5ae6f21619ef1836f02b1ab4a6b95e44530b3b,"{""code"":""double_measurement_surface_code"",""diameter"":4,""measurement_noise_factor"":20,""noise_model"":""SD6_20"",""p"":0.0025250000000000003,""rounds"":4}",
       100,         1,         0,   0.510,pymatching,424e320c33ab14fcd469e16ae6218f60708bb81a9ec30c78ffa8891f0f29175c,"{""code"":""double_measurement_surface_code"",""diameter"":4,""measurement_noise_factor"":20,""noise_model"":""SD6_20"",""p"":0.0023,""rounds"":4}",
       100,         0,         0,   0.525,pymatching,e08f928171b63de4dcfc0cbf30f8060dd683dc8fbcf3b0ff78af45b6cfefd0d9,"{""code"":""double_measurement_surface_code"",""diameter"":4,""measurement_noise_factor"":20,""noise_model"":""SD6_20"",""p"":0.0016250000000000001,""rounds"":4}",
       100,         0,         0,   0.520,pymatching,e123fc7294d16c8b93354109cc61ac1d23f4364012dc029ac928a133ac5c56c5,"{""code"":""double_measurement_surface_code"",""diameter"":4,""measurement_noise_factor"":20,""noise_model"":""SD6_20"",""p"":0.0007250000000000001,""rounds"":4}",
       100,         3,         0,   0.599,pymatching,5a7e07bde43aa97b3dac86a19f1f539bac13d74436914361866d81521dfd63d3,"{""code"":""double_measurement_surface_code"",""diameter"":4,""measurement_noise_factor"":20,""noise_model"":""SD6_20"",""p"":0.00185,""rounds"":4}",
       100,         3,         0,   0.003,pymatching,c4d0b6a1380698f328dbd13fa4a93a19f7386ea7f3e26c62bd571303cd111469,"{""code"":""double_measurement_surface_code"",""diameter"":4,""measurement_noise_factor"":20,""noise_model"":""SD6_20"",""p"":0.0027500000000000003,""rounds"":4}",
       100,         7,         0,   0.003,pymatching,a844519657d6cb01dae21709b8ca5cb966bd9fe4a1be35628ed1fe4ac3607605,"{""code"":""double_measurement_surface_code"",""diameter"":4,""measurement_noise_factor"":20,""noise_model"":""SD6_20"",""p"":0.002975,""rounds"":4}",
       100,         6,         0,   0.003,pymatching,66c3e408a9a1c076f80e21a14d41b6de6e22089dd8842f86c27939d944192d92,"{""code"":""double_measurement_surface_code"",""diameter"":4,""measurement_noise_factor"":20,""noise_model"":""SD6_20"",""p"":0.0032,""rounds"":4}",
       100,        13,         0,   0.003,pymatching,eea879847b2a34a61df1e883ee032b7e5ed628f2f7286acefcd35a722494665b,"{""code"":""double_measurement_surface_code"",""diameter"":4,""measurement_noise_factor"":20,""noise_model"":""SD6_20"",""p"":0.003425,""rounds"":4}",
       100,        15,         0,   0.003,pymatching,fce820df42f323c9c083ef061586957a3d35d4c702c6336a5ae0999deec90128,"{""code"":""double_measurement_surface_code"",""diameter"":4,""measurement_noise_factor"":20,""noise_model"":""SD6_20"",""p"":0.0036500000000000005,""rounds"":4}",
       100,        13,         0,   0.003,pymatching,7b8cb54ff04529671b9d5b95d81bdccc5af468ebc5b77a98692f1c052ae30385,"{""code"":""double_measurement_surface_code"",""diameter"":4,""measurement_noise_factor"":20,""noise_model"":""SD6_20"",""p"":0.0041,""rounds"":4}",
       100,        15,         0,   0.003,pymatching,fa244e03e033ca04ccf28fcd82b4926eb1466e3f982fc0ec50bbe7de87e906ff,"{""code"":""double_measurement_surface_code"",""diameter"":4,""measurement_noise_factor"":20,""noise_model"":""SD6_20"",""p"":0.004325000000000001,""rounds"":4}",
       100,        10,         0,   0.003,pymatching,5c3562677eaf0312d0afa57354d4f9d2e0a3e0f2f0b8e7c15aa0b477239ff4d6,"{""code"":""double_measurement_surface_code"",""diameter"":4,""measurement_noise_factor"":20,""noise_model"":""SD6_20"",""p"":0.0038750000000000004,""rounds"":4}",
       100,        10,         0,   0.003,pymatching,779c3c34f483834a2f1d38104309b6af45896985456992ad4268282f3a5121f4,"{""code"":""double_measurement_surface_code"",""diameter"":4,""measurement_noise_factor"":20,""noise_model"":""SD6_20"",""p"":0.00455,""rounds"":4}",
       100,        20,         0,   0.003,pymatching,28a520c6869f02725e9c5db5d87fa9ddeda3aba7651fa5dca555435d68df27a0,"{""code"":""double_measurement_surface_code"",""diameter"":4,""measurement_noise_factor"":20,""noise_model"":""SD6_20"",""p"":0.004775,""rounds"":4}",
       100,        19,         0,   0.003,pymatching,e0bbfe1e6ab1ad9fdbe8c2ee1ba2fe0a01f05404658d026f9d73f7b4654169f5,"{""code"":""double_measurement_surface_code"",""diameter"":4,""measurement_noise_factor"":20,""noise_model"":""SD6_20"",""p"":0.005,""rounds"":4}",
       100,         0,         0,   0.015,pymatching,a120eae8612b133aa54c8c9539700c8519923dd1a402b432bfabca778d57730b,"{""code"":""double_measurement_surface_code"",""diameter"":8,""measurement_noise_factor"":20,""noise_model"":""SD6_20"",""p"":0.0005,""rounds"":8}",
       100,         0,         0,   0.015,pymatching,e3cfe2d26e719de0c44bb53506cb9483632aee256aa0d1c0c84b5b079d1a11e7,"{""code"":""double_measurement_surface_code"",""diameter"":8,""measurement_noise_factor"":20,""noise_model"":""SD6_20"",""p"":0.0007250000000000001,""rounds"":8}",
       100,         0,         0,   0.016,pymatching,981418fd05f4653828647cb4a9ece2dda4ca2d443af6c0bb02de2fe755b972fb,"{""code"":""double_measurement_surface_code"",""diameter"":8,""measurement_noise_factor"":20,""noise_model"":""SD6_20"",""p"":0.0009500000000000001,""rounds"":8}",
       100,         0,         0,   0.016,pymatching,4e0acbea11858eb5f159b5f4446fa882fa9d4ba72e2edde29fe292d405d3ae3b,"{""code"":""double_measurement_surface_code"",""diameter"":8,""measurement_noise_factor"":20,""noise_model"":""SD6_20"",""p"":0.001175,""rounds"":8}",
       100,         0,         0,   0.016,pymatching,9eae148cd11689082c41fae2fce8bf12056dfde2ae9115e0e51a8271cd070765,"{""code"":""double_measurement_surface_code"",""diameter"":8,""measurement_noise_factor"":20,""noise_model"":""SD6_20"",""p"":0.0014000000000000002,""rounds"":8}",
       100,         1,         0,   0.017,pymatching,25a7aed207ccac7553217b016741c139c4619a3c5498a9d632c285ffe31b375b,"{""code"":""double_measurement_surface_code"",""diameter"":8,""measurement_noise_factor"":20,""noise_model"":""SD6_20"",""p"":0.0016250000000000001,""rounds"":8}",
       100,         0,         0,   0.018,pymatching,e195b31ad963b43469b1f708b3f6ab215bfbc0240e83e27e358cf39b38f8d57f,"{""code"":""double_measurement_surface_code"",""diameter"":8,""measurement_noise_factor"":20,""noise_model"":""SD6_20"",""p"":0.00185,""rounds"":8}",
       100,         1,         0,   0.018,pymatching,b970e8b793153da3cbfdfd769adee31cbcd512e7df326e7abc99aad77ddc0ac8,"{""code"":""double_measurement_surface_code"",""diameter"":8,""measurement_noise_factor"":20,""noise_model"":""SD6_20"",""p"":0.0020750000000000005,""rounds"":8}",
       100,         1,         0,   0.018,pymatching,4c4f33a10b4737dbfadfd4c0ba3d8b75450051b74c8455d39d11ccc1c0ea7f72,"{""code"":""double_measurement_surface_code"",""diameter"":8,""measurement_noise_factor"":20,""noise_model"":""SD6_20"",""p"":0.0023,""rounds"":8}",
       100,         2,         0,   0.019,pymatching,5abbfcde201054c5e720eadfb40258ab9ed26a525882fe94ef7200b0694a2fd8,"{""code"":""double_measurement_surface_code"",""diameter"":8,""measurement_noise_factor"":20,""noise_model"":""SD6_20"",""p"":0.0025250000000000003,""rounds"":8}",
       100,         0,         0,   0.020,pymatching,96f4774ad029b298fd0d677bc03e570614d4ba4e9f2e7704b11e94d0c6459543,"{""code"":""double_measurement_surface_code"",""diameter"":8,""measurement_noise_factor"":20,""noise_model"":""SD6_20"",""p"":0.0027500000000000003,""rounds"":8}",
       100,         5,         0,   0.021,pymatching,02981109579581d5add5ac0f5c59a52bf10973bd1d033434bc235569a65806e7,"{""code"":""double_measurement_surface_code"",""diameter"":8,""measurement_noise_factor"":20,""noise_model"":""SD6_20"",""p"":0.002975,""rounds"":8}",
       100,         8,         0,   0.027,pymatching,32dc12c8e4f1915cf3078f54718ab406d781cb72f58d020c76df8d74c94b2c95,"{""code"":""double_measurement_surface_code"",""diameter"":8,""measurement_noise_factor"":20,""noise_model"":""SD6_20"",""p"":0.003425,""rounds"":8}",
       100,         5,         0,   0.028,pymatching,2a55ae3517192f6df53ca142419672d2fa7f2c0dcb786fee42ed8643b18aba0d,"{""code"":""double_measurement_surface_code"",""diameter"":8,""measurement_noise_factor"":20,""noise_model"":""SD6_20"",""p"":0.0032,""rounds"":8}",
       100,         9,         0,   0.023,pymatching,2dee96b8e3968b048d53026af0d2c16617483d2a6e2fa890c39279cff217071d,"{""code"":""double_measurement_surface_code"",""diameter"":8,""measurement_noise_factor"":20,""noise_model"":""SD6_20"",""p"":0.0036500000000000005,""rounds"":8}",
       100,         9,         0,   0.024,pymatching,35c3b0d6a2e8c85e9dd9c3f1b3cbeb48e03349fbd7b74dd22c8317997f273b08,"{""code"":""double_measurement_surface_code"",""diameter"":8,""measurement_noise_factor"":20,""noise_model"":""SD6_20"",""p"":0.0038750000000000004,""rounds"":8}",
       100,        12,         0,   0.029,pymatching,57bed0224bbe520d9b359e92bdb5c96b3c612362620f5fd48fce98801856d96d,"{""code"":""double_measurement_surface_code"",""diameter"":8,""measurement_noise_factor"":20,""noise_model"":""SD6_20"",""p"":0.0041,""rounds"":8}",
       100,        17,         0,   0.025,pymatching,cac6a898d41c706cf29d5f9dde45b1760836b9ffeea62220900447bcc842c084,"{""code"":""double_measurement_surface_code"",""diameter"":8,""measurement_noise_factor"":20,""noise_model"":""SD6_20"",""p"":0.004325000000000001,""rounds"":8}",
       100,        19,         0,   0.026,pymatching,97c7921203a2167bcace35be503a80d8c8c464a1459e6354273e4edf8cb20009,"{""code"":""double_measurement_surface_code"",""diameter"":8,""measurement_noise_factor"":20,""noise_model"":""SD6_20"",""p"":0.00455,""rounds"":8}",
       100,        28,         0,   0.027,pymatching,21d4a1035e6d695436c11cb962d191a3ef4962ef031ad5711c923568c74598e5,"{""code"":""double_measurement_surface_code"",""diameter"":8,""measurement_noise_factor"":20,""noise_model"":""SD6_20"",""p"":0.004775,""rounds"":8}",
       100,        24,         0,   0.027,pymatching,ad86694eb2b6b56a4ed10585d5c5b117e3abf8b92a421ff737d02013041279de,"{""code"":""double_measurement_surface_code"",""diameter"":8,""measurement_noise_factor"":20,""noise_model"":""SD6_20"",""p"":0.005,""rounds"":8}",
       100,         0,         0,   0.031,pymatching,4381bd74ba870073e94fec8cda923ee753f7ff07912779f45ef49cf188f3e019,"{""code"":""double_measurement_surface_code"",""diameter"":10,""measurement_noise_factor"":20,""noise_model"":""SD6_20"",""p"":0.0005,""rounds"":10}",
       100,         0,         0,   0.031,pymatching,90d0a8c3939e32d5a17dbca5acfb0ab117bd371dde487df34ff09cb11dc263f7,"{""code"":""double_measurement_surface_code"",""diameter"":10,""measurement_noise_factor"":20,""noise_model"":""SD6_20"",""p"":0.0009500000000000001,""rounds"":10}",
       100,         0,         0,   0.035,pymatching,08d11e36124de444b7c19473597231a168fd3ec0328c11ecda4a316ef19d0b6f,"{""code"":""double_measurement_surface_code"",""diameter"":10,""measurement_noise_factor"":20,""noise_model"":""SD6_20"",""p"":0.001175,""rounds"":10}",
       100,         0,         0,   0.038,pymatching,208319d6779771725663a3a175c7b38b5f9186fa3da79bc71a19b6e84f6befde,"{""code"":""double_measurement_surface_code"",""diameter"":10,""measurement_noise_factor"":20,""noise_model"":""SD6_20"",""p"":0.0007250000000000001,""rounds"":10}",
       100,         0,         0,   0.035,pymatching,059146714de32c7de3e8987b4a030b249b11887862dd8620ebf3fa589e1de7a5,"{""code"":""double_measurement_surface_code"",""diameter"":10,""measurement_noise_factor"":20,""noise_model"":""SD6_20"",""p"":0.0014000000000000002,""rounds"":10}",
       100,         0,         0,   0.032,pymatching,ed860526343005e6b9e24cdecb632ca3606fb332a7d1dd0001e8247c617dbd3a,"{""code"":""double_measurement_surface_code"",""diameter"":10,""measurement_noise_factor"":20,""noise_model"":""SD6_20"",""p"":0.0016250000000000001,""rounds"":10}",
       100,         0,         0,   0.032,pymatching,d15d8bc062305dcaabb894f97a70b7f19a537110b00bb8f54b940f661225e5d3,"{""code"":""double_measurement_surface_code"",""diameter"":10,""measurement_noise_factor"":20,""noise_model"":""SD6_20"",""p"":0.00185,""rounds"":10}",
       100,         0,         0,   0.034,pymatching,6d751067e96646e73751d20a93d832dc4b019ec90614700e7f1d60217aa8a3bb,"{""code"":""double_measurement_surface_code"",""diameter"":10,""measurement_noise_factor"":20,""noise_model"":""SD6_20"",""p"":0.0020750000000000005,""rounds"":10}",
       100,         1,         0,   0.035,pymatching,cbbfba3e27c8ea160ff11c1f1e72615a2ecffbad49677f1a09f3cd6b62c7f4a7,"{""code"":""double_measurement_surface_code"",""diameter"":10,""measurement_noise_factor"":20,""noise_model"":""SD6_20"",""p"":0.0023,""rounds"":10}",
       100,         1,         0,   0.036,pymatching,56d3745afd93e6c8ef46db0575acc7b2e616bf4e7b9511ee36a7ef9a09a607c6,"{""code"":""double_measurement_surface_code"",""diameter"":10,""measurement_noise_factor"":20,""noise_model"":""SD6_20"",""p"":0.0025250000000000003,""rounds"":10}",
       100,         0,         0,   0.037,pymatching,f65b236755de5b9127ae775549f02a00a7af0f42d5c4d3ddc3c01af065b37809,"{""code"":""double_measurement_surface_code"",""diameter"":10,""measurement_noise_factor"":20,""noise_model"":""SD6_20"",""p"":0.0027500000000000003,""rounds"":10}",
       100,         0,         0,   0.038,pymatching,ca53f31866ff49e49063c38cd7359e5164520c125f941c0490253ae71174df8c,"{""code"":""double_measurement_surface_code"",""diameter"":10,""measurement_noise_factor"":20,""noise_model"":""SD6_20"",""p"":0.002975,""rounds"":10}",
       100,         2,         0,   0.040,pymatching,1089b1b7b3dffb61cf223783ad932aea9639c7e701d1ca32f6ff9431d51313e6,"{""code"":""double_measurement_surface_code"",""diameter"":10,""measurement_noise_factor"":20,""noise_model"":""SD6_20"",""p"":0.0032,""rounds"":10}",
       100,         8,         0,   0.042,pymatching,d98bdc80ef7fb07e94203dc4e7f8d4ac3587b94207d04ecca3830407b670fab5,"{""code"":""double_measurement_surface_code"",""diameter"":10,""measurement_noise_factor"":20,""noise_model"":""SD6_20"",""p"":0.0036500000000000005,""rounds"":10}",
       100,         3,         0,   0.042,pymatching,b46153d9848711e8b91627612999003ce787c1a757dce30fa5ff420ec19bef09,"{""code"":""double_measurement_surface_code"",""diameter"":10,""measurement_noise_factor"":20,""noise_model"":""SD6_20"",""p"":0.003425,""rounds"":10}",
       100,        14,         0,   0.045,pymatching,95247846e93a03431cfb1cb7a2b19823e9d01d0a5087f81b6091aeb84b953633,"{""code"":""double_measurement_surface_code"",""diameter"":10,""measurement_noise_factor"":20,""noise_model"":""SD6_20"",""p"":0.0038750000000000004,""rounds"":10}",
       100,        14,         0,   0.046,pymatching,15687b0312752b417faf13d00b8e0f8c907697bfb844892a9d232c3520ea3edf,"{""code"":""double_measurement_surface_code"",""diameter"":10,""measurement_noise_factor"":20,""noise_model"":""SD6_20"",""p"":0.0041,""rounds"":10}",
       100,        17,         0,   0.049,pymatching,e2fe41d00a4939a83b8dd4970831a29ab42bebc265f3ea80b20590255b1d266b,"{""code"":""double_measurement_surface_code"",""diameter"":10,""measurement_noise_factor"":20,""noise_model"":""SD6_20"",""p"":0.004325000000000001,""rounds"":10}",
       100,        24,         0,   0.051,pymatching,332bd1884db8e1f9c1fd6eb6d3eeab6dff4a3f4847ae4e0d513c8bcb6103df1e,"{""code"":""double_measurement_surface_code"",""diameter"":10,""measurement_noise_factor"":20,""noise_model"":""SD6_20"",""p"":0.00455,""rounds"":10}",
       100,        26,         0,   0.053,pymatching,c7f8690045502432d328be42204b5adf9ee95cdecfc4ae0ece8ab9f8c0d5e334,"{""code"":""double_measurement_surface_code"",""diameter"":10,""measurement_noise_factor"":20,""noise_model"":""SD6_20"",""p"":0.004775,""rounds"":10}",
       100,         0,         0,   0.043,pymatching,4c8bbd8c4ca3f72a46074cee415666f2cc81071240e2abcf0b0f575763123250,"{""code"":""double_measurement_surface_code"",""diameter"":12,""measurement_noise_factor"":20,""noise_model"":""SD6_20"",""p"":0.0005,""rounds"":12}",
       100,        26,         0,   0.055,pymatching,dd188aecd8256297adc55e32ce691d5073315dddc3387f533188c6133d17676b,"{""code"":""double_measurement_surface_code"",""diameter"":10,""measurement_noise_factor"":20,""noise_model"":""SD6_20"",""p"":0.005,""rounds"":10}",
       100,         0,         0,   0.045,pymatching,abe81dced8f7a72990bbb2d128e45dbf21a81385c0cad2b80bfdc0c791810c38,"{""code"":""double_measurement_surface_code"",""diameter"":12,""measurement_noise_factor"":20,""noise_model"":""SD6_20"",""p"":0.0007250000000000001,""rounds"":12}",
       100,         0,         0,   0.046,pymatching,95d1250730f7b1c59b95e9f3a92553af3b830c91f0221ffe05abd8a413087b34,"{""code"":""double_measurement_surface_code"",""diameter"":12,""measurement_noise_factor"":20,""noise_model"":""SD6_20"",""p"":0.0009500000000000001,""rounds"":12}",
       100,         0,         0,   0.048,pymatching,e6d386a05cea68e3a64921070f8fe2f3b0a28ba52bba296c0de60c66ee976421,"{""code"":""double_measurement_surface_code"",""diameter"":12,""measurement_noise_factor"":20,""noise_model"":""SD6_20"",""p"":0.001175,""rounds"":12}",
       100,         0,         0,   0.049,pymatching,36eae4ced6a048b899ea50cc854aca6661b724d25771970144a5225b497266f7,"{""code"":""double_measurement_surface_code"",""diameter"":12,""measurement_noise_factor"":20,""noise_model"":""SD6_20"",""p"":0.0014000000000000002,""rounds"":12}",
       100,         0,         0,   0.052,pymatching,2f99a20ca4c85b8b03d8e94f0568489ff0ca358e306568a1b7263e87c13ae5a5,"{""code"":""double_measurement_surface_code"",""diameter"":12,""measurement_noise_factor"":20,""noise_model"":""SD6_20"",""p"":0.0016250000000000001,""rounds"":12}",
       100,         0,         0,   0.053,pymatching,a322655324de89d41aae612218511673569844538375a3fdb05dbc88d22bd3b4,"{""code"":""double_measurement_surface_code"",""diameter"":12,""measurement_noise_factor"":20,""noise_model"":""SD6_20"",""p"":0.00185,""rounds"":12}",
       100,         0,         0,   0.055,pymatching,944a543a6eadba6a7c4f032403708a2e48de2b7c992132c3c560bb0e3ff41f50,"{""code"":""double_measurement_surface_code"",""diameter"":12,""measurement_noise_factor"":20,""noise_model"":""SD6_20"",""p"":0.0020750000000000005,""rounds"":12}",
       100,         0,         0,   0.058,pymatching,1f8134d7c0ef3b1284aa40726f192f7887fe24603e1ec09917cabc080e150dbb,"{""code"":""double_measurement_surface_code"",""diameter"":12,""measurement_noise_factor"":20,""noise_model"":""SD6_20"",""p"":0.0023,""rounds"":12}",
       100,         1,         0,   0.061,pymatching,cbf175b72ae337c41a206ebd3c0dcc747565ffdb975e5c5881407fe9f88a8101,"{""code"":""double_measurement_surface_code"",""diameter"":12,""measurement_noise_factor"":20,""noise_model"":""SD6_20"",""p"":0.0025250000000000003,""rounds"":12}",
       100,         0,         0,   0.062,pymatching,3e165d04aafe5702fbddd685b99d404be5366d94837bcd452ff5f94baab295ba,"{""code"":""double_measurement_surface_code"",""diameter"":12,""measurement_noise_factor"":20,""noise_model"":""SD6_20"",""p"":0.0027500000000000003,""rounds"":12}",
       100,         1,         0,   0.066,pymatching,b12e5da49c751c5dc46f0dc634bf1ae977da6c9f36021eeaf48e4afb2f141ebb,"{""code"":""double_measurement_surface_code"",""diameter"":12,""measurement_noise_factor"":20,""noise_model"":""SD6_20"",""p"":0.002975,""rounds"":12}",
       100,         5,         0,   0.068,pymatching,91f28a6a92dd968db602aeb06b153a51fc4c78415cedf59d6c28d2d5a6785e0a,"{""code"":""double_measurement_surface_code"",""diameter"":12,""measurement_noise_factor"":20,""noise_model"":""SD6_20"",""p"":0.0032,""rounds"":12}",
       100,         2,         0,   0.071,pymatching,a02b32685809cfe4895de5ce0179f382fd75829dd60c27677b29e8fede294ec0,"{""code"":""double_measurement_surface_code"",""diameter"":12,""measurement_noise_factor"":20,""noise_model"":""SD6_20"",""p"":0.003425,""rounds"":12}",
       100,        11,         0,   0.075,pymatching,a7e148358eca257323bcac0c31c4bc13dd4a6755177cd79f9556f9559ea1640e,"{""code"":""double_measurement_surface_code"",""diameter"":12,""measurement_noise_factor"":20,""noise_model"":""SD6_20"",""p"":0.0036500000000000005,""rounds"":12}",
       100,        11,         0,   0.077,pymatching,2896b738093ed2e928fe8bbf9a856ffb4d8b60670f398686058094a48aec4239,"{""code"":""double_measurement_surface_code"",""diameter"":12,""measurement_noise_factor"":20,""noise_model"":""SD6_20"",""p"":0.0038750000000000004,""rounds"":12}",
       100,        15,         0,   0.082,pymatching,3304b91b9244a27858bbf0995f9b3207a0cb3b0bb7f841f68c360f8f1d33b453,"{""code"":""double_measurement_surface_code"",""diameter"":12,""measurement_noise_factor"":20,""noise_model"":""SD6_20"",""p"":0.0041,""rounds"":12}",
       100,        25,         0,   0.086,pymatching,00eed174a9bc10656db75e07d95de25630322b4f74e77fbc9f192122e3c281cc,"{""code"":""double_measurement_surface_code"",""diameter"":12,""measurement_noise_factor"":20,""noise_model"":""SD6_20"",""p"":0.004325000000000001,""rounds"":12}",
       100,        23,         0,   0.087,pymatching,4ca6ef9b4e0ad3fa591a023436d23a77b40f1f324d1eb68f8d6d0f2cafe68ccd,"{""code"":""double_measurement_surface_code"",""diameter"":12,""measurement_noise_factor"":20,""noise_model"":""SD6_20"",""p"":0.00455,""rounds"":12}",
       100,        31,         0,   0.091,pymatching,fdb257905410c2b1cef69c0873162ac7bb6312178a5c6064a9a514cecf102261,"{""code"":""double_measurement_surface_code"",""diameter"":12,""measurement_noise_factor"":20,""noise_model"":""SD6_20"",""p"":0.004775,""rounds"":12}",
       100,        34,         0,   0.095,pymatching,3d12cb3467b01ed18f302fb7ca34b274bc8e6f2cdc9a9cc410a468e696925a6a,"{""code"":""double_measurement_surface_code"",""diameter"":12,""measurement_noise_factor"":20,""noise_model"":""SD6_20"",""p"":0.005,""rounds"":12}",
       100,         0,         0,   0.066,pymatching,e8656d6421b12a5315f44f6b48be594939e6c563a57e725ac1324457f6030c3a,"{""code"":""double_measurement_surface_code"",""diameter"":14,""measurement_noise_factor"":20,""noise_model"":""SD6_20"",""p"":0.0005,""rounds"":14}",
       100,         0,         0,   0.069,pymatching,092be4c907324e45607c13fbc93ffe74cbc88a79f392e582210baf789c52006c,"{""code"":""double_measurement_surface_code"",""diameter"":14,""measurement_noise_factor"":20,""noise_model"":""SD6_20"",""p"":0.0007250000000000001,""rounds"":14}",
       100,         0,         0,   0.072,pymatching,5074ec46b25d0948c242d8493581c84501afdb47afc6dfa2ed6a97993be3141c,"{""code"":""double_measurement_surface_code"",""diameter"":14,""measurement_noise_factor"":20,""noise_model"":""SD6_20"",""p"":0.0009500000000000001,""rounds"":14}",
       100,         0,         0,   0.073,pymatching,b29b753ead4690333e5d5f7fcec473dd92ac35cce7ae25200de82093d4a76824,"{""code"":""double_measurement_surface_code"",""diameter"":14,""measurement_noise_factor"":20,""noise_model"":""SD6_20"",""p"":0.001175,""rounds"":14}",
       100,         0,         0,   0.076,pymatching,4b12fc2ce5bf324ddf64b5d41e65910ff5a17e8dbd09d6ce0c70b61004669f71,"{""code"":""double_measurement_surface_code"",""diameter"":14,""measurement_noise_factor"":20,""noise_model"":""SD6_20"",""p"":0.0014000000000000002,""rounds"":14}",
       100,         0,         0,   0.078,pymatching,1eb38d886b115de909116a49fdcc2ae454d75492334207ee9aa75a9e09b3596c,"{""code"":""double_measurement_surface_code"",""diameter"":14,""measurement_noise_factor"":20,""noise_model"":""SD6_20"",""p"":0.0016250000000000001,""rounds"":14}",
       100,         0,         0,   0.082,pymatching,ffc16c263f164a7112b501231f1e658399bc2881494faeb01ead0e378967420f,"{""code"":""double_measurement_surface_code"",""diameter"":14,""measurement_noise_factor"":20,""noise_model"":""SD6_20"",""p"":0.00185,""rounds"":14}",
       100,         0,         0,   0.085,pymatching,14f4caed45d660c1f06dcf6409c9b8f202fa01dd5554777f39b830bd4c92b219,"{""code"":""double_measurement_surface_code"",""diameter"":14,""measurement_noise_factor"":20,""noise_model"":""SD6_20"",""p"":0.0020750000000000005,""rounds"":14}",
       100,         0,         0,   0.090,pymatching,8bbfede1e73027bf9ce63410210c2416852fa0e25af69086db7d472ecfcf9c7b,"{""code"":""double_measurement_surface_code"",""diameter"":14,""measurement_noise_factor"":20,""noise_model"":""SD6_20"",""p"":0.0023,""rounds"":14}",
       100,         0,         0,   0.095,pymatching,81084fac87bf65423ec3d71301e56091bc3ab99b0c9ef978b6005a9020fff3af,"{""code"":""double_measurement_surface_code"",""diameter"":14,""measurement_noise_factor"":20,""noise_model"":""SD6_20"",""p"":0.0025250000000000003,""rounds"":14}",
       100,         1,         0,   0.099,pymatching,35b997d930532cf5f48a4a3882d8720edbd1b28388d1d23c2161215e5998c082,"{""code"":""double_measurement_surface_code"",""diameter"":14,""measurement_noise_factor"":20,""noise_model"":""SD6_20"",""p"":0.0027500000000000003,""rounds"":14}",
       100,         1,         0,   0.102,pymatching,1b2a9634a29fd28a67db6e1571ff5f3c17e8dc48ee6d7530b1c0cd3fdac71cfb,"{""code"":""double_measurement_surface_code"",""diameter"":14,""measurement_noise_factor"":20,""noise_model"":""SD6_20"",""p"":0.002975,""rounds"":14}",
       100,         1,         0,   0.108,pymatching,0742f724587f3838db97607aa69b992fea6b1f8eaa4e5a8ef8ed361765067ddf,"{""code"":""double_measurement_surface_code"",""diameter"":14,""measurement_noise_factor"":20,""noise_model"":""SD6_20"",""p"":0.0032,""rounds"":14}",
       100,         5,         0,   0.112,pymatching,8f37eec78ac3bcdf4dbc67d4dc1102f9e10196f5075f7948742eeaa3999523bf,"{""code"":""double_measurement_surface_code"",""diameter"":14,""measurement_noise_factor"":20,""noise_model"":""SD6_20"",""p"":0.003425,""rounds"":14}",
       100,         4,         0,   0.115,pymatching,1d3da3fc3925136c03fdb7bca2856f893da956f692b169d15aebf377f02db72d,"{""code"":""double_measurement_surface_code"",""diameter"":14,""measurement_noise_factor"":20,""noise_model"":""SD6_20"",""p"":0.0036500000000000005,""rounds"":14}",
       100,        10,         0,   0.126,pymatching,b3fdbf5cd5c4ebac12417a74e39765f7489c00a619652ffdbe3ac5308123be91,"{""code"":""double_measurement_surface_code"",""diameter"":14,""measurement_noise_factor"":20,""noise_model"":""SD6_20"",""p"":0.0038750000000000004,""rounds"":14}",
       100,        17,         0,   0.128,pymatching,633cfdee598d7340941578be974a5203e7b3b1f224c0cf4ca98e33701d48dd0d,"{""code"":""double_measurement_surface_code"",""diameter"":14,""measurement_noise_factor"":20,""noise_model"":""SD6_20"",""p"":0.0041,""rounds"":14}",
       100,        19,         0,   0.137,pymatching,c18a7c95331430e1bb2cbf28b421e53cf141771161684c670617b95754a59c67,"{""code"":""double_measurement_surface_code"",""diameter"":14,""measurement_noise_factor"":20,""noise_model"":""SD6_20"",""p"":0.004325000000000001,""rounds"":14}",
       100,        29,         0,   0.143,pymatching,7caf0789029b42ad9698cbd1bc9977fa1d5ddb92ea4303be00d0d6587708b2c8,"{""code"":""double_measurement_surface_code"",""diameter"":14,""measurement_noise_factor"":20,""noise_model"":""SD6_20"",""p"":0.00455,""rounds"":14}",
       100,        28,         0,   0.146,pymatching,6ff6db9189fad0c6f195ef063794ca301e1f2f01defd4b543ec35d6e1021471c,"{""code"":""double_measurement_surface_code"",""diameter"":14,""measurement_noise_factor"":20,""noise_model"":""SD6_20"",""p"":0.004775,""rounds"":14}",
       100,        32,         0,   0.150,pymatching,5254062ba7014eb8ddfcc5a7142f97d04a7253c9a5a091fe8f7e6b3c33712942,"{""code"":""double_measurement_surface_code"",""diameter"":14,""measurement_noise_factor"":20,""noise_model"":""SD6_20"",""p"":0.005,""rounds"":14}",
       100,         0,         0,   0.858,pymatching,2eb17a5fbb2b33da1a0733545c18b6665196f5d86b574164f1175c34e989708d,"{""code"":""rotated_surface_code"",""diameter"":4,""noise_model"":""SD6_1"",""p"":0.0009500000000000001,""rounds"":4}",
       100,         3,         0,   0.836,pymatching,3da43aca4f972b296fd2f674e8a825b1990b8a063a1e5efd41b58d23533ce485,"{""code"":""rotated_surface_code"",""diameter"":4,""noise_model"":""SD6_1"",""p"":0.0025250000000000003,""rounds"":4}",
       100,         1,         0,   0.856,pymatching,23ebc788e9e033075ca757f9fa70037cc53f83d9120c272a82d1bf2ea47046d9,"{""code"":""rotated_surface_code"",""diameter"":4,""noise_model"":""SD6_1"",""p"":0.0020750000000000005,""rounds"":4}",
       100,         1,         0,   0.853,pymatching,426f928dce7874a13951483915b0a130870ead47408b9ab3eba17cdf5d1a302d,"{""code"":""rotated_surface_code"",""diameter"":4,""noise_model"":""SD6_1"",""p"":0.0023,""rounds"":4}",
       100,         0,         0,   0.858,pymatching,f480e363438b59048a9c76b55aa6529e2057f517b6c27bd4e50fb02019a9393c,"{""code"":""rotated_surface_code"",""diameter"":4,""noise_model"":""SD6_1"",""p"":0.0014000000000000002,""rounds"":4}",
       100,         0,         0,   0.857,pymatching,374e4ee11b1f4df7a84e0c55bc827a16b33747018ccc09d647502e54a0ee7f96,"{""code"":""rotated_surface_code"",""diameter"":4,""noise_model"":""SD6_1"",""p"":0.001175,""rounds"":4}",
       100,         0,         0,   0.857,pymatching,e3fb444f8d83ef1ac67fbbe9228c11c38a0729cec672d0da600a88696110a2f7,"{""code"":""rotated_surface_code"",""diameter"":4,""noise_model"":""SD6_1"",""p"":0.00185,""rounds"":4}",
       100,         1,         0,   0.858,pymatching,9c77273544a79760131aa0d72dfbc05f5cd8392926173e4673bb203809c0def9,"{""code"":""rotated_surface_code"",""diameter"":4,""noise_model"":""SD6_1"",""p"":0.0007250000000000001,""rounds"":4}",
       100,         1,         0,   0.857,pymatching,acef3bb0f188b58b48b68400d850d77fb04f9abd8db3a154d1b71b8923e55208,"{""code"":""rotated_surface_code"",""diameter"":4,""noise_model"":""SD6_1"",""p"":0.0016250000000000001,""rounds"":4}",
       100,         0,         0,   0.858,pymatching,69ee2b3036542e452f277708e0254b8043b010b075c457a9173143fa13203081,"{""code"":""rotated_surface_code"",""diameter"":4,""noise_model"":""SD6_1"",""p"":0.0005,""rounds"":4}",
       100,         3,         0,   0.002,pymatching,a087ca603f25ee248ddd13b81fffdca413167935eee27d4611dfbf7c076868b2,"{""code"":""rotated_surface_code"",""diameter"":4,""noise_model"":""SD6_1"",""p"":0.003425,""rounds"":4}",
       100,         2,         0,   0.002,pymatching,1d6666562e36a111c4572325f2dbd2fa9db531bd33221a151d07230eef317a9b,"{""code"":""rotated_surface_code"",""diameter"":4,""noise_model"":""SD6_1"",""p"":0.002975,""rounds"":4}",
       100,         2,         0,   0.002,pymatching,c9a01d18b84d03bc9d1db10029d603b1bd66db468de3a7ba9ec210694a32ffca,"{""code"":""rotated_surface_code"",""diameter"":4,""noise_model"":""SD6_1"",""p"":0.0036500000000000005,""rounds"":4}",
       100,         3,         0,   0.002,pymatching,b7ce0fd6d188a0a5859358823ee4fd458e86f647ec941e64669a143e8f0527bb,"{""code"":""rotated_surface_code"",""diameter"":4,""noise_model"":""SD6_1"",""p"":0.0027500000000000003,""rounds"":4}",
       100,         5,         0,   0.002,pymatching,ecbdb9a1a91733f073d6d7d9571743e8e96f4ec55f09f83f06e9c4ea330b0b23,"{""code"":""rotated_surface_code"",""diameter"":4,""noise_model"":""SD6_1"",""p"":0.00455,""rounds"":4}",
       100,         4,         0,   0.002,pymatching,90cd2febd6d8734ed3012a3181d3c57fbb10561d28ca90d6d0d508f7cf85bd66,"{""code"":""rotated_surface_code"",""diameter"":4,""noise_model"":""SD6_1"",""p"":0.0041,""rounds"":4}",
       100,         2,         0,   0.002,pymatching,aaef4ad0c950d9cbc5fc33f42f7b68c86a5bf47787b5f004a7f25443af675c93,"{""code"":""rotated_surface_code"",""diameter"":4,""noise_model"":""SD6_1"",""p"":0.0038750000000000004,""rounds"":4}",
       100,         0,         0,   0.004,pymatching,878bcf6a3217089b3937c6dfd822cbab9cc242fccfbc7482d7e07e6d18e55c89,"{""code"":""rotated_surface_code"",""diameter"":4,""noise_model"":""SD6_1"",""p"":0.0032,""rounds"":4}",
       100,         3,         0,   0.002,pymatching,6aa2b1b562a39443c2cb686b873c934f161d973b86ae74abe55139872a14d8fc,"{""code"":""rotated_surface_code"",""diameter"":4,""noise_model"":""SD6_1"",""p"":0.004325000000000001,""rounds"":4}",
       100,         2,         0,   0.002,pymatching,fa9ce2ed74c223ad4fabc6716e271e1e5bea1c21761c4fa770943554a431eacf,"{""code"":""rotated_surface_code"",""diameter"":4,""noise_model"":""SD6_1"",""p"":0.004775,""rounds"":4}",
       100,         6,         0,   0.002,pymatching,18df1f1f280b653696036078a182d3836c80e06c344594646027cc36b23c9304,"{""code"":""rotated_surface_code"",""diameter"":4,""noise_model"":""SD6_1"",""p"":0.005,""rounds"":4}",
       100,         0,         0,   0.011,pymatching,15868be46458485ccafafcae4e81dea7f5435e557ddf90274f8083fb6d6b5603,"{""code"":""rotated_surface_code"",""diameter"":8,""noise_model"":""SD6_1"",""p"":0.0007250000000000001,""rounds"":8}",
       100,         0,         0,   0.011,pymatching,8b10c05d9d252b516b5bc06bc7b7bc78373299ef105dd9a0261184ad113a1f27,"{""code"":""rotated_surface_code"",""diameter"":8,""noise_model"":""SD6_1"",""p"":0.0005,""rounds"":8}",
       100,         0,         0,   0.012,pymatching,3b6c51b78a13aebce3f90e911528451bedfd598320d7ed7839b648cc1353f749,"{""code"":""rotated_surface_code"",""diameter"":8,""noise_model"":""SD6_1"",""p"":0.0014000000000000002,""rounds"":8}",
       100,         0,         0,   0.012,pymatching,31c45c2f9ea9d19d3475bc4da8c5868df5ada80f5e3838690bb86a3317a94783,"{""code"":""rotated_surface_code"",""diameter"":8,""noise_model"":""SD6_1"",""p"":0.0016250000000000001,""rounds"":8}",
       100,         0,         0,   0.012,pymatching,8b1dd91ae7ce8f3b099ee8e8c4909b940493179312c4337e522d60356b9650c1,"{""code"":""rotated_surface_code"",""diameter"":8,""noise_model"":""SD6_1"",""p"":0.001175,""rounds"":8}",
       100,         0,         0,   0.012,pymatching,773522df9fb1d439c25afe374f1f637777588f5ff4d07d8b134260010d1d54cd,"{""code"":""rotated_surface_code"",""diameter"":8,""noise_model"":""SD6_1"",""p"":0.0009500000000000001,""rounds"":8}",
       100,         0,         0,   0.012,pymatching,7b381365cc8df7cabf2ef519a80fb3db57a5522b537d06101260436c10cba03e,"{""code"":""rotated_surface_code"",""diameter"":8,""noise_model"":""SD6_1"",""p"":0.00185,""rounds"":8}",
       100,         0,         0,   0.012,pymatching,cbc90959d89c64e4c2b07e1d7e7f97f236da43d0c455d87f35325668169be17b,"{""code"":""rotated_surface_code"",""diameter"":8,""noise_model"":""SD6_1"",""p"":0.0020750000000000005,""rounds"":8}",
       100,         0,         0,   0.012,pymatching,992be737391692fa5beabbe67231f3881819554c459600aa53d53af1bd8bf6ae,"{""code"":""rotated_surface_code"",""diameter"":8,""noise_model"":""SD6_1"",""p"":0.0023,""rounds"":8}",
       100,         0,         0,   0.012,pymatching,c7187c4ba505956414c7856a390cef77ef5ee8bde40c8cdb0755fc6c4516d145,"{""code"":""rotated_surface_code"",""diameter"":8,""noise_model"":""SD6_1"",""p"":0.0025250000000000003,""rounds"":8}",
       100,         0,         0,   0.013,pymatching,34635eb589a4875586c4e7198a254faffaf56c27aae4cb3f1188407ba0ba296d,"{""code"":""rotated_surface_code"",""diameter"":8,""noise_model"":""SD6_1"",""p"":0.002975,""rounds"":8}",
       100,         0,         0,   0.013,pymatching,32ef18798cd90b55bb577f6bf828c066102ce469563b43dee69460901cf6f03c,"{""code"":""rotated_surface_code"",""diameter"":8,""noise_model"":""SD6_1"",""p"":0.0027500000000000003,""rounds"":8}",
       100,         0,         0,   0.013,pymatching,a45d33be04ef6feb8f1f64f5eae0c85335225f66272f10101b68ce4b1d9c737c,"{""code"":""rotated_surface_code"",""diameter"":8,""noise_model"":""SD6_1"",""p"":0.0036500000000000005,""rounds"":8}",
       100,         0,         0,   0.013,pymatching,b727f28ad992c88a9d383a100c5a35aed6b26f62725ebac7131ac29ee19e3ae4,"{""code"":""rotated_surface_code"",""diameter"":8,""noise_model"":""SD6_1"",""p"":0.003425,""rounds"":8}",
       100,         0,         0,   0.013,pymatching,d3f9db304509718ecfc7a7db47d84f3baf8e1afaa860f64d7c06e3ccef53e617,"{""code"":""rotated_surface_code"",""diameter"":8,""noise_model"":""SD6_1"",""p"":0.0032,""rounds"":8}",
       100,         1,         0,   0.013,pymatching,aee81b01a30e81612d6d63c1b7a9fc0b7d35f82e6354b36d1d56ffe6cae04e0f,"{""code"":""rotated_surface_code"",""diameter"":8,""noise_model"":""SD6_1"",""p"":0.0038750000000000004,""rounds"":8}",
       100,         0,         0,   0.013,pymatching,437d3cc40b7957f226ddceb7e4540256c848964ec036d22c6c475a606dc30d37,"{""code"":""rotated_surface_code"",""diameter"":8,""noise_model"":""SD6_1"",""p"":0.0041,""rounds"":8}",
       100,         0,         0,   0.013,pymatching,5a5fbf8acf8c29e4cca9f1d592e7a9ca801b23bf7f94f757051866a62bcc0d42,"{""code"":""rotated_surface_code"",""diameter"":8,""noise_model"":""SD6_1"",""p"":0.004325000000000001,""rounds"":8}",
       100,         2,         0,   0.013,pymatching,c4e674ec819f59c646e1f5da6205d112e6c5e149cc8de53a2b4697b90ca3dfc8,"{""code"":""rotated_surface_code"",""diameter"":8,""noise_model"":""SD6_1"",""p"":0.00455,""rounds"":8}",
       100,         1,         0,   0.013,pymatching,b47a52689dda83984cd83b017a65e158d576ca6ce0407d73092c8e945d6da4a4,"{""code"":""rotated_surface_code"",""diameter"":8,""noise_model"":""SD6_1"",""p"":0.004775,""rounds"":8}",
       100,         5,         0,   0.014,pymatching,85274b645bb4c593289fcce0bfb8a1c7cb4dcb8041309bbd8e5d9e5447a00c60,"{""code"":""rotated_surface_code"",""diameter"":8,""noise_model"":""SD6_1"",""p"":0.005,""rounds"":8}",
       100,         0,         0,   0.023,pymatching,388117914b4c77b604ca22ba4c0446609929ec99f91cfdd420e6baa880a4d07e,"{""code"":""rotated_surface_code"",""diameter"":10,""noise_model"":""SD6_1"",""p"":0.0005,""rounds"":10}",
       100,         0,         0,   0.022,pymatching,8f45a9db1d750bdd58c16c1200d546e6e06f3705bf2b997489a2875c722fbf79,"{""code"":""rotated_surface_code"",""diameter"":10,""noise_model"":""SD6_1"",""p"":0.0007250000000000001,""rounds"":10}",
       100,         0,         0,   0.022,pymatching,262a624a5b23839839f6211a933ae4c2e5a5f72299a06a6f5f76b97df2106410,"{""code"":""rotated_surface_code"",""diameter"":10,""noise_model"":""SD6_1"",""p"":0.0009500000000000001,""rounds"":10}",
       100,         0,         0,   0.021,pymatching,b6325c0fcccb9ca44aaee40f27c04ff8ee0493864425d62d38859668fea99907,"{""code"":""rotated_surface_code"",""diameter"":10,""noise_model"":""SD6_1"",""p"":0.001175,""rounds"":10}",
       100,         0,         0,   0.023,pymatching,1c5fbdcfbff64f4176772a6b68f0052c55fd565236242b6a04b9caf877ce354a,"{""code"":""rotated_surface_code"",""diameter"":10,""noise_model"":""SD6_1"",""p"":0.0014000000000000002,""rounds"":10}",
       100,         0,         0,   0.022,pymatching,0f4288ac011bd53b7e9ba902495036ef60cf5d49fb8574394a07970035af16a5,"{""code"":""rotated_surface_code"",""diameter"":10,""noise_model"":""SD6_1"",""p"":0.0016250000000000001,""rounds"":10}",
       100,         0,         0,   0.035,pymatching,4bb139eb80008030ffaf254e8e7de6f98e26327eb472feab63e23c704a603575,"{""code"":""rotated_surface_code"",""diameter"":10,""noise_model"":""SD6_1"",""p"":0.00185,""rounds"":10}",
       100,         0,         0,   0.022,pymatching,5feff635d20aa96fb065752a1d108e32d0aedf1fbf4a11dde3299eb3063cc46c,"{""code"":""rotated_surface_code"",""diameter"":10,""noise_model"":""SD6_1"",""p"":0.0020750000000000005,""rounds"":10}",
       100,         0,         0,   0.022,pymatching,1c1b6d08aac1d9cccd7520244910c689f4a35e48ee3bb3df9ce45bae397c864b,"{""code"":""rotated_surface_code"",""diameter"":10,""noise_model"":""SD6_1"",""p"":0.0023,""rounds"":10}",
       100,         1,         0,   0.025,pymatching,0537a129edb245364c1b1a5e85f972698bcf2327f562a5f62a7e1f7c96666d48,"{""code"":""rotated_surface_code"",""diameter"":10,""noise_model"":""SD6_1"",""p"":0.0025250000000000003,""rounds"":10}",
       100,         0,         0,   0.023,pymatching,5f8090005e517e20b6463fa007f8fc04d8d6bf20d8350d53434872ab858117bc,"{""code"":""rotated_surface_code"",""diameter"":10,""noise_model"":""SD6_1"",""p"":0.0027500000000000003,""rounds"":10}",
       100,         0,         0,   0.023,pymatching,d96129e88443feae4c3c4812e51d08815ac2c3402343312efdc5f2349df6ed77,"{""code"":""rotated_surface_code"",""diameter"":10,""noise_model"":""SD6_1"",""p"":0.0032,""rounds"":10}",
       100,         0,         0,   0.023,pymatching,61ebad25ed9366e69d976a1e5ce36fd030bfc12a3d6a2157a81aff68b5e1a20a,"{""code"":""rotated_surface_code"",""diameter"":10,""noise_model"":""SD6_1"",""p"":0.002975,""rounds"":10}",
       100,         0,         0,   0.023,pymatching,757c636bfc949b1ceb6381174f9bfd6d3ba08a748faf8306ca0f6d6360707d97,"{""code"":""rotated_surface_code"",""diameter"":10,""noise_model"":""SD6_1"",""p"":0.003425,""rounds"":10}",
       100,         0,         0,   0.050,pymatching,97e7e3e6ad6b9614e36ce64dc562976c8f08e7c0672f9cb2f5c0369469109701,"{""code"":""rotated_surface_code"",""diameter"":10,""noise_model"":""SD6_1"",""p"":0.0036500000000000005,""rounds"":10}",
       100,         2,         0,   0.044,pymatching,78f57e97c27000b7a4f3267d3a966f1b831bfc629e0050651fdc719725e1aa2e,"{""code"":""rotated_surface_code"",""diameter"":10,""noise_model"":""SD6_1"",""p"":0.0038750000000000004,""rounds"":10}",
       100,         1,         0,   0.024,pymatching,07271d7fdbd546812f77c24f1c00b4e04dcaa631611cca3a61ac00092ebd505d,"{""code"":""rotated_surface_code"",""diameter"":10,""noise_model"":""SD6_1"",""p"":0.0041,""rounds"":10}",
       100,         1,         0,   0.025,pymatching,05ea23ce119fbbd8da75264c85f505d88f99f9ef1dd82273cad5f5a6295852dd,"{""code"":""rotated_surface_code"",""diameter"":10,""noise_model"":""SD6_1"",""p"":0.004325000000000001,""rounds"":10}",
       100,         4,         0,   0.051,pymatching,8e8a9fcbd36f8b36797eed377e55e9b714e55072c7a47845a640337ab1a17f3d,"{""code"":""rotated_surface_code"",""diameter"":10,""noise_model"":""SD6_1"",""p"":0.00455,""rounds"":10}",
       100,         6,         0,   0.026,pymatching,681aa4831f93a088e0e89e559ba55e2233c4a059aed116cd15b3d6b5e77f751a,"{""code"":""rotated_surface_code"",""diameter"":10,""noise_model"":""SD6_1"",""p"":0.004775,""rounds"":10}",
       100,         7,         0,   0.025,pymatching,e73048bb43e913ffb7ff1194af9fedf5809153c6cf4187472e9f29dcaf024297,"{""code"":""rotated_surface_code"",""diameter"":10,""noise_model"":""SD6_1"",""p"":0.005,""rounds"":10}",
       100,         0,         0,   0.033,pymatching,a4fadb3a075c49d7ca717f2e2a67080b9a43d7273bf837dc4795e18c1345e894,"{""code"":""rotated_surface_code"",""diameter"":12,""noise_model"":""SD6_1"",""p"":0.0005,""rounds"":12}",
       100,         0,         0,   0.033,pymatching,3cdba21822958a1488c901ff2bac35adff054a54e73df08ae6073399429f465c,"{""code"":""rotated_surface_code"",""diameter"":12,""noise_model"":""SD6_1"",""p"":0.0007250000000000001,""rounds"":12}",
       100,         0,         0,   0.047,pymatching,45ebdb96b4ffd25f3b6891ed0227caaffd35978fec16e3fb217b049b0784cd5b,"{""code"":""rotated_surface_code"",""diameter"":12,""noise_model"":""SD6_1"",""p"":0.001175,""rounds"":12}",
       100,         0,         0,   0.051,pymatching,ebe95fe08feffea939fea729261556113b4d8a0341c16ffa989f2c692c8cb631,"{""code"":""rotated_surface_code"",""diameter"":12,""noise_model"":""SD6_1"",""p"":0.0009500000000000001,""rounds"":12}",
       100,         0,         0,   0.040,pymatching,8c8bafdbaed01d9cdb186102eb5f347803bb5bc2cad6f9ec424b4051fbfa9655,"{""code"":""rotated_surface_code"",""diameter"":12,""noise_model"":""SD6_1"",""p"":0.0014000000000000002,""rounds"":12}",
       100,         0,         0,   0.042,pymatching,eefabfeecc50406093c437a5dcda400de6e76c24fba6f5904396d524707fc7bf,"{""code"":""rotated_surface_code"",""diameter"":12,""noise_model"":""SD6_1"",""p"":0.00185,""rounds"":12}",
       100,         0,         0,   0.043,pymatching,bd60b8f06052b9d173bb76d321148d00734b720a1ff987192c9bd20287e97d42,"{""code"":""rotated_surface_code"",""diameter"":12,""noise_model"":""SD6_1"",""p"":0.0016250000000000001,""rounds"":12}",
       100,         0,         0,   0.040,pymatching,360e505676b38ac283e6db35b3535fe323e2b61dab2bec49d117a17b97f0fd87,"{""code"":""rotated_surface_code"",""diameter"":12,""noise_model"":""SD6_1"",""p"":0.0020750000000000005,""rounds"":12}",
       100,         0,         0,   0.052,pymatching,3c6543c9eb327007451ecfaa3ecd1d8babbb02cd4af0b17814238a92c731bc6a,"{""code"":""rotated_surface_code"",""diameter"":12,""noise_model"":""SD6_1"",""p"":0.0023,""rounds"":12}",
       100,         0,         0,   0.036,pymatching,f21aff52c991f97446df6f9a1c3eb69b271624d02a64c3729a2dab94800888f1,"{""code"":""rotated_surface_code"",""diameter"":12,""noise_model"":""SD6_1"",""p"":0.0025250000000000003,""rounds"":12}",
       100,         0,         0,   0.037,pymatching,d77f5677c9151f66896f8ae4e806ecb32e952227d9d1f48e5c3cb5a79c1b14b5,"{""code"":""rotated_surface_code"",""diameter"":12,""noise_model"":""SD6_1"",""p"":0.0027500000000000003,""rounds"":12}",
       100,         0,         0,   0.037,pymatching,e760e178d2d8ef6c57229e0b3a89c4873c117c0d1151c657bd7eb589481381c6,"{""code"":""rotated_surface_code"",""diameter"":12,""noise_model"":""SD6_1"",""p"":0.002975,""rounds"":12}",
       100,         0,         0,   0.047,pymatching,a4eaa185dd8a7095afb997c63cf1c35ed59b7382d14886752291e44e5825ef58,"{""code"":""rotated_surface_code"",""diameter"":12,""noise_model"":""SD6_1"",""p"":0.0032,""rounds"":12}",
       100,         0,         0,   0.047,pymatching,e9794cd3d4106ec934b6a2ec84f20956468881daf8aff0bd1bce1e64442801df,"{""code"":""rotated_surface_code"",""diameter"":12,""noise_model"":""SD6_1"",""p"":0.003425,""rounds"":12}",
       100,         2,         0,   0.049,pymatching,520ead76cc6c727e6b7cdb5d5541cfdba464e5b575fc5980acba45a8cd8dade1,"{""code"":""rotated_surface_code"",""diameter"":12,""noise_model"":""SD6_1"",""p"":0.0036500000000000005,""rounds"":12}",
       100,         0,         0,   0.073,pymatching,21b58f1f68a49c8199cb058d739cd912d5d7646c01c9988791300882de1880bc,"{""code"":""rotated_surface_code"",""diameter"":12,""noise_model"":""SD6_1"",""p"":0.0038750000000000004,""rounds"":12}",
       100,         0,         0,   0.042,pymatching,a5fa63b67b55da880c7b163a81624d9681fc44da05f5a3aebd39108d894e8dbd,"{""code"":""rotated_surface_code"",""diameter"":12,""noise_model"":""SD6_1"",""p"":0.0041,""rounds"":12}",
       100,         1,         0,   0.041,pymatching,56cb05afb6eca6e770fcf595e3e10b33c36198aecdf5280298ab0444540444cc,"{""code"":""rotated_surface_code"",""diameter"":12,""noise_model"":""SD6_1"",""p"":0.004325000000000001,""rounds"":12}",
       100,         1,         0,   0.041,pymatching,ee3a60e5fa47e88fc4edae268bcba2bd0befddea12e80edf9fa0d01f7aa4970d,"{""code"":""rotated_surface_code"",""diameter"":12,""noise_model"":""SD6_1"",""p"":0.00455,""rounds"":12}",
       100,         0,         0,   0.043,pymatching,c56d3ba4324ee246294595192dec0b491556a76b506c3d37ba48a25eeaa74848,"{""code"":""rotated_surface_code"",""diameter"":12,""noise_model"":""SD6_1"",""p"":0.004775,""rounds"":12}",
       100,         5,         0,   0.053,pymatching,d8ef76b6726c2df839e902bad3e362a50aee2bef3a9034d5b9b1107be90d9549,"{""code"":""rotated_surface_code"",""diameter"":12,""noise_model"":""SD6_1"",""p"":0.005,""rounds"":12}",
       100,         0,         0,   0.059,pymatching,c87fc6bbd716b7b240c37ece95e2f2036781ae58dac70330bd1213756f7b8f15,"{""code"":""rotated_surface_code"",""diameter"":14,""noise_model"":""SD6_1"",""p"":0.0005,""rounds"":14}",
       100,         0,         0,   0.060,pymatching,f48aa28c3cbf1106505852136758c60f55b6971664cd3d17a64f20f2def43819,"{""code"":""rotated_surface_code"",""diameter"":14,""noise_model"":""SD6_1"",""p"":0.0007250000000000001,""rounds"":14}",
       100,         0,         0,   0.058,pymatching,dd82506fe3f2cc553f8f8d6c21c316bf504abbf788089d19ec2e988f80f1c522,"{""code"":""rotated_surface_code"",""diameter"":14,""noise_model"":""SD6_1"",""p"":0.0009500000000000001,""rounds"":14}",
       100,         0,         0,   0.054,pymatching,e724433ba09a5020491a6c719d4f170ce455dfbf7cb4c79575a59e96ef65b680,"{""code"":""rotated_surface_code"",""diameter"":14,""noise_model"":""SD6_1"",""p"":0.001175,""rounds"":14}",
       100,         0,         0,   0.054,pymatching,13b1ca30a0115463ee7030d7c0851ff43da3fa9647b985ed8e1045cdc4daed7f,"{""code"":""rotated_surface_code"",""diameter"":14,""noise_model"":""SD6_1"",""p"":0.0014000000000000002,""rounds"":14}",
       100,         0,         0,   0.059,pymatching,2879c422dd9ff29a33cb2a0c9f0221785ecca2febcbf890824e9f4e858852165,"{""code"":""rotated_surface_code"",""diameter"":14,""noise_model"":""SD6_1"",""p"":0.0016250000000000001,""rounds"":14}",
       100,         0,         0,   0.060,pymatching,da9ebcbf8eef28a4383cc80a8659ad39ba74715f59a026690a4ee5c75f3fcf42,"{""code"":""rotated_surface_code"",""diameter"":14,""noise_model"":""SD6_1"",""p"":0.00185,""rounds"":14}",
       100,         0,         0,   0.059,pymatching,b62287090045c20d87a49f4a5fdd413057c482b9cf8db8c1f1b4d094c7fb404b,"{""code"":""rotated_surface_code"",""diameter"":14,""noise_model"":""SD6_1"",""p"":0.0020750000000000005,""rounds"":14}",
       100,         0,         0,   0.060,pymatching,12bac131a3d190fb3c070966dfa4c425533acfd112a26bd5298fa7f6a5d65b68,"{""code"":""rotated_surface_code"",""diameter"":14,""noise_model"":""SD6_1"",""p"":0.0023,""rounds"":14}",
       100,         0,         0,   0.055,pymatching,09a7cf923d72ff31d9bc35fa6a735520446557d9bd59d7c59d649d522e7eb471,"{""code"":""rotated_surface_code"",""diameter"":14,""noise_model"":""SD6_1"",""p"":0.0025250000000000003,""rounds"":14}",
       100,         0,         0,   0.057,pymatching,8a5237b3578c4f5b7e65442b7726ec316bfe13d9bf896485f742eea0667e3488,"{""code"":""rotated_surface_code"",""diameter"":14,""noise_model"":""SD6_1"",""p"":0.002975,""rounds"":14}",
       100,         0,         0,   0.057,pymatching,a17e122a1854f036873031b72b8d6d90b63812b68c83c18c02e7541a9c2b563e,"{""code"":""rotated_surface_code"",""diameter"":14,""noise_model"":""SD6_1"",""p"":0.0027500000000000003,""rounds"":14}",
       100,         0,         0,   0.059,pymatching,6f04eeee96253f9571caa11e57c4375b3845aaca18941fd854fea1f784af044e,"{""code"":""rotated_surface_code"",""diameter"":14,""noise_model"":""SD6_1"",""p"":0.0032,""rounds"":14}",
       100,         0,         0,   0.060,pymatching,3e5155d1f4a6ec10832519030cfc05b70dee8ff6844e11e806b60d2e1d9afe42,"{""code"":""rotated_surface_code"",""diameter"":14,""noise_model"":""SD6_1"",""p"":0.003425,""rounds"":14}",
       100,         0,         0,   0.063,pymatching,580f73c810a98dcfd6974b8336617eaa2f35e1afe77e1985f9a5076528b2c0d8,"{""code"":""rotated_surface_code"",""diameter"":14,""noise_model"":""SD6_1"",""p"":0.0036500000000000005,""rounds"":14}",
       100,         0,         0,   0.063,pymatching,7c65c12367b7e07a43ed3460aa6e1b698a0347c98e8dd2e9352d811185044987,"{""code"":""rotated_surface_code"",""diameter"":14,""noise_model"":""SD6_1"",""p"":0.0038750000000000004,""rounds"":14}",
       100,         0,         0,   0.065,pymatching,3839e2d27a5c00e4e77f767b9809c8b42871f8327cbaf58099f1068f2910faa5,"{""code"":""rotated_surface_code"",""diameter"":14,""noise_model"":""SD6_1"",""p"":0.0041,""rounds"":14}",
       100,         2,         0,   0.064,pymatching,bcf3dd797cdf3de60ccc5f8b8825b5c8809ec871749c37ce635848dc825b9873,"{""code"":""rotated_surface_code"",""diameter"":14,""noise_model"":""SD6_1"",""p"":0.004325000000000001,""rounds"":14}",
       100,         0,         0,   0.066,pymatching,16d62df0a7a64387faec04174c5a05aa46b98687c7cef28d084a93cd65b54a15,"{""code"":""rotated_surface_code"",""diameter"":14,""noise_model"":""SD6_1"",""p"":0.00455,""rounds"":14}",
       100,         2,         0,   0.066,pymatching,086a155752762418c2717f19d5586a8f821c06310574b23c5cb579c2a1ef73e4,"{""code"":""rotated_surface_code"",""diameter"":14,""noise_model"":""SD6_1"",""p"":0.004775,""rounds"":14}",
       100,         0,         0,   0.065,pymatching,2abff62b7923249c8b1aec75622ef6b4084112581918d557a153dc7d7041711b,"{""code"":""rotated_surface_code"",""diameter"":14,""noise_model"":""SD6_1"",""p"":0.005,""rounds"":14}",
       100,         0,         0,   0.224,pymatching,561e0572ca1588f240d599f025822a8bd68d09b5de725300f52398d0f6f6cd69,"{""code"":""rotated_surface_code"",""diameter"":4,""noise_model"":""SI1000"",""p"":0.0009500000000000001,""rounds"":4}",
       100,         0,         0,   0.442,pymatching,dbc97e9474aecabcc583d0ca3198fc0fb469b0edc9fbabd195d43861d9f2deaf,"{""code"":""rotated_surface_code"",""diameter"":4,""noise_model"":""SI1000"",""p"":0.0005,""rounds"":4}",
       100,         0,         0,   0.473,pymatching,9e111b35c1ae89bab540719cc505e402d5fe6d338a15db5ac1544110819d0fbb,"{""code"":""rotated_surface_code"",""diameter"":4,""noise_model"":""SI1000"",""p"":0.0014000000000000002,""rounds"":4}",
       100,         1,         0,   0.495,pymatching,7c0db2dd74a72946a3e517ee3e8af97b4f26e48dfa5fdf75127e85fd034da63d,"{""code"":""rotated_surface_code"",""diameter"":4,""noise_model"":""SI1000"",""p"":0.0016250000000000001,""rounds"":4}",
       100,         0,         0,   0.527,pymatching,315c46814dd2bd9ab40927405ee927c908cbee358bd97182c20f28b88ae770fc,"{""code"":""rotated_surface_code"",""diameter"":4,""noise_model"":""SI1000"",""p"":0.0007250000000000001,""rounds"":4}",
       100,         4,         0,   0.536,pymatching,7b94bbf3d89249835da17985a40c4bf30738044831c73a353e27719260b5ac54,"{""code"":""rotated_surface_code"",""diameter"":4,""noise_model"":""SI1000"",""p"":0.0025250000000000003,""rounds"":4}",
       100,         1,         0,   0.566,pymatching,4a05bd8cf6dfbd3cd46e965ecddcbbab9b382a48821470989a80551344df8c95,"{""code"":""rotated_surface_code"",""diameter"":4,""noise_model"":""SI1000"",""p"":0.00185,""rounds"":4}",
       100,         1,         0,   0.553,pymatching,f1066c09d0c6a308bffb21425d7f072f1df5003c5e9f624351698fc86704d9bc,"{""code"":""rotated_surface_code"",""diameter"":4,""noise_model"":""SI1000"",""p"":0.0023,""rounds"":4}",
       100,         2,         0,   0.545,pymatching,64a59ef184e2377f4338c9c7ab76135c5ae85e7fe4ea8370508232a0870d231b,"{""code"":""rotated_surface_code"",""diameter"":4,""noise_model"":""SI1000"",""p"":0.0020750000000000005,""rounds"":4}",
       100,         0,         0,   0.594,pymatching,0be25ce883051a77a2a84bc693cb953dfa1ec3c3e15c458f69022f1040a580f9,"{""code"":""rotated_surface_code"",""diameter"":4,""noise_model"":""SI1000"",""p"":0.001175,""rounds"":4}",
       100,         1,         0,   0.002,pymatching,6778e574d2b01a9666d0c200535948f89aaa5c2df5ddbe7a5a665d1f873a709f,"{""code"":""rotated_surface_code"",""diameter"":4,""noise_model"":""SI1000"",""p"":0.0027500000000000003,""rounds"":4}",
       100,         2,         0,   0.002,pymatching,6fa4b858bc427664e5d5dd0cdb028b69e1ec0acba423120d092d205dcb3e916d,"{""code"":""rotated_surface_code"",""diameter"":4,""noise_model"":""SI1000"",""p"":0.0032,""rounds"":4}",
       100,         3,         0,   0.002,pymatching,6bd0728b51f307b833a308fa6f757b6362182206700d30d3d730c7aa75a04bfd,"{""code"":""rotated_surface_code"",""diameter"":4,""noise_model"":""SI1000"",""p"":0.002975,""rounds"":4}",
       100,         5,         0,   0.002,pymatching,a179f61f8f37091c70e9842865b877f102c6494b0c58502cd9ac121be2c377bb,"{""code"":""rotated_surface_code"",""diameter"":4,""noise_model"":""SI1000"",""p"":0.003425,""rounds"":4}",
       100,         2,         0,   0.002,pymatching,1cf04293e31f20c3ca284f44ad215c1bea38cf84eff24b96f4e5f1f2059e4177,"{""code"":""rotated_surface_code"",""diameter"":4,""noise_model"":""SI1000"",""p"":0.0036500000000000005,""rounds"":4}",
       100,         4,         0,   0.002,pymatching,318c13e08295755a2405a00d677d5bef90633b247dce5a39abf660c7d1b746fc,"{""code"":""rotated_surface_code"",""diameter"":4,""noise_model"":""SI1000"",""p"":0.0038750000000000004,""rounds"":4}",
       100,        10,         0,   0.002,pymatching,91a0ebb66c7a06e3f0ee0f35e51e0918826b8fa2ce513f278168c7345a83cc60,"{""code"":""rotated_surface_code"",""diameter"":4,""noise_model"":""SI1000"",""p"":0.0041,""rounds"":4}",
       100,         6,         0,   0.002,pymatching,f22b7b5d53d28046f9816c6577baac4266a1f11c16a565f2a4cbf3ab830cfa50,"{""code"":""rotated_surface_code"",""diameter"":4,""noise_model"":""SI1000"",""p"":0.004325000000000001,""rounds"":4}",
       100,         9,         0,   0.002,pymatching,13fd07b82b2226bbd55eb9af4be3d3cf0f5e703ad65ec294bafc5a1236ec90dd,"{""code"":""rotated_surface_code"",""diameter"":4,""noise_model"":""SI1000"",""p"":0.004775,""rounds"":4}",
       100,        12,         0,   0.002,pymatching,aed59036e3743d1c9fba2ef5eec3a90f7e0b56db759f75a4d2ccd9110b45ecc8,"{""code"":""rotated_surface_code"",""diameter"":4,""noise_model"":""SI1000"",""p"":0.00455,""rounds"":4}",
       100,         9,         0,   0.002,pymatching,5ad9a01bdb1df4727a8fcb3319b4d6ff6386c2d12da9d39ae75e07632bdd10e6,"{""code"":""rotated_surface_code"",""diameter"":4,""noise_model"":""SI1000"",""p"":0.005,""rounds"":4}",
       100,         0,         0,   0.012,pymatching,cecd999d79c47bcff0873ced8c01ca9ade40f933f10b7e2f800987587fd53983,"{""code"":""rotated_surface_code"",""diameter"":8,""noise_model"":""SI1000"",""p"":0.0007250000000000001,""rounds"":8}",
       100,         0,         0,   0.012,pymatching,ff9c41d6d2b5bac18a9b69b3a3b7283c0c47849209421037055420e6105697cb,"{""code"":""rotated_surface_code"",""diameter"":8,""noise_model"":""SI1000"",""p"":0.0005,""rounds"":8}",
       100,         0,         0,   0.012,pymatching,c8e053e8dd10e899ad00add0b618810af32adaeea0ace892da1a82fcb5fc928d,"{""code"":""rotated_surface_code"",""diameter"":8,""noise_model"":""SI1000"",""p"":0.0016250000000000001,""rounds"":8}",
       100,         0,         0,   0.013,pymatching,e16e1702e778d9f5fd39069f24de76158bab4aa46056adca387ab3b6a2263221,"{""code"":""rotated_surface_code"",""diameter"":8,""noise_model"":""SI1000"",""p"":0.001175,""rounds"":8}",
       100,         2,         0,   0.013,pymatching,b48f738a81ed41caf5f17f26d3fd48687f7098d52d8dc537a3d5d76ba0acbe45,"{""code"":""rotated_surface_code"",""diameter"":8,""noise_model"":""SI1000"",""p"":0.0023,""rounds"":8}",
       100,         0,         0,   0.014,pymatching,f7dfab06d446a562c9fe0117ebfb0bb63fffa43353ff337fac4c3ae5524f9901,"{""code"":""rotated_surface_code"",""diameter"":8,""noise_model"":""SI1000"",""p"":0.00185,""rounds"":8}",
       100,         0,         0,   0.016,pymatching,b2083d4656d756b14027c8a1a291cb778e2f4d1526372dd984251a6566e7994e,"{""code"":""rotated_surface_code"",""diameter"":8,""noise_model"":""SI1000"",""p"":0.0014000000000000002,""rounds"":8}",
       100,         0,         0,   0.012,pymatching,ffd436148811e001434d180634b79e8961e358eb5f24deac80cc3e076843a153,"{""code"":""rotated_surface_code"",""diameter"":8,""noise_model"":""SI1000"",""p"":0.0020750000000000005,""rounds"":8}",
       100,         0,         0,   0.014,pymatching,bce04013f789158c0c5dde9d73ae47999ead88e2ed1b9fd8c03ac223f3fbc3b8,"{""code"":""rotated_surface_code"",""diameter"":8,""noise_model"":""SI1000"",""p"":0.0009500000000000001,""rounds"":8}",
       100,         0,         0,   0.013,pymatching,0ad75fc6ebfe3fd1f3385cadbb947e0b68d7fb06034e41a909af5434da8c493d,"{""code"":""rotated_surface_code"",""diameter"":8,""noise_model"":""SI1000"",""p"":0.0025250000000000003,""rounds"":8}",
       100,         0,         0,   0.013,pymatching,699b42c6929130442de5ce4cac12a4a1d87042d2ed6f461ee583c18ee98eebad,"{""code"":""rotated_surface_code"",""diameter"":8,""noise_model"":""SI1000"",""p"":0.0027500000000000003,""rounds"":8}",
       100,         4,         0,   0.013,pymatching,be06203d0ce5d6fb72e90a2b531fe716a3c97d9585440d857ff17df2c834d9a2,"{""code"":""rotated_surface_code"",""diameter"":8,""noise_model"":""SI1000"",""p"":0.0032,""rounds"":8}",
       100,         2,         0,   0.019,pymatching,87db1c7bf762045f23e495cecad4a037ba8f5e2c36d1d5bdf729b8d1bf3bcefb,"{""code"":""rotated_surface_code"",""diameter"":8,""noise_model"":""SI1000"",""p"":0.002975,""rounds"":8}",
       100,         2,         0,   0.019,pymatching,e221fb254f460128451feb3500c113878e03cd802409cbcfa5f39bf049d02cbe,"{""code"":""rotated_surface_code"",""diameter"":8,""noise_model"":""SI1000"",""p"":0.003425,""rounds"":8}",
       100,         7,         0,   0.013,pymatching,3f641937907f085ff1d5a3db133a841eeb35ee2cc46daecdc8bf0b9760ae2a80,"{""code"":""rotated_surface_code"",""diameter"":8,""noise_model"":""SI1000"",""p"":0.0036500000000000005,""rounds"":8}",
       100,         3,         0,   0.014,pymatching,f8b07ef570367b4ce62a3dae518e6874bcf7cc700a08296412fa250156368da4,"{""code"":""rotated_surface_code"",""diameter"":8,""noise_model"":""SI1000"",""p"":0.0038750000000000004,""rounds"":8}",
       100,         7,         0,   0.014,pymatching,0429b3eef714c43c1910a1a191beb33a5faaf6ce3a2db398a079bd0702509777,"{""code"":""rotated_surface_code"",""diameter"":8,""noise_model"":""SI1000"",""p"":0.004325000000000001,""rounds"":8}",
       100,         5,         0,   0.014,pymatching,71412e2677607314e4a68d0ef6b66f609ca6cbd2aaa62999314923dcb12ad29c,"{""code"":""rotated_surface_code"",""diameter"":8,""noise_model"":""SI1000"",""p"":0.0041,""rounds"":8}",
       100,        12,         0,   0.014,pymatching,5a74089663f46c5467158d08cb2f0a2946aa1c91108ec8f3945cef72fe554eb6,"{""code"":""rotated_surface_code"",""diameter"":8,""noise_model"":""SI1000"",""p"":0.00455,""rounds"":8}",
       100,        11,         0,   0.014,pymatching,941baedc04dfab22b1eeda50f387646d3853ffb5dfdae2332c757b3c798fb0e9,"{""code"":""rotated_surface_code"",""diameter"":8,""noise_model"":""SI1000"",""p"":0.004775,""rounds"":8}",
       100,        12,         0,   0.014,pymatching,85e9735fbcc880fd74f1af2f1e37f53e1f75300a6e50611655fbf3fe929cc714,"{""code"":""rotated_surface_code"",""diameter"":8,""noise_model"":""SI1000"",""p"":0.005,""rounds"":8}",
       100,         0,         0,   0.022,pymatching,f1e3309bd3806a06eb587404da2562be11215c81dfbec972389614bd714f95e2,"{""code"":""rotated_surface_code"",""diameter"":10,""noise_model"":""SI1000"",""p"":0.0005,""rounds"":10}",
       100,         0,         0,   0.023,pymatching,b8190247a8b3a60872bbd2e6aa2c60fcc5d18a122425c093434f4750858ff5a8,"{""code"":""rotated_surface_code"",""diameter"":10,""noise_model"":""SI1000"",""p"":0.0007250000000000001,""rounds"":10}",
       100,         0,         0,   0.023,pymatching,156a7fc3e33f96dda8a697bfb9adffbd9d44f7db8f266250205feda59d528c8c,"{""code"":""rotated_surface_code"",""diameter"":10,""noise_model"":""SI1000"",""p"":0.001175,""rounds"":10}",
       100,         0,         0,   0.023,pymatching,e4bd45cea466764372d512a6df5d42138d9aa37d45a5a3379c288360f3922f3f,"{""code"":""rotated_surface_code"",""diameter"":10,""noise_model"":""SI1000"",""p"":0.0009500000000000001,""rounds"":10}",
       100,         0,         0,   0.022,pymatching,57447b3cf8c83c5832f32f48b79d27d530a9f09b4974dbfb2a87fe99a3b5ebcc,"{""code"":""rotated_surface_code"",""diameter"":10,""noise_model"":""SI1000"",""p"":0.0014000000000000002,""rounds"":10}",
       100,         0,         0,   0.022,pymatching,d9019b210fd6f8950461d7911958c47132cc4417f5f7fa87b64afe7c956199c4,"{""code"":""rotated_surface_code"",""diameter"":10,""noise_model"":""SI1000"",""p"":0.0016250000000000001,""rounds"":10}",
       100,         0,         0,   0.022,pymatching,f5fa88e767f4bedf57adbb05e0000484ebba1122a36ebe7c2c84f2257a6193ef,"{""code"":""rotated_surface_code"",""diameter"":10,""noise_model"":""SI1000"",""p"":0.00185,""rounds"":10}",
       100,         0,         0,   0.023,pymatching,e90a0ef0f970c9085981580b30bf8316db23d6e4d86607c5fbdcd1b8c8d42123,"{""code"":""rotated_surface_code"",""diameter"":10,""noise_model"":""SI1000"",""p"":0.0020750000000000005,""rounds"":10}",
       100,         0,         0,   0.023,pymatching,acd49c3328711c0cacb8b00960b81e8458e7e5d6120a702f5b7d4e5b871323e3,"{""code"":""rotated_surface_code"",""diameter"":10,""noise_model"":""SI1000"",""p"":0.0023,""rounds"":10}",
       100,         0,         0,   0.023,pymatching,db8d819379ce603591d3d3eb25d778f0bc901229a8963838ea206b98e5a324ef,"{""code"":""rotated_surface_code"",""diameter"":10,""noise_model"":""SI1000"",""p"":0.0025250000000000003,""rounds"":10}",
       100,         1,         0,   0.024,pymatching,57f855ed34c114c65c24ba82f6cacbc742f6886a13f5ad0557be79cf92fb9411,"{""code"":""rotated_surface_code"",""diameter"":10,""noise_model"":""SI1000"",""p"":0.0027500000000000003,""rounds"":10}",
       100,         2,         0,   0.024,pymatching,2502373b949c7ee13467f10b800881347218d456b071c2016026eb92c5a5c840,"{""code"":""rotated_surface_code"",""diameter"":10,""noise_model"":""SI1000"",""p"":0.002975,""rounds"":10}",
       100,         2,         0,   0.024,pymatching,09a61c67d73675bde3778678ad6e95aecad5dfdbf644a6ed0c79fb32ec9736b0,"{""code"":""rotated_surface_code"",""diameter"":10,""noise_model"":""SI1000"",""p"":0.0032,""rounds"":10}",
       100,         0,         0,   0.025,pymatching,9ea80dff4297760f0bd2ac2ab936c508ae48146c55b01672d371ce42d152d8ba,"{""code"":""rotated_surface_code"",""diameter"":10,""noise_model"":""SI1000"",""p"":0.003425,""rounds"":10}",
       100,         6,         0,   0.025,pymatching,3f1cecde2160ce273a2dbe5886d975ef2abb9d9316cb5eba3b5a039f9873346a,"{""code"":""rotated_surface_code"",""diameter"":10,""noise_model"":""SI1000"",""p"":0.0038750000000000004,""rounds"":10}",
       100,         2,         0,   0.025,pymatching,cbc0b747fb07c9371ad1ebe9eb64a41fe692ae4f7a50f097e7946169aa2a0a9b,"{""code"":""rotated_surface_code"",""diameter"":10,""noise_model"":""SI1000"",""p"":0.0036500000000000005,""rounds"":10}",
       100,         6,         0,   0.026,pymatching,9ceeabbebd6c21c7302acf1b1c5e2cf4e5f01113a524c164f7bc1372fef6b48c,"{""code"":""rotated_surface_code"",""diameter"":10,""noise_model"":""SI1000"",""p"":0.0041,""rounds"":10}",
       100,         4,         0,   0.026,pymatching,4d1eddd4543d2cca3c21de1f2b394c4889652acee6a0efe514979d6aa563ee72,"{""code"":""rotated_surface_code"",""diameter"":10,""noise_model"":""SI1000"",""p"":0.00455,""rounds"":10}",
       100,         4,         0,   0.026,pymatching,d85c2ccc5df537ac9cb5637a02fb31fd507922467c78a345d6451084db483a18,"{""code"":""rotated_surface_code"",""diameter"":10,""noise_model"":""SI1000"",""p"":0.004325000000000001,""rounds"":10}",
       100,        12,         0,   0.027,pymatching,f35c48929b4ba7b9b06977e76085d27b7d56d9482eb2fad197fcba5621f92f76,"{""code"":""rotated_surface_code"",""diameter"":10,""noise_model"":""SI1000"",""p"":0.004775,""rounds"":10}",
       100,         9,         0,   0.028,pymatching,3c2da80b5d9121d7ad0f5a6439d5725a7e1c0d9fb82e7412f9c264c950c1aeee,"{""code"":""rotated_surface_code"",""diameter"":10,""noise_model"":""SI1000"",""p"":0.005,""rounds"":10}",
       100,         0,         0,   0.035,pymatching,2d4f7ed3cf864912ec8f3f236827d8a2c8210a8c9e3f1842a583f591db6fb483,"{""code"":""rotated_surface_code"",""diameter"":12,""noise_model"":""SI1000"",""p"":0.0007250000000000001,""rounds"":12}",
       100,         0,         0,   0.035,pymatching,937eef0fa287aa700f5d7c3bb3df473f526775d50ae1631ee5eff9884ea3d281,"{""code"":""rotated_surface_code"",""diameter"":12,""noise_model"":""SI1000"",""p"":0.0005,""rounds"":12}",
       100,         0,         0,   0.035,pymatching,d0a8c88f8589dc43fb3dbba9043af74948d18afa2cbe8edd7cecee18b87e1a75,"{""code"":""rotated_surface_code"",""diameter"":12,""noise_model"":""SI1000"",""p"":0.001175,""rounds"":12}",
       100,         0,         0,   0.035,pymatching,1d9b9ca22c7f5ec1630d8c47b4201b892369a9239e91d04f96e9121e86cdd828,"{""code"":""rotated_surface_code"",""diameter"":12,""noise_model"":""SI1000"",""p"":0.0009500000000000001,""rounds"":12}",
       100,         0,         0,   0.036,pymatching,e11efc0afbe4f1e2257bd205e6578408caef4154e052b3b46ac89aa0b7a60c80,"{""code"":""rotated_surface_code"",""diameter"":12,""noise_model"":""SI1000"",""p"":0.0014000000000000002,""rounds"":12}",
       100,         0,         0,   0.037,pymatching,2254600bc31a7dcb61439c4b0feb1846aec49e2f21137ef0a0d523f8e0ab4d4e,"{""code"":""rotated_surface_code"",""diameter"":12,""noise_model"":""SI1000"",""p"":0.0016250000000000001,""rounds"":12}",
       100,         0,         0,   0.037,pymatching,d9384befb6ce8603c848434d5e96688ce06a9ecf032b12936b557c92d748e586,"{""code"":""rotated_surface_code"",""diameter"":12,""noise_model"":""SI1000"",""p"":0.00185,""rounds"":12}",
       100,         0,         0,   0.037,pymatching,8af56f513df156b99752c81bc618bb547658baf664fdb7a522b1df6f7f12c8a0,"{""code"":""rotated_surface_code"",""diameter"":12,""noise_model"":""SI1000"",""p"":0.0020750000000000005,""rounds"":12}",
       100,         0,         0,   0.037,pymatching,d561455cd0c212808d4b125f63b413a377f441e28cdbf74075969c1dd1f34bde,"{""code"":""rotated_surface_code"",""diameter"":12,""noise_model"":""SI1000"",""p"":0.0023,""rounds"":12}",
       100,         0,         0,   0.040,pymatching,6e25066b5bf24560a6e394b4d4611d87738aaec9fb72a7fce1e43e46d4715ce6,"{""code"":""rotated_surface_code"",""diameter"":12,""noise_model"":""SI1000"",""p"":0.0025250000000000003,""rounds"":12}",
       100,         0,         0,   0.040,pymatching,535bc9570e3b9fdc8b215fe423b3b67231a0051f121786847ce5894d056cd150,"{""code"":""rotated_surface_code"",""diameter"":12,""noise_model"":""SI1000"",""p"":0.0027500000000000003,""rounds"":12}",
       100,         0,         0,   0.041,pymatching,0052fb415f45e861db2a4bda5f9931871c40d1fb0bf9925e8c6b123fd9fdf038,"{""code"":""rotated_surface_code"",""diameter"":12,""noise_model"":""SI1000"",""p"":0.002975,""rounds"":12}",
       100,         1,         0,   0.041,pymatching,dcc037028736e4ff3291e57750a4fd2c07a4ef50199b124a18ed43501b5d87ed,"{""code"":""rotated_surface_code"",""diameter"":12,""noise_model"":""SI1000"",""p"":0.0032,""rounds"":12}",
       100,         2,         0,   0.041,pymatching,a9b3ec36c1566ca1280bf8130bfb3c04feaa6269003d088e78a1d64821809b64,"{""code"":""rotated_surface_code"",""diameter"":12,""noise_model"":""SI1000"",""p"":0.003425,""rounds"":12}",
       100,         4,         0,   0.042,pymatching,cf29427683c924a689b15908434256054f37bb07f1b44cb5cd168eecf95652cf,"{""code"":""rotated_surface_code"",""diameter"":12,""noise_model"":""SI1000"",""p"":0.0036500000000000005,""rounds"":12}",
       100,         4,         0,   0.043,pymatching,9241c0612181d2fe2e6bdcf0346e8c21477fcc53c0fd2b05c32067e73ddbf49e,"{""code"":""rotated_surface_code"",""diameter"":12,""noise_model"":""SI1000"",""p"":0.0038750000000000004,""rounds"":12}",
       100,         2,         0,   0.047,pymatching,02887088cf588954d797d3b86fde586aafc4b906a4e008cb75a548c4cae8b7cf,"{""code"":""rotated_surface_code"",""diameter"":12,""noise_model"":""SI1000"",""p"":0.0041,""rounds"":12}",
       100,         7,         0,   0.049,pymatching,7daf3cdf8a9cb94c1504817c573bea7c295622fd36c5b8f123ed7680d59f2835,"{""code"":""rotated_surface_code"",""diameter"":12,""noise_model"":""SI1000"",""p"":0.004325000000000001,""rounds"":12}",
       100,         7,         0,   0.048,pymatching,68a0904cce8eeea55e1f102cf5433fe3a3f21cf57efa8261a58116d72a8595e0,"{""code"":""rotated_surface_code"",""diameter"":12,""noise_model"":""SI1000"",""p"":0.00455,""rounds"":12}",
       100,         5,         0,   0.099,pymatching,b6285b37df8b0e0102b6fa8c07ce3dc141a002a00c200ad1840b456f1132f392,"{""code"":""rotated_surface_code"",""diameter"":12,""noise_model"":""SI1000"",""p"":0.004775,""rounds"":12}",
       100,        19,         0,   0.048,pymatching,26aad4dfae78575aeabf95aff1923c0b1c419e7e80c531957bc997196bdf8a9d,"{""code"":""rotated_surface_code"",""diameter"":12,""noise_model"":""SI1000"",""p"":0.005,""rounds"":12}",
       100,         0,         0,   0.053,pymatching,6d834285086d6dd65759e1cf4ca3e4aa2d03e9ad3ad3941944e8436864a2a7eb,"{""code"":""rotated_surface_code"",""diameter"":14,""noise_model"":""SI1000"",""p"":0.0007250000000000001,""rounds"":14}",
       100,         0,         0,   0.053,pymatching,2ee5a27011a3837c361ed43cfb3ba742b8ee5e3d9e7fa68e3c915e1e2222e3d0,"{""code"":""rotated_surface_code"",""diameter"":14,""noise_model"":""SI1000"",""p"":0.0005,""rounds"":14}",
       100,         0,         0,   0.053,pymatching,ff9131234c25e690a3bec983d00af7d2d098e513a246360a33f8b436b04c5e20,"{""code"":""rotated_surface_code"",""diameter"":14,""noise_model"":""SI1000"",""p"":0.0009500000000000001,""rounds"":14}",
       100,         0,         0,   0.056,pymatching,e1c2ffee8a97e99cdeec5be9ce2eb7134a1e9c3fdfda6e5c66287e0a72f16f81,"{""code"":""rotated_surface_code"",""diameter"":14,""noise_model"":""SI1000"",""p"":0.001175,""rounds"":14}",
       100,         0,         0,   0.055,pymatching,3bcb35ba058dc8ced755f63eafce6622d9c1b0d74ba23caea34b87c0886f6bc1,"{""code"":""rotated_surface_code"",""diameter"":14,""noise_model"":""SI1000"",""p"":0.0014000000000000002,""rounds"":14}",
       100,         0,         0,   0.056,pymatching,95572541be0b98b3a5eb19a37fcb7cdebae4d7edfc1dbd5b9cb2ebf8b913ebda,"{""code"":""rotated_surface_code"",""diameter"":14,""noise_model"":""SI1000"",""p"":0.0016250000000000001,""rounds"":14}",
       100,         0,         0,   0.057,pymatching,cad91d6be49201117796a70f9edf0ebab80aa638ec6f66e41b63905ee5cc2688,"{""code"":""rotated_surface_code"",""diameter"":14,""noise_model"":""SI1000"",""p"":0.00185,""rounds"":14}",
       100,         0,         0,   0.056,pymatching,e6f9e02b84c1b93c94d514355ba70b224deea6e3ccc2b3dc53879352659a36be,"{""code"":""rotated_surface_code"",""diameter"":14,""noise_model"":""SI1000"",""p"":0.0020750000000000005,""rounds"":14}",
       100,         0,         0,   0.058,pymatching,5389c7cc70421f197f840238c860f10b997ea4e485da9a02f94588947175e711,"{""code"":""rotated_surface_code"",""diameter"":14,""noise_model"":""SI1000"",""p"":0.0023,""rounds"":14}",
       100,         0,         0,   0.059,pymatching,a1ada443f1fc897ebd5427a6074ac027faa3838910991ae1482df917ad57f6dc,"{""code"":""rotated_surface_code"",""diameter"":14,""noise_model"":""SI1000"",""p"":0.0025250000000000003,""rounds"":14}",
       100,         0,         0,   0.063,pymatching,d97df651072115c41af586e44eb8ff239411e0d37d5eaf56337cd5f026c3ce8f,"{""code"":""rotated_surface_code"",""diameter"":14,""noise_model"":""SI1000"",""p"":0.0027500000000000003,""rounds"":14}",
       100,         2,         0,   0.064,pymatching,dcbb1805e5cabe0760f776c93b45e1ab0ab5cdf63c96e550093e92767ba92f2a,"{""code"":""rotated_surface_code"",""diameter"":14,""noise_model"":""SI1000"",""p"":0.002975,""rounds"":14}",
       100,         0,         0,   0.063,pymatching,e7c2cb9b905e5fd303733c4b4d9fb1083723f15138488bdfd83165b4dbfd1c98,"{""code"":""rotated_surface_code"",""diameter"":14,""noise_model"":""SI1000"",""p"":0.0032,""rounds"":14}",
       100,         2,         0,   0.064,pymatching,172b08e32f54989cad4a7b9cb7539498f968a58eef7d37e3f7ee8c3574fd9be4,"{""code"":""rotated_surface_code"",""diameter"":14,""noise_model"":""SI1000"",""p"":0.003425,""rounds"":14}",
       100,         1,         0,   0.117,pymatching,9e02e6d9eddc51adde6d2a176a854c4c4224020706093d804299d56e36c1ed5a,"{""code"":""rotated_surface_code"",""diameter"":14,""noise_model"":""SI1000"",""p"":0.0036500000000000005,""rounds"":14}",
       100,         2,         0,   0.121,pymatching,b2e05cfa9958cbe614f1c39ca05e7546d90631a402361a27da359fc17ce48a7e,"{""code"":""rotated_surface_code"",""diameter"":14,""noise_model"":""SI1000"",""p"":0.0038750000000000004,""rounds"":14}",
       100,         3,         0,   0.128,pymatching,36a5d27c8c89e56cdd4caad3b84a3419ea31758027957d0ac82294d3a11d6d2b,"{""code"":""rotated_surface_code"",""diameter"":14,""noise_model"":""SI1000"",""p"":0.0041,""rounds"":14}",
       100,         5,         0,   0.073,pymatching,6c28d8fdd8f65741faa5d1e2c32897768d7f897901b53df66ce502bb4a611fda,"{""code"":""rotated_surface_code"",""diameter"":14,""noise_model"":""SI1000"",""p"":0.004325000000000001,""rounds"":14}",
       100,         8,         0,   0.074,pymatching,9cf417e1a0bcae331d2cd909907b84134492d80bacbf99a9cf5b9b49806ac679,"{""code"":""rotated_surface_code"",""diameter"":14,""noise_model"":""SI1000"",""p"":0.00455,""rounds"":14}",
       100,        12,         0,   0.081,pymatching,893f2945a1f3c7058860504b9a7d3e893afa8eec06998cc67c5aca703a590519,"{""code"":""rotated_surface_code"",""diameter"":14,""noise_model"":""SI1000"",""p"":0.004775,""rounds"":14}",
       100,        10,         0,   0.075,pymatching,a6788b1016112324951e7fa208f21c27478796b3af4c5a83b8f649cc222c6ec6,"{""code"":""rotated_surface_code"",""diameter"":14,""noise_model"":""SI1000"",""p"":0.005,""rounds"":14}",
       100,         3,         0,   0.506,pymatching,33235f9965289a1c68c0aa5b44109bac1e14293a51f5eb1fd8a3ae8d275f0a35,"{""code"":""rotated_surface_code"",""diameter"":4,""noise_model"":""SD6_5"",""p"":0.00185,""rounds"":4}",
       100,         2,         0,   0.526,pymatching,eac0c108a80cc483a0ddb159f4847a2cd28337536dab32f308441fcf45ed2f64,"{""code"":""rotated_surface_code"",""diameter"":4,""noise_model"":""SD6_5"",""p"":0.0020750000000000005,""rounds"":4}",
       100,         0,         0,   0.574,pymatching,858dc8a2dc75ff618747d1023df8068a0b57a04dcc2e37008b30c3b72ac9c3fa,"{""code"":""rotated_surface_code"",""diameter"":4,""noise_model"":""SD6_5"",""p"":0.001175,""rounds"":4}",
       100,         0,         0,   0.658,pymatching,5e28f8f6810a70341fe6e96f80bb6a5e79199f276f55bafb3d509fdada8a070e,"{""code"":""rotated_surface_code"",""diameter"":4,""noise_model"":""SD6_5"",""p"":0.0007250000000000001,""rounds"":4}",
       100,         0,         0,   0.651,pymatching,f970a645001596349086c946fc5367e8d2b153b283864b8ce7f1e334d051ba35,"{""code"":""rotated_surface_code"",""diameter"":4,""noise_model"":""SD6_5"",""p"":0.0005,""rounds"":4}",
       100,         0,         0,   0.677,pymatching,6bc82dd25431a7f970dcfb174548cd1d5c2041294b8b5642302bee2993e058da,"{""code"":""rotated_surface_code"",""diameter"":4,""noise_model"":""SD6_5"",""p"":0.0009500000000000001,""rounds"":4}",
       100,         0,         0,   0.677,pymatching,3645816f1e374a94cf3baf95ba4f431d5f2ab7348ba637f25a3ee64ba0cbfa8e,"{""code"":""rotated_surface_code"",""diameter"":4,""noise_model"":""SD6_5"",""p"":0.0014000000000000002,""rounds"":4}",
       100,         3,         0,   0.675,pymatching,45c65757e7c7b18fa236c2f4326e43d9e96807f0bf6c3fbb267bf7bb0868c5d8,"{""code"":""rotated_surface_code"",""diameter"":4,""noise_model"":""SD6_5"",""p"":0.0023,""rounds"":4}",
       100,         2,         0,   0.699,pymatching,fc2aa2d04dd680ebd0e7f3035a70c22cfc8a09fa665bb7b46f03d96a6bfea3f4,"{""code"":""rotated_surface_code"",""diameter"":4,""noise_model"":""SD6_5"",""p"":0.0025250000000000003,""rounds"":4}",
       100,         0,         0,   0.706,pymatching,3ad2ace825433f06d45b13891aba4a03525f33c2475e2260824b0de93977297c,"{""code"":""rotated_surface_code"",""diameter"":4,""noise_model"":""SD6_5"",""p"":0.0016250000000000001,""rounds"":4}",
       100,         1,         0,   0.002,pymatching,c7594d40313c4bec5fa8c5718670bc34795f0aa6c5bd2a1cb92b03995659ca41,"{""code"":""rotated_surface_code"",""diameter"":4,""noise_model"":""SD6_5"",""p"":0.0027500000000000003,""rounds"":4}",
       100,         4,         0,   0.002,pymatching,9247cc94d067bc2e19cf7c953aaf37669fb483ba7a08743b97584a717653ceed,"{""code"":""rotated_surface_code"",""diameter"":4,""noise_model"":""SD6_5"",""p"":0.0032,""rounds"":4}",
       100,         2,         0,   0.002,pymatching,371549a100cb8a4282577ea2ddf58031b7e3f28d460a65b7be4cf73b934bceea,"{""code"":""rotated_surface_code"",""diameter"":4,""noise_model"":""SD6_5"",""p"":0.003425,""rounds"":4}",
       100,         6,         0,   0.002,pymatching,e488182bf5f10dac7574a13c09d9b16c563902a6cc0e7f5faa45e516b2b3625a,"{""code"":""rotated_surface_code"",""diameter"":4,""noise_model"":""SD6_5"",""p"":0.0036500000000000005,""rounds"":4}",
       100,         7,         0,   0.002,pymatching,2238a89a1e755b9dcba9a7152ce07cf601de85f2c8a52e0d74bb3b332cebe74b,"{""code"":""rotated_surface_code"",""diameter"":4,""noise_model"":""SD6_5"",""p"":0.0038750000000000004,""rounds"":4}",
       100,         5,         0,   0.002,pymatching,2890e0b0a8036b85ff938d83fb690a50446dbd0e013379a0736b2678a9729a5d,"{""code"":""rotated_surface_code"",""diameter"":4,""noise_model"":""SD6_5"",""p"":0.002975,""rounds"":4}",
       100,         7,         0,   0.002,pymatching,5341b0627b46cbefbe4326135c0e4d3c0860ab432027c90be99bae8070ef353b,"{""code"":""rotated_surface_code"",""diameter"":4,""noise_model"":""SD6_5"",""p"":0.004325000000000001,""rounds"":4}",
       100,        15,         0,   0.002,pymatching,5a5bc5bca92bdeecb65d86ca66e3b269da35da66da3611052d090844b721d3f3,"{""code"":""rotated_surface_code"",""diameter"":4,""noise_model"":""SD6_5"",""p"":0.0041,""rounds"":4}",
       100,         4,         0,   0.002,pymatching,3d9a3f15d53facf6255c913ac3200ce8f53e2b32eb8b286a80d3bcf189149f95,"{""code"":""rotated_surface_code"",""diameter"":4,""noise_model"":""SD6_5"",""p"":0.00455,""rounds"":4}",
       100,         8,         0,   0.002,pymatching,afa471573a2b36755b087dbd078275f3c2dc9c541eda025849af300630e2e02a,"{""code"":""rotated_surface_code"",""diameter"":4,""noise_model"":""SD6_5"",""p"":0.004775,""rounds"":4}",
       100,        11,         0,   0.002,pymatching,81d03ee66ed504c9d25018105138f4d78d1f7c21dfdad3db57e34653230fe440,"{""code"":""rotated_surface_code"",""diameter"":4,""noise_model"":""SD6_5"",""p"":0.005,""rounds"":4}",
       100,         0,         0,   0.012,pymatching,6f5d17c7951924e796b97547af29dcbb678aa97550dbd428841c602d13a5cd85,"{""code"":""rotated_surface_code"",""diameter"":8,""noise_model"":""SD6_5"",""p"":0.0007250000000000001,""rounds"":8}",
       100,         0,         0,   0.012,pymatching,781570b2102d43209daca7fc7c015c9ee450f7237390752f7e06e5372c9b524a,"{""code"":""rotated_surface_code"",""diameter"":8,""noise_model"":""SD6_5"",""p"":0.001175,""rounds"":8}",
       100,         0,         0,   0.012,pymatching,bfa3682f2bbabb542e95fe3be5a5ef1562973cd78ec6f9344bbc1f6c504d4bb1,"{""code"":""rotated_surface_code"",""diameter"":8,""noise_model"":""SD6_5"",""p"":0.0014000000000000002,""rounds"":8}",
       100,         0,         0,   0.016,pymatching,ab32120cb2624552b4146708dae6c9b10d4b14a93dbb45aa5bac09ef73eec87e,"{""code"":""rotated_surface_code"",""diameter"":8,""noise_model"":""SD6_5"",""p"":0.0005,""rounds"":8}",
       100,         0,         0,   0.012,pymatching,d46fda4217b46cf606ebc6b7be466dda4dac8014b665082048932e742e5a8b36,"{""code"":""rotated_surface_code"",""diameter"":8,""noise_model"":""SD6_5"",""p"":0.0016250000000000001,""rounds"":8}",
       100,         0,         0,   0.018,pymatching,7929a139266da908b53ff835b786d92141f64cf057922d8015471ba218047345,"{""code"":""rotated_surface_code"",""diameter"":8,""noise_model"":""SD6_5"",""p"":0.0009500000000000001,""rounds"":8}",
       100,         0,         0,   0.013,pymatching,0749b88fa24d4b2c5201bad038a95fa09af3dd443082b2e211f84d60b912e609,"{""code"":""rotated_surface_code"",""diameter"":8,""noise_model"":""SD6_5"",""p"":0.00185,""rounds"":8}",
       100,         0,         0,   0.013,pymatching,bace229104b98e8740678885257b325f4166e9307c2f97b0e0f72806ca4456a1,"{""code"":""rotated_surface_code"",""diameter"":8,""noise_model"":""SD6_5"",""p"":0.0020750000000000005,""rounds"":8}",
       100,         0,         0,   0.013,pymatching,746c833dab97da1f65901aa0088ce18b1d4fd0e7198340492fdf831b4c4d2b8f,"{""code"":""rotated_surface_code"",""diameter"":8,""noise_model"":""SD6_5"",""p"":0.0023,""rounds"":8}",
       100,         2,         0,   0.014,pymatching,3ba3e0844a6522fcb2c01307692d08f04962355ebc6261e8c547a63c264e43ac,"{""code"":""rotated_surface_code"",""diameter"":8,""noise_model"":""SD6_5"",""p"":0.0025250000000000003,""rounds"":8}",
       100,         0,         0,   0.013,pymatching,9586c6e5f7ec56fdb8ad3d951bd87e65397981a2dc2739fcf0c4d31aef175e2f,"{""code"":""rotated_surface_code"",""diameter"":8,""noise_model"":""SD6_5"",""p"":0.0027500000000000003,""rounds"":8}",
       100,         1,         0,   0.020,pymatching,869fec1ea4e81ad9d105ed588944b23c29798c72c27030f13c25a86f3b0d15a0,"{""code"":""rotated_surface_code"",""diameter"":8,""noise_model"":""SD6_5"",""p"":0.003425,""rounds"":8}",
       100,         2,         0,   0.014,pymatching,7ae7de8a8738285f7254b4cf8f7b0c13be917dec85e83e5335245bd8201fcb22,"{""code"":""rotated_surface_code"",""diameter"":8,""noise_model"":""SD6_5"",""p"":0.0038750000000000004,""rounds"":8}",
       100,         0,         0,   0.015,pymatching,f96ade08af36063db5b9acf58d9131bdf0931c9f7943c302be779b5fe693dd29,"{""code"":""rotated_surface_code"",""diameter"":8,""noise_model"":""SD6_5"",""p"":0.0036500000000000005,""rounds"":8}",
       100,         1,         0,   0.017,pymatching,24e1a097ecbaa966101804d4268f82fbe431ea81b2ec46ac8c28379edfda107f,"{""code"":""rotated_surface_code"",""diameter"":8,""noise_model"":""SD6_5"",""p"":0.0032,""rounds"":8}",
       100,         1,         0,   0.023,pymatching,83b5653c8c9441a0eed2856346018ae8667fabf6a8b199afae67f9d0c95ba01b,"{""code"":""rotated_surface_code"",""diameter"":8,""noise_model"":""SD6_5"",""p"":0.002975,""rounds"":8}",
       100,         2,         0,   0.014,pymatching,b74c4f7d45733894b07177fa24b707232a44a9142d1166feb2fdfadee0f317cd,"{""code"":""rotated_surface_code"",""diameter"":8,""noise_model"":""SD6_5"",""p"":0.0041,""rounds"":8}",
       100,         7,         0,   0.015,pymatching,2d50d69c51242f26625d15895402677cc0ab74a7a2a145a1fb163e9ab5bb79d8,"{""code"":""rotated_surface_code"",""diameter"":8,""noise_model"":""SD6_5"",""p"":0.004325000000000001,""rounds"":8}",
       100,        11,         0,   0.016,pymatching,0fbbe6fac7a43c34497bc52af84581000203824b21da1692598717004720279d,"{""code"":""rotated_surface_code"",""diameter"":8,""noise_model"":""SD6_5"",""p"":0.00455,""rounds"":8}",
       100,        15,         0,   0.022,pymatching,94fb270b79ec2af45988d688a1e5142dd8f31ee125177c7a366f01235d4818e9,"{""code"":""rotated_surface_code"",""diameter"":8,""noise_model"":""SD6_5"",""p"":0.005,""rounds"":8}",
       100,         0,         0,   0.022,pymatching,a19cc5936884715757aff792639383682f87fba05a4b9e1626dddf5b0e1fb46b,"{""code"":""rotated_surface_code"",""diameter"":10,""noise_model"":""SD6_5"",""p"":0.0009500000000000001,""rounds"":10}",
       100,        13,         0,   0.028,pymatching,39a9c36b945c006f2ddff13344e4104f66bce2dfd0c09cf870fd10de61bb67fe,"{""code"":""rotated_surface_code"",""diameter"":8,""noise_model"":""SD6_5"",""p"":0.004775,""rounds"":8}",
       100,         0,         0,   0.024,pymatching,d6ff8a159cccd9a536554e6bb5ec213063ea8e5be0b12a9fa8a854489be4ee46,"{""code"":""rotated_surface_code"",""diameter"":10,""noise_model"":""SD6_5"",""p"":0.001175,""rounds"":10}",
       100,         0,         0,   0.023,pymatching,3700436938bfe5d7317ce33c8037f86fd84bc3a8d9fed6256ed292728e58a63c,"{""code"":""rotated_surface_code"",""diameter"":10,""noise_model"":""SD6_5"",""p"":0.0005,""rounds"":10}",
       100,         0,         0,   0.028,pymatching,8320ff2ca0a31b3db51a8db8c11c49606fceec902f3a82f6b44ae7cd60ff4ae2,"{""code"":""rotated_surface_code"",""diameter"":10,""noise_model"":""SD6_5"",""p"":0.0016250000000000001,""rounds"":10}",
       100,         0,         0,   0.029,pymatching,458bda4e02c3ee50413eaff0a00812b6ca975d278de16bf4c9c702279c37f8a5,"{""code"":""rotated_surface_code"",""diameter"":10,""noise_model"":""SD6_5"",""p"":0.00185,""rounds"":10}",
       100,         0,         0,   0.027,pymatching,15cde31aaf8fe36292e4725b15db72b565befc99e38af91eda4b2a972530b690,"{""code"":""rotated_surface_code"",""diameter"":10,""noise_model"":""SD6_5"",""p"":0.0014000000000000002,""rounds"":10}",
       100,         0,         0,   0.027,pymatching,df555846dd6bc710dcdaa4ca788e8bd7ab3eb91c81b6b5b851bba34ee8e595b7,"{""code"":""rotated_surface_code"",""diameter"":10,""noise_model"":""SD6_5"",""p"":0.0007250000000000001,""rounds"":10}",
       100,         0,         0,   0.052,pymatching,d3d259cc3718ed692960f929986c14aaa3f4a7515358ccd0d0e8fd5ef0505ff0,"{""code"":""rotated_surface_code"",""diameter"":10,""noise_model"":""SD6_5"",""p"":0.0020750000000000005,""rounds"":10}",
       100,         0,         0,   0.032,pymatching,8b0edb5f880e1a378b9651802cb619f8ad4720a9a2778522b24c178698717f4a,"{""code"":""rotated_surface_code"",""diameter"":10,""noise_model"":""SD6_5"",""p"":0.0023,""rounds"":10}",
       100,         0,         0,   0.035,pymatching,4c7f5a547ef61bda85039420eb501b3427b759c3e0dfb8797145a8262da0a4c0,"{""code"":""rotated_surface_code"",""diameter"":10,""noise_model"":""SD6_5"",""p"":0.0025250000000000003,""rounds"":10}",
       100,         3,         0,   0.030,pymatching,0e756c9413006fc2cb9cff7687a39f4f16138bd7b0fab8d093f46525bcccf471,"{""code"":""rotated_surface_code"",""diameter"":10,""noise_model"":""SD6_5"",""p"":0.003425,""rounds"":10}",
       100,         1,         0,   0.028,pymatching,58287de90a3874923ea29efd14ade128e6e11a3731362b5c2218c3c6a2fa0637,"{""code"":""rotated_surface_code"",""diameter"":10,""noise_model"":""SD6_5"",""p"":0.002975,""rounds"":10}",
       100,         3,         0,   0.028,pymatching,54320ac631eb05de226074aad4a8eb0b63827784b52b5260de7d1213b6f3c152,"{""code"":""rotated_surface_code"",""diameter"":10,""noise_model"":""SD6_5"",""p"":0.0038750000000000004,""rounds"":10}",
       100,         1,         0,   0.031,pymatching,c638c13317fe20e6188d9092ad15d11e7880ed07b97b7eefbfd7940dbbd670bd,"{""code"":""rotated_surface_code"",""diameter"":10,""noise_model"":""SD6_5"",""p"":0.0027500000000000003,""rounds"":10}",
       100,         3,         0,   0.035,pymatching,b3199b48e0e59933fb4e548badd7e6ebfe0862556ef3d90c6f0012926fc6500b,"{""code"":""rotated_surface_code"",""diameter"":10,""noise_model"":""SD6_5"",""p"":0.0036500000000000005,""rounds"":10}",
       100,         1,         0,   0.036,pymatching,b1e48202289aae600e2a6ad14b5dd9193df798cc59dbb6dd354f551f9b4b3888,"{""code"":""rotated_surface_code"",""diameter"":10,""noise_model"":""SD6_5"",""p"":0.0032,""rounds"":10}",
       100,         5,         0,   0.027,pymatching,1565d75a1edec86b0743283f946a7d61b8c1ad9fa51939409bdeb2d1baa58e43,"{""code"":""rotated_surface_code"",""diameter"":10,""noise_model"":""SD6_5"",""p"":0.0041,""rounds"":10}",
       100,         3,         0,   0.026,pymatching,e7e42e9eb0d06a46b38ac28b08c82bef83a212d64680d4742bedbb11544f50d3,"{""code"":""rotated_surface_code"",""diameter"":10,""noise_model"":""SD6_5"",""p"":0.004325000000000001,""rounds"":10}",
       100,         4,         0,   0.027,pymatching,18b5002ec7ab5d279a65a9eeb00eb2016430bc677e0b51562804eda24acb6374,"{""code"":""rotated_surface_code"",""diameter"":10,""noise_model"":""SD6_5"",""p"":0.00455,""rounds"":10}",
       100,        11,         0,   0.036,pymatching,9f2c190a5abe9d654d3f3d6f395d86b67164f10e0c13dce367a8d462e95a7bef,"{""code"":""rotated_surface_code"",""diameter"":10,""noise_model"":""SD6_5"",""p"":0.005,""rounds"":10}",
       100,         0,         0,   0.034,pymatching,584606a15ca93db5df8aa98251a574a0ac5a2d4ef4aeb5eb6fa865ce587a3312,"{""code"":""rotated_surface_code"",""diameter"":12,""noise_model"":""SD6_5"",""p"":0.0005,""rounds"":12}",
       100,        11,         0,   0.040,pymatching,214cb472d7b754429a5d91d0fd278aa156bc4915a3d8bbe58bc710611221830c,"{""code"":""rotated_surface_code"",""diameter"":10,""noise_model"":""SD6_5"",""p"":0.004775,""rounds"":10}",
       100,         0,         0,   0.034,pymatching,cdbca98cd7bd4d2f71c80a6276c1bdd59c3705128f384454cb1ba2fe1b1373f4,"{""code"":""rotated_surface_code"",""diameter"":12,""noise_model"":""SD6_5"",""p"":0.0009500000000000001,""rounds"":12}",
       100,         0,         0,   0.042,pymatching,1e36630333581334ed4f5f35238bd2316661f78bda9008b0097b34722f5e48b4,"{""code"":""rotated_surface_code"",""diameter"":12,""noise_model"":""SD6_5"",""p"":0.0007250000000000001,""rounds"":12}",
       100,         0,         0,   0.041,pymatching,01adbf6d40deb49162731533704539d811ac64339e8f33d3ba2f715a49dd4e07,"{""code"":""rotated_surface_code"",""diameter"":12,""noise_model"":""SD6_5"",""p"":0.001175,""rounds"":12}",
       100,         0,         0,   0.035,pymatching,4baaa03a8db34f33541b4ae859ea1ae1cb4cfcda509398ef273aeddb4099abe1,"{""code"":""rotated_surface_code"",""diameter"":12,""noise_model"":""SD6_5"",""p"":0.0014000000000000002,""rounds"":12}",
       100,         0,         0,   0.035,pymatching,ac62d0541519a24479ea6c5517f47c32f74192bd864342126b7975e2bee149f8,"{""code"":""rotated_surface_code"",""diameter"":12,""noise_model"":""SD6_5"",""p"":0.0016250000000000001,""rounds"":12}",
       100,         0,         0,   0.036,pymatching,8258f4ffc23962682d708468ce10ea815542a7b52bfcb1774c4da473393d567d,"{""code"":""rotated_surface_code"",""diameter"":12,""noise_model"":""SD6_5"",""p"":0.00185,""rounds"":12}",
       100,         1,         0,   0.037,pymatching,154a1fc9738607ca7e5a2514ba8d135fe4c34e4b6f209ff2da2300a753b9d937,"{""code"":""rotated_surface_code"",""diameter"":12,""noise_model"":""SD6_5"",""p"":0.0020750000000000005,""rounds"":12}",
       100,         1,         0,   0.040,pymatching,55d1fb67621bc45a1fa04ef634404cd1c54bb92ce69902fcd22b77bb7f42e007,"{""code"":""rotated_surface_code"",""diameter"":12,""noise_model"":""SD6_5"",""p"":0.0027500000000000003,""rounds"":12}",
       100,         1,         0,   0.039,pymatching,4ff9725a2b1f2d6fea9a897f14d6ef63b4035a6e1220cc50ad69f3d569e32a27,"{""code"":""rotated_surface_code"",""diameter"":12,""noise_model"":""SD6_5"",""p"":0.0025250000000000003,""rounds"":12}",
       100,         0,         0,   0.041,pymatching,11c4f935d0b1af0d5d17cc178fc6623ed2365374873434a71d40951502f6d713,"{""code"":""rotated_surface_code"",""diameter"":12,""noise_model"":""SD6_5"",""p"":0.0023,""rounds"":12}",
       100,         2,         0,   0.040,pymatching,f989be7fb20065f57c46f88a1dd8f899d58f3bd276813961a5213cb4eaa34cd0,"{""code"":""rotated_surface_code"",""diameter"":12,""noise_model"":""SD6_5"",""p"":0.002975,""rounds"":12}",
       100,         4,         0,   0.040,pymatching,383835afe50412c155375b775ba26be0553ca6af369438218cb4cebdc165af86,"{""code"":""rotated_surface_code"",""diameter"":12,""noise_model"":""SD6_5"",""p"":0.0032,""rounds"":12}",
       100,         2,         0,   0.041,pymatching,28e22e800bcef9e9e0006b76013b7483aa760988fa1891a550e38e9b223adc78,"{""code"":""rotated_surface_code"",""diameter"":12,""noise_model"":""SD6_5"",""p"":0.003425,""rounds"":12}",
       100,         2,         0,   0.041,pymatching,0613224855b7cba757973dec7295e773e2c5ec86c85ee2c8e930d3d0d54778c4,"{""code"":""rotated_surface_code"",""diameter"":12,""noise_model"":""SD6_5"",""p"":0.0036500000000000005,""rounds"":12}",
       100,         6,         0,   0.043,pymatching,e716f1e6db41f720acc3a75f0e9a3ff282c1f0d8efa2a9dc42ab40320d083a55,"{""code"":""rotated_surface_code"",""diameter"":12,""noise_model"":""SD6_5"",""p"":0.0038750000000000004,""rounds"":12}",
       100,         5,         0,   0.044,pymatching,158cbd2eedb1bad0f1d6990e0194126da5a3afec1bdeafae4a05dfbb1c786585,"{""code"":""rotated_surface_code"",""diameter"":12,""noise_model"":""SD6_5"",""p"":0.0041,""rounds"":12}",
       100,        15,         0,   0.048,pymatching,91856cfce0ec7af7b909c5086bef862321084345e7b027ac59cd568093e28e75,"{""code"":""rotated_surface_code"",""diameter"":12,""noise_model"":""SD6_5"",""p"":0.005,""rounds"":12}",
       100,         4,         0,   0.049,pymatching,160e8adb52bc5c71073df0ee62fecae70ccf556caab5d6d0b92402e621613535,"{""code"":""rotated_surface_code"",""diameter"":12,""noise_model"":""SD6_5"",""p"":0.004775,""rounds"":12}",
       100,        10,         0,   0.046,pymatching,34b72ffd6b8dd84afd78841c0b7ea8301a615209dbcf8194c705782fb8f32004,"{""code"":""rotated_surface_code"",""diameter"":12,""noise_model"":""SD6_5"",""p"":0.00455,""rounds"":12}",
       100,         7,         0,   0.047,pymatching,6e7db9463928c58e0f5b21c09ec4190c08f7631735d4c6ddf7f1ff06893a7cfa,"{""code"":""rotated_surface_code"",""diameter"":12,""noise_model"":""SD6_5"",""p"":0.004325000000000001,""rounds"":12}",
       100,         0,         0,   0.050,pymatching,df13e22b8d59e92ff62f0c77858b8ab37d0b9ae0932d210350b78dc55e7285a7,"{""code"":""rotated_surface_code"",""diameter"":14,""noise_model"":""SD6_5"",""p"":0.0005,""rounds"":14}",
       100,         0,         0,   0.052,pymatching,0cbd139fd30d0b6e0ae31a206e6e7675085488f92b0c7324662ec42ad0ef01a1,"{""code"":""rotated_surface_code"",""diameter"":14,""noise_model"":""SD6_5"",""p"":0.0007250000000000001,""rounds"":14}",
       100,         0,         0,   0.052,pymatching,8dd5a4a4f073662386eeae911fb6c995b9cd469de91320be7e07fe060d723ed6,"{""code"":""rotated_surface_code"",""diameter"":14,""noise_model"":""SD6_5"",""p"":0.0009500000000000001,""rounds"":14}",
       100,         0,         0,   0.053,pymatching,8754ad5ce91087d439f25729e3f5ac7c8964bb73ada082f0a987b2520734351d,"{""code"":""rotated_surface_code"",""diameter"":14,""noise_model"":""SD6_5"",""p"":0.001175,""rounds"":14}",
       100,         0,         0,   0.053,pymatching,4bbb9c84e16c5b4659f5cafc9a805072fddabd7d5282c30f0d066f9338071872,"{""code"":""rotated_surface_code"",""diameter"":14,""noise_model"":""SD6_5"",""p"":0.0014000000000000002,""rounds"":14}",
       100,         0,         0,   0.054,pymatching,2a97d2509a02ba13a379250bf112cca485ed2a905c05553ba162648ec5ff2997,"{""code"":""rotated_surface_code"",""diameter"":14,""noise_model"":""SD6_5"",""p"":0.0016250000000000001,""rounds"":14}",
       100,         0,         0,   0.055,pymatching,1c2db84147538e2e34990dfef3734d51536605dc34194a1aec38d9e5746758a9,"{""code"":""rotated_surface_code"",""diameter"":14,""noise_model"":""SD6_5"",""p"":0.00185,""rounds"":14}",
       100,         0,         0,   0.056,pymatching,5a8d1e4da1ef417059a0bcd8e78db9b1e15d4f88b0d0eb3b8c01f0e710acbd48,"{""code"":""rotated_surface_code"",""diameter"":14,""noise_model"":""SD6_5"",""p"":0.0020750000000000005,""rounds"":14}",
       100,         0,         0,   0.058,pymatching,44b463f1d81c9b382763ace555279836f73ed6e3f62b48e9e0f7c26097b883d6,"{""code"":""rotated_surface_code"",""diameter"":14,""noise_model"":""SD6_5"",""p"":0.0023,""rounds"":14}",
       100,         0,         0,   0.058,pymatching,70290e6c0f69e0373220a9d6707288b74ccb66728aa6b6c4f1d7a7e60a1b4a66,"{""code"":""rotated_surface_code"",""diameter"":14,""noise_model"":""SD6_5"",""p"":0.0025250000000000003,""rounds"":14}",
       100,         1,         0,   0.059,pymatching,1371754f86a5a8e3db1651984f8cd43f4b353133c4800ce8a9d60f52270b2b02,"{""code"":""rotated_surface_code"",""diameter"":14,""noise_model"":""SD6_5"",""p"":0.0027500000000000003,""rounds"":14}",
       100,         0,         0,   0.061,pymatching,a8ddab6b8d3bb60159df08a031020ea6b9ae48a0ab0a6c8af45bb39d0d074a54,"{""code"":""rotated_surface_code"",""diameter"":14,""noise_model"":""SD6_5"",""p"":0.002975,""rounds"":14}",
       100,         0,         0,   0.066,pymatching,ad3d02849e379658d9ae822351368eab1492f072a2aa853260fd4f3dc7663738,"{""code"":""rotated_surface_code"",""diameter"":14,""noise_model"":""SD6_5"",""p"":0.0032,""rounds"":14}",
       100,         3,         0,   0.064,pymatching,9ca35e3d6462a5abb6cffdde81a808a6bbd7befbb9f079b7cc51eed9e2b37615,"{""code"":""rotated_surface_code"",""diameter"":14,""noise_model"":""SD6_5"",""p"":0.003425,""rounds"":14}",
       100,         0,         0,   0.064,pymatching,f867ddee714f3485f443dcf701fac3ba6ef171ac900a69f8d2abc0fc17b69319,"{""code"":""rotated_surface_code"",""diameter"":14,""noise_model"":""SD6_5"",""p"":0.0036500000000000005,""rounds"":14}",
       100,         1,         0,   0.066,pymatching,7362dc17dcf4446053892a4cf1632af76f7525f8c553ceec6af0d415dde73b40,"{""code"":""rotated_surface_code"",""diameter"":14,""noise_model"":""SD6_5"",""p"":0.0038750000000000004,""rounds"":14}",
       100,         5,         0,   0.071,pymatching,6e4991e34c3a0dc054b2597bd357f2b47b8981db2642e35e9e60d2d94a5898db,"{""code"":""rotated_surface_code"",""diameter"":14,""noise_model"":""SD6_5"",""p"":0.0041,""rounds"":14}",
       100,         5,         0,   0.073,pymatching,fc40baebaa8a08bb84d843e20b4a770f305ed7b6337ff68ac8e9a55051b1542f,"{""code"":""rotated_surface_code"",""diameter"":14,""noise_model"":""SD6_5"",""p"":0.004325000000000001,""rounds"":14}",
       100,         8,         0,   0.077,pymatching,fa66d34d7ff5d1fc082eb60b39d7cf36794851310dbe32334ff3baf1cf8b44ee,"{""code"":""rotated_surface_code"",""diameter"":14,""noise_model"":""SD6_5"",""p"":0.00455,""rounds"":14}",
       100,        10,         0,   0.077,pymatching,ed8e84cb305b049be44eebb3fc2d176a3ff2475e611300fa6c43bf627b2d61bc,"{""code"":""rotated_surface_code"",""diameter"":14,""noise_model"":""SD6_5"",""p"":0.004775,""rounds"":14}",
       100,        16,         0,   0.074,pymatching,ec353360fa525b16c1c05c0bcbfc82fea3236611de35d5a997c9014fe0c0948f,"{""code"":""rotated_surface_code"",""diameter"":14,""noise_model"":""SD6_5"",""p"":0.005,""rounds"":14}",
       100,         1,         0,   0.334,pymatching,598e70def819ebab6648b3b79158cb11b3206d5cf36cff5886978227191ce26a,"{""code"":""rotated_surface_code"",""diameter"":4,""noise_model"":""SD6_10"",""p"":0.0007250000000000001,""rounds"":4}",
       100,         0,         0,   0.332,pymatching,1b78b9819046053cd95dce2419ba844974e5a4a0015f89154cf3a72b3f149a8e,"{""code"":""rotated_surface_code"",""diameter"":4,""noise_model"":""SD6_10"",""p"":0.001175,""rounds"":4}",
       100,         2,         0,   0.612,pymatching,5adf85b64a81706b5f819e3680591a8b933f6e9f1aa33e79abc440f038df4ebd,"{""code"":""rotated_surface_code"",""diameter"":4,""noise_model"":""SD6_10"",""p"":0.0016250000000000001,""rounds"":4}",
       100,         1,         0,   0.688,pymatching,6232055bbd6ec1e58d5c24bf56c397e7d88892be1288a051d145127d5600635e,"{""code"":""rotated_surface_code"",""diameter"":4,""noise_model"":""SD6_10"",""p"":0.0014000000000000002,""rounds"":4}",
       100,         1,         0,   0.681,pymatching,96768ca480530347ae48d2f437abe4fd02dc4a12bf991ba00cdf549b9502c73c,"{""code"":""rotated_surface_code"",""diameter"":4,""noise_model"":""SD6_10"",""p"":0.0009500000000000001,""rounds"":4}",
       100,         0,         0,   0.717,pymatching,47b44c8737c0517d7496ea9bbb2dbfd5461443a5f266909185acb113cc733c25,"{""code"":""rotated_surface_code"",""diameter"":4,""noise_model"":""SD6_10"",""p"":0.0005,""rounds"":4}",
       100,         4,         0,   0.733,pymatching,63eb18337a672effe396b9b517f788fd87c8111d61ada1f26ec9a69461982ac0,"{""code"":""rotated_surface_code"",""diameter"":4,""noise_model"":""SD6_10"",""p"":0.0020750000000000005,""rounds"":4}",
       100,         4,         0,   0.778,pymatching,a0a414dc5e22f38dfd77dc4a0cf9925f527b0064edb4162cab62a2bc74a950f9,"{""code"":""rotated_surface_code"",""diameter"":4,""noise_model"":""SD6_10"",""p"":0.00185,""rounds"":4}",
       100,         6,         0,   0.686,pymatching,31e9058604fa9465f19f12238d451765ea2cb64cba8caf2e15f553d1d47be268,"{""code"":""rotated_surface_code"",""diameter"":4,""noise_model"":""SD6_10"",""p"":0.0023,""rounds"":4}",
       100,         7,         0,   0.004,pymatching,d954afe034fa318410f291d0065d4c3b7e353a99786b48339b5138d476254eae,"{""code"":""rotated_surface_code"",""diameter"":4,""noise_model"":""SD6_10"",""p"":0.0027500000000000003,""rounds"":4}",
       100,         4,         0,   0.711,pymatching,a7617663eef840efbceda81cc6d5729c51a9307e5bdcb192f72ab508ea684ac3,"{""code"":""rotated_surface_code"",""diameter"":4,""noise_model"":""SD6_10"",""p"":0.0025250000000000003,""rounds"":4}",
       100,        10,         0,   0.002,pymatching,76adaf9014c0e0f191710426ec8f382938c57c1455cb8222732a0c7fdb8a9140,"{""code"":""rotated_surface_code"",""diameter"":4,""noise_model"":""SD6_10"",""p"":0.002975,""rounds"":4}",
       100,        10,         0,   0.002,pymatching,0bf096a7231619c1ee4c1438e711e1c4ab1382e7efca6f90a65384aad261d2cd,"{""code"":""rotated_surface_code"",""diameter"":4,""noise_model"":""SD6_10"",""p"":0.0032,""rounds"":4}",
       100,        11,         0,   0.002,pymatching,f8a4d1d5c6f2bc2de4f0cd86ced5dd2df7c38908b9c67ff27e57c84f0bb08311,"{""code"":""rotated_surface_code"",""diameter"":4,""noise_model"":""SD6_10"",""p"":0.0036500000000000005,""rounds"":4}",
       100,        12,         0,   0.002,pymatching,5787cb73eff80dd98f15985945bf3d868e73c4421ade2d7ab28c89e521eab0d5,"{""code"":""rotated_surface_code"",""diameter"":4,""noise_model"":""SD6_10"",""p"":0.003425,""rounds"":4}",
       100,         9,         0,   0.002,pymatching,e9cffcb7106bd8ac39c24347490713d5b98316708094a78a94449da2535513fc,"{""code"":""rotated_surface_code"",""diameter"":4,""noise_model"":""SD6_10"",""p"":0.0038750000000000004,""rounds"":4}",
       100,        17,         0,   0.002,pymatching,d247da9dacb90e1545b7575b9c63febd3748418fc797142a23f0afb72b6ae787,"{""code"":""rotated_surface_code"",""diameter"":4,""noise_model"":""SD6_10"",""p"":0.004325000000000001,""rounds"":4}",
       100,        18,         0,   0.002,pymatching,5f6361f22cfbaecbdb253f23c5aefc7c5aeb1fe19af3f7cd44b41d8798655c88,"{""code"":""rotated_surface_code"",""diameter"":4,""noise_model"":""SD6_10"",""p"":0.00455,""rounds"":4}",
       100,        17,         0,   0.002,pymatching,32ede5e48702d15c5036d4d771f6b3bd8c945546138adc1d3100ab32be864195,"{""code"":""rotated_surface_code"",""diameter"":4,""noise_model"":""SD6_10"",""p"":0.0041,""rounds"":4}",
       100,        26,         0,   0.002,pymatching,be9709f31cc500dc80704090fff6336da1c2016445f041726bbe799c491c2b6e,"{""code"":""rotated_surface_code"",""diameter"":4,""noise_model"":""SD6_10"",""p"":0.004775,""rounds"":4}",
       100,        22,         0,   0.002,pymatching,42e7212cb1d50787476eaebafece5046eb0c6f04f94a03cc6cf5fff83576866e,"{""code"":""rotated_surface_code"",""diameter"":4,""noise_model"":""SD6_10"",""p"":0.005,""rounds"":4}",
       100,         0,         0,   0.012,pymatching,b5e38c6b90383f767f5cbfc337f06203c03b2ac67839969529415392b399b274,"{""code"":""rotated_surface_code"",""diameter"":8,""noise_model"":""SD6_10"",""p"":0.0005,""rounds"":8}",
       100,         0,         0,   0.012,pymatching,47cb7abd4321b4193776a3b72ba0b2b4c611079c0c9a1cf6aceb7a22b1a57ba0,"{""code"":""rotated_surface_code"",""diameter"":8,""noise_model"":""SD6_10"",""p"":0.0007250000000000001,""rounds"":8}",
       100,         1,         0,   0.013,pymatching,4e8c76088055f8ae13474762138c9aafb7d37881f34c4df85087620c45f1a77c,"{""code"":""rotated_surface_code"",""diameter"":8,""noise_model"":""SD6_10"",""p"":0.00185,""rounds"":8}",
       100,         0,         0,   0.012,pymatching,1fe6311edd367594a6ce17d9049907d008db1283d5ecf7cc6b4d56d525cd9ed1,"{""code"":""rotated_surface_code"",""diameter"":8,""noise_model"":""SD6_10"",""p"":0.0009500000000000001,""rounds"":8}",
       100,         0,         0,   0.014,pymatching,255426317d183f1d3f26e000ab8ef5e3c15141343f166c63549831348f97a42f,"{""code"":""rotated_surface_code"",""diameter"":8,""noise_model"":""SD6_10"",""p"":0.001175,""rounds"":8}",
       100,         0,         0,   0.019,pymatching,23c3d7f649602b548a87de69a898006537a2e90cefee7bc2114c2008055771fa,"{""code"":""rotated_surface_code"",""diameter"":8,""noise_model"":""SD6_10"",""p"":0.0014000000000000002,""rounds"":8}",
       100,         0,         0,   0.016,pymatching,0a239e4c9a0d77c9fe339fd9fd7a24e633e2ded3e6209b83b45c7449243039d9,"{""code"":""rotated_surface_code"",""diameter"":8,""noise_model"":""SD6_10"",""p"":0.0020750000000000005,""rounds"":8}",
       100,         4,         0,   0.013,pymatching,17e09c0d7dcd80788ef1d0ac56917ad6743302f46f3236f710d3c221bc352daf,"{""code"":""rotated_surface_code"",""diameter"":8,""noise_model"":""SD6_10"",""p"":0.0023,""rounds"":8}",
       100,         0,         0,   0.014,pymatching,3dd857e3f73d065259c586b8c0fb5a6e7dc72de0778ca49e0a1da9a10e9f63fb,"{""code"":""rotated_surface_code"",""diameter"":8,""noise_model"":""SD6_10"",""p"":0.0016250000000000001,""rounds"":8}",
       100,         3,         0,   0.013,pymatching,1cdf1adcfe87f81058bdbf2fc9984b424bb2df150e6eb91601c3e41c4b780e64,"{""code"":""rotated_surface_code"",""diameter"":8,""noise_model"":""SD6_10"",""p"":0.0025250000000000003,""rounds"":8}",
       100,         5,         0,   0.013,pymatching,2de9664269202c6c679e1e5456cf0ab26ff158085cd3fdc9afcf88c9018257ca,"{""code"":""rotated_surface_code"",""diameter"":8,""noise_model"":""SD6_10"",""p"":0.0027500000000000003,""rounds"":8}",
       100,         7,         0,   0.014,pymatching,b3c0d8e8614c114ea2f3d83d96017e944f213c1c3cbe6c40548a991908383eb1,"{""code"":""rotated_surface_code"",""diameter"":8,""noise_model"":""SD6_10"",""p"":0.002975,""rounds"":8}",
       100,         7,         0,   0.014,pymatching,ed42db4f53ce2fc8f204e3913bc883bfff4f243cd7737948c6ae81e98538f8b8,"{""code"":""rotated_surface_code"",""diameter"":8,""noise_model"":""SD6_10"",""p"":0.0032,""rounds"":8}",
       100,         7,         0,   0.015,pymatching,f4d9859a5e66a8ad85fa02e276923a4b66b5671bda9eee84a0d3440f091f30f2,"{""code"":""rotated_surface_code"",""diameter"":8,""noise_model"":""SD6_10"",""p"":0.0036500000000000005,""rounds"":8}",
       100,        13,         0,   0.019,pymatching,64f020d3d1016cb5d39a0d1454a0839fc6e07ed548e7b970d81e09a5026d2edb,"{""code"":""rotated_surface_code"",""diameter"":8,""noise_model"":""SD6_10"",""p"":0.003425,""rounds"":8}",
       100,        11,         0,   0.017,pymatching,d9f014829b34c6bf2e5e90e89bc88d43045ed73446829f131335786d9e6c3899,"{""code"":""rotated_surface_code"",""diameter"":8,""noise_model"":""SD6_10"",""p"":0.0038750000000000004,""rounds"":8}",
       100,        17,         0,   0.019,pymatching,b47bfbc0b4f10aef9f5658f71d34b024c4e660ab3c67cc2e794ebbe1fad681cb,"{""code"":""rotated_surface_code"",""diameter"":8,""noise_model"":""SD6_10"",""p"":0.00455,""rounds"":8}",
       100,        11,         0,   0.015,pymatching,0b9a12bf8a8f82306cef2aee7d0654bcf823d19d885ea7757426392490fda885,"{""code"":""rotated_surface_code"",""diameter"":8,""noise_model"":""SD6_10"",""p"":0.0041,""rounds"":8}",
       100,        19,         0,   0.015,pymatching,a1c551d9a96d83c2dfcb647e454a0c940291524534cf11565a656429f20e5321,"{""code"":""rotated_surface_code"",""diameter"":8,""noise_model"":""SD6_10"",""p"":0.004325000000000001,""rounds"":8}",
       100,        13,         0,   0.016,pymatching,b4ae7df02255c976544b95ee0a72b3b35c1d790b9460653ad69da23180ec8f31,"{""code"":""rotated_surface_code"",""diameter"":8,""noise_model"":""SD6_10"",""p"":0.004775,""rounds"":8}",
       100,        29,         0,   0.017,pymatching,a25508f973d40d22a7c737832a5e12239309b916f56e2d50135e416ea84f58c0,"{""code"":""rotated_surface_code"",""diameter"":8,""noise_model"":""SD6_10"",""p"":0.005,""rounds"":8}",
       100,         0,         0,   0.021,pymatching,26905845fa49299701420fc6329318a291d44a6f562f0d8aa8749918ab502c9d,"{""code"":""rotated_surface_code"",""diameter"":10,""noise_model"":""SD6_10"",""p"":0.0005,""rounds"":10}",
       100,         0,         0,   0.022,pymatching,0d706a24060d7f63a3567957c8c9d4d60fe5d1804aa493e86b9f8133d138b6e9,"{""code"":""rotated_surface_code"",""diameter"":10,""noise_model"":""SD6_10"",""p"":0.0007250000000000001,""rounds"":10}",
       100,         0,         0,   0.022,pymatching,0816ef45c509f4cb571d9f1bbcbc4476ec5bcefa0932fe96c9a19044065c225c,"{""code"":""rotated_surface_code"",""diameter"":10,""noise_model"":""SD6_10"",""p"":0.001175,""rounds"":10}",
       100,         0,         0,   0.022,pymatching,96be5c879a218844a1385f488075e4828c02281a984c73960fc97c1dcd43c835,"{""code"":""rotated_surface_code"",""diameter"":10,""noise_model"":""SD6_10"",""p"":0.0014000000000000002,""rounds"":10}",
       100,         0,         0,   0.023,pymatching,65a290a4cce1b24678755d90feee8a5f1f77aa315c9beb1b776cee9143bb8e63,"{""code"":""rotated_surface_code"",""diameter"":10,""noise_model"":""SD6_10"",""p"":0.0009500000000000001,""rounds"":10}",
       100,         0,         0,   0.023,pymatching,3fbb4481f9567e36ede10883f5a391ed0976fbbfd943c6dbb0b7a1bb3853338c,"{""code"":""rotated_surface_code"",""diameter"":10,""noise_model"":""SD6_10"",""p"":0.00185,""rounds"":10}",
       100,         1,         0,   0.029,pymatching,caf3a7a3a75fea1dfb314d6fd349d514b589509757d3eac15d7782d5b18aee51,"{""code"":""rotated_surface_code"",""diameter"":10,""noise_model"":""SD6_10"",""p"":0.0016250000000000001,""rounds"":10}",
       100,         0,         0,   0.023,pymatching,5978d8e2c98a64ab1c01812083c8cda3a1c19db2f6abb71534b61cd2cff6c9a5,"{""code"":""rotated_surface_code"",""diameter"":10,""noise_model"":""SD6_10"",""p"":0.0020750000000000005,""rounds"":10}",
       100,         0,         0,   0.024,pymatching,42412d1cf50d255e57a2c950035d645b8298c5d32bef4e5024070bfc53659bea,"{""code"":""rotated_surface_code"",""diameter"":10,""noise_model"":""SD6_10"",""p"":0.0023,""rounds"":10}",
       100,         0,         0,   0.024,pymatching,7cba7375f6e75217273ee3da9b86b770c2ff206542bb44638626af2d67bf67b2,"{""code"":""rotated_surface_code"",""diameter"":10,""noise_model"":""SD6_10"",""p"":0.0025250000000000003,""rounds"":10}",
       100,         2,         0,   0.025,pymatching,222c5ac5e52bdfee72da99032b93c0ec7fd3dc479dcbab2687d159fd0f44e36e,"{""code"":""rotated_surface_code"",""diameter"":10,""noise_model"":""SD6_10"",""p"":0.0027500000000000003,""rounds"":10}",
       100,         3,         0,   0.025,pymatching,0261fcdbf749da4142c433d74cacbbbffa33f3bd6412e1701baa6c65eca32d3f,"{""code"":""rotated_surface_code"",""diameter"":10,""noise_model"":""SD6_10"",""p"":0.002975,""rounds"":10}",
       100,         6,         0,   0.027,pymatching,9c43e7eec3ef69623e172c98eedb435b04afeb274d06634a6c0f91351ac3edff,"{""code"":""rotated_surface_code"",""diameter"":10,""noise_model"":""SD6_10"",""p"":0.0032,""rounds"":10}",
       100,         8,         0,   0.028,pymatching,141cd8c25464e83e02685717898d9d6b21e9fdfb4215d162a00eb161ea1fe885,"{""code"":""rotated_surface_code"",""diameter"":10,""noise_model"":""SD6_10"",""p"":0.003425,""rounds"":10}",
       100,         6,         0,   0.030,pymatching,d88da858f00f77105c890140289dbaa2265ffabd55fd51bed0d1ede00ed0982f,"{""code"":""rotated_surface_code"",""diameter"":10,""noise_model"":""SD6_10"",""p"":0.0036500000000000005,""rounds"":10}",
       100,         8,         0,   0.034,pymatching,89b53b3c3a543a8ea443c5af44754a7707e5521fa96c0b51deeb284297ce9fba,"{""code"":""rotated_surface_code"",""diameter"":10,""noise_model"":""SD6_10"",""p"":0.0038750000000000004,""rounds"":10}",
       100,        20,         0,   0.031,pymatching,72fa74cefd605a6aec64136df142a149669593f5ae1585c8da1cd2bb612bdce0,"{""code"":""rotated_surface_code"",""diameter"":10,""noise_model"":""SD6_10"",""p"":0.0041,""rounds"":10}",
       100,        13,         0,   0.029,pymatching,941d5978b63b2ccb908b55d744b8d341ddf6a0dd240622c5c1fec909158758b9,"{""code"":""rotated_surface_code"",""diameter"":10,""noise_model"":""SD6_10"",""p"":0.004325000000000001,""rounds"":10}",
       100,        21,         0,   0.031,pymatching,aad6e402bd4adb2b9ab8ddffc0b62041f1e9affa21c0429800be7b794958b76d,"{""code"":""rotated_surface_code"",""diameter"":10,""noise_model"":""SD6_10"",""p"":0.00455,""rounds"":10}",
       100,        25,         0,   0.031,pymatching,27f61ceb19d8404d54049f0b4910f90f02ca709e14a7eb11e31f29e6e562a001,"{""code"":""rotated_surface_code"",""diameter"":10,""noise_model"":""SD6_10"",""p"":0.004775,""rounds"":10}",
       100,        22,         0,   0.031,pymatching,ed133a65ad133249c9d52e1b76bbed6b560ffb3bb922130792aeee31135bc40d,"{""code"":""rotated_surface_code"",""diameter"":10,""noise_model"":""SD6_10"",""p"":0.005,""rounds"":10}",
       100,         0,         0,   0.040,pymatching,da3ef5768ff2759d36ec450832de9c27d8cda9ff4aa22ab7036545da802e5b73,"{""code"":""rotated_surface_code"",""diameter"":12,""noise_model"":""SD6_10"",""p"":0.0007250000000000001,""rounds"":12}",
       100,         0,         0,   0.040,pymatching,90ef1af531f8afdfea38a3def8e3ca7b67c500fcf9d16058323bf1c180bdd35e,"{""code"":""rotated_surface_code"",""diameter"":12,""noise_model"":""SD6_10"",""p"":0.001175,""rounds"":12}",
       100,         0,         0,   0.045,pymatching,fda590a6daf0bb5e33cf004d4898c5ae26eea8d78c52fdb3bf41d608a59c6826,"{""code"":""rotated_surface_code"",""diameter"":12,""noise_model"":""SD6_10"",""p"":0.0009500000000000001,""rounds"":12}",
       100,         0,         0,   0.045,pymatching,43888fbd7444977db6b704e94e3e7e413c0376dae02af76e4e093d3b367be3bd,"{""code"":""rotated_surface_code"",""diameter"":12,""noise_model"":""SD6_10"",""p"":0.0014000000000000002,""rounds"":12}",
       100,         0,         0,   0.050,pymatching,43f511c64e7174997fee344bdf2c9b77a19392206353a8030b41f503dcdf9746,"{""code"":""rotated_surface_code"",""diameter"":12,""noise_model"":""SD6_10"",""p"":0.0005,""rounds"":12}",
       100,         0,         0,   0.037,pymatching,15e4c24e24603c34523cc10f8119414bd0e2828a3f9839c73b3d06747276ba92,"{""code"":""rotated_surface_code"",""diameter"":12,""noise_model"":""SD6_10"",""p"":0.0016250000000000001,""rounds"":12}",
       100,         0,         0,   0.038,pymatching,8bf9d7fb53731f77ee769aad10a5e67f1b9209653f402f3f595d94e3dedeb8ca,"{""code"":""rotated_surface_code"",""diameter"":12,""noise_model"":""SD6_10"",""p"":0.00185,""rounds"":12}",
       100,         0,         0,   0.039,pymatching,3433f64cd1ced5773d9f293d8dd785aa52935980d7c2f2c4ecdcebcb2a7e82ba,"{""code"":""rotated_surface_code"",""diameter"":12,""noise_model"":""SD6_10"",""p"":0.0020750000000000005,""rounds"":12}",
       100,         0,         0,   0.040,pymatching,0997f093e51ab7a86ddec35264e5bd43bb889d330ccddd5b6730be91632158a9,"{""code"":""rotated_surface_code"",""diameter"":12,""noise_model"":""SD6_10"",""p"":0.0023,""rounds"":12}",
       100,         1,         0,   0.040,pymatching,de28095285f0a9e0aac4a9ef15a100a5a9d55fa263b80acb474c426af56aa872,"{""code"":""rotated_surface_code"",""diameter"":12,""noise_model"":""SD6_10"",""p"":0.0025250000000000003,""rounds"":12}",
       100,         1,         0,   0.049,pymatching,9c583ae2783bd0c933718a801579feb777887ff8d8b8f6a4ae504af4ee71eb94,"{""code"":""rotated_surface_code"",""diameter"":12,""noise_model"":""SD6_10"",""p"":0.0027500000000000003,""rounds"":12}",
       100,         3,         0,   0.052,pymatching,79c161da42dcd01c5f5e15fe2d39a51cb00d4aafd4dd1666ad3f6bf3caccb816,"{""code"":""rotated_surface_code"",""diameter"":12,""noise_model"":""SD6_10"",""p"":0.002975,""rounds"":12}",
       100,         1,         0,   0.050,pymatching,dac723d5b456eb27404c1e9faf71a6cab5bd8caaca3f4747f28f33b9b28c30e0,"{""code"":""rotated_surface_code"",""diameter"":12,""noise_model"":""SD6_10"",""p"":0.0032,""rounds"":12}",
       100,         5,         0,   0.054,pymatching,ab54d7423d4681c474aa1c8779535c2dd26c426ba0a54489674c4e52173038a9,"{""code"":""rotated_surface_code"",""diameter"":12,""noise_model"":""SD6_10"",""p"":0.0036500000000000005,""rounds"":12}",
       100,         5,         0,   0.056,pymatching,35d7aee02987138e3eb2c9b0efdae3a4af8e6d64c1dd070dcb5d4c9602e08708,"{""code"":""rotated_surface_code"",""diameter"":12,""noise_model"":""SD6_10"",""p"":0.003425,""rounds"":12}",
       100,         6,         0,   0.048,pymatching,ac795ebc3c3b311ef1ab6bd5f814d9b27a28e6ffb34c973b7ddaeb68c149aa25,"{""code"":""rotated_surface_code"",""diameter"":12,""noise_model"":""SD6_10"",""p"":0.0038750000000000004,""rounds"":12}",
       100,        13,         0,   0.049,pymatching,030d56bfa34fca141d08c3c99ecc9ea9b0ac255d1e36700c690c2cd571b452b4,"{""code"":""rotated_surface_code"",""diameter"":12,""noise_model"":""SD6_10"",""p"":0.0041,""rounds"":12}",
       100,        14,         0,   0.051,pymatching,aa4e4b7156812abf9390c274316025b529f90ca66e7f9b3869aa1ff8132821e9,"{""code"":""rotated_surface_code"",""diameter"":12,""noise_model"":""SD6_10"",""p"":0.004325000000000001,""rounds"":12}",
       100,        21,         0,   0.050,pymatching,ce0317668198c5b71f0ed6df90b91711a4eba434852d6f33e341a3ce6a17680f,"{""code"":""rotated_surface_code"",""diameter"":12,""noise_model"":""SD6_10"",""p"":0.00455,""rounds"":12}",
       100,        29,         0,   0.053,pymatching,75c0e588fba319cc66a131b24b897926185788df1bf301b2316586fced05fe19,"{""code"":""rotated_surface_code"",""diameter"":12,""noise_model"":""SD6_10"",""p"":0.004775,""rounds"":12}",
       100,        36,         0,   0.055,pymatching,75983e29d1058b5bfcd50653b9bae895e1d061d86158a0d67016b0b6ad8f4fd8,"{""code"":""rotated_surface_code"",""diameter"":12,""noise_model"":""SD6_10"",""p"":0.005,""rounds"":12}",
       100,         0,         0,   0.052,pymatching,e6f155f8c3f5fcf0e4356a43e3a40bcfefd205946bb121b0d8d005c7cbf5634e,"{""code"":""rotated_surface_code"",""diameter"":14,""noise_model"":""SD6_10"",""p"":0.0005,""rounds"":14}",
       100,         0,         0,   0.053,pymatching,176aed00bd1b76679cc4f6dad2f4fa11d62fa9a06cc4bdac2dd941c47f6291cb,"{""code"":""rotated_surface_code"",""diameter"":14,""noise_model"":""SD6_10"",""p"":0.0007250000000000001,""rounds"":14}",
       100,         0,         0,   0.053,pymatching,04ee0065def398a89d711e09a89aca3d85bd787eb98292a06b7f2696091e4f65,"{""code"":""rotated_surface_code"",""diameter"":14,""noise_model"":""SD6_10"",""p"":0.0009500000000000001,""rounds"":14}",
       100,         0,         0,   0.053,pymatching,7987a44b79d090b95d9c974928d28b298d33675828662a8df65a4129f12cdd07,"{""code"":""rotated_surface_code"",""diameter"":14,""noise_model"":""SD6_10"",""p"":0.001175,""rounds"":14}",
       100,         0,         0,   0.055,pymatching,b7bcd70aa37b53fcbfb2c03671a3c787a91a504062c3b65151ae8acaa5cc4bc4,"{""code"":""rotated_surface_code"",""diameter"":14,""noise_model"":""SD6_10"",""p"":0.0014000000000000002,""rounds"":14}",
       100,         0,         0,   0.056,pymatching,1843b3ed01e7fa815942882e638c0df51710ba63b0b692507852dbecf05d8510,"{""code"":""rotated_surface_code"",""diameter"":14,""noise_model"":""SD6_10"",""p"":0.0016250000000000001,""rounds"":14}",
       100,         0,         0,   0.058,pymatching,6a99ed480ab83765823dc0c5999995a463caebc9f06ddd84c2218cc7aa41e121,"{""code"":""rotated_surface_code"",""diameter"":14,""noise_model"":""SD6_10"",""p"":0.00185,""rounds"":14}",
       100,         0,         0,   0.058,pymatching,d870aac68ee8f3621b9cd28c382f92a6b1e057ef068b8c58a799f5b95b28f45c,"{""code"":""rotated_surface_code"",""diameter"":14,""noise_model"":""SD6_10"",""p"":0.0020750000000000005,""rounds"":14}",
       100,         2,         0,   0.060,pymatching,46e73db777039a0ac211df4a9e3966bff8ca1cc37c91d7a182501671e4dd817e,"{""code"":""rotated_surface_code"",""diameter"":14,""noise_model"":""SD6_10"",""p"":0.0023,""rounds"":14}",
       100,         1,         0,   0.067,pymatching,b551dafe173cdfb49460ae6f17b9cdc1b1815798b82ef7e3d3a4f475121e2b10,"{""code"":""rotated_surface_code"",""diameter"":14,""noise_model"":""SD6_10"",""p"":0.0025250000000000003,""rounds"":14}",
       100,         3,         0,   0.068,pymatching,f1bae2cc5752fc7f91d4c292a0edb64997295f1a5c02ff45512c970efd61f298,"{""code"":""rotated_surface_code"",""diameter"":14,""noise_model"":""SD6_10"",""p"":0.0027500000000000003,""rounds"":14}",
       100,         2,         0,   0.073,pymatching,6104cdff8a93372dc1fc174cfcd08ffd25203fdab3528ed7edbeac87a1a5f1b6,"{""code"":""rotated_surface_code"",""diameter"":14,""noise_model"":""SD6_10"",""p"":0.0032,""rounds"":14}",
       100,         2,         0,   0.075,pymatching,090f1d00d44d8170b5f9d481398bb9672051a56764cdc0130a690a81b4dd3935,"{""code"":""rotated_surface_code"",""diameter"":14,""noise_model"":""SD6_10"",""p"":0.002975,""rounds"":14}",
       100,         6,         0,   0.071,pymatching,e5a759125ed2337a80c7a85c3fcfe851dffc725c7508a3b2d1cdfa904aa8e8b0,"{""code"":""rotated_surface_code"",""diameter"":14,""noise_model"":""SD6_10"",""p"":0.003425,""rounds"":14}",
       100,         9,         0,   0.074,pymatching,4581519fc5b24f0bba402cc16c53141daa6aa29ca38eee74854a4a33cb51abc5,"{""code"":""rotated_surface_code"",""diameter"":14,""noise_model"":""SD6_10"",""p"":0.0036500000000000005,""rounds"":14}",
       100,        15,         0,   0.075,pymatching,23e803f0aed5df022717ac234b518e323c02316f05d4162f7afd0ac82baddbcc,"{""code"":""rotated_surface_code"",""diameter"":14,""noise_model"":""SD6_10"",""p"":0.0038750000000000004,""rounds"":14}",
       100,        18,         0,   0.080,pymatching,0d3fb0b8ea765870c905794973c4cfe36d8b2275c9ff0db1896a17600794e060,"{""code"":""rotated_surface_code"",""diameter"":14,""noise_model"":""SD6_10"",""p"":0.0041,""rounds"":14}",
       100,        18,         0,   0.097,pymatching,300549d63945652047b138f890f26f43700f4ed0537e658e7c9af33b22515f08,"{""code"":""rotated_surface_code"",""diameter"":14,""noise_model"":""SD6_10"",""p"":0.004325000000000001,""rounds"":14}",
       100,        30,         0,   0.101,pymatching,6cdad373b0466403646caaa8770aafa2ffc6750c24ef3cb9d38bbde0c59d8c5d,"{""code"":""rotated_surface_code"",""diameter"":14,""noise_model"":""SD6_10"",""p"":0.00455,""rounds"":14}",
       100,        30,         0,   0.101,pymatching,a998000fc27b5e7da3ed0b9a86026658042b0b65029b919a04a3eb6c5aab3303,"{""code"":""rotated_surface_code"",""diameter"":14,""noise_model"":""SD6_10"",""p"":0.004775,""rounds"":14}",
       100,        42,         0,   0.086,pymatching,30ed4a23acb29f336348789b0a80e2b5c74de18788a46bcd19d2850a7f8e9c8e,"{""code"":""rotated_surface_code"",""diameter"":14,""noise_model"":""SD6_10"",""p"":0.005,""rounds"":14}",
       100,         8,         0,   0.572,pymatching,00f1f16f5bdb9df0bcf2708ad3b14912410dc0d7ab3be37cfc6f860e861cf652,"{""code"":""rotated_surface_code"",""diameter"":4,""noise_model"":""SD6_20"",""p"":0.001175,""rounds"":4}",
       100,         2,         0,   0.578,pymatching,cced87afa681a61061cb7d1cd5e54c519c0ec1305e0aea0da71297d8f5128c84,"{""code"":""rotated_surface_code"",""diameter"":4,""noise_model"":""SD6_20"",""p"":0.0005,""rounds"":4}",
       100,         1,         0,   0.502,pymatching,d62acd427de78ca28bdbda03bf9839937db136dbf76450840c38e8c17f49d1e3,"{""code"":""rotated_surface_code"",""diameter"":4,""noise_model"":""SD6_20"",""p"":0.0007250000000000001,""rounds"":4}",
       100,         6,         0,   0.587,pymatching,6576a2d9d7fe2070b84935e0ae9d73008e1c3dce1c5262fdeefd3f431ff385d4,"{""code"":""rotated_surface_code"",""diameter"":4,""noise_model"":""SD6_20"",""p"":0.0014000000000000002,""rounds"":4}",
       100,         0,         0,   0.635,pymatching,2b307e607a36893535861943c757204e403b440b4c42dd25d8fcf802a77d052d,"{""code"":""rotated_surface_code"",""diameter"":4,""noise_model"":""SD6_20"",""p"":0.0009500000000000001,""rounds"":4}",
       100,         8,         0,   0.646,pymatching,69668a8db7b6ab20ae4455ba8d90924f6be827c8d1e7064d40db9419767a7054,"{""code"":""rotated_surface_code"",""diameter"":4,""noise_model"":""SD6_20"",""p"":0.00185,""rounds"":4}",
       100,         8,         0,   0.531,pymatching,acf4dfeb61f2d21f4185943f4ef7ded5120b88ee94b8e89852722492c3c3ad9f,"{""code"":""rotated_surface_code"",""diameter"":4,""noise_model"":""SD6_20"",""p"":0.0020750000000000005,""rounds"":4}",
       100,         8,         0,   0.656,pymatching,6be3e604bbc9ff8566d384d36e3c778e5476526c050e5dee5ee209ae0271ccb8,"{""code"":""rotated_surface_code"",""diameter"":4,""noise_model"":""SD6_20"",""p"":0.0016250000000000001,""rounds"":4}",
       100,        12,         0,   0.648,pymatching,a469b760d6d8a8433ec5adf54c0cc194f7b52973af7e453d96919c52dae2355a,"{""code"":""rotated_surface_code"",""diameter"":4,""noise_model"":""SD6_20"",""p"":0.0023,""rounds"":4}",
       100,        13,         0,   0.720,pymatching,3290793e4ca4e1c2e8f2dfbcfe602ce08ce30b53c590e12a8dfdc4e3a0454907,"{""code"":""rotated_surface_code"",""diameter"":4,""noise_model"":""SD6_20"",""p"":0.0025250000000000003,""rounds"":4}",
       100,        10,         0,   0.002,pymatching,b66858a9d30c308052fd34ce829643c7f84ddcb78dcba2384e389f1779cbf73d,"{""code"":""rotated_surface_code"",""diameter"":4,""noise_model"":""SD6_20"",""p"":0.0027500000000000003,""rounds"":4}",
       100,        17,         0,   0.002,pymatching,d66e049c80d5b4ee1fdf1217e8c5471eae2067eac24349252490de9b9dbaba2b,"{""code"":""rotated_surface_code"",""diameter"":4,""noise_model"":""SD6_20"",""p"":0.0032,""rounds"":4}",
       100,        28,         0,   0.002,pymatching,ce6ba803e3567ec2f57bc2ca0f65ea51ab9d3a9eb0949eef2e46660d1c329ab2,"{""code"":""rotated_surface_code"",""diameter"":4,""noise_model"":""SD6_20"",""p"":0.0038750000000000004,""rounds"":4}",
       100,        24,         0,   0.002,pymatching,e59aea8159a21020f18d42bff9e23bfd6b60eeb27b427522ba2ef9e0881811a7,"{""code"":""rotated_surface_code"",""diameter"":4,""noise_model"":""SD6_20"",""p"":0.0036500000000000005,""rounds"":4}",
       100,        29,         0,   0.002,pymatching,4b7d83696b03566cbb3fd373b8df1875dc21a715f52a64e404716bbd663561b5,"{""code"":""rotated_surface_code"",""diameter"":4,""noise_model"":""SD6_20"",""p"":0.003425,""rounds"":4}",
       100,        13,         0,   0.002,pymatching,499f3e65ebb117092de627c3d6e3cfc29c1ce99d005b290ccd99ec180a888813,"{""code"":""rotated_surface_code"",""diameter"":4,""noise_model"":""SD6_20"",""p"":0.002975,""rounds"":4}",
       100,        32,         0,   0.002,pymatching,f9b0a91aae6cd391c7af19168309fdb2c319616e1ba46652a2df9e85bdda2313,"{""code"":""rotated_surface_code"",""diameter"":4,""noise_model"":""SD6_20"",""p"":0.0041,""rounds"":4}",
       100,        34,         0,   0.002,pymatching,a731355caeed01983c2a1443e7518d3d6b4cee25ee8221f84d686a0705d3b95e,"{""code"":""rotated_surface_code"",""diameter"":4,""noise_model"":""SD6_20"",""p"":0.004325000000000001,""rounds"":4}",
       100,        31,         0,   0.002,pymatching,08e78aa4e7c8e9c60cccdf88d1c3ce4c84f7c56337c784f93a20ca7a46fd7e76,"{""code"":""rotated_surface_code"",""diameter"":4,""noise_model"":""SD6_20"",""p"":0.00455,""rounds"":4}",
       100,        40,         0,   0.002,pymatching,39cf5a52ca73782f6f6a6f0b53169f8b4a3d7a6aa7234dec62720453b5b5d05c,"{""code"":""rotated_surface_code"",""diameter"":4,""noise_model"":""SD6_20"",""p"":0.004775,""rounds"":4}",
       100,        29,         0,   0.002,pymatching,5ae0da2782eed80e328bc172ee799307463fd1e27f5a4d7fb5cdebd4e13a14e3,"{""code"":""rotated_surface_code"",""diameter"":4,""noise_model"":""SD6_20"",""p"":0.005,""rounds"":4}",
       100,         0,         0,   0.021,pymatching,cf02a768b491e1fd1932ad3c06e4cbecb9aba1def9df97e7b2be310d5d6908ba,"{""code"":""rotated_surface_code"",""diameter"":8,""noise_model"":""SD6_20"",""p"":0.0007250000000000001,""rounds"":8}",
       100,         0,         0,   0.021,pymatching,368e826b166915e309cc7978b8c298ab14ee2053ed3bbd257916e8c9c7d1b728,"{""code"":""rotated_surface_code"",""diameter"":8,""noise_model"":""SD6_20"",""p"":0.0005,""rounds"":8}",
       100,         0,         0,   0.017,pymatching,c021d432a60ca8826c47d6fb31eacd17cc51af9441b1c307d9db7a87a14f32b2,"{""code"":""rotated_surface_code"",""diameter"":8,""noise_model"":""SD6_20"",""p"":0.001175,""rounds"":8}",
       100,         1,         0,   0.015,pymatching,d90754465058189867759bd130329583a6165f7395a26099809f3c5b65c4a1c2,"{""code"":""rotated_surface_code"",""diameter"":8,""noise_model"":""SD6_20"",""p"":0.0014000000000000002,""rounds"":8}",
       100,         0,         0,   0.019,pymatching,6039850098e0d2aabe6e21ccfc0aa1b3c94eca16d1a452067bc4b4941d8f00da,"{""code"":""rotated_surface_code"",""diameter"":8,""noise_model"":""SD6_20"",""p"":0.0009500000000000001,""rounds"":8}",
       100,         4,         0,   0.015,pymatching,585522f17924612bae08b2fa83df2080797e87cced1c175c39d8eb888b7e5730,"{""code"":""rotated_surface_code"",""diameter"":8,""noise_model"":""SD6_20"",""p"":0.0020750000000000005,""rounds"":8}",
       100,         2,         0,   0.019,pymatching,bc0c4512f4b9c6c38098fb5d764cd841c1a7dad79522003003b28d1398e5f841,"{""code"":""rotated_surface_code"",""diameter"":8,""noise_model"":""SD6_20"",""p"":0.00185,""rounds"":8}",
       100,         2,         0,   0.018,pymatching,79e5233f6ea3d914283830a47f2eb0e2220a9a26b30d2203e95a6d08fcbdda8c,"{""code"":""rotated_surface_code"",""diameter"":8,""noise_model"":""SD6_20"",""p"":0.0016250000000000001,""rounds"":8}",
       100,         6,         0,   0.019,pymatching,82b003a7579da07804c8ff3978529b12b2644219f07f0d90c08f564bf0500e5a,"{""code"":""rotated_surface_code"",""diameter"":8,""noise_model"":""SD6_20"",""p"":0.0023,""rounds"":8}",
       100,         6,         0,   0.015,pymatching,0ce430badcce085a2c08b247863ff8540ff398fc869cf814cf8404f89ffb859f,"{""code"":""rotated_surface_code"",""diameter"":8,""noise_model"":""SD6_20"",""p"":0.0025250000000000003,""rounds"":8}",
       100,        10,         0,   0.015,pymatching,6e62aec17c9ae85868e12418d98bddbbddf26aa93370b1ccfacab9958697c034,"{""code"":""rotated_surface_code"",""diameter"":8,""noise_model"":""SD6_20"",""p"":0.0027500000000000003,""rounds"":8}",
       100,        14,         0,   0.017,pymatching,6c9b2b961c9cd7492ca28cd7520a0f5d9fc5392a47cac237f441443a01051ad8,"{""code"":""rotated_surface_code"",""diameter"":8,""noise_model"":""SD6_20"",""p"":0.002975,""rounds"":8}",
       100,        21,         0,   0.019,pymatching,6e59dc73e41b37ccd4edc4d22ca9d03575c9aeed2f5b77d91831c7fe622d316c,"{""code"":""rotated_surface_code"",""diameter"":8,""noise_model"":""SD6_20"",""p"":0.0032,""rounds"":8}",
       100,        27,         0,   0.018,pymatching,23062965729770bb29b5e38c143a2716ac62ec102bba60a7a7788b1c8fdbbd9d,"{""code"":""rotated_surface_code"",""diameter"":8,""noise_model"":""SD6_20"",""p"":0.003425,""rounds"":8}",
       100,        26,         0,   0.017,pymatching,05100f0ea1122cdea006d31dd37a94c257f1c9967d61298317f382d94fec8660,"{""code"":""rotated_surface_code"",""diameter"":8,""noise_model"":""SD6_20"",""p"":0.0036500000000000005,""rounds"":8}",
       100,        30,         0,   0.017,pymatching,c5afe28c6c05c5e42ba29879ec5b483e132ac6938ec96dd54f50a35f317640c6,"{""code"":""rotated_surface_code"",""diameter"":8,""noise_model"":""SD6_20"",""p"":0.0041,""rounds"":8}",
       100,        27,         0,   0.017,pymatching,d3881fb0ed27c9d58a07ad2f1c8348dd7241f1625cef1bba5ccc698f1d3562ce,"{""code"":""rotated_surface_code"",""diameter"":8,""noise_model"":""SD6_20"",""p"":0.0038750000000000004,""rounds"":8}",
       100,        43,         0,   0.018,pymatching,8bd570e298b1027f6b1d12564531bec8a7c857af216282ab5fcc1574671e9cce,"{""code"":""rotated_surface_code"",""diameter"":8,""noise_model"":""SD6_20"",""p"":0.004325000000000001,""rounds"":8}",
       100,        33,         0,   0.018,pymatching,4d2883fffd86ee6b84bcd0e92a2cdeeb4c981f7dd05860d3f33a5ce86a85e2b9,"{""code"":""rotated_surface_code"",""diameter"":8,""noise_model"":""SD6_20"",""p"":0.00455,""rounds"":8}",
       100,        42,         0,   0.018,pymatching,c76f91b4b367ead8d87e773c3bba958d64c7aff5f9c36c9ffe4f4079cb3f409c,"{""code"":""rotated_surface_code"",""diameter"":8,""noise_model"":""SD6_20"",""p"":0.004775,""rounds"":8}",
       100,        37,         0,   0.019,pymatching,f618d0efdb4a7a44b51d964227c20a151a13f7a0f6d1439d335bc93a2d65c6de,"{""code"":""rotated_surface_code"",""diameter"":8,""noise_model"":""SD6_20"",""p"":0.005,""rounds"":8}",
       100,         0,         0,   0.021,pymatching,41c03ca5332d21258a307898eced025f4e575ad5e06cb6d8c8c78a124a722ced,"{""code"":""rotated_surface_code"",""diameter"":10,""noise_model"":""SD6_20"",""p"":0.0005,""rounds"":10}",
       100,         0,         0,   0.022,pymatching,6c3c9102c85582ab01875cf27438817bc63f8767cdd47775c2a5d6f502785b61,"{""code"":""rotated_surface_code"",""diameter"":10,""noise_model"":""SD6_20"",""p"":0.0007250000000000001,""rounds"":10}",
       100,         0,         0,   0.023,pymatching,2c70fa31d61745dde69a01edafa7d5a6c0d296af061654caf71a3c28d7292b16,"{""code"":""rotated_surface_code"",""diameter"":10,""noise_model"":""SD6_20"",""p"":0.001175,""rounds"":10}",
       100,         0,         0,   0.022,pymatching,33c336255f5ee293b7246210946d6f50f2fdf241b47222b1de803978f5fb549c,"{""code"":""rotated_surface_code"",""diameter"":10,""noise_model"":""SD6_20"",""p"":0.0009500000000000001,""rounds"":10}",
       100,         0,         0,   0.023,pymatching,4299ee7d0dd0f8492a1fc1e5f4a5024f23460cd55600a4bbfa1b71edf95629bd,"{""code"":""rotated_surface_code"",""diameter"":10,""noise_model"":""SD6_20"",""p"":0.0014000000000000002,""rounds"":10}",
       100,         0,         0,   0.024,pymatching,cbd193347dd2ab66f29551e5e50c676e5b1c576ce9d244c578a7f0ef4e5b791c,"{""code"":""rotated_surface_code"",""diameter"":10,""noise_model"":""SD6_20"",""p"":0.0016250000000000001,""rounds"":10}",
       100,         1,         0,   0.024,pymatching,1489fbd0d50486d631ad96615d2b1de0995fe8913b45da648c79b883b091312e,"{""code"":""rotated_surface_code"",""diameter"":10,""noise_model"":""SD6_20"",""p"":0.00185,""rounds"":10}",
       100,         4,         0,   0.025,pymatching,f3a7a60938c6d6e3cb946f053e2336a69d0a5cdbd741c2f812c0547959d4418f,"{""code"":""rotated_surface_code"",""diameter"":10,""noise_model"":""SD6_20"",""p"":0.0020750000000000005,""rounds"":10}",
       100,         7,         0,   0.026,pymatching,833e82f3ff98d6eb9e004ae6f2be0321762f1e257e7a5102f992deeb32c231ca,"{""code"":""rotated_surface_code"",""diameter"":10,""noise_model"":""SD6_20"",""p"":0.0023,""rounds"":10}",
       100,         5,         0,   0.027,pymatching,3cbdac16f1f7511f9364bfa0b885ed190afddc60e1f23bd7093ff19b5083a990,"{""code"":""rotated_surface_code"",""diameter"":10,""noise_model"":""SD6_20"",""p"":0.0025250000000000003,""rounds"":10}",
       100,         9,         0,   0.028,pymatching,967e225f24c133c433e8dfec91ab8711b91cd28c13ada115112987d26deaebc2,"{""code"":""rotated_surface_code"",""diameter"":10,""noise_model"":""SD6_20"",""p"":0.0027500000000000003,""rounds"":10}",
       100,        16,         0,   0.029,pymatching,a69ba5f03e375826b500d87f854dadbd3e9ad05cdfec4af8846cb9709bf14487,"{""code"":""rotated_surface_code"",""diameter"":10,""noise_model"":""SD6_20"",""p"":0.002975,""rounds"":10}",
       100,        19,         0,   0.030,pymatching,2f6d305e2e053fa015487fb0e7990c4cdf674806b339aa84794a509ae9e20a93,"{""code"":""rotated_surface_code"",""diameter"":10,""noise_model"":""SD6_20"",""p"":0.0032,""rounds"":10}",
       100,        24,         0,   0.030,pymatching,a8d88a9cb30af9b8c3edb419ba71660465ff18afab0847255dbd82de992720eb,"{""code"":""rotated_surface_code"",""diameter"":10,""noise_model"":""SD6_20"",""p"":0.003425,""rounds"":10}",
       100,        20,         0,   0.032,pymatching,be412f8a1674e38f38653aacdaa9d7aaa0f9b0ae973a158f4ae4526da07d1175,"{""code"":""rotated_surface_code"",""diameter"":10,""noise_model"":""SD6_20"",""p"":0.0036500000000000005,""rounds"":10}",
       100,        39,         0,   0.033,pymatching,381bbd6cf9e71cc132144e499975770c14e955b37c70cbf0741f08b18eac7561,"{""code"":""rotated_surface_code"",""diameter"":10,""noise_model"":""SD6_20"",""p"":0.0038750000000000004,""rounds"":10}",
       100,        31,         0,   0.034,pymatching,41c8ed93445e59520fd309b6d6d0962a9188257f48cc6a99f2a079adf345d986,"{""code"":""rotated_surface_code"",""diameter"":10,""noise_model"":""SD6_20"",""p"":0.0041,""rounds"":10}",
       100,        40,         0,   0.034,pymatching,11534ad19bd61bbe6125aee882aab6e9a02340b7cf7d0ee7135c49a70db35611,"{""code"":""rotated_surface_code"",""diameter"":10,""noise_model"":""SD6_20"",""p"":0.004325000000000001,""rounds"":10}",
       100,        37,         0,   0.034,pymatching,f1a5a48c139454be4720d87f8fc549362d530593e9536922c88e11345c1a5b98,"{""code"":""rotated_surface_code"",""diameter"":10,""noise_model"":""SD6_20"",""p"":0.00455,""rounds"":10}",
       100,        40,         0,   0.036,pymatching,c7748c7ff5fc6e8ceeda048b3b852ad3dcf5223e7e3b915e8e38aea2c25f6c17,"{""code"":""rotated_surface_code"",""diameter"":10,""noise_model"":""SD6_20"",""p"":0.004775,""rounds"":10}",
       100,        55,         0,   0.037,pymatching,95e1b9805d2313ba24a6516f18536bf616c4015ace95ff9969908d9cf4e1495c,"{""code"":""rotated_surface_code"",""diameter"":10,""noise_model"":""SD6_20"",""p"":0.005,""rounds"":10}",
       100,         0,         0,   0.036,pymatching,9e84043a5a177e4338838b2d26e51b7ddfc9fc6f353a861a8fda2b533933d6b2,"{""code"":""rotated_surface_code"",""diameter"":12,""noise_model"":""SD6_20"",""p"":0.0005,""rounds"":12}",
       100,         0,         0,   0.037,pymatching,968e2e0a5db053c8dcee1249884550a34989475f77e5c0f6ee6a70b0d46bc7da,"{""code"":""rotated_surface_code"",""diameter"":12,""noise_model"":""SD6_20"",""p"":0.0007250000000000001,""rounds"":12}",
       100,         0,         0,   0.037,pymatching,937d80e0cf981655fd06eae4bd22b0808219a092f1d94c4842e399aea5192b2c,"{""code"":""rotated_surface_code"",""diameter"":12,""noise_model"":""SD6_20"",""p"":0.0009500000000000001,""rounds"":12}",
       100,         0,         0,   0.040,pymatching,2048dbed8a9a568adc571fdff66e60ec70720dd81289e88abd5cc869f3dd4878,"{""code"":""rotated_surface_code"",""diameter"":12,""noise_model"":""SD6_20"",""p"":0.001175,""rounds"":12}",
       100,         1,         0,   0.038,pymatching,f173247c8e2b2ba6552ac4cfedf68ab66cea221770d46f59340c1406728e7249,"{""code"":""rotated_surface_code"",""diameter"":12,""noise_model"":""SD6_20"",""p"":0.0014000000000000002,""rounds"":12}",
       100,         1,         0,   0.040,pymatching,416d9226b9cb5cfd3fca18b2f27434e79952ee7b944099454cc930e247dce1fd,"{""code"":""rotated_surface_code"",""diameter"":12,""noise_model"":""SD6_20"",""p"":0.0016250000000000001,""rounds"":12}",
       100,         2,         0,   0.041,pymatching,0ac33665e52fbba650acbcc024f0adc78fd6aec91ecf7524210a8fbb6590086d,"{""code"":""rotated_surface_code"",""diameter"":12,""noise_model"":""SD6_20"",""p"":0.00185,""rounds"":12}",
       100,         3,         0,   0.042,pymatching,26aee7067db103c7943b37bff682432ed48688b9c3240e23f1ab4ae293e057e3,"{""code"":""rotated_surface_code"",""diameter"":12,""noise_model"":""SD6_20"",""p"":0.0020750000000000005,""rounds"":12}",
       100,         3,         0,   0.044,pymatching,5258411aa4f72d3e365059899d4d0d69d2b0f88bfcb557500aef5a6cb33a8bf4,"{""code"":""rotated_surface_code"",""diameter"":12,""noise_model"":""SD6_20"",""p"":0.0023,""rounds"":12}",
       100,         6,         0,   0.045,pymatching,5ca6710d4d282d653c8281115dcd02f2de5018b068d6e27add838d9fc5f5f51a,"{""code"":""rotated_surface_code"",""diameter"":12,""noise_model"":""SD6_20"",""p"":0.0025250000000000003,""rounds"":12}",
       100,        14,         0,   0.051,pymatching,147aae201578a8e88425abf52033e26dec3a8593b5f8c1c3d4f35d9a36061b89,"{""code"":""rotated_surface_code"",""diameter"":12,""noise_model"":""SD6_20"",""p"":0.002975,""rounds"":12}",
       100,        13,         0,   0.050,pymatching,9a510d6cbdf5d2f351d28b13fd616775421994507e4ab7fd0dcf3a0670590223,"{""code"":""rotated_surface_code"",""diameter"":12,""noise_model"":""SD6_20"",""p"":0.0027500000000000003,""rounds"":12}",
       100,        22,         0,   0.052,pymatching,8e33e0c2c4ecfd00713a898688d8365a4bf2fdb69e7fd0520f168ec7a10c4c4b,"{""code"":""rotated_surface_code"",""diameter"":12,""noise_model"":""SD6_20"",""p"":0.0032,""rounds"":12}",
       100,        26,         0,   0.054,pymatching,15e8f884dae65ffa7ab186a64091ea63af5df64c967e20bab00a16b42fd3296c,"{""code"":""rotated_surface_code"",""diameter"":12,""noise_model"":""SD6_20"",""p"":0.003425,""rounds"":12}",
       100,        29,         0,   0.055,pymatching,fe7079e8fcec7da005145db252914e89ef45b3e72b64beb20da37eff0444fbbd,"{""code"":""rotated_surface_code"",""diameter"":12,""noise_model"":""SD6_20"",""p"":0.0036500000000000005,""rounds"":12}",
       100,        34,         0,   0.057,pymatching,81af5397654aa624cc501fd2b27f8559c7ab2d9c29ab6bff5c3365798cead1f3,"{""code"":""rotated_surface_code"",""diameter"":12,""noise_model"":""SD6_20"",""p"":0.0038750000000000004,""rounds"":12}",
       100,        39,         0,   0.058,pymatching,9f9c52beb2912c8f09b556740c754d17248473d56af81fc5882cae5138ace556,"{""code"":""rotated_surface_code"",""diameter"":12,""noise_model"":""SD6_20"",""p"":0.0041,""rounds"":12}",
       100,        38,         0,   0.061,pymatching,b46ddcc9541d2f849246d4c357b08241df898b7b4cb0e978da27d9b599953e05,"{""code"":""rotated_surface_code"",""diameter"":12,""noise_model"":""SD6_20"",""p"":0.004325000000000001,""rounds"":12}",
       100,        41,         0,   0.060,pymatching,d6c3f058dae1504e3b23357b7f1765a80c62f325d458f125a3cebdcc72afbe73,"{""code"":""rotated_surface_code"",""diameter"":12,""noise_model"":""SD6_20"",""p"":0.00455,""rounds"":12}",
       100,        49,         0,   0.063,pymatching,4bb227670785c08561cc18299da3a69bb0aa990713ced21b4ffad1bf7d6aa649,"{""code"":""rotated_surface_code"",""diameter"":12,""noise_model"":""SD6_20"",""p"":0.004775,""rounds"":12}",
       100,        48,         0,   0.069,pymatching,b021ebf37bb5e21478c25b964b31b7677a4ac439cd5efceeb665253c85eb03f4,"{""code"":""rotated_surface_code"",""diameter"":12,""noise_model"":""SD6_20"",""p"":0.005,""rounds"":12}",
       100,         0,         0,   0.058,pymatching,5ed041a8a1c79eca6c7cd5018ff4dfe97a05d0e7a5a14474ea1a8e207bebfa87,"{""code"":""rotated_surface_code"",""diameter"":14,""noise_model"":""SD6_20"",""p"":0.0007250000000000001,""rounds"":14}",
       100,         0,         0,   0.058,pymatching,c031ca98a531878b648ccfa2239f6a091ef86d575391246e2e56bcfb3d182bc3,"{""code"":""rotated_surface_code"",""diameter"":14,""noise_model"":""SD6_20"",""p"":0.0005,""rounds"":14}",
       100,         0,         0,   0.057,pymatching,11dd6d0595dbabeb43fc753c23122f9de3b4a1bbae6b5808d7fa25bdece1c9f1,"{""code"":""rotated_surface_code"",""diameter"":14,""noise_model"":""SD6_20"",""p"":0.0009500000000000001,""rounds"":14}",
       100,         0,         0,   0.056,pymatching,b1b34589d4d1121771cd3f11e17889a5b150ee791b726ba3756a559e01018a59,"{""code"":""rotated_surface_code"",""diameter"":14,""noise_model"":""SD6_20"",""p"":0.001175,""rounds"":14}",
       100,         1,         0,   0.059,pymatching,1577fc804fbb347e9bfb59db9414afa334a8e966816e9e501d416fd18b94e81f,"{""code"":""rotated_surface_code"",""diameter"":14,""noise_model"":""SD6_20"",""p"":0.0014000000000000002,""rounds"":14}",
       100,         0,         0,   0.061,pymatching,7fbd50c38ed2bd7da1013cf779f2647343a3acfc22640312889e171f48c4fade,"{""code"":""rotated_surface_code"",""diameter"":14,""noise_model"":""SD6_20"",""p"":0.0016250000000000001,""rounds"":14}",
       100,         0,         0,   0.064,pymatching,223ee6a5b654930d17b76c4e86f1211b47781ef8c1055e291fb2a16b09bc769c,"{""code"":""rotated_surface_code"",""diameter"":14,""noise_model"":""SD6_20"",""p"":0.00185,""rounds"":14}",
       100,         0,         0,   0.066,pymatching,eed713bde10baece4ee2637f72f2d7a6a701aca663a5e0f9c9957aaf6a5a0db9,"{""code"":""rotated_surface_code"",""diameter"":14,""noise_model"":""SD6_20"",""p"":0.0020750000000000005,""rounds"":14}",
       100,         6,         0,   0.068,pymatching,6e4ac5af43c94e09582183c28e79f40b59d499394354a715c794fd482a404b82,"{""code"":""rotated_surface_code"",""diameter"":14,""noise_model"":""SD6_20"",""p"":0.0023,""rounds"":14}",
       100,         6,         0,   0.072,pymatching,650414e681b0b480b4e7454bce9e24b54e305f05df6c4514d7493f5cfe31cca7,"{""code"":""rotated_surface_code"",""diameter"":14,""noise_model"":""SD6_20"",""p"":0.0025250000000000003,""rounds"":14}",
       100,         7,         0,   0.078,pymatching,10f203d91176908db708164415e74683b5998d286a7d21b208d32329dc81bb9e,"{""code"":""rotated_surface_code"",""diameter"":14,""noise_model"":""SD6_20"",""p"":0.0027500000000000003,""rounds"":14}",
       100,        14,         0,   0.082,pymatching,8f0333f8c7a03702ccfd2180ba4343f6bba432b8fd2a4a76d8d003909c849e46,"{""code"":""rotated_surface_code"",""diameter"":14,""noise_model"":""SD6_20"",""p"":0.0032,""rounds"":14}",
       100,        26,         0,   0.082,pymatching,a6c51a72027a19839091ba6bf0a95047e3f12cee4bec34ae77e3874dde819a32,"{""code"":""rotated_surface_code"",""diameter"":14,""noise_model"":""SD6_20"",""p"":0.002975,""rounds"":14}",
       100,        27,         0,   0.084,pymatching,ca8c1cc88546896e3b5fd1dcb7b7210db69c63bacdd15275db602531f2973973,"{""code"":""rotated_surface_code"",""diameter"":14,""noise_model"":""SD6_20"",""p"":0.003425,""rounds"":14}",
       100,        26,         0,   0.087,pymatching,85a44430f8466d5213940532eb3a9599df013087cae749504b5094c06b5d0078,"{""code"":""rotated_surface_code"",""diameter"":14,""noise_model"":""SD6_20"",""p"":0.0036500000000000005,""rounds"":14}",
       100,        36,         0,   0.090,pymatching,6be0f490aa531e85905b250e201fe7e0fbb196d4383c78b8f7e85b71121a82b7,"{""code"":""rotated_surface_code"",""diameter"":14,""noise_model"":""SD6_20"",""p"":0.0038750000000000004,""rounds"":14}",
       100,        44,         0,   0.092,pymatching,eb0aefae03342582d4aea5b3166af08d3304bb7e76d56ee45fc45257c6257b05,"{""code"":""rotated_surface_code"",""diameter"":14,""noise_model"":""SD6_20"",""p"":0.0041,""rounds"":14}",
       100,        44,         0,   0.096,pymatching,5c41cbbc96b6ff8205cc9afc5cf0e37c6752678ff4147a28a47fdf0fc785d2dc,"{""code"":""rotated_surface_code"",""diameter"":14,""noise_model"":""SD6_20"",""p"":0.004325000000000001,""rounds"":14}",
       100,        48,         0,   0.098,pymatching,bd42015a94d77388101dd628679dbb1121659da1480457709104be251ef1a657,"{""code"":""rotated_surface_code"",""diameter"":14,""noise_model"":""SD6_20"",""p"":0.00455,""rounds"":14}",
       100,        53,         0,   0.103,pymatching,8b9aaafbda32b7ed846871000f5a4bb6eb8b4cf8717847d531956c2b58eb0dfb,"{""code"":""rotated_surface_code"",""diameter"":14,""noise_model"":""SD6_20"",""p"":0.004775,""rounds"":14}",
       100,        55,         0,   0.106,pymatching,b842f146960aa919efae9c9ec89e11241cb8946a04e792978489904efce5422e,"{""code"":""rotated_surface_code"",""diameter"":14,""noise_model"":""SD6_20"",""p"":0.005,""rounds"":14}",
       200,         0,         0,   0.460,pymatching,20dcf328d22d384c4d8c0fa9b85a38c10bd937254c86d453d77c4b5c13717bce,"{""code"":""double_measurement_surface_code"",""diameter"":4,""measurement_noise_factor"":1,""noise_model"":""SD6_1"",""p"":0.0005,""rounds"":4}",
       100,         0,         0,   0.457,pymatching,81ffb497ad079aaf3aab9da3be40230b8a901d7657d3f597980694f229f3feec,"{""code"":""double_measurement_surface_code"",""diameter"":4,""measurement_noise_factor"":1,""noise_model"":""SD6_1"",""p"":0.0007250000000000001,""rounds"":4}",
       200,         0,         0,   0.460,pymatching,81ffb497ad079aaf3aab9da3be40230b8a901d7657d3f597980694f229f3feec,"{""code"":""double_measurement_surface_code"",""diameter"":4,""measurement_noise_factor"":1,""noise_model"":""SD6_1"",""p"":0.0007250000000000001,""rounds"":4}",
       200,         0,         0,   0.453,pymatching,5d08b82a22b566296e7738c6d4640d1d4ea85298b19b92c092a74b62994c5303,"{""code"":""double_measurement_surface_code"",""diameter"":4,""measurement_noise_factor"":1,""noise_model"":""SD6_1"",""p"":0.001175,""rounds"":4}",
       200,         0,         0,   0.460,pymatching,81ffb497ad079aaf3aab9da3be40230b8a901d7657d3f597980694f229f3feec,"{""code"":""double_measurement_surface_code"",""diameter"":4,""measurement_noise_factor"":1,""noise_model"":""SD6_1"",""p"":0.0007250000000000001,""rounds"":4}",
       200,         0,         0,   0.460,pymatching,ac864cc4786cfa8548ff6d19f998603a1b57360be4182af0fbcac50870f2570a,"{""code"":""double_measurement_surface_code"",""diameter"":4,""measurement_noise_factor"":1,""noise_model"":""SD6_1"",""p"":0.0009500000000000001,""rounds"":4}",
       100,         0,         0,   0.462,pymatching,20dcf328d22d384c4d8c0fa9b85a38c10bd937254c86d453d77c4b5c13717bce,"{""code"":""double_measurement_surface_code"",""diameter"":4,""measurement_noise_factor"":1,""noise_model"":""SD6_1"",""p"":0.0005,""rounds"":4}",
       200,         0,         0,   0.462,pymatching,20dcf328d22d384c4d8c0fa9b85a38c10bd937254c86d453d77c4b5c13717bce,"{""code"":""double_measurement_surface_code"",""diameter"":4,""measurement_noise_factor"":1,""noise_model"":""SD6_1"",""p"":0.0005,""rounds"":4}",
       100,         0,         0,   0.459,pymatching,ac864cc4786cfa8548ff6d19f998603a1b57360be4182af0fbcac50870f2570a,"{""code"":""double_measurement_surface_code"",""diameter"":4,""measurement_noise_factor"":1,""noise_model"":""SD6_1"",""p"":0.0009500000000000001,""rounds"":4}",
       200,         0,         0,   0.459,pymatching,ac864cc4786cfa8548ff6d19f998603a1b57360be4182af0fbcac50870f2570a,"{""code"":""double_measurement_surface_code"",""diameter"":4,""measurement_noise_factor"":1,""noise_model"":""SD6_1"",""p"":0.0009500000000000001,""rounds"":4}",
       600,         1,         0,   0.002,pymatching,20dcf328d22d384c4d8c0fa9b85a38c10bd937254c86d453d77c4b5c13717bce,"{""code"":""double_measurement_surface_code"",""diameter"":4,""measurement_noise_factor"":1,""noise_model"":""SD6_1"",""p"":0.0005,""rounds"":4}",
       600,         0,         0,   0.002,pymatching,20dcf328d22d384c4d8c0fa9b85a38c10bd937254c86d453d77c4b5c13717bce,"{""code"":""double_measurement_surface_code"",""diameter"":4,""measurement_noise_factor"":1,""noise_model"":""SD6_1"",""p"":0.0005,""rounds"":4}",
       800,         0,         0,   0.002,pymatching,81ffb497ad079aaf3aab9da3be40230b8a901d7657d3f597980694f229f3feec,"{""code"":""double_measurement_surface_code"",""diameter"":4,""measurement_noise_factor"":1,""noise_model"":""SD6_1"",""p"":0.0007250000000000001,""rounds"":4}",
       200,         0,         0,   0.002,pymatching,81ffb497ad079aaf3aab9da3be40230b8a901d7657d3f597980694f229f3feec,"{""code"":""double_measurement_surface_code"",""diameter"":4,""measurement_noise_factor"":1,""noise_model"":""SD6_1"",""p"":0.0007250000000000001,""rounds"":4}",
       800,         1,         0,   0.002,pymatching,81ffb497ad079aaf3aab9da3be40230b8a901d7657d3f597980694f229f3feec,"{""code"":""double_measurement_surface_code"",""diameter"":4,""measurement_noise_factor"":1,""noise_model"":""SD6_1"",""p"":0.0007250000000000001,""rounds"":4}",
      1200,         0,         0,   0.004,pymatching,81ffb497ad079aaf3aab9da3be40230b8a901d7657d3f597980694f229f3feec,"{""code"":""double_measurement_surface_code"",""diameter"":4,""measurement_noise_factor"":1,""noise_model"":""SD6_1"",""p"":0.0007250000000000001,""rounds"":4}",
       600,         0,         0,   0.002,pymatching,20dcf328d22d384c4d8c0fa9b85a38c10bd937254c86d453d77c4b5c13717bce,"{""code"":""double_measurement_surface_code"",""diameter"":4,""measurement_noise_factor"":1,""noise_model"":""SD6_1"",""p"":0.0005,""rounds"":4}",
       800,         3,         0,   0.003,pymatching,ac864cc4786cfa8548ff6d19f998603a1b57360be4182af0fbcac50870f2570a,"{""code"":""double_measurement_surface_code"",""diameter"":4,""measurement_noise_factor"":1,""noise_model"":""SD6_1"",""p"":0.0009500000000000001,""rounds"":4}",
      1200,         0,         0,   0.003,pymatching,20dcf328d22d384c4d8c0fa9b85a38c10bd937254c86d453d77c4b5c13717bce,"{""code"":""double_measurement_surface_code"",""diameter"":4,""measurement_noise_factor"":1,""noise_model"":""SD6_1"",""p"":0.0005,""rounds"":4}",
      1200,         3,         0,   0.003,pymatching,ac864cc4786cfa8548ff6d19f998603a1b57360be4182af0fbcac50870f2570a,"{""code"":""double_measurement_surface_code"",""diameter"":4,""measurement_noise_factor"":1,""noise_model"":""SD6_1"",""p"":0.0009500000000000001,""rounds"":4}",
      2400,         0,         0,   0.004,pymatching,20dcf328d22d384c4d8c0fa9b85a38c10bd937254c86d453d77c4b5c13717bce,"{""code"":""double_measurement_surface_code"",""diameter"":4,""measurement_noise_factor"":1,""noise_model"":""SD6_1"",""p"":0.0005,""rounds"":4}",
      1200,         1,         0,   0.005,pymatching,20dcf328d22d384c4d8c0fa9b85a38c10bd937254c86d453d77c4b5c13717bce,"{""code"":""double_measurement_surface_code"",""diameter"":4,""measurement_noise_factor"":1,""noise_model"":""SD6_1"",""p"":0.0005,""rounds"":4}",
      3600,         2,         0,   0.006,pymatching,20dcf328d22d384c4d8c0fa9b85a38c10bd937254c86d453d77c4b5c13717bce,"{""code"":""double_measurement_surface_code"",""diameter"":4,""measurement_noise_factor"":1,""noise_model"":""SD6_1"",""p"":0.0005,""rounds"":4}",
      3200,         3,         0,   0.007,pymatching,81ffb497ad079aaf3aab9da3be40230b8a901d7657d3f597980694f229f3feec,"{""code"":""double_measurement_surface_code"",""diameter"":4,""measurement_noise_factor"":1,""noise_model"":""SD6_1"",""p"":0.0007250000000000001,""rounds"":4}",
      3600,         2,         0,   0.006,pymatching,20dcf328d22d384c4d8c0fa9b85a38c10bd937254c86d453d77c4b5c13717bce,"{""code"":""double_measurement_surface_code"",""diameter"":4,""measurement_noise_factor"":1,""noise_model"":""SD6_1"",""p"":0.0005,""rounds"":4}",
      2800,         2,         0,   0.006,pymatching,81ffb497ad079aaf3aab9da3be40230b8a901d7657d3f597980694f229f3feec,"{""code"":""double_measurement_surface_code"",""diameter"":4,""measurement_noise_factor"":1,""noise_model"":""SD6_1"",""p"":0.0007250000000000001,""rounds"":4}",
      4800,         2,         0,   0.008,pymatching,81ffb497ad079aaf3aab9da3be40230b8a901d7657d3f597980694f229f3feec,"{""code"":""double_measurement_surface_code"",""diameter"":4,""measurement_noise_factor"":1,""noise_model"":""SD6_1"",""p"":0.0007250000000000001,""rounds"":4}",
      7200,         6,         0,   0.011,pymatching,81ffb497ad079aaf3aab9da3be40230b8a901d7657d3f597980694f229f3feec,"{""code"":""double_measurement_surface_code"",""diameter"":4,""measurement_noise_factor"":1,""noise_model"":""SD6_1"",""p"":0.0007250000000000001,""rounds"":4}",
      7200,         3,         0,   0.010,pymatching,20dcf328d22d384c4d8c0fa9b85a38c10bd937254c86d453d77c4b5c13717bce,"{""code"":""double_measurement_surface_code"",""diameter"":4,""measurement_noise_factor"":1,""noise_model"":""SD6_1"",""p"":0.0005,""rounds"":4}",
      5200,         4,         0,   0.011,pymatching,ac864cc4786cfa8548ff6d19f998603a1b57360be4182af0fbcac50870f2570a,"{""code"":""double_measurement_surface_code"",""diameter"":4,""measurement_noise_factor"":1,""noise_model"":""SD6_1"",""p"":0.0009500000000000001,""rounds"":4}",
      9600,         2,         0,   0.013,pymatching,20dcf328d22d384c4d8c0fa9b85a38c10bd937254c86d453d77c4b5c13717bce,"{""code"":""double_measurement_surface_code"",""diameter"":4,""measurement_noise_factor"":1,""noise_model"":""SD6_1"",""p"":0.0005,""rounds"":4}",
     12000,         6,         0,   0.016,pymatching,20dcf328d22d384c4d8c0fa9b85a38c10bd937254c86d453d77c4b5c13717bce,"{""code"":""double_measurement_surface_code"",""diameter"":4,""measurement_noise_factor"":1,""noise_model"":""SD6_1"",""p"":0.0005,""rounds"":4}",
      3200,         3,         0,   0.011,pymatching,81ffb497ad079aaf3aab9da3be40230b8a901d7657d3f597980694f229f3feec,"{""code"":""double_measurement_surface_code"",""diameter"":4,""measurement_noise_factor"":1,""noise_model"":""SD6_1"",""p"":0.0007250000000000001,""rounds"":4}",
     21600,         5,         0,   0.029,pymatching,20dcf328d22d384c4d8c0fa9b85a38c10bd937254c86d453d77c4b5c13717bce,"{""code"":""double_measurement_surface_code"",""diameter"":4,""measurement_noise_factor"":1,""noise_model"":""SD6_1"",""p"":0.0005,""rounds"":4}",
     19200,        14,         0,   0.031,pymatching,81ffb497ad079aaf3aab9da3be40230b8a901d7657d3f597980694f229f3feec,"{""code"":""double_measurement_surface_code"",""diameter"":4,""measurement_noise_factor"":1,""noise_model"":""SD6_1"",""p"":0.0007250000000000001,""rounds"":4}",
     13600,         8,         0,   0.033,pymatching,81ffb497ad079aaf3aab9da3be40230b8a901d7657d3f597980694f229f3feec,"{""code"":""double_measurement_surface_code"",""diameter"":4,""measurement_noise_factor"":1,""noise_model"":""SD6_1"",""p"":0.0007250000000000001,""rounds"":4}",
     21600,         5,         0,   0.038,pymatching,20dcf328d22d384c4d8c0fa9b85a38c10bd937254c86d453d77c4b5c13717bce,"{""code"":""double_measurement_surface_code"",""diameter"":4,""measurement_noise_factor"":1,""noise_model"":""SD6_1"",""p"":0.0005,""rounds"":4}",
     28800,        25,         0,   0.049,pymatching,81ffb497ad079aaf3aab9da3be40230b8a901d7657d3f597980694f229f3feec,"{""code"":""double_measurement_surface_code"",""diameter"":4,""measurement_noise_factor"":1,""noise_model"":""SD6_1"",""p"":0.0007250000000000001,""rounds"":4}",
     19200,        10,         0,   0.030,pymatching,81ffb497ad079aaf3aab9da3be40230b8a901d7657d3f597980694f229f3feec,"{""code"":""double_measurement_surface_code"",""diameter"":4,""measurement_noise_factor"":1,""noise_model"":""SD6_1"",""p"":0.0007250000000000001,""rounds"":4}",
     43200,        27,         0,   0.062,pymatching,81ffb497ad079aaf3aab9da3be40230b8a901d7657d3f597980694f229f3feec,"{""code"":""double_measurement_surface_code"",""diameter"":4,""measurement_noise_factor"":1,""noise_model"":""SD6_1"",""p"":0.0007250000000000001,""rounds"":4}",
     43200,         8,         0,   0.068,pymatching,20dcf328d22d384c4d8c0fa9b85a38c10bd937254c86d453d77c4b5c13717bce,"{""code"":""double_measurement_surface_code"",""diameter"":4,""measurement_noise_factor"":1,""noise_model"":""SD6_1"",""p"":0.0005,""rounds"":4}",
     57600,        21,         0,   0.091,pymatching,20dcf328d22d384c4d8c0fa9b85a38c10bd937254c86d453d77c4b5c13717bce,"{""code"":""double_measurement_surface_code"",""diameter"":4,""measurement_noise_factor"":1,""noise_model"":""SD6_1"",""p"":0.0005,""rounds"":4}",
     72000,        26,         0,   0.108,pymatching,20dcf328d22d384c4d8c0fa9b85a38c10bd937254c86d453d77c4b5c13717bce,"{""code"":""double_measurement_surface_code"",""diameter"":4,""measurement_noise_factor"":1,""noise_model"":""SD6_1"",""p"":0.0005,""rounds"":4}",
     88000,        58,         0,   0.144,pymatching,81ffb497ad079aaf3aab9da3be40230b8a901d7657d3f597980694f229f3feec,"{""code"":""double_measurement_surface_code"",""diameter"":4,""measurement_noise_factor"":1,""noise_model"":""SD6_1"",""p"":0.0007250000000000001,""rounds"":4}",
    129600,        49,         0,   0.197,pymatching,20dcf328d22d384c4d8c0fa9b85a38c10bd937254c86d453d77c4b5c13717bce,"{""code"":""double_measurement_surface_code"",""diameter"":4,""measurement_noise_factor"":1,""noise_model"":""SD6_1"",""p"":0.0005,""rounds"":4}",
    108800,        66,         0,   0.193,pymatching,81ffb497ad079aaf3aab9da3be40230b8a901d7657d3f597980694f229f3feec,"{""code"":""double_measurement_surface_code"",""diameter"":4,""measurement_noise_factor"":1,""noise_model"":""SD6_1"",""p"":0.0007250000000000001,""rounds"":4}",
    129600,        48,         0,   0.197,pymatching,20dcf328d22d384c4d8c0fa9b85a38c10bd937254c86d453d77c4b5c13717bce,"{""code"":""double_measurement_surface_code"",""diameter"":4,""measurement_noise_factor"":1,""noise_model"":""SD6_1"",""p"":0.0005,""rounds"":4}",
    115200,        74,         0,   0.196,pymatching,81ffb497ad079aaf3aab9da3be40230b8a901d7657d3f597980694f229f3feec,"{""code"":""double_measurement_surface_code"",""diameter"":4,""measurement_noise_factor"":1,""noise_model"":""SD6_1"",""p"":0.0007250000000000001,""rounds"":4}",
      6816,         8,         0,   0.014,pymatching,81ffb497ad079aaf3aab9da3be40230b8a901d7657d3f597980694f229f3feec,"{""code"":""double_measurement_surface_code"",""diameter"":4,""measurement_noise_factor"":1,""noise_model"":""SD6_1"",""p"":0.0007250000000000001,""rounds"":4}",
     15600,        26,         0,   0.033,pymatching,ac864cc4786cfa8548ff6d19f998603a1b57360be4182af0fbcac50870f2570a,"{""code"":""double_measurement_surface_code"",""diameter"":4,""measurement_noise_factor"":1,""noise_model"":""SD6_1"",""p"":0.0009500000000000001,""rounds"":4}",
    172800,       120,         0,   0.278,pymatching,81ffb497ad079aaf3aab9da3be40230b8a901d7657d3f597980694f229f3feec,"{""code"":""double_measurement_surface_code"",""diameter"":4,""measurement_noise_factor"":1,""noise_model"":""SD6_1"",""p"":0.0007250000000000001,""rounds"":4}",
     46800,        60,         0,   0.085,pymatching,ac864cc4786cfa8548ff6d19f998603a1b57360be4182af0fbcac50870f2570a,"{""code"":""double_measurement_surface_code"",""diameter"":4,""measurement_noise_factor"":1,""noise_model"":""SD6_1"",""p"":0.0009500000000000001,""rounds"":4}",
     46800,        51,         0,   0.082,pymatching,ac864cc4786cfa8548ff6d19f998603a1b57360be4182af0fbcac50870f2570a,"{""code"":""double_measurement_surface_code"",""diameter"":4,""measurement_noise_factor"":1,""noise_model"":""SD6_1"",""p"":0.0009500000000000001,""rounds"":4}",
    259200,       180,         0,   0.391,pymatching,81ffb497ad079aaf3aab9da3be40230b8a901d7657d3f597980694f229f3feec,"{""code"":""double_measurement_surface_code"",""diameter"":4,""measurement_noise_factor"":1,""noise_model"":""SD6_1"",""p"":0.0007250000000000001,""rounds"":4}",
    259200,        84,         0,   0.387,pymatching,20dcf328d22d384c4d8c0fa9b85a38c10bd937254c86d453d77c4b5c13717bce,"{""code"":""double_measurement_surface_code"",""diameter"":4,""measurement_noise_factor"":1,""noise_model"":""SD6_1"",""p"":0.0005,""rounds"":4}",
    167395,       112,         0,   0.271,pymatching,81ffb497ad079aaf3aab9da3be40230b8a901d7657d3f597980694f229f3feec,"{""code"":""double_measurement_surface_code"",""diameter"":4,""measurement_noise_factor"":1,""noise_model"":""SD6_1"",""p"":0.0007250000000000001,""rounds"":4}",
       600,         0,         0,   0.006,pymatching,5d08b82a22b566296e7738c6d4640d1d4ea85298b19b92c092a74b62994c5303,"{""code"":""double_measurement_surface_code"",""diameter"":4,""measurement_noise_factor"":1,""noise_model"":""SD6_1"",""p"":0.001175,""rounds"":4}",
      1800,         6,         0,   0.010,pymatching,5d08b82a22b566296e7738c6d4640d1d4ea85298b19b92c092a74b62994c5303,"{""code"":""double_measurement_surface_code"",""diameter"":4,""measurement_noise_factor"":1,""noise_model"":""SD6_1"",""p"":0.001175,""rounds"":4}",
      5400,        10,         0,   0.013,pymatching,5d08b82a22b566296e7738c6d4640d1d4ea85298b19b92c092a74b62994c5303,"{""code"":""double_measurement_surface_code"",""diameter"":4,""measurement_noise_factor"":1,""noise_model"":""SD6_1"",""p"":0.001175,""rounds"":4}",
     65649,        19,         0,   0.107,pymatching,20dcf328d22d384c4d8c0fa9b85a38c10bd937254c86d453d77c4b5c13717bce,"{""code"":""double_measurement_surface_code"",""diameter"":4,""measurement_noise_factor"":1,""noise_model"":""SD6_1"",""p"":0.0005,""rounds"":4}",
     16200,        28,         0,   0.032,pymatching,5d08b82a22b566296e7738c6d4640d1d4ea85298b19b92c092a74b62994c5303,"{""code"":""double_measurement_surface_code"",""diameter"":4,""measurement_noise_factor"":1,""noise_model"":""SD6_1"",""p"":0.001175,""rounds"":4}",
    345600,        86,         0,   0.525,pymatching,20dcf328d22d384c4d8c0fa9b85a38c10bd937254c86d453d77c4b5c13717bce,"{""code"":""double_measurement_surface_code"",""diameter"":4,""measurement_noise_factor"":1,""noise_model"":""SD6_1"",""p"":0.0005,""rounds"":4}",
    140400,       148,         0,   0.237,pymatching,ac864cc4786cfa8548ff6d19f998603a1b57360be4182af0fbcac50870f2570a,"{""code"":""double_measurement_surface_code"",""diameter"":4,""measurement_noise_factor"":1,""noise_model"":""SD6_1"",""p"":0.0009500000000000001,""rounds"":4}",
     34327,         9,         0,   0.061,pymatching,20dcf328d22d384c4d8c0fa9b85a38c10bd937254c86d453d77c4b5c13717bce,"{""code"":""double_measurement_surface_code"",""diameter"":4,""measurement_noise_factor"":1,""noise_model"":""SD6_1"",""p"":0.0005,""rounds"":4}",
     14144,         3,         0,   0.027,pymatching,20dcf328d22d384c4d8c0fa9b85a38c10bd937254c86d453d77c4b5c13717bce,"{""code"":""double_measurement_surface_code"",""diameter"":4,""measurement_noise_factor"":1,""noise_model"":""SD6_1"",""p"":0.0005,""rounds"":4}",
     48600,        96,         0,   0.090,pymatching,5d08b82a22b566296e7738c6d4640d1d4ea85298b19b92c092a74b62994c5303,"{""code"":""double_measurement_surface_code"",""diameter"":4,""measurement_noise_factor"":1,""noise_model"":""SD6_1"",""p"":0.001175,""rounds"":4}",
     11679,         2,         0,   0.019,pymatching,20dcf328d22d384c4d8c0fa9b85a38c10bd937254c86d453d77c4b5c13717bce,"{""code"":""double_measurement_surface_code"",""diameter"":4,""measurement_noise_factor"":1,""noise_model"":""SD6_1"",""p"":0.0005,""rounds"":4}",
     13575,         2,         0,   0.021,pymatching,20dcf328d22d384c4d8c0fa9b85a38c10bd937254c86d453d77c4b5c13717bce,"{""code"":""double_measurement_surface_code"",""diameter"":4,""measurement_noise_factor"":1,""noise_model"":""SD6_1"",""p"":0.0005,""rounds"":4}",
     18374,         8,         0,   0.033,pymatching,20dcf328d22d384c4d8c0fa9b85a38c10bd937254c86d453d77c4b5c13717bce,"{""code"":""double_measurement_surface_code"",""diameter"":4,""measurement_noise_factor"":1,""noise_model"":""SD6_1"",""p"":0.0005,""rounds"":4}",
    432000,       121,         0,   0.655,pymatching,20dcf328d22d384c4d8c0fa9b85a38c10bd937254c86d453d77c4b5c13717bce,"{""code"":""double_measurement_surface_code"",""diameter"":4,""measurement_noise_factor"":1,""noise_model"":""SD6_1"",""p"":0.0005,""rounds"":4}",
    210600,       261,         0,   0.375,pymatching,ac864cc4786cfa8548ff6d19f998603a1b57360be4182af0fbcac50870f2570a,"{""code"":""double_measurement_surface_code"",""diameter"":4,""measurement_noise_factor"":1,""noise_model"":""SD6_1"",""p"":0.0009500000000000001,""rounds"":4}",
    234000,       278,         0,   0.423,pymatching,ac864cc4786cfa8548ff6d19f998603a1b57360be4182af0fbcac50870f2570a,"{""code"":""double_measurement_surface_code"",""diameter"":4,""measurement_noise_factor"":1,""noise_model"":""SD6_1"",""p"":0.0009500000000000001,""rounds"":4}",
       200,         0,         0,   0.005,pymatching,9915c6c7200e4ea1915351cf4b702ac3e2fcfa9ecc64c3442a10ef929b43c737,"{""code"":""double_measurement_surface_code"",""diameter"":4,""measurement_noise_factor"":1,""noise_model"":""SD6_1"",""p"":0.0014000000000000002,""rounds"":4}",
       600,         3,         0,   0.005,pymatching,9915c6c7200e4ea1915351cf4b702ac3e2fcfa9ecc64c3442a10ef929b43c737,"{""code"":""double_measurement_surface_code"",""diameter"":4,""measurement_noise_factor"":1,""noise_model"":""SD6_1"",""p"":0.0014000000000000002,""rounds"":4}",
     53330,         7,         0,   0.094,pymatching,20dcf328d22d384c4d8c0fa9b85a38c10bd937254c86d453d77c4b5c13717bce,"{""code"":""double_measurement_surface_code"",""diameter"":4,""measurement_noise_factor"":1,""noise_model"":""SD6_1"",""p"":0.0005,""rounds"":4}",
      1800,         5,         0,   0.010,pymatching,9915c6c7200e4ea1915351cf4b702ac3e2fcfa9ecc64c3442a10ef929b43c737,"{""code"":""double_measurement_surface_code"",""diameter"":4,""measurement_noise_factor"":1,""noise_model"":""SD6_1"",""p"":0.0014000000000000002,""rounds"":4}",
      5400,        12,         0,   0.011,pymatching,9915c6c7200e4ea1915351cf4b702ac3e2fcfa9ecc64c3442a10ef929b43c737,"{""code"":""double_measurement_surface_code"",""diameter"":4,""measurement_noise_factor"":1,""noise_model"":""SD6_1"",""p"":0.0014000000000000002,""rounds"":4}",
    170206,       214,         0,   0.320,pymatching,ac864cc4786cfa8548ff6d19f998603a1b57360be4182af0fbcac50870f2570a,"{""code"":""double_measurement_surface_code"",""diameter"":4,""measurement_noise_factor"":1,""noise_model"":""SD6_1"",""p"":0.0009500000000000001,""rounds"":4}",
    473600,       274,         0,   0.780,pymatching,81ffb497ad079aaf3aab9da3be40230b8a901d7657d3f597980694f229f3feec,"{""code"":""double_measurement_surface_code"",""diameter"":4,""measurement_noise_factor"":1,""noise_model"":""SD6_1"",""p"":0.0007250000000000001,""rounds"":4}",
    145800,       234,         0,   0.286,pymatching,5d08b82a22b566296e7738c6d4640d1d4ea85298b19b92c092a74b62994c5303,"{""code"":""double_measurement_surface_code"",""diameter"":4,""measurement_noise_factor"":1,""noise_model"":""SD6_1"",""p"":0.001175,""rounds"":4}",
     16200,        40,         0,   0.071,pymatching,9915c6c7200e4ea1915351cf4b702ac3e2fcfa9ecc64c3442a10ef929b43c737,"{""code"":""double_measurement_surface_code"",""diameter"":4,""measurement_noise_factor"":1,""noise_model"":""SD6_1"",""p"":0.0014000000000000002,""rounds"":4}",
     13950,         6,         0,   0.028,pymatching,81ffb497ad079aaf3aab9da3be40230b8a901d7657d3f597980694f229f3feec,"{""code"":""double_measurement_surface_code"",""diameter"":4,""measurement_noise_factor"":1,""noise_model"":""SD6_1"",""p"":0.0007250000000000001,""rounds"":4}",
     72900,       122,         0,   0.161,pymatching,5d08b82a22b566296e7738c6d4640d1d4ea85298b19b92c092a74b62994c5303,"{""code"":""double_measurement_surface_code"",""diameter"":4,""measurement_noise_factor"":1,""noise_model"":""SD6_1"",""p"":0.001175,""rounds"":4}",
     16200,        38,         0,   0.038,pymatching,9915c6c7200e4ea1915351cf4b702ac3e2fcfa9ecc64c3442a10ef929b43c737,"{""code"":""double_measurement_surface_code"",""diameter"":4,""measurement_noise_factor"":1,""noise_model"":""SD6_1"",""p"":0.0014000000000000002,""rounds"":4}",
      4664,         4,         0,   0.010,pymatching,81ffb497ad079aaf3aab9da3be40230b8a901d7657d3f597980694f229f3feec,"{""code"":""double_measurement_surface_code"",""diameter"":4,""measurement_noise_factor"":1,""noise_model"":""SD6_1"",""p"":0.0007250000000000001,""rounds"":4}",
     57758,        22,         0,   0.135,pymatching,20dcf328d22d384c4d8c0fa9b85a38c10bd937254c86d453d77c4b5c13717bce,"{""code"":""double_measurement_surface_code"",""diameter"":4,""measurement_noise_factor"":1,""noise_model"":""SD6_1"",""p"":0.0005,""rounds"":4}",
      3904,         4,         0,   0.014,pymatching,5d08b82a22b566296e7738c6d4640d1d4ea85298b19b92c092a74b62994c5303,"{""code"":""double_measurement_surface_code"",""diameter"":4,""measurement_noise_factor"":1,""noise_model"":""SD6_1"",""p"":0.001175,""rounds"":4}",
       200,         1,         0,   0.002,pymatching,85583259e22c39d4cac50004d7e94d995e0a176e5bd3de7b86c888e1404a794d,"{""code"":""double_measurement_surface_code"",""diameter"":4,""measurement_noise_factor"":1,""noise_model"":""SD6_1"",""p"":0.0016250000000000001,""rounds"":4}",
      3121,         3,         0,   0.007,pymatching,5d08b82a22b566296e7738c6d4640d1d4ea85298b19b92c092a74b62994c5303,"{""code"":""double_measurement_surface_code"",""diameter"":4,""measurement_noise_factor"":1,""noise_model"":""SD6_1"",""p"":0.001175,""rounds"":4}",
    242860,        62,         0,   0.417,pymatching,20dcf328d22d384c4d8c0fa9b85a38c10bd937254c86d453d77c4b5c13717bce,"{""code"":""double_measurement_surface_code"",""diameter"":4,""measurement_noise_factor"":1,""noise_model"":""SD6_1"",""p"":0.0005,""rounds"":4}",
      2691,         5,         0,   0.010,pymatching,5d08b82a22b566296e7738c6d4640d1d4ea85298b19b92c092a74b62994c5303,"{""code"":""double_measurement_surface_code"",""diameter"":4,""measurement_noise_factor"":1,""noise_model"":""SD6_1"",""p"":0.001175,""rounds"":4}",
    145800,       274,         0,   0.292,pymatching,5d08b82a22b566296e7738c6d4640d1d4ea85298b19b92c092a74b62994c5303,"{""code"":""double_measurement_surface_code"",""diameter"":4,""measurement_noise_factor"":1,""noise_model"":""SD6_1"",""p"":0.001175,""rounds"":4}",
       600,         3,         0,   0.006,pymatching,85583259e22c39d4cac50004d7e94d995e0a176e5bd3de7b86c888e1404a794d,"{""code"":""double_measurement_surface_code"",""diameter"":4,""measurement_noise_factor"":1,""noise_model"":""SD6_1"",""p"":0.0016250000000000001,""rounds"":4}",
       300,         2,         0,   0.005,pymatching,85583259e22c39d4cac50004d7e94d995e0a176e5bd3de7b86c888e1404a794d,"{""code"":""double_measurement_surface_code"",""diameter"":4,""measurement_noise_factor"":1,""noise_model"":""SD6_1"",""p"":0.0016250000000000001,""rounds"":4}",
       600,         4,         0,   0.012,pymatching,85583259e22c39d4cac50004d7e94d995e0a176e5bd3de7b86c888e1404a794d,"{""code"":""double_measurement_surface_code"",""diameter"":4,""measurement_noise_factor"":1,""noise_model"":""SD6_1"",""p"":0.0016250000000000001,""rounds"":4}",
      1800,         8,         0,   0.008,pymatching,85583259e22c39d4cac50004d7e94d995e0a176e5bd3de7b86c888e1404a794d,"{""code"":""double_measurement_surface_code"",""diameter"":4,""measurement_noise_factor"":1,""noise_model"":""SD6_1"",""p"":0.0016250000000000001,""rounds"":4}",
      2400,        10,         0,   0.007,pymatching,85583259e22c39d4cac50004d7e94d995e0a176e5bd3de7b86c888e1404a794d,"{""code"":""double_measurement_surface_code"",""diameter"":4,""measurement_noise_factor"":1,""noise_model"":""SD6_1"",""p"":0.0016250000000000001,""rounds"":4}",
    555845,       165,         0,   0.852,pymatching,20dcf328d22d384c4d8c0fa9b85a38c10bd937254c86d453d77c4b5c13717bce,"{""code"":""double_measurement_surface_code"",""diameter"":4,""measurement_noise_factor"":1,""noise_model"":""SD6_1"",""p"":0.0005,""rounds"":4}",
      3600,        14,         0,   0.044,pymatching,85583259e22c39d4cac50004d7e94d995e0a176e5bd3de7b86c888e1404a794d,"{""code"":""double_measurement_surface_code"",""diameter"":4,""measurement_noise_factor"":1,""noise_model"":""SD6_1"",""p"":0.0016250000000000001,""rounds"":4}",
     26266,         8,         0,   0.070,pymatching,20dcf328d22d384c4d8c0fa9b85a38c10bd937254c86d453d77c4b5c13717bce,"{""code"":""double_measurement_surface_code"",""diameter"":4,""measurement_noise_factor"":1,""noise_model"":""SD6_1"",""p"":0.0005,""rounds"":4}",
      7200,        32,         0,   0.055,pymatching,85583259e22c39d4cac50004d7e94d995e0a176e5bd3de7b86c888e1404a794d,"{""code"":""double_measurement_surface_code"",""diameter"":4,""measurement_noise_factor"":1,""noise_model"":""SD6_1"",""p"":0.0016250000000000001,""rounds"":4}",
      7200,        24,         0,   0.021,pymatching,85583259e22c39d4cac50004d7e94d995e0a176e5bd3de7b86c888e1404a794d,"{""code"":""double_measurement_surface_code"",""diameter"":4,""measurement_noise_factor"":1,""noise_model"":""SD6_1"",""p"":0.0016250000000000001,""rounds"":4}",
     48600,       139,         0,   0.172,pymatching,9915c6c7200e4ea1915351cf4b702ac3e2fcfa9ecc64c3442a10ef929b43c737,"{""code"":""double_measurement_surface_code"",""diameter"":4,""measurement_noise_factor"":1,""noise_model"":""SD6_1"",""p"":0.0014000000000000002,""rounds"":4}",
      2400,        11,         0,   0.011,pymatching,85583259e22c39d4cac50004d7e94d995e0a176e5bd3de7b86c888e1404a794d,"{""code"":""double_measurement_surface_code"",""diameter"":4,""measurement_noise_factor"":1,""noise_model"":""SD6_1"",""p"":0.0016250000000000001,""rounds"":4}",
     12000,        63,         0,   0.051,pymatching,85583259e22c39d4cac50004d7e94d995e0a176e5bd3de7b86c888e1404a794d,"{""code"":""double_measurement_surface_code"",""diameter"":4,""measurement_noise_factor"":1,""noise_model"":""SD6_1"",""p"":0.0016250000000000001,""rounds"":4}",
     19200,        61,         0,   0.036,pymatching,85583259e22c39d4cac50004d7e94d995e0a176e5bd3de7b86c888e1404a794d,"{""code"":""double_measurement_surface_code"",""diameter"":4,""measurement_noise_factor"":1,""noise_model"":""SD6_1"",""p"":0.0016250000000000001,""rounds"":4}",
     19200,        59,         0,   0.044,pymatching,85583259e22c39d4cac50004d7e94d995e0a176e5bd3de7b86c888e1404a794d,"{""code"":""double_measurement_surface_code"",""diameter"":4,""measurement_noise_factor"":1,""noise_model"":""SD6_1"",""p"":0.0016250000000000001,""rounds"":4}",
     33600,       126,         0,   0.069,pymatching,85583259e22c39d4cac50004d7e94d995e0a176e5bd3de7b86c888e1404a794d,"{""code"":""double_measurement_surface_code"",""diameter"":4,""measurement_noise_factor"":1,""noise_model"":""SD6_1"",""p"":0.0016250000000000001,""rounds"":4}",
     81000,       179,         0,   0.208,pymatching,9915c6c7200e4ea1915351cf4b702ac3e2fcfa9ecc64c3442a10ef929b43c737,"{""code"":""double_measurement_surface_code"",""diameter"":4,""measurement_noise_factor"":1,""noise_model"":""SD6_1"",""p"":0.0014000000000000002,""rounds"":4}",
      1372,         5,         0,   0.008,pymatching,85583259e22c39d4cac50004d7e94d995e0a176e5bd3de7b86c888e1404a794d,"{""code"":""double_measurement_surface_code"",""diameter"":4,""measurement_noise_factor"":1,""noise_model"":""SD6_1"",""p"":0.0016250000000000001,""rounds"":4}",
       129,         1,         0,   0.004,pymatching,85583259e22c39d4cac50004d7e94d995e0a176e5bd3de7b86c888e1404a794d,"{""code"":""double_measurement_surface_code"",""diameter"":4,""measurement_noise_factor"":1,""noise_model"":""SD6_1"",""p"":0.0016250000000000001,""rounds"":4}",
     72900,       196,         0,   0.218,pymatching,9915c6c7200e4ea1915351cf4b702ac3e2fcfa9ecc64c3442a10ef929b43c737,"{""code"":""double_measurement_surface_code"",""diameter"":4,""measurement_noise_factor"":1,""noise_model"":""SD6_1"",""p"":0.0014000000000000002,""rounds"":4}",
       200,         2,         0,   0.004,pymatching,d30a325c0002f4bd2dd9a7f56ed035d54e17bf96fdd498d8b4290b8dfd3f4cef,"{""code"":""double_measurement_surface_code"",""diameter"":4,""measurement_noise_factor"":1,""noise_model"":""SD6_1"",""p"":0.00185,""rounds"":4}",
     24259,        83,         0,   0.060,pymatching,85583259e22c39d4cac50004d7e94d995e0a176e5bd3de7b86c888e1404a794d,"{""code"":""double_measurement_surface_code"",""diameter"":4,""measurement_noise_factor"":1,""noise_model"":""SD6_1"",""p"":0.0016250000000000001,""rounds"":4}",
       200,         1,         0,   0.005,pymatching,d30a325c0002f4bd2dd9a7f56ed035d54e17bf96fdd498d8b4290b8dfd3f4cef,"{""code"":""double_measurement_surface_code"",""diameter"":4,""measurement_noise_factor"":1,""noise_model"":""SD6_1"",""p"":0.00185,""rounds"":4}",
     16009,        66,         0,   0.039,pymatching,85583259e22c39d4cac50004d7e94d995e0a176e5bd3de7b86c888e1404a794d,"{""code"":""double_measurement_surface_code"",""diameter"":4,""measurement_noise_factor"":1,""noise_model"":""SD6_1"",""p"":0.0016250000000000001,""rounds"":4}",
      1000,         8,         0,   0.003,pymatching,d30a325c0002f4bd2dd9a7f56ed035d54e17bf96fdd498d8b4290b8dfd3f4cef,"{""code"":""double_measurement_surface_code"",""diameter"":4,""measurement_noise_factor"":1,""noise_model"":""SD6_1"",""p"":0.00185,""rounds"":4}",
       600,         2,         0,   0.005,pymatching,d30a325c0002f4bd2dd9a7f56ed035d54e17bf96fdd498d8b4290b8dfd3f4cef,"{""code"":""double_measurement_surface_code"",""diameter"":4,""measurement_noise_factor"":1,""noise_model"":""SD6_1"",""p"":0.00185,""rounds"":4}",
     48000,       159,         0,   0.097,pymatching,85583259e22c39d4cac50004d7e94d995e0a176e5bd3de7b86c888e1404a794d,"{""code"":""double_measurement_surface_code"",""diameter"":4,""measurement_noise_factor"":1,""noise_model"":""SD6_1"",""p"":0.0016250000000000001,""rounds"":4}",
       900,         3,         0,   0.004,pymatching,d30a325c0002f4bd2dd9a7f56ed035d54e17bf96fdd498d8b4290b8dfd3f4cef,"{""code"":""double_measurement_surface_code"",""diameter"":4,""measurement_noise_factor"":1,""noise_model"":""SD6_1"",""p"":0.00185,""rounds"":4}",
      4431,        19,         0,   0.012,pymatching,85583259e22c39d4cac50004d7e94d995e0a176e5bd3de7b86c888e1404a794d,"{""code"":""double_measurement_surface_code"",""diameter"":4,""measurement_noise_factor"":1,""noise_model"":""SD6_1"",""p"":0.0016250000000000001,""rounds"":4}",
      3000,        23,         0,   0.007,pymatching,d30a325c0002f4bd2dd9a7f56ed035d54e17bf96fdd498d8b4290b8dfd3f4cef,"{""code"":""double_measurement_surface_code"",""diameter"":4,""measurement_noise_factor"":1,""noise_model"":""SD6_1"",""p"":0.00185,""rounds"":4}",
      5065,        23,         0,   0.011,pymatching,85583259e22c39d4cac50004d7e94d995e0a176e5bd3de7b86c888e1404a794d,"{""code"":""double_measurement_surface_code"",""diameter"":4,""measurement_noise_factor"":1,""noise_model"":""SD6_1"",""p"":0.0016250000000000001,""rounds"":4}",
      4200,        24,         0,   0.013,pymatching,d30a325c0002f4bd2dd9a7f56ed035d54e17bf96fdd498d8b4290b8dfd3f4cef,"{""code"":""double_measurement_surface_code"",""diameter"":4,""measurement_noise_factor"":1,""noise_model"":""SD6_1"",""p"":0.00185,""rounds"":4}",
      1800,         9,         0,   0.008,pymatching,d30a325c0002f4bd2dd9a7f56ed035d54e17bf96fdd498d8b4290b8dfd3f4cef,"{""code"":""double_measurement_surface_code"",""diameter"":4,""measurement_noise_factor"":1,""noise_model"":""SD6_1"",""p"":0.00185,""rounds"":4}",
      6000,        25,         0,   0.015,pymatching,d30a325c0002f4bd2dd9a7f56ed035d54e17bf96fdd498d8b4290b8dfd3f4cef,"{""code"":""double_measurement_surface_code"",""diameter"":4,""measurement_noise_factor"":1,""noise_model"":""SD6_1"",""p"":0.00185,""rounds"":4}",
      6000,        28,         0,   0.016,pymatching,d30a325c0002f4bd2dd9a7f56ed035d54e17bf96fdd498d8b4290b8dfd3f4cef,"{""code"":""double_measurement_surface_code"",""diameter"":4,""measurement_noise_factor"":1,""noise_model"":""SD6_1"",""p"":0.00185,""rounds"":4}",
     34236,        87,         0,   0.062,pymatching,9915c6c7200e4ea1915351cf4b702ac3e2fcfa9ecc64c3442a10ef929b43c737,"{""code"":""double_measurement_surface_code"",""diameter"":4,""measurement_noise_factor"":1,""noise_model"":""SD6_1"",""p"":0.0014000000000000002,""rounds"":4}",
    145996,       271,         0,   0.313,pymatching,5d08b82a22b566296e7738c6d4640d1d4ea85298b19b92c092a74b62994c5303,"{""code"":""double_measurement_surface_code"",""diameter"":4,""measurement_noise_factor"":1,""noise_model"":""SD6_1"",""p"":0.001175,""rounds"":4}",
     12000,        61,         0,   0.030,pymatching,d30a325c0002f4bd2dd9a7f56ed035d54e17bf96fdd498d8b4290b8dfd3f4cef,"{""code"":""double_measurement_surface_code"",""diameter"":4,""measurement_noise_factor"":1,""noise_model"":""SD6_1"",""p"":0.00185,""rounds"":4}",
     64237,       262,         0,   0.134,pymatching,85583259e22c39d4cac50004d7e94d995e0a176e5bd3de7b86c888e1404a794d,"{""code"":""double_measurement_surface_code"",""diameter"":4,""measurement_noise_factor"":1,""noise_model"":""SD6_1"",""p"":0.0016250000000000001,""rounds"":4}",
       200,         1,         0,   0.003,pymatching,9b34aa5a5e836ee3fb2975e88ea5e08b3e3b7b7a05b4667446b89b2db16e6ccd,"{""code"":""double_measurement_surface_code"",""diameter"":4,""measurement_noise_factor"":1,""noise_model"":""SD6_1"",""p"":0.0020750000000000005,""rounds"":4}",
       200,         0,         0,   0.005,pymatching,9b34aa5a5e836ee3fb2975e88ea5e08b3e3b7b7a05b4667446b89b2db16e6ccd,"{""code"":""double_measurement_surface_code"",""diameter"":4,""measurement_noise_factor"":1,""noise_model"":""SD6_1"",""p"":0.0020750000000000005,""rounds"":4}",
       100,         1,         0,   0.002,pymatching,9b34aa5a5e836ee3fb2975e88ea5e08b3e3b7b7a05b4667446b89b2db16e6ccd,"{""code"":""double_measurement_surface_code"",""diameter"":4,""measurement_noise_factor"":1,""noise_model"":""SD6_1"",""p"":0.0020750000000000005,""rounds"":4}",
       600,         4,         0,   0.003,pymatching,9b34aa5a5e836ee3fb2975e88ea5e08b3e3b7b7a05b4667446b89b2db16e6ccd,"{""code"":""double_measurement_surface_code"",""diameter"":4,""measurement_noise_factor"":1,""noise_model"":""SD6_1"",""p"":0.0020750000000000005,""rounds"":4}",
      1000,        12,         0,   0.003,pymatching,9b34aa5a5e836ee3fb2975e88ea5e08b3e3b7b7a05b4667446b89b2db16e6ccd,"{""code"":""double_measurement_surface_code"",""diameter"":4,""measurement_noise_factor"":1,""noise_model"":""SD6_1"",""p"":0.0020750000000000005,""rounds"":4}",
     15600,        68,         0,   0.032,pymatching,d30a325c0002f4bd2dd9a7f56ed035d54e17bf96fdd498d8b4290b8dfd3f4cef,"{""code"":""double_measurement_surface_code"",""diameter"":4,""measurement_noise_factor"":1,""noise_model"":""SD6_1"",""p"":0.00185,""rounds"":4}",
      1200,        10,         0,   0.006,pymatching,9b34aa5a5e836ee3fb2975e88ea5e08b3e3b7b7a05b4667446b89b2db16e6ccd,"{""code"":""double_measurement_surface_code"",""diameter"":4,""measurement_noise_factor"":1,""noise_model"":""SD6_1"",""p"":0.0020750000000000005,""rounds"":4}",
      2400,        15,         0,   0.007,pymatching,9b34aa5a5e836ee3fb2975e88ea5e08b3e3b7b7a05b4667446b89b2db16e6ccd,"{""code"":""double_measurement_surface_code"",""diameter"":4,""measurement_noise_factor"":1,""noise_model"":""SD6_1"",""p"":0.0020750000000000005,""rounds"":4}",
     20400,        98,         0,   0.050,pymatching,d30a325c0002f4bd2dd9a7f56ed035d54e17bf96fdd498d8b4290b8dfd3f4cef,"{""code"":""double_measurement_surface_code"",""diameter"":4,""measurement_noise_factor"":1,""noise_model"":""SD6_1"",""p"":0.00185,""rounds"":4}",
      4400,        22,         0,   0.015,pymatching,9b34aa5a5e836ee3fb2975e88ea5e08b3e3b7b7a05b4667446b89b2db16e6ccd,"{""code"":""double_measurement_surface_code"",""diameter"":4,""measurement_noise_factor"":1,""noise_model"":""SD6_1"",""p"":0.0020750000000000005,""rounds"":4}",
      9867,        62,         0,   0.020,pymatching,d30a325c0002f4bd2dd9a7f56ed035d54e17bf96fdd498d8b4290b8dfd3f4cef,"{""code"":""double_measurement_surface_code"",""diameter"":4,""measurement_noise_factor"":1,""noise_model"":""SD6_1"",""p"":0.00185,""rounds"":4}",
      6800,        40,         0,   0.015,pymatching,9b34aa5a5e836ee3fb2975e88ea5e08b3e3b7b7a05b4667446b89b2db16e6ccd,"{""code"":""double_measurement_surface_code"",""diameter"":4,""measurement_noise_factor"":1,""noise_model"":""SD6_1"",""p"":0.0020750000000000005,""rounds"":4}",
      1617,         6,         0,   0.008,pymatching,d30a325c0002f4bd2dd9a7f56ed035d54e17bf96fdd498d8b4290b8dfd3f4cef,"{""code"":""double_measurement_surface_code"",""diameter"":4,""measurement_noise_factor"":1,""noise_model"":""SD6_1"",""p"":0.00185,""rounds"":4}",
     11600,        61,         0,   0.036,pymatching,9b34aa5a5e836ee3fb2975e88ea5e08b3e3b7b7a05b4667446b89b2db16e6ccd,"{""code"":""double_measurement_surface_code"",""diameter"":4,""measurement_noise_factor"":1,""noise_model"":""SD6_1"",""p"":0.0020750000000000005,""rounds"":4}",
      6800,        45,         0,   0.019,pymatching,9b34aa5a5e836ee3fb2975e88ea5e08b3e3b7b7a05b4667446b89b2db16e6ccd,"{""code"":""double_measurement_surface_code"",""diameter"":4,""measurement_noise_factor"":1,""noise_model"":""SD6_1"",""p"":0.0020750000000000005,""rounds"":4}",
     36000,       159,         0,   0.088,pymatching,d30a325c0002f4bd2dd9a7f56ed035d54e17bf96fdd498d8b4290b8dfd3f4cef,"{""code"":""double_measurement_surface_code"",""diameter"":4,""measurement_noise_factor"":1,""noise_model"":""SD6_1"",""p"":0.00185,""rounds"":4}",
     12200,        79,         0,   0.034,pymatching,9b34aa5a5e836ee3fb2975e88ea5e08b3e3b7b7a05b4667446b89b2db16e6ccd,"{""code"":""double_measurement_surface_code"",""diameter"":4,""measurement_noise_factor"":1,""noise_model"":""SD6_1"",""p"":0.0020750000000000005,""rounds"":4}",
       200,         2,         0,   0.007,pymatching,136c5d3a4f49288bf46c410c23c7c74b83b0fa3f9dec0b23ed2859ad7ee49e9a,"{""code"":""double_measurement_surface_code"",""diameter"":4,""measurement_noise_factor"":1,""noise_model"":""SD6_1"",""p"":0.0023,""rounds"":4}",
      2046,        12,         0,   0.009,pymatching,d30a325c0002f4bd2dd9a7f56ed035d54e17bf96fdd498d8b4290b8dfd3f4cef,"{""code"":""double_measurement_surface_code"",""diameter"":4,""measurement_noise_factor"":1,""noise_model"":""SD6_1"",""p"":0.00185,""rounds"":4}",
     20400,       139,         0,   0.052,pymatching,9b34aa5a5e836ee3fb2975e88ea5e08b3e3b7b7a05b4667446b89b2db16e6ccd,"{""code"":""double_measurement_surface_code"",""diameter"":4,""measurement_noise_factor"":1,""noise_model"":""SD6_1"",""p"":0.0020750000000000005,""rounds"":4}",
     36000,       167,         0,   0.089,pymatching,d30a325c0002f4bd2dd9a7f56ed035d54e17bf96fdd498d8b4290b8dfd3f4cef,"{""code"":""double_measurement_surface_code"",""diameter"":4,""measurement_noise_factor"":1,""noise_model"":""SD6_1"",""p"":0.00185,""rounds"":4}",
       600,         6,         0,   0.003,pymatching,136c5d3a4f49288bf46c410c23c7c74b83b0fa3f9dec0b23ed2859ad7ee49e9a,"{""code"":""double_measurement_surface_code"",""diameter"":4,""measurement_noise_factor"":1,""noise_model"":""SD6_1"",""p"":0.0023,""rounds"":4}",
       600,         4,         0,   0.003,pymatching,136c5d3a4f49288bf46c410c23c7c74b83b0fa3f9dec0b23ed2859ad7ee49e9a,"{""code"":""double_measurement_surface_code"",""diameter"":4,""measurement_noise_factor"":1,""noise_model"":""SD6_1"",""p"":0.0023,""rounds"":4}",
      8286,        59,         0,   0.023,pymatching,9b34aa5a5e836ee3fb2975e88ea5e08b3e3b7b7a05b4667446b89b2db16e6ccd,"{""code"":""double_measurement_surface_code"",""diameter"":4,""measurement_noise_factor"":1,""noise_model"":""SD6_1"",""p"":0.0020750000000000005,""rounds"":4}",
       300,         3,         0,   0.003,pymatching,136c5d3a4f49288bf46c410c23c7c74b83b0fa3f9dec0b23ed2859ad7ee49e9a,"{""code"":""double_measurement_surface_code"",""diameter"":4,""measurement_noise_factor"":1,""noise_model"":""SD6_1"",""p"":0.0023,""rounds"":4}",
      1547,        11,         0,   0.005,pymatching,d30a325c0002f4bd2dd9a7f56ed035d54e17bf96fdd498d8b4290b8dfd3f4cef,"{""code"":""double_measurement_surface_code"",""diameter"":4,""measurement_noise_factor"":1,""noise_model"":""SD6_1"",""p"":0.00185,""rounds"":4}",
      3000,        23,         0,   0.008,pymatching,136c5d3a4f49288bf46c410c23c7c74b83b0fa3f9dec0b23ed2859ad7ee49e9a,"{""code"":""double_measurement_surface_code"",""diameter"":4,""measurement_noise_factor"":1,""noise_model"":""SD6_1"",""p"":0.0023,""rounds"":4}",
      2400,        27,         0,   0.007,pymatching,136c5d3a4f49288bf46c410c23c7c74b83b0fa3f9dec0b23ed2859ad7ee49e9a,"{""code"":""double_measurement_surface_code"",""diameter"":4,""measurement_noise_factor"":1,""noise_model"":""SD6_1"",""p"":0.0023,""rounds"":4}",
      1800,        13,         0,   0.008,pymatching,136c5d3a4f49288bf46c410c23c7c74b83b0fa3f9dec0b23ed2859ad7ee49e9a,"{""code"":""double_measurement_surface_code"",""diameter"":4,""measurement_noise_factor"":1,""noise_model"":""SD6_1"",""p"":0.0023,""rounds"":4}",
       200,         2,         0,   0.005,pymatching,14a4b1f58b82be2b4cbdc059bac31b055532291c2010508d21254b1e697a1eb6,"{""code"":""double_measurement_surface_code"",""diameter"":4,""measurement_noise_factor"":1,""noise_model"":""SD6_1"",""p"":0.0025250000000000003,""rounds"":4}",
      1800,        15,         0,   0.007,pymatching,136c5d3a4f49288bf46c410c23c7c74b83b0fa3f9dec0b23ed2859ad7ee49e9a,"{""code"":""double_measurement_surface_code"",""diameter"":4,""measurement_noise_factor"":1,""noise_model"":""SD6_1"",""p"":0.0023,""rounds"":4}",
      1200,        14,         0,   0.004,pymatching,136c5d3a4f49288bf46c410c23c7c74b83b0fa3f9dec0b23ed2859ad7ee49e9a,"{""code"":""double_measurement_surface_code"",""diameter"":4,""measurement_noise_factor"":1,""noise_model"":""SD6_1"",""p"":0.0023,""rounds"":4}",
     49096,       248,         0,   0.118,pymatching,d30a325c0002f4bd2dd9a7f56ed035d54e17bf96fdd498d8b4290b8dfd3f4cef,"{""code"":""double_measurement_surface_code"",""diameter"":4,""measurement_noise_factor"":1,""noise_model"":""SD6_1"",""p"":0.00185,""rounds"":4}",
      9600,        76,         0,   0.026,pymatching,136c5d3a4f49288bf46c410c23c7c74b83b0fa3f9dec0b23ed2859ad7ee49e9a,"{""code"":""double_measurement_surface_code"",""diameter"":4,""measurement_noise_factor"":1,""noise_model"":""SD6_1"",""p"":0.0023,""rounds"":4}",
     34000,       203,         0,   0.092,pymatching,9b34aa5a5e836ee3fb2975e88ea5e08b3e3b7b7a05b4667446b89b2db16e6ccd,"{""code"":""double_measurement_surface_code"",""diameter"":4,""measurement_noise_factor"":1,""noise_model"":""SD6_1"",""p"":0.0020750000000000005,""rounds"":4}",
       600,         3,         0,   0.006,pymatching,14a4b1f58b82be2b4cbdc059bac31b055532291c2010508d21254b1e697a1eb6,"{""code"":""double_measurement_surface_code"",""diameter"":4,""measurement_noise_factor"":1,""noise_model"":""SD6_1"",""p"":0.0025250000000000003,""rounds"":4}",
      7200,        58,         0,   0.021,pymatching,136c5d3a4f49288bf46c410c23c7c74b83b0fa3f9dec0b23ed2859ad7ee49e9a,"{""code"":""double_measurement_surface_code"",""diameter"":4,""measurement_noise_factor"":1,""noise_model"":""SD6_1"",""p"":0.0023,""rounds"":4}",
    130925,       356,         0,   0.275,pymatching,9915c6c7200e4ea1915351cf4b702ac3e2fcfa9ecc64c3442a10ef929b43c737,"{""code"":""double_measurement_surface_code"",""diameter"":4,""measurement_noise_factor"":1,""noise_model"":""SD6_1"",""p"":0.0014000000000000002,""rounds"":4}",
     10800,       107,         0,   0.031,pymatching,136c5d3a4f49288bf46c410c23c7c74b83b0fa3f9dec0b23ed2859ad7ee49e9a,"{""code"":""double_measurement_surface_code"",""diameter"":4,""measurement_noise_factor"":1,""noise_model"":""SD6_1"",""p"":0.0023,""rounds"":4}",
      2548,        18,         0,   0.009,pymatching,136c5d3a4f49288bf46c410c23c7c74b83b0fa3f9dec0b23ed2859ad7ee49e9a,"{""code"":""double_measurement_surface_code"",""diameter"":4,""measurement_noise_factor"":1,""noise_model"":""SD6_1"",""p"":0.0023,""rounds"":4}",
      1800,        21,         0,   0.009,pymatching,14a4b1f58b82be2b4cbdc059bac31b055532291c2010508d21254b1e697a1eb6,"{""code"":""double_measurement_surface_code"",""diameter"":4,""measurement_noise_factor"":1,""noise_model"":""SD6_1"",""p"":0.0025250000000000003,""rounds"":4}",
     14400,       131,         0,   0.041,pymatching,136c5d3a4f49288bf46c410c23c7c74b83b0fa3f9dec0b23ed2859ad7ee49e9a,"{""code"":""double_measurement_surface_code"",""diameter"":4,""measurement_noise_factor"":1,""noise_model"":""SD6_1"",""p"":0.0023,""rounds"":4}",
      1621,        11,         0,   0.009,pymatching,136c5d3a4f49288bf46c410c23c7c74b83b0fa3f9dec0b23ed2859ad7ee49e9a,"{""code"":""double_measurement_surface_code"",""diameter"":4,""measurement_noise_factor"":1,""noise_model"":""SD6_1"",""p"":0.0023,""rounds"":4}",
       900,         9,         0,   0.004,pymatching,14a4b1f58b82be2b4cbdc059bac31b055532291c2010508d21254b1e697a1eb6,"{""code"":""double_measurement_surface_code"",""diameter"":4,""measurement_noise_factor"":1,""noise_model"":""SD6_1"",""p"":0.0025250000000000003,""rounds"":4}",
    777600,       190,         0,    1.21,pymatching,20dcf328d22d384c4d8c0fa9b85a38c10bd937254c86d453d77c4b5c13717bce,"{""code"":""double_measurement_surface_code"",""diameter"":4,""measurement_noise_factor"":1,""noise_model"":""SD6_1"",""p"":0.0005,""rounds"":4}",
      1800,        24,         0,   0.008,pymatching,14a4b1f58b82be2b4cbdc059bac31b055532291c2010508d21254b1e697a1eb6,"{""code"":""double_measurement_surface_code"",""diameter"":4,""measurement_noise_factor"":1,""noise_model"":""SD6_1"",""p"":0.0025250000000000003,""rounds"":4}",
     18000,       168,         0,   0.048,pymatching,136c5d3a4f49288bf46c410c23c7c74b83b0fa3f9dec0b23ed2859ad7ee49e9a,"{""code"":""double_measurement_surface_code"",""diameter"":4,""measurement_noise_factor"":1,""noise_model"":""SD6_1"",""p"":0.0023,""rounds"":4}",
     57200,       361,         0,   0.130,pymatching,9b34aa5a5e836ee3fb2975e88ea5e08b3e3b7b7a05b4667446b89b2db16e6ccd,"{""code"":""double_measurement_surface_code"",""diameter"":4,""measurement_noise_factor"":1,""noise_model"":""SD6_1"",""p"":0.0020750000000000005,""rounds"":4}",
      5400,        41,         0,   0.015,pymatching,14a4b1f58b82be2b4cbdc059bac31b055532291c2010508d21254b1e697a1eb6,"{""code"":""double_measurement_surface_code"",""diameter"":4,""measurement_noise_factor"":1,""noise_model"":""SD6_1"",""p"":0.0025250000000000003,""rounds"":4}",
      5400,        59,         0,   0.014,pymatching,14a4b1f58b82be2b4cbdc059bac31b055532291c2010508d21254b1e697a1eb6,"{""code"":""double_measurement_surface_code"",""diameter"":4,""measurement_noise_factor"":1,""noise_model"":""SD6_1"",""p"":0.0025250000000000003,""rounds"":4}",
     43200,       355,         0,   0.097,pymatching,136c5d3a4f49288bf46c410c23c7c74b83b0fa3f9dec0b23ed2859ad7ee49e9a,"{""code"":""double_measurement_surface_code"",""diameter"":4,""measurement_noise_factor"":1,""noise_model"":""SD6_1"",""p"":0.0023,""rounds"":4}",
      5400,        62,         0,   0.014,pymatching,14a4b1f58b82be2b4cbdc059bac31b055532291c2010508d21254b1e697a1eb6,"{""code"":""double_measurement_surface_code"",""diameter"":4,""measurement_noise_factor"":1,""noise_model"":""SD6_1"",""p"":0.0025250000000000003,""rounds"":4}",
       200,         1,         0,   0.002,pymatching,741d571604c9de903ce08cb19ea107f2d2a9cf9973e1396550a9138cd190cbf4,"{""code"":""double_measurement_surface_code"",""diameter"":4,""measurement_noise_factor"":1,""noise_model"":""SD6_1"",""p"":0.0027500000000000003,""rounds"":4}",
       200,         3,         0,   0.002,pymatching,741d571604c9de903ce08cb19ea107f2d2a9cf9973e1396550a9138cd190cbf4,"{""code"":""double_measurement_surface_code"",""diameter"":4,""measurement_noise_factor"":1,""noise_model"":""SD6_1"",""p"":0.0027500000000000003,""rounds"":4}",
     10800,       103,         0,   0.027,pymatching,14a4b1f58b82be2b4cbdc059bac31b055532291c2010508d21254b1e697a1eb6,"{""code"":""double_measurement_surface_code"",""diameter"":4,""measurement_noise_factor"":1,""noise_model"":""SD6_1"",""p"":0.0025250000000000003,""rounds"":4}",
       200,         4,         0,   0.003,pymatching,9415f96dbb22e6fdedac50150d375f39af2319ae33512161d74b03d8f011dbf4,"{""code"":""double_measurement_surface_code"",""diameter"":4,""measurement_noise_factor"":1,""noise_model"":""SD6_1"",""p"":0.002975,""rounds"":4}",
       100,         3,         0,   0.003,pymatching,741d571604c9de903ce08cb19ea107f2d2a9cf9973e1396550a9138cd190cbf4,"{""code"":""double_measurement_surface_code"",""diameter"":4,""measurement_noise_factor"":1,""noise_model"":""SD6_1"",""p"":0.0027500000000000003,""rounds"":4}",
      1000,        15,         0,   0.004,pymatching,741d571604c9de903ce08cb19ea107f2d2a9cf9973e1396550a9138cd190cbf4,"{""code"":""double_measurement_surface_code"",""diameter"":4,""measurement_noise_factor"":1,""noise_model"":""SD6_1"",""p"":0.0027500000000000003,""rounds"":4}",
       600,        14,         0,   0.003,pymatching,741d571604c9de903ce08cb19ea107f2d2a9cf9973e1396550a9138cd190cbf4,"{""code"":""double_measurement_surface_code"",""diameter"":4,""measurement_noise_factor"":1,""noise_model"":""SD6_1"",""p"":0.0027500000000000003,""rounds"":4}",
       600,        15,         0,   0.003,pymatching,9415f96dbb22e6fdedac50150d375f39af2319ae33512161d74b03d8f011dbf4,"{""code"":""double_measurement_surface_code"",""diameter"":4,""measurement_noise_factor"":1,""noise_model"":""SD6_1"",""p"":0.002975,""rounds"":4}",
       800,        12,         0,   0.007,pymatching,741d571604c9de903ce08cb19ea107f2d2a9cf9973e1396550a9138cd190cbf4,"{""code"":""double_measurement_surface_code"",""diameter"":4,""measurement_noise_factor"":1,""noise_model"":""SD6_1"",""p"":0.0027500000000000003,""rounds"":4}",
      1578,        11,         0,   0.005,pymatching,14a4b1f58b82be2b4cbdc059bac31b055532291c2010508d21254b1e697a1eb6,"{""code"":""double_measurement_surface_code"",""diameter"":4,""measurement_noise_factor"":1,""noise_model"":""SD6_1"",""p"":0.0025250000000000003,""rounds"":4}",
       600,        10,         0,   0.005,pymatching,741d571604c9de903ce08cb19ea107f2d2a9cf9973e1396550a9138cd190cbf4,"{""code"":""double_measurement_surface_code"",""diameter"":4,""measurement_noise_factor"":1,""noise_model"":""SD6_1"",""p"":0.0027500000000000003,""rounds"":4}",
      3200,        38,         0,   0.010,pymatching,741d571604c9de903ce08cb19ea107f2d2a9cf9973e1396550a9138cd190cbf4,"{""code"":""double_measurement_surface_code"",""diameter"":4,""measurement_noise_factor"":1,""noise_model"":""SD6_1"",""p"":0.0027500000000000003,""rounds"":4}",
      2000,        28,         0,   0.009,pymatching,741d571604c9de903ce08cb19ea107f2d2a9cf9973e1396550a9138cd190cbf4,"{""code"":""double_measurement_surface_code"",""diameter"":4,""measurement_noise_factor"":1,""noise_model"":""SD6_1"",""p"":0.0027500000000000003,""rounds"":4}",
     10800,       120,         0,   0.027,pymatching,14a4b1f58b82be2b4cbdc059bac31b055532291c2010508d21254b1e697a1eb6,"{""code"":""double_measurement_surface_code"",""diameter"":4,""measurement_noise_factor"":1,""noise_model"":""SD6_1"",""p"":0.0025250000000000003,""rounds"":4}",
      4400,        47,         0,   0.014,pymatching,741d571604c9de903ce08cb19ea107f2d2a9cf9973e1396550a9138cd190cbf4,"{""code"":""double_measurement_surface_code"",""diameter"":4,""measurement_noise_factor"":1,""noise_model"":""SD6_1"",""p"":0.0027500000000000003,""rounds"":4}",
      1460,        22,         0,   0.010,pymatching,14a4b1f58b82be2b4cbdc059bac31b055532291c2010508d21254b1e697a1eb6,"{""code"":""double_measurement_surface_code"",""diameter"":4,""measurement_noise_factor"":1,""noise_model"":""SD6_1"",""p"":0.0025250000000000003,""rounds"":4}",
      4800,        62,         0,   0.015,pymatching,741d571604c9de903ce08cb19ea107f2d2a9cf9973e1396550a9138cd190cbf4,"{""code"":""double_measurement_surface_code"",""diameter"":4,""measurement_noise_factor"":1,""noise_model"":""SD6_1"",""p"":0.0027500000000000003,""rounds"":4}",
      1800,        16,         0,   0.006,pymatching,9415f96dbb22e6fdedac50150d375f39af2319ae33512161d74b03d8f011dbf4,"{""code"":""double_measurement_surface_code"",""diameter"":4,""measurement_noise_factor"":1,""noise_model"":""SD6_1"",""p"":0.002975,""rounds"":4}",
      3600,        48,         0,   0.015,pymatching,741d571604c9de903ce08cb19ea107f2d2a9cf9973e1396550a9138cd190cbf4,"{""code"":""double_measurement_surface_code"",""diameter"":4,""measurement_noise_factor"":1,""noise_model"":""SD6_1"",""p"":0.0027500000000000003,""rounds"":4}",
       178,         0,         0,   0.005,pymatching,741d571604c9de903ce08cb19ea107f2d2a9cf9973e1396550a9138cd190cbf4,"{""code"":""double_measurement_surface_code"",""diameter"":4,""measurement_noise_factor"":1,""noise_model"":""SD6_1"",""p"":0.0027500000000000003,""rounds"":4}",
      1800,        22,         0,   0.012,pymatching,9415f96dbb22e6fdedac50150d375f39af2319ae33512161d74b03d8f011dbf4,"{""code"":""double_measurement_surface_code"",""diameter"":4,""measurement_noise_factor"":1,""noise_model"":""SD6_1"",""p"":0.002975,""rounds"":4}",
       304,         8,         0,   0.005,pymatching,741d571604c9de903ce08cb19ea107f2d2a9cf9973e1396550a9138cd190cbf4,"{""code"":""double_measurement_surface_code"",""diameter"":4,""measurement_noise_factor"":1,""noise_model"":""SD6_1"",""p"":0.0027500000000000003,""rounds"":4}",
      5400,        77,         0,   0.019,pymatching,9415f96dbb22e6fdedac50150d375f39af2319ae33512161d74b03d8f011dbf4,"{""code"":""double_measurement_surface_code"",""diameter"":4,""measurement_noise_factor"":1,""noise_model"":""SD6_1"",""p"":0.002975,""rounds"":4}",
     21600,       239,         0,   0.059,pymatching,14a4b1f58b82be2b4cbdc059bac31b055532291c2010508d21254b1e697a1eb6,"{""code"":""double_measurement_surface_code"",""diameter"":4,""measurement_noise_factor"":1,""noise_model"":""SD6_1"",""p"":0.0025250000000000003,""rounds"":4}",
      5400,        73,         0,   0.021,pymatching,9415f96dbb22e6fdedac50150d375f39af2319ae33512161d74b03d8f011dbf4,"{""code"":""double_measurement_surface_code"",""diameter"":4,""measurement_noise_factor"":1,""noise_model"":""SD6_1"",""p"":0.002975,""rounds"":4}",
      2700,        38,         0,   0.013,pymatching,9415f96dbb22e6fdedac50150d375f39af2319ae33512161d74b03d8f011dbf4,"{""code"":""double_measurement_surface_code"",""diameter"":4,""measurement_noise_factor"":1,""noise_model"":""SD6_1"",""p"":0.002975,""rounds"":4}",
     13600,       178,         0,   0.040,pymatching,741d571604c9de903ce08cb19ea107f2d2a9cf9973e1396550a9138cd190cbf4,"{""code"":""double_measurement_surface_code"",""diameter"":4,""measurement_noise_factor"":1,""noise_model"":""SD6_1"",""p"":0.0027500000000000003,""rounds"":4}",
       200,         6,         0,   0.005,pymatching,ec07e7360efd4526eab51c32077a610a00d96ba42b5dfc758460e1f7e0698ee4,"{""code"":""double_measurement_surface_code"",""diameter"":4,""measurement_noise_factor"":1,""noise_model"":""SD6_1"",""p"":0.0032,""rounds"":4}",
       200,         4,         0,   0.005,pymatching,ec07e7360efd4526eab51c32077a610a00d96ba42b5dfc758460e1f7e0698ee4,"{""code"":""double_measurement_surface_code"",""diameter"":4,""measurement_noise_factor"":1,""noise_model"":""SD6_1"",""p"":0.0032,""rounds"":4}",
      9000,       129,         0,   0.028,pymatching,9415f96dbb22e6fdedac50150d375f39af2319ae33512161d74b03d8f011dbf4,"{""code"":""double_measurement_surface_code"",""diameter"":4,""measurement_noise_factor"":1,""noise_model"":""SD6_1"",""p"":0.002975,""rounds"":4}",
       600,        12,         0,   0.003,pymatching,ec07e7360efd4526eab51c32077a610a00d96ba42b5dfc758460e1f7e0698ee4,"{""code"":""double_measurement_surface_code"",""diameter"":4,""measurement_noise_factor"":1,""noise_model"":""SD6_1"",""p"":0.0032,""rounds"":4}",
     32400,       331,         0,   0.082,pymatching,14a4b1f58b82be2b4cbdc059bac31b055532291c2010508d21254b1e697a1eb6,"{""code"":""double_measurement_surface_code"",""diameter"":4,""measurement_noise_factor"":1,""noise_model"":""SD6_1"",""p"":0.0025250000000000003,""rounds"":4}",
      1000,        14,         0,   0.005,pymatching,ec07e7360efd4526eab51c32077a610a00d96ba42b5dfc758460e1f7e0698ee4,"{""code"":""double_measurement_surface_code"",""diameter"":4,""measurement_noise_factor"":1,""noise_model"":""SD6_1"",""p"":0.0032,""rounds"":4}",
     17600,       225,         0,   0.054,pymatching,741d571604c9de903ce08cb19ea107f2d2a9cf9973e1396550a9138cd190cbf4,"{""code"":""double_measurement_surface_code"",""diameter"":4,""measurement_noise_factor"":1,""noise_model"":""SD6_1"",""p"":0.0027500000000000003,""rounds"":4}",
       900,         7,         0,   0.005,pymatching,ec07e7360efd4526eab51c32077a610a00d96ba42b5dfc758460e1f7e0698ee4,"{""code"":""double_measurement_surface_code"",""diameter"":4,""measurement_noise_factor"":1,""noise_model"":""SD6_1"",""p"":0.0032,""rounds"":4}",
      2200,        41,         0,   0.008,pymatching,ec07e7360efd4526eab51c32077a610a00d96ba42b5dfc758460e1f7e0698ee4,"{""code"":""double_measurement_surface_code"",""diameter"":4,""measurement_noise_factor"":1,""noise_model"":""SD6_1"",""p"":0.0032,""rounds"":4}",
      1800,        27,         0,   0.006,pymatching,ec07e7360efd4526eab51c32077a610a00d96ba42b5dfc758460e1f7e0698ee4,"{""code"":""double_measurement_surface_code"",""diameter"":4,""measurement_noise_factor"":1,""noise_model"":""SD6_1"",""p"":0.0032,""rounds"":4}",
      1400,        25,         0,   0.009,pymatching,ec07e7360efd4526eab51c32077a610a00d96ba42b5dfc758460e1f7e0698ee4,"{""code"":""double_measurement_surface_code"",""diameter"":4,""measurement_noise_factor"":1,""noise_model"":""SD6_1"",""p"":0.0032,""rounds"":4}",
      4200,        73,         0,   0.018,pymatching,ec07e7360efd4526eab51c32077a610a00d96ba42b5dfc758460e1f7e0698ee4,"{""code"":""double_measurement_surface_code"",""diameter"":4,""measurement_noise_factor"":1,""noise_model"":""SD6_1"",""p"":0.0032,""rounds"":4}",
     14383,       233,         0,   0.039,pymatching,9415f96dbb22e6fdedac50150d375f39af2319ae33512161d74b03d8f011dbf4,"{""code"":""double_measurement_surface_code"",""diameter"":4,""measurement_noise_factor"":1,""noise_model"":""SD6_1"",""p"":0.002975,""rounds"":4}",
     12600,       196,         0,   0.043,pymatching,9415f96dbb22e6fdedac50150d375f39af2319ae33512161d74b03d8f011dbf4,"{""code"":""double_measurement_surface_code"",""diameter"":4,""measurement_noise_factor"":1,""noise_model"":""SD6_1"",""p"":0.002975,""rounds"":4}",
      5400,        96,         0,   0.020,pymatching,ec07e7360efd4526eab51c32077a610a00d96ba42b5dfc758460e1f7e0698ee4,"{""code"":""double_measurement_surface_code"",""diameter"":4,""measurement_noise_factor"":1,""noise_model"":""SD6_1"",""p"":0.0032,""rounds"":4}",
     24180,       301,         0,   0.078,pymatching,741d571604c9de903ce08cb19ea107f2d2a9cf9973e1396550a9138cd190cbf4,"{""code"":""double_measurement_surface_code"",""diameter"":4,""measurement_noise_factor"":1,""noise_model"":""SD6_1"",""p"":0.0027500000000000003,""rounds"":4}",
      8400,       156,         0,   0.031,pymatching,ec07e7360efd4526eab51c32077a610a00d96ba42b5dfc758460e1f7e0698ee4,"{""code"":""double_measurement_surface_code"",""diameter"":4,""measurement_noise_factor"":1,""noise_model"":""SD6_1"",""p"":0.0032,""rounds"":4}",
     19800,       310,         0,   0.066,pymatching,9415f96dbb22e6fdedac50150d375f39af2319ae33512161d74b03d8f011dbf4,"{""code"":""double_measurement_surface_code"",""diameter"":4,""measurement_noise_factor"":1,""noise_model"":""SD6_1"",""p"":0.002975,""rounds"":4}",
     10400,       211,         0,   0.036,pymatching,ec07e7360efd4526eab51c32077a610a00d96ba42b5dfc758460e1f7e0698ee4,"{""code"":""double_measurement_surface_code"",""diameter"":4,""measurement_noise_factor"":1,""noise_model"":""SD6_1"",""p"":0.0032,""rounds"":4}",
    123896,        30,         0,   0.159,pymatching,20dcf328d22d384c4d8c0fa9b85a38c10bd937254c86d453d77c4b5c13717bce,"{""code"":""double_measurement_surface_code"",""diameter"":4,""measurement_noise_factor"":1,""noise_model"":""SD6_1"",""p"":0.0005,""rounds"":4}",
      9499,       179,         0,   0.029,pymatching,ec07e7360efd4526eab51c32077a610a00d96ba42b5dfc758460e1f7e0698ee4,"{""code"":""double_measurement_surface_code"",""diameter"":4,""measurement_noise_factor"":1,""noise_model"":""SD6_1"",""p"":0.0032,""rounds"":4}",
     13600,       232,         0,   0.044,pymatching,ec07e7360efd4526eab51c32077a610a00d96ba42b5dfc758460e1f7e0698ee4,"{""code"":""double_measurement_surface_code"",""diameter"":4,""measurement_noise_factor"":1,""noise_model"":""SD6_1"",""p"":0.0032,""rounds"":4}",
       702,         8,         0,   0.003,pymatching,741d571604c9de903ce08cb19ea107f2d2a9cf9973e1396550a9138cd190cbf4,"{""code"":""double_measurement_surface_code"",""diameter"":4,""measurement_noise_factor"":1,""noise_model"":""SD6_1"",""p"":0.0027500000000000003,""rounds"":4}",
     17789,         8,         0,   0.022,pymatching,20dcf328d22d384c4d8c0fa9b85a38c10bd937254c86d453d77c4b5c13717bce,"{""code"":""double_measurement_surface_code"",""diameter"":4,""measurement_noise_factor"":1,""noise_model"":""SD6_1"",""p"":0.0005,""rounds"":4}",
       100,         1,         0,   0.002,pymatching,a686368ee6899ea0e4681adb00f706be1915b76ae0063f44ee900fac2822686a,"{""code"":""double_measurement_surface_code"",""diameter"":4,""measurement_noise_factor"":1,""noise_model"":""SD6_1"",""p"":0.003425,""rounds"":4}",
       200,         3,         0,   0.002,pymatching,a686368ee6899ea0e4681adb00f706be1915b76ae0063f44ee900fac2822686a,"{""code"":""double_measurement_surface_code"",""diameter"":4,""measurement_noise_factor"":1,""noise_model"":""SD6_1"",""p"":0.003425,""rounds"":4}",
       200,         2,         0,   0.002,pymatching,a686368ee6899ea0e4681adb00f706be1915b76ae0063f44ee900fac2822686a,"{""code"":""double_measurement_surface_code"",""diameter"":4,""measurement_noise_factor"":1,""noise_model"":""SD6_1"",""p"":0.003425,""rounds"":4}",
       200,         3,         0,   0.002,pymatching,4d3c9ab7d505a0ce64bb90d79dda716219f1639b74658b215abf1270b3c651f4,"{""code"":""double_measurement_surface_code"",""diameter"":4,""measurement_noise_factor"":1,""noise_model"":""SD6_1"",""p"":0.0036500000000000005,""rounds"":4}",
       200,         8,         0,   0.002,pymatching,4d3c9ab7d505a0ce64bb90d79dda716219f1639b74658b215abf1270b3c651f4,"{""code"":""double_measurement_surface_code"",""diameter"":4,""measurement_noise_factor"":1,""noise_model"":""SD6_1"",""p"":0.0036500000000000005,""rounds"":4}",
       100,         3,         0,   0.002,pymatching,4d3c9ab7d505a0ce64bb90d79dda716219f1639b74658b215abf1270b3c651f4,"{""code"":""double_measurement_surface_code"",""diameter"":4,""measurement_noise_factor"":1,""noise_model"":""SD6_1"",""p"":0.0036500000000000005,""rounds"":4}",
       200,         4,         0,   0.002,pymatching,8409a2db913a505bad9e39963342f8e0c6ddd305c03f7e830cbb9fc06bf2498c,"{""code"":""double_measurement_surface_code"",""diameter"":4,""measurement_noise_factor"":1,""noise_model"":""SD6_1"",""p"":0.0038750000000000004,""rounds"":4}",
       100,         4,         0,   0.002,pymatching,8409a2db913a505bad9e39963342f8e0c6ddd305c03f7e830cbb9fc06bf2498c,"{""code"":""double_measurement_surface_code"",""diameter"":4,""measurement_noise_factor"":1,""noise_model"":""SD6_1"",""p"":0.0038750000000000004,""rounds"":4}",
       400,        11,         0,   0.003,pymatching,a686368ee6899ea0e4681adb00f706be1915b76ae0063f44ee900fac2822686a,"{""code"":""double_measurement_surface_code"",""diameter"":4,""measurement_noise_factor"":1,""noise_model"":""SD6_1"",""p"":0.003425,""rounds"":4}",
       800,        14,         0,   0.004,pymatching,a686368ee6899ea0e4681adb00f706be1915b76ae0063f44ee900fac2822686a,"{""code"":""double_measurement_surface_code"",""diameter"":4,""measurement_noise_factor"":1,""noise_model"":""SD6_1"",""p"":0.003425,""rounds"":4}",
       200,         3,         0,   0.005,pymatching,8409a2db913a505bad9e39963342f8e0c6ddd305c03f7e830cbb9fc06bf2498c,"{""code"":""double_measurement_surface_code"",""diameter"":4,""measurement_noise_factor"":1,""noise_model"":""SD6_1"",""p"":0.0038750000000000004,""rounds"":4}",
       600,        10,         0,   0.003,pymatching,a686368ee6899ea0e4681adb00f706be1915b76ae0063f44ee900fac2822686a,"{""code"":""double_measurement_surface_code"",""diameter"":4,""measurement_noise_factor"":1,""noise_model"":""SD6_1"",""p"":0.003425,""rounds"":4}",
      1200,        21,         0,   0.005,pymatching,a686368ee6899ea0e4681adb00f706be1915b76ae0063f44ee900fac2822686a,"{""code"":""double_measurement_surface_code"",""diameter"":4,""measurement_noise_factor"":1,""noise_model"":""SD6_1"",""p"":0.003425,""rounds"":4}",
      1000,        19,         0,   0.004,pymatching,4d3c9ab7d505a0ce64bb90d79dda716219f1639b74658b215abf1270b3c651f4,"{""code"":""double_measurement_surface_code"",""diameter"":4,""measurement_noise_factor"":1,""noise_model"":""SD6_1"",""p"":0.0036500000000000005,""rounds"":4}",
       800,        22,         0,   0.004,pymatching,8409a2db913a505bad9e39963342f8e0c6ddd305c03f7e830cbb9fc06bf2498c,"{""code"":""double_measurement_surface_code"",""diameter"":4,""measurement_noise_factor"":1,""noise_model"":""SD6_1"",""p"":0.0038750000000000004,""rounds"":4}",
       600,        15,         0,   0.005,pymatching,8409a2db913a505bad9e39963342f8e0c6ddd305c03f7e830cbb9fc06bf2498c,"{""code"":""double_measurement_surface_code"",""diameter"":4,""measurement_noise_factor"":1,""noise_model"":""SD6_1"",""p"":0.0038750000000000004,""rounds"":4}",
      1000,        26,         0,   0.004,pymatching,4d3c9ab7d505a0ce64bb90d79dda716219f1639b74658b215abf1270b3c651f4,"{""code"":""double_measurement_surface_code"",""diameter"":4,""measurement_noise_factor"":1,""noise_model"":""SD6_1"",""p"":0.0036500000000000005,""rounds"":4}",
      1000,        22,         0,   0.004,pymatching,4d3c9ab7d505a0ce64bb90d79dda716219f1639b74658b215abf1270b3c651f4,"{""code"":""double_measurement_surface_code"",""diameter"":4,""measurement_noise_factor"":1,""noise_model"":""SD6_1"",""p"":0.0036500000000000005,""rounds"":4}",
      2000,        44,         0,   0.007,pymatching,a686368ee6899ea0e4681adb00f706be1915b76ae0063f44ee900fac2822686a,"{""code"":""double_measurement_surface_code"",""diameter"":4,""measurement_noise_factor"":1,""noise_model"":""SD6_1"",""p"":0.003425,""rounds"":4}",
      1600,        37,         0,   0.006,pymatching,a686368ee6899ea0e4681adb00f706be1915b76ae0063f44ee900fac2822686a,"{""code"":""double_measurement_surface_code"",""diameter"":4,""measurement_noise_factor"":1,""noise_model"":""SD6_1"",""p"":0.003425,""rounds"":4}",
      3600,        79,         0,   0.012,pymatching,a686368ee6899ea0e4681adb00f706be1915b76ae0063f44ee900fac2822686a,"{""code"":""double_measurement_surface_code"",""diameter"":4,""measurement_noise_factor"":1,""noise_model"":""SD6_1"",""p"":0.003425,""rounds"":4}",
      3200,        77,         0,   0.012,pymatching,4d3c9ab7d505a0ce64bb90d79dda716219f1639b74658b215abf1270b3c651f4,"{""code"":""double_measurement_surface_code"",""diameter"":4,""measurement_noise_factor"":1,""noise_model"":""SD6_1"",""p"":0.0036500000000000005,""rounds"":4}",
      3600,        78,         0,   0.012,pymatching,a686368ee6899ea0e4681adb00f706be1915b76ae0063f44ee900fac2822686a,"{""code"":""double_measurement_surface_code"",""diameter"":4,""measurement_noise_factor"":1,""noise_model"":""SD6_1"",""p"":0.003425,""rounds"":4}",
      2800,        60,         0,   0.014,pymatching,4d3c9ab7d505a0ce64bb90d79dda716219f1639b74658b215abf1270b3c651f4,"{""code"":""double_measurement_surface_code"",""diameter"":4,""measurement_noise_factor"":1,""noise_model"":""SD6_1"",""p"":0.0036500000000000005,""rounds"":4}",
      4000,       131,         0,   0.014,pymatching,8409a2db913a505bad9e39963342f8e0c6ddd305c03f7e830cbb9fc06bf2498c,"{""code"":""double_measurement_surface_code"",""diameter"":4,""measurement_noise_factor"":1,""noise_model"":""SD6_1"",""p"":0.0038750000000000004,""rounds"":4}",
      5200,       155,         0,   0.018,pymatching,4d3c9ab7d505a0ce64bb90d79dda716219f1639b74658b215abf1270b3c651f4,"{""code"":""double_measurement_surface_code"",""diameter"":4,""measurement_noise_factor"":1,""noise_model"":""SD6_1"",""p"":0.0036500000000000005,""rounds"":4}",
      2577,        46,         0,   0.009,pymatching,4d3c9ab7d505a0ce64bb90d79dda716219f1639b74658b215abf1270b3c651f4,"{""code"":""double_measurement_surface_code"",""diameter"":4,""measurement_noise_factor"":1,""noise_model"":""SD6_1"",""p"":0.0036500000000000005,""rounds"":4}",
      7200,       151,         0,   0.026,pymatching,a686368ee6899ea0e4681adb00f706be1915b76ae0063f44ee900fac2822686a,"{""code"":""double_measurement_surface_code"",""diameter"":4,""measurement_noise_factor"":1,""noise_model"":""SD6_1"",""p"":0.003425,""rounds"":4}",
      6800,       161,         0,   0.028,pymatching,4d3c9ab7d505a0ce64bb90d79dda716219f1639b74658b215abf1270b3c651f4,"{""code"":""double_measurement_surface_code"",""diameter"":4,""measurement_noise_factor"":1,""noise_model"":""SD6_1"",""p"":0.0036500000000000005,""rounds"":4}",
      4314,        96,         0,   0.023,pymatching,a686368ee6899ea0e4681adb00f706be1915b76ae0063f44ee900fac2822686a,"{""code"":""double_measurement_surface_code"",""diameter"":4,""measurement_noise_factor"":1,""noise_model"":""SD6_1"",""p"":0.003425,""rounds"":4}",
       200,         6,         0,   0.002,pymatching,0fa6aa63ccd765468f0762879e962c1c033f15d649419d9d4f9d3f8154a682d7,"{""code"":""double_measurement_surface_code"",""diameter"":4,""measurement_noise_factor"":1,""noise_model"":""SD6_1"",""p"":0.0041,""rounds"":4}",
       200,         7,         0,   0.005,pymatching,0fa6aa63ccd765468f0762879e962c1c033f15d649419d9d4f9d3f8154a682d7,"{""code"":""double_measurement_surface_code"",""diameter"":4,""measurement_noise_factor"":1,""noise_model"":""SD6_1"",""p"":0.0041,""rounds"":4}",
      2535,        76,         0,   0.010,pymatching,8409a2db913a505bad9e39963342f8e0c6ddd305c03f7e830cbb9fc06bf2498c,"{""code"":""double_measurement_surface_code"",""diameter"":4,""measurement_noise_factor"":1,""noise_model"":""SD6_1"",""p"":0.0038750000000000004,""rounds"":4}",
      5600,       126,         0,   0.026,pymatching,4d3c9ab7d505a0ce64bb90d79dda716219f1639b74658b215abf1270b3c651f4,"{""code"":""double_measurement_surface_code"",""diameter"":4,""measurement_noise_factor"":1,""noise_model"":""SD6_1"",""p"":0.0036500000000000005,""rounds"":4}",
       100,         2,         0,   0.004,pymatching,0fa6aa63ccd765468f0762879e962c1c033f15d649419d9d4f9d3f8154a682d7,"{""code"":""double_measurement_surface_code"",""diameter"":4,""measurement_noise_factor"":1,""noise_model"":""SD6_1"",""p"":0.0041,""rounds"":4}",
       600,        17,         0,   0.004,pymatching,0fa6aa63ccd765468f0762879e962c1c033f15d649419d9d4f9d3f8154a682d7,"{""code"":""double_measurement_surface_code"",""diameter"":4,""measurement_noise_factor"":1,""noise_model"":""SD6_1"",""p"":0.0041,""rounds"":4}",
     11200,       231,         0,   0.038,pymatching,a686368ee6899ea0e4681adb00f706be1915b76ae0063f44ee900fac2822686a,"{""code"":""double_measurement_surface_code"",""diameter"":4,""measurement_noise_factor"":1,""noise_model"":""SD6_1"",""p"":0.003425,""rounds"":4}",
      1000,        26,         0,   0.005,pymatching,0fa6aa63ccd765468f0762879e962c1c033f15d649419d9d4f9d3f8154a682d7,"{""code"":""double_measurement_surface_code"",""diameter"":4,""measurement_noise_factor"":1,""noise_model"":""SD6_1"",""p"":0.0041,""rounds"":4}",
       268,         9,         0,   0.005,pymatching,8409a2db913a505bad9e39963342f8e0c6ddd305c03f7e830cbb9fc06bf2498c,"{""code"":""double_measurement_surface_code"",""diameter"":4,""measurement_noise_factor"":1,""noise_model"":""SD6_1"",""p"":0.0038750000000000004,""rounds"":4}",
       600,        26,         0,   0.004,pymatching,0fa6aa63ccd765468f0762879e962c1c033f15d649419d9d4f9d3f8154a682d7,"{""code"":""double_measurement_surface_code"",""diameter"":4,""measurement_noise_factor"":1,""noise_model"":""SD6_1"",""p"":0.0041,""rounds"":4}",
     10400,       198,         0,   0.043,pymatching,a686368ee6899ea0e4681adb00f706be1915b76ae0063f44ee900fac2822686a,"{""code"":""double_measurement_surface_code"",""diameter"":4,""measurement_noise_factor"":1,""noise_model"":""SD6_1"",""p"":0.003425,""rounds"":4}",
       800,        27,         0,   0.006,pymatching,0fa6aa63ccd765468f0762879e962c1c033f15d649419d9d4f9d3f8154a682d7,"{""code"":""double_measurement_surface_code"",""diameter"":4,""measurement_noise_factor"":1,""noise_model"":""SD6_1"",""p"":0.0041,""rounds"":4}",
      1200,        33,         0,   0.006,pymatching,0fa6aa63ccd765468f0762879e962c1c033f15d649419d9d4f9d3f8154a682d7,"{""code"":""double_measurement_surface_code"",""diameter"":4,""measurement_noise_factor"":1,""noise_model"":""SD6_1"",""p"":0.0041,""rounds"":4}",
      1017,        18,         0,   0.004,pymatching,a686368ee6899ea0e4681adb00f706be1915b76ae0063f44ee900fac2822686a,"{""code"":""double_measurement_surface_code"",""diameter"":4,""measurement_noise_factor"":1,""noise_model"":""SD6_1"",""p"":0.003425,""rounds"":4}",
      2400,        67,         0,   0.010,pymatching,0fa6aa63ccd765468f0762879e962c1c033f15d649419d9d4f9d3f8154a682d7,"{""code"":""double_measurement_surface_code"",""diameter"":4,""measurement_noise_factor"":1,""noise_model"":""SD6_1"",""p"":0.0041,""rounds"":4}",
      1600,        45,         0,   0.009,pymatching,0fa6aa63ccd765468f0762879e962c1c033f15d649419d9d4f9d3f8154a682d7,"{""code"":""double_measurement_surface_code"",""diameter"":4,""measurement_noise_factor"":1,""noise_model"":""SD6_1"",""p"":0.0041,""rounds"":4}",
     13600,       316,         0,   0.048,pymatching,4d3c9ab7d505a0ce64bb90d79dda716219f1639b74658b215abf1270b3c651f4,"{""code"":""double_measurement_surface_code"",""diameter"":4,""measurement_noise_factor"":1,""noise_model"":""SD6_1"",""p"":0.0036500000000000005,""rounds"":4}",
       146,         3,         0,   0.005,pymatching,a686368ee6899ea0e4681adb00f706be1915b76ae0063f44ee900fac2822686a,"{""code"":""double_measurement_surface_code"",""diameter"":4,""measurement_noise_factor"":1,""noise_model"":""SD6_1"",""p"":0.003425,""rounds"":4}",
      3600,       105,         0,   0.014,pymatching,0fa6aa63ccd765468f0762879e962c1c033f15d649419d9d4f9d3f8154a682d7,"{""code"":""double_measurement_surface_code"",""diameter"":4,""measurement_noise_factor"":1,""noise_model"":""SD6_1"",""p"":0.0041,""rounds"":4}",
      4400,       148,         0,   0.016,pymatching,0fa6aa63ccd765468f0762879e962c1c033f15d649419d9d4f9d3f8154a682d7,"{""code"":""double_measurement_surface_code"",""diameter"":4,""measurement_noise_factor"":1,""noise_model"":""SD6_1"",""p"":0.0041,""rounds"":4}",
     12000,       333,         0,   0.045,pymatching,8409a2db913a505bad9e39963342f8e0c6ddd305c03f7e830cbb9fc06bf2498c,"{""code"":""double_measurement_surface_code"",""diameter"":4,""measurement_noise_factor"":1,""noise_model"":""SD6_1"",""p"":0.0038750000000000004,""rounds"":4}",
     12000,       320,         0,   0.045,pymatching,8409a2db913a505bad9e39963342f8e0c6ddd305c03f7e830cbb9fc06bf2498c,"{""code"":""double_measurement_surface_code"",""diameter"":4,""measurement_noise_factor"":1,""noise_model"":""SD6_1"",""p"":0.0038750000000000004,""rounds"":4}",
       384,        12,         0,   0.003,pymatching,0fa6aa63ccd765468f0762879e962c1c033f15d649419d9d4f9d3f8154a682d7,"{""code"":""double_measurement_surface_code"",""diameter"":4,""measurement_noise_factor"":1,""noise_model"":""SD6_1"",""p"":0.0041,""rounds"":4}",
       200,         9,         0,   0.002,pymatching,53252309ff1326e116a6457f914acd73906c8166d30cbdff5e4b08ac051f8d42,"{""code"":""double_measurement_surface_code"",""diameter"":4,""measurement_noise_factor"":1,""noise_model"":""SD6_1"",""p"":0.004325000000000001,""rounds"":4}",
       163,         6,         0,   0.002,pymatching,0fa6aa63ccd765468f0762879e962c1c033f15d649419d9d4f9d3f8154a682d7,"{""code"":""double_measurement_surface_code"",""diameter"":4,""measurement_noise_factor"":1,""noise_model"":""SD6_1"",""p"":0.0041,""rounds"":4}",
       200,         9,         0,   0.006,pymatching,53252309ff1326e116a6457f914acd73906c8166d30cbdff5e4b08ac051f8d42,"{""code"":""double_measurement_surface_code"",""diameter"":4,""measurement_noise_factor"":1,""noise_model"":""SD6_1"",""p"":0.004325000000000001,""rounds"":4}",
       100,         2,         0,   0.002,pymatching,53252309ff1326e116a6457f914acd73906c8166d30cbdff5e4b08ac051f8d42,"{""code"":""double_measurement_surface_code"",""diameter"":4,""measurement_noise_factor"":1,""noise_model"":""SD6_1"",""p"":0.004325000000000001,""rounds"":4}",
      4800,       169,         0,   0.020,pymatching,0fa6aa63ccd765468f0762879e962c1c033f15d649419d9d4f9d3f8154a682d7,"{""code"":""double_measurement_surface_code"",""diameter"":4,""measurement_noise_factor"":1,""noise_model"":""SD6_1"",""p"":0.0041,""rounds"":4}",
      1043,        22,         0,   0.005,pymatching,8409a2db913a505bad9e39963342f8e0c6ddd305c03f7e830cbb9fc06bf2498c,"{""code"":""double_measurement_surface_code"",""diameter"":4,""measurement_noise_factor"":1,""noise_model"":""SD6_1"",""p"":0.0038750000000000004,""rounds"":4}",
       200,        11,         0,   0.002,pymatching,07ec8ad9c8a23d5765d4303e9f6d09586ae47f9956cd41f38bf39bf347e38585,"{""code"":""double_measurement_surface_code"",""diameter"":4,""measurement_noise_factor"":1,""noise_model"":""SD6_1"",""p"":0.00455,""rounds"":4}",
      1801,        51,         0,   0.007,pymatching,8409a2db913a505bad9e39963342f8e0c6ddd305c03f7e830cbb9fc06bf2498c,"{""code"":""double_measurement_surface_code"",""diameter"":4,""measurement_noise_factor"":1,""noise_model"":""SD6_1"",""p"":0.0038750000000000004,""rounds"":4}",
       600,        15,         0,   0.004,pymatching,53252309ff1326e116a6457f914acd73906c8166d30cbdff5e4b08ac051f8d42,"{""code"":""double_measurement_surface_code"",""diameter"":4,""measurement_noise_factor"":1,""noise_model"":""SD6_1"",""p"":0.004325000000000001,""rounds"":4}",
       600,        23,         0,   0.004,pymatching,53252309ff1326e116a6457f914acd73906c8166d30cbdff5e4b08ac051f8d42,"{""code"":""double_measurement_surface_code"",""diameter"":4,""measurement_noise_factor"":1,""noise_model"":""SD6_1"",""p"":0.004325000000000001,""rounds"":4}",
       277,        11,         0,   0.003,pymatching,8409a2db913a505bad9e39963342f8e0c6ddd305c03f7e830cbb9fc06bf2498c,"{""code"":""double_measurement_surface_code"",""diameter"":4,""measurement_noise_factor"":1,""noise_model"":""SD6_1"",""p"":0.0038750000000000004,""rounds"":4}",
      1000,        35,         0,   0.005,pymatching,53252309ff1326e116a6457f914acd73906c8166d30cbdff5e4b08ac051f8d42,"{""code"":""double_measurement_surface_code"",""diameter"":4,""measurement_noise_factor"":1,""noise_model"":""SD6_1"",""p"":0.004325000000000001,""rounds"":4}",
       200,         9,         0,   0.003,pymatching,07ec8ad9c8a23d5765d4303e9f6d09586ae47f9956cd41f38bf39bf347e38585,"{""code"":""double_measurement_surface_code"",""diameter"":4,""measurement_noise_factor"":1,""noise_model"":""SD6_1"",""p"":0.00455,""rounds"":4}",
      4637,       135,         0,   0.019,pymatching,0fa6aa63ccd765468f0762879e962c1c033f15d649419d9d4f9d3f8154a682d7,"{""code"":""double_measurement_surface_code"",""diameter"":4,""measurement_noise_factor"":1,""noise_model"":""SD6_1"",""p"":0.0041,""rounds"":4}",
       600,        20,         0,   0.004,pymatching,07ec8ad9c8a23d5765d4303e9f6d09586ae47f9956cd41f38bf39bf347e38585,"{""code"":""double_measurement_surface_code"",""diameter"":4,""measurement_noise_factor"":1,""noise_model"":""SD6_1"",""p"":0.00455,""rounds"":4}",
       800,        28,         0,   0.006,pymatching,53252309ff1326e116a6457f914acd73906c8166d30cbdff5e4b08ac051f8d42,"{""code"":""double_measurement_surface_code"",""diameter"":4,""measurement_noise_factor"":1,""noise_model"":""SD6_1"",""p"":0.004325000000000001,""rounds"":4}",
       600,        26,         0,   0.004,pymatching,07ec8ad9c8a23d5765d4303e9f6d09586ae47f9956cd41f38bf39bf347e38585,"{""code"":""double_measurement_surface_code"",""diameter"":4,""measurement_noise_factor"":1,""noise_model"":""SD6_1"",""p"":0.00455,""rounds"":4}",
      7200,       250,         0,   0.028,pymatching,0fa6aa63ccd765468f0762879e962c1c033f15d649419d9d4f9d3f8154a682d7,"{""code"":""double_measurement_surface_code"",""diameter"":4,""measurement_noise_factor"":1,""noise_model"":""SD6_1"",""p"":0.0041,""rounds"":4}",
       400,        12,         0,   0.003,pymatching,53252309ff1326e116a6457f914acd73906c8166d30cbdff5e4b08ac051f8d42,"{""code"":""double_measurement_surface_code"",""diameter"":4,""measurement_noise_factor"":1,""noise_model"":""SD6_1"",""p"":0.004325000000000001,""rounds"":4}",
      1200,        49,         0,   0.007,pymatching,53252309ff1326e116a6457f914acd73906c8166d30cbdff5e4b08ac051f8d42,"{""code"":""double_measurement_surface_code"",""diameter"":4,""measurement_noise_factor"":1,""noise_model"":""SD6_1"",""p"":0.004325000000000001,""rounds"":4}",
      2400,        88,         0,   0.010,pymatching,53252309ff1326e116a6457f914acd73906c8166d30cbdff5e4b08ac051f8d42,"{""code"":""double_measurement_surface_code"",""diameter"":4,""measurement_noise_factor"":1,""noise_model"":""SD6_1"",""p"":0.004325000000000001,""rounds"":4}",
      1000,        36,         0,   0.009,pymatching,07ec8ad9c8a23d5765d4303e9f6d09586ae47f9956cd41f38bf39bf347e38585,"{""code"":""double_measurement_surface_code"",""diameter"":4,""measurement_noise_factor"":1,""noise_model"":""SD6_1"",""p"":0.00455,""rounds"":4}",
      2200,        80,         0,   0.010,pymatching,07ec8ad9c8a23d5765d4303e9f6d09586ae47f9956cd41f38bf39bf347e38585,"{""code"":""double_measurement_surface_code"",""diameter"":4,""measurement_noise_factor"":1,""noise_model"":""SD6_1"",""p"":0.00455,""rounds"":4}",
      3600,       132,         0,   0.014,pymatching,53252309ff1326e116a6457f914acd73906c8166d30cbdff5e4b08ac051f8d42,"{""code"":""double_measurement_surface_code"",""diameter"":4,""measurement_noise_factor"":1,""noise_model"":""SD6_1"",""p"":0.004325000000000001,""rounds"":4}",
      1900,        83,         0,   0.010,pymatching,07ec8ad9c8a23d5765d4303e9f6d09586ae47f9956cd41f38bf39bf347e38585,"{""code"":""double_measurement_surface_code"",""diameter"":4,""measurement_noise_factor"":1,""noise_model"":""SD6_1"",""p"":0.00455,""rounds"":4}",
       200,        10,         0,   0.005,pymatching,e771679120e5ae4c5bae0e33d4d2cf92d44bcef6cf22b4f3964976458773f0ea,"{""code"":""double_measurement_surface_code"",""diameter"":4,""measurement_noise_factor"":1,""noise_model"":""SD6_1"",""p"":0.004775,""rounds"":4}",
      2400,       104,         0,   0.011,pymatching,53252309ff1326e116a6457f914acd73906c8166d30cbdff5e4b08ac051f8d42,"{""code"":""double_measurement_surface_code"",""diameter"":4,""measurement_noise_factor"":1,""noise_model"":""SD6_1"",""p"":0.004325000000000001,""rounds"":4}",
      3400,       133,         0,   0.017,pymatching,07ec8ad9c8a23d5765d4303e9f6d09586ae47f9956cd41f38bf39bf347e38585,"{""code"":""double_measurement_surface_code"",""diameter"":4,""measurement_noise_factor"":1,""noise_model"":""SD6_1"",""p"":0.00455,""rounds"":4}",
       200,        11,         0,   0.003,pymatching,e771679120e5ae4c5bae0e33d4d2cf92d44bcef6cf22b4f3964976458773f0ea,"{""code"":""double_measurement_surface_code"",""diameter"":4,""measurement_noise_factor"":1,""noise_model"":""SD6_1"",""p"":0.004775,""rounds"":4}",
      5600,       198,         0,   0.021,pymatching,53252309ff1326e116a6457f914acd73906c8166d30cbdff5e4b08ac051f8d42,"{""code"":""double_measurement_surface_code"",""diameter"":4,""measurement_noise_factor"":1,""noise_model"":""SD6_1"",""p"":0.004325000000000001,""rounds"":4}",
      1461,        67,         0,   0.007,pymatching,07ec8ad9c8a23d5765d4303e9f6d09586ae47f9956cd41f38bf39bf347e38585,"{""code"":""double_measurement_surface_code"",""diameter"":4,""measurement_noise_factor"":1,""noise_model"":""SD6_1"",""p"":0.00455,""rounds"":4}",
       100,         8,         0,   0.002,pymatching,e771679120e5ae4c5bae0e33d4d2cf92d44bcef6cf22b4f3964976458773f0ea,"{""code"":""double_measurement_surface_code"",""diameter"":4,""measurement_noise_factor"":1,""noise_model"":""SD6_1"",""p"":0.004775,""rounds"":4}",
       600,        15,         0,   0.004,pymatching,e771679120e5ae4c5bae0e33d4d2cf92d44bcef6cf22b4f3964976458773f0ea,"{""code"":""double_measurement_surface_code"",""diameter"":4,""measurement_noise_factor"":1,""noise_model"":""SD6_1"",""p"":0.004775,""rounds"":4}",
      4800,       183,         0,   0.023,pymatching,53252309ff1326e116a6457f914acd73906c8166d30cbdff5e4b08ac051f8d42,"{""code"":""double_measurement_surface_code"",""diameter"":4,""measurement_noise_factor"":1,""noise_model"":""SD6_1"",""p"":0.004325000000000001,""rounds"":4}",
       200,         6,         0,   0.003,pymatching,521ced312b7a11c257ec5f17bf9a152d55f45a1e243908af92dc9b3342acf0d1,"{""code"":""double_measurement_surface_code"",""diameter"":4,""measurement_noise_factor"":1,""noise_model"":""SD6_1"",""p"":0.005,""rounds"":4}",
       600,        28,         0,   0.007,pymatching,e771679120e5ae4c5bae0e33d4d2cf92d44bcef6cf22b4f3964976458773f0ea,"{""code"":""double_measurement_surface_code"",""diameter"":4,""measurement_noise_factor"":1,""noise_model"":""SD6_1"",""p"":0.004775,""rounds"":4}",
       200,         4,         0,   0.005,pymatching,e771679120e5ae4c5bae0e33d4d2cf92d44bcef6cf22b4f3964976458773f0ea,"{""code"":""double_measurement_surface_code"",""diameter"":4,""measurement_noise_factor"":1,""noise_model"":""SD6_1"",""p"":0.004775,""rounds"":4}",
       600,        16,         0,   0.004,pymatching,e771679120e5ae4c5bae0e33d4d2cf92d44bcef6cf22b4f3964976458773f0ea,"{""code"":""double_measurement_surface_code"",""diameter"":4,""measurement_noise_factor"":1,""noise_model"":""SD6_1"",""p"":0.004775,""rounds"":4}",
      3455,       115,         0,   0.018,pymatching,53252309ff1326e116a6457f914acd73906c8166d30cbdff5e4b08ac051f8d42,"{""code"":""double_measurement_surface_code"",""diameter"":4,""measurement_noise_factor"":1,""noise_model"":""SD6_1"",""p"":0.004325000000000001,""rounds"":4}",
      1000,        49,         0,   0.008,pymatching,e771679120e5ae4c5bae0e33d4d2cf92d44bcef6cf22b4f3964976458773f0ea,"{""code"":""double_measurement_surface_code"",""diameter"":4,""measurement_noise_factor"":1,""noise_model"":""SD6_1"",""p"":0.004775,""rounds"":4}",
       600,        35,         0,   0.004,pymatching,521ced312b7a11c257ec5f17bf9a152d55f45a1e243908af92dc9b3342acf0d1,"{""code"":""double_measurement_surface_code"",""diameter"":4,""measurement_noise_factor"":1,""noise_model"":""SD6_1"",""p"":0.005,""rounds"":4}",
      1200,        56,         0,   0.007,pymatching,e771679120e5ae4c5bae0e33d4d2cf92d44bcef6cf22b4f3964976458773f0ea,"{""code"":""double_measurement_surface_code"",""diameter"":4,""measurement_noise_factor"":1,""noise_model"":""SD6_1"",""p"":0.004775,""rounds"":4}",
      5400,       196,         0,   0.025,pymatching,07ec8ad9c8a23d5765d4303e9f6d09586ae47f9956cd41f38bf39bf347e38585,"{""code"":""double_measurement_surface_code"",""diameter"":4,""measurement_noise_factor"":1,""noise_model"":""SD6_1"",""p"":0.00455,""rounds"":4}",
       600,        30,         0,   0.005,pymatching,521ced312b7a11c257ec5f17bf9a152d55f45a1e243908af92dc9b3342acf0d1,"{""code"":""double_measurement_surface_code"",""diameter"":4,""measurement_noise_factor"":1,""noise_model"":""SD6_1"",""p"":0.005,""rounds"":4}",
      2400,       103,         0,   0.012,pymatching,e771679120e5ae4c5bae0e33d4d2cf92d44bcef6cf22b4f3964976458773f0ea,"{""code"":""double_measurement_surface_code"",""diameter"":4,""measurement_noise_factor"":1,""noise_model"":""SD6_1"",""p"":0.004775,""rounds"":4}",
      1200,        59,         0,   0.006,pymatching,e771679120e5ae4c5bae0e33d4d2cf92d44bcef6cf22b4f3964976458773f0ea,"{""code"":""double_measurement_surface_code"",""diameter"":4,""measurement_noise_factor"":1,""noise_model"":""SD6_1"",""p"":0.004775,""rounds"":4}",
      3600,       154,         0,   0.015,pymatching,e771679120e5ae4c5bae0e33d4d2cf92d44bcef6cf22b4f3964976458773f0ea,"{""code"":""double_measurement_surface_code"",""diameter"":4,""measurement_noise_factor"":1,""noise_model"":""SD6_1"",""p"":0.004775,""rounds"":4}",
      2004,        90,         0,   0.009,pymatching,e771679120e5ae4c5bae0e33d4d2cf92d44bcef6cf22b4f3964976458773f0ea,"{""code"":""double_measurement_surface_code"",""diameter"":4,""measurement_noise_factor"":1,""noise_model"":""SD6_1"",""p"":0.004775,""rounds"":4}",
      1800,        74,         0,   0.013,pymatching,521ced312b7a11c257ec5f17bf9a152d55f45a1e243908af92dc9b3342acf0d1,"{""code"":""double_measurement_surface_code"",""diameter"":4,""measurement_noise_factor"":1,""noise_model"":""SD6_1"",""p"":0.005,""rounds"":4}",
      1800,        88,         0,   0.009,pymatching,521ced312b7a11c257ec5f17bf9a152d55f45a1e243908af92dc9b3342acf0d1,"{""code"":""double_measurement_surface_code"",""diameter"":4,""measurement_noise_factor"":1,""noise_model"":""SD6_1"",""p"":0.005,""rounds"":4}",
       900,        55,         0,   0.008,pymatching,521ced312b7a11c257ec5f17bf9a152d55f45a1e243908af92dc9b3342acf0d1,"{""code"":""double_measurement_surface_code"",""diameter"":4,""measurement_noise_factor"":1,""noise_model"":""SD6_1"",""p"":0.005,""rounds"":4}",
      3600,       165,         0,   0.023,pymatching,e771679120e5ae4c5bae0e33d4d2cf92d44bcef6cf22b4f3964976458773f0ea,"{""code"":""double_measurement_surface_code"",""diameter"":4,""measurement_noise_factor"":1,""noise_model"":""SD6_1"",""p"":0.004775,""rounds"":4}",
      9800,       373,         0,   0.042,pymatching,07ec8ad9c8a23d5765d4303e9f6d09586ae47f9956cd41f38bf39bf347e38585,"{""code"":""double_measurement_surface_code"",""diameter"":4,""measurement_noise_factor"":1,""noise_model"":""SD6_1"",""p"":0.00455,""rounds"":4}",
      3000,       153,         0,   0.015,pymatching,521ced312b7a11c257ec5f17bf9a152d55f45a1e243908af92dc9b3342acf0d1,"{""code"":""double_measurement_surface_code"",""diameter"":4,""measurement_noise_factor"":1,""noise_model"":""SD6_1"",""p"":0.005,""rounds"":4}",
      6000,       269,         0,   0.027,pymatching,e771679120e5ae4c5bae0e33d4d2cf92d44bcef6cf22b4f3964976458773f0ea,"{""code"":""double_measurement_surface_code"",""diameter"":4,""measurement_noise_factor"":1,""noise_model"":""SD6_1"",""p"":0.004775,""rounds"":4}",
      6600,       311,         0,   0.028,pymatching,521ced312b7a11c257ec5f17bf9a152d55f45a1e243908af92dc9b3342acf0d1,"{""code"":""double_measurement_surface_code"",""diameter"":4,""measurement_noise_factor"":1,""noise_model"":""SD6_1"",""p"":0.005,""rounds"":4}",
      5897,       297,         0,   0.025,pymatching,521ced312b7a11c257ec5f17bf9a152d55f45a1e243908af92dc9b3342acf0d1,"{""code"":""double_measurement_surface_code"",""diameter"":4,""measurement_noise_factor"":1,""noise_model"":""SD6_1"",""p"":0.005,""rounds"":4}",
       200,         0,         0,   0.014,pymatching,d5a3d785626b26255c7dbc1901ca2df3bd83e91d3c4918e77e5ab1751b3c7bc7,"{""code"":""double_measurement_surface_code"",""diameter"":8,""measurement_noise_factor"":1,""noise_model"":""SD6_1"",""p"":0.0007250000000000001,""rounds"":8}",
       200,         0,         0,   0.020,pymatching,0e3ad11261905908263cef4282a2afaff2a9fde7fbaedae0aadf314dae817b01,"{""code"":""double_measurement_surface_code"",""diameter"":8,""measurement_noise_factor"":1,""noise_model"":""SD6_1"",""p"":0.0005,""rounds"":8}",
       200,         0,         0,   0.021,pymatching,0e3ad11261905908263cef4282a2afaff2a9fde7fbaedae0aadf314dae817b01,"{""code"":""double_measurement_surface_code"",""diameter"":8,""measurement_noise_factor"":1,""noise_model"":""SD6_1"",""p"":0.0005,""rounds"":8}",
       100,         0,         0,   0.014,pymatching,aecfdbc5a4e50bed9727b2a62a254dfc371fa9acb92294c3b7d4fbee177722b2,"{""code"":""double_measurement_surface_code"",""diameter"":8,""measurement_noise_factor"":1,""noise_model"":""SD6_1"",""p"":0.0009500000000000001,""rounds"":8}",
       100,         0,         0,   0.014,pymatching,d5a3d785626b26255c7dbc1901ca2df3bd83e91d3c4918e77e5ab1751b3c7bc7,"{""code"":""double_measurement_surface_code"",""diameter"":8,""measurement_noise_factor"":1,""noise_model"":""SD6_1"",""p"":0.0007250000000000001,""rounds"":8}",
       200,         0,         0,   0.020,pymatching,aecfdbc5a4e50bed9727b2a62a254dfc371fa9acb92294c3b7d4fbee177722b2,"{""code"":""double_measurement_surface_code"",""diameter"":8,""measurement_noise_factor"":1,""noise_model"":""SD6_1"",""p"":0.0009500000000000001,""rounds"":8}",
       200,         0,         0,   0.019,pymatching,aecfdbc5a4e50bed9727b2a62a254dfc371fa9acb92294c3b7d4fbee177722b2,"{""code"":""double_measurement_surface_code"",""diameter"":8,""measurement_noise_factor"":1,""noise_model"":""SD6_1"",""p"":0.0009500000000000001,""rounds"":8}",
       100,         0,         0,   0.023,pymatching,0e3ad11261905908263cef4282a2afaff2a9fde7fbaedae0aadf314dae817b01,"{""code"":""double_measurement_surface_code"",""diameter"":8,""measurement_noise_factor"":1,""noise_model"":""SD6_1"",""p"":0.0005,""rounds"":8}",
       200,         0,         0,   0.018,pymatching,d5a3d785626b26255c7dbc1901ca2df3bd83e91d3c4918e77e5ab1751b3c7bc7,"{""code"":""double_measurement_surface_code"",""diameter"":8,""measurement_noise_factor"":1,""noise_model"":""SD6_1"",""p"":0.0007250000000000001,""rounds"":8}",
       800,         0,         0,   0.017,pymatching,0e3ad11261905908263cef4282a2afaff2a9fde7fbaedae0aadf314dae817b01,"{""code"":""double_measurement_surface_code"",""diameter"":8,""measurement_noise_factor"":1,""noise_model"":""SD6_1"",""p"":0.0005,""rounds"":8}",
       600,         0,         0,   0.020,pymatching,d5a3d785626b26255c7dbc1901ca2df3bd83e91d3c4918e77e5ab1751b3c7bc7,"{""code"":""double_measurement_surface_code"",""diameter"":8,""measurement_noise_factor"":1,""noise_model"":""SD6_1"",""p"":0.0007250000000000001,""rounds"":8}",
       600,         0,         0,   0.018,pymatching,0e3ad11261905908263cef4282a2afaff2a9fde7fbaedae0aadf314dae817b01,"{""code"":""double_measurement_surface_code"",""diameter"":8,""measurement_noise_factor"":1,""noise_model"":""SD6_1"",""p"":0.0005,""rounds"":8}",
      1000,         0,         0,   0.024,pymatching,0e3ad11261905908263cef4282a2afaff2a9fde7fbaedae0aadf314dae817b01,"{""code"":""double_measurement_surface_code"",""diameter"":8,""measurement_noise_factor"":1,""noise_model"":""SD6_1"",""p"":0.0005,""rounds"":8}",
       600,         0,         0,   0.017,pymatching,0e3ad11261905908263cef4282a2afaff2a9fde7fbaedae0aadf314dae817b01,"{""code"":""double_measurement_surface_code"",""diameter"":8,""measurement_noise_factor"":1,""noise_model"":""SD6_1"",""p"":0.0005,""rounds"":8}",
       400,         0,         0,   0.025,pymatching,d5a3d785626b26255c7dbc1901ca2df3bd83e91d3c4918e77e5ab1751b3c7bc7,"{""code"":""double_measurement_surface_code"",""diameter"":8,""measurement_noise_factor"":1,""noise_model"":""SD6_1"",""p"":0.0007250000000000001,""rounds"":8}",
       800,         0,         0,   0.028,pymatching,d5a3d785626b26255c7dbc1901ca2df3bd83e91d3c4918e77e5ab1751b3c7bc7,"{""code"":""double_measurement_surface_code"",""diameter"":8,""measurement_noise_factor"":1,""noise_model"":""SD6_1"",""p"":0.0007250000000000001,""rounds"":8}",
      1200,         0,         0,   0.025,pymatching,d5a3d785626b26255c7dbc1901ca2df3bd83e91d3c4918e77e5ab1751b3c7bc7,"{""code"":""double_measurement_surface_code"",""diameter"":8,""measurement_noise_factor"":1,""noise_model"":""SD6_1"",""p"":0.0007250000000000001,""rounds"":8}",
      1200,         0,         0,   0.029,pymatching,aecfdbc5a4e50bed9727b2a62a254dfc371fa9acb92294c3b7d4fbee177722b2,"{""code"":""double_measurement_surface_code"",""diameter"":8,""measurement_noise_factor"":1,""noise_model"":""SD6_1"",""p"":0.0009500000000000001,""rounds"":8}",
      1200,         0,         0,   0.040,pymatching,aecfdbc5a4e50bed9727b2a62a254dfc371fa9acb92294c3b7d4fbee177722b2,"{""code"":""double_measurement_surface_code"",""diameter"":8,""measurement_noise_factor"":1,""noise_model"":""SD6_1"",""p"":0.0009500000000000001,""rounds"":8}",
      2000,         0,         0,   0.031,pymatching,0e3ad11261905908263cef4282a2afaff2a9fde7fbaedae0aadf314dae817b01,"{""code"":""double_measurement_surface_code"",""diameter"":8,""measurement_noise_factor"":1,""noise_model"":""SD6_1"",""p"":0.0005,""rounds"":8}",
      2800,         0,         0,   0.038,pymatching,0e3ad11261905908263cef4282a2afaff2a9fde7fbaedae0aadf314dae817b01,"{""code"":""double_measurement_surface_code"",""diameter"":8,""measurement_noise_factor"":1,""noise_model"":""SD6_1"",""p"":0.0005,""rounds"":8}",
      3600,         0,         0,   0.056,pymatching,0e3ad11261905908263cef4282a2afaff2a9fde7fbaedae0aadf314dae817b01,"{""code"":""double_measurement_surface_code"",""diameter"":8,""measurement_noise_factor"":1,""noise_model"":""SD6_1"",""p"":0.0005,""rounds"":8}",
      3600,         0,         0,   0.052,pymatching,0e3ad11261905908263cef4282a2afaff2a9fde7fbaedae0aadf314dae817b01,"{""code"":""double_measurement_surface_code"",""diameter"":8,""measurement_noise_factor"":1,""noise_model"":""SD6_1"",""p"":0.0005,""rounds"":8}",
      3200,         0,         0,   0.068,pymatching,d5a3d785626b26255c7dbc1901ca2df3bd83e91d3c4918e77e5ab1751b3c7bc7,"{""code"":""double_measurement_surface_code"",""diameter"":8,""measurement_noise_factor"":1,""noise_model"":""SD6_1"",""p"":0.0007250000000000001,""rounds"":8}",
      2800,         0,         0,   0.059,pymatching,d5a3d785626b26255c7dbc1901ca2df3bd83e91d3c4918e77e5ab1751b3c7bc7,"{""code"":""double_measurement_surface_code"",""diameter"":8,""measurement_noise_factor"":1,""noise_model"":""SD6_1"",""p"":0.0007250000000000001,""rounds"":8}",
      6000,         0,         0,   0.088,pymatching,0e3ad11261905908263cef4282a2afaff2a9fde7fbaedae0aadf314dae817b01,"{""code"":""double_measurement_surface_code"",""diameter"":8,""measurement_noise_factor"":1,""noise_model"":""SD6_1"",""p"":0.0005,""rounds"":8}",
      4800,         0,         0,   0.083,pymatching,d5a3d785626b26255c7dbc1901ca2df3bd83e91d3c4918e77e5ab1751b3c7bc7,"{""code"":""double_measurement_surface_code"",""diameter"":8,""measurement_noise_factor"":1,""noise_model"":""SD6_1"",""p"":0.0007250000000000001,""rounds"":8}",
      7200,         0,         0,   0.101,pymatching,d5a3d785626b26255c7dbc1901ca2df3bd83e91d3c4918e77e5ab1751b3c7bc7,"{""code"":""double_measurement_surface_code"",""diameter"":8,""measurement_noise_factor"":1,""noise_model"":""SD6_1"",""p"":0.0007250000000000001,""rounds"":8}",
      6000,         0,         0,   0.103,pymatching,aecfdbc5a4e50bed9727b2a62a254dfc371fa9acb92294c3b7d4fbee177722b2,"{""code"":""double_measurement_surface_code"",""diameter"":8,""measurement_noise_factor"":1,""noise_model"":""SD6_1"",""p"":0.0009500000000000001,""rounds"":8}",
     11200,         0,         0,   0.131,pymatching,0e3ad11261905908263cef4282a2afaff2a9fde7fbaedae0aadf314dae817b01,"{""code"":""double_measurement_surface_code"",""diameter"":8,""measurement_noise_factor"":1,""noise_model"":""SD6_1"",""p"":0.0005,""rounds"":8}",
      3200,         0,         0,   0.064,pymatching,d5a3d785626b26255c7dbc1901ca2df3bd83e91d3c4918e77e5ab1751b3c7bc7,"{""code"":""double_measurement_surface_code"",""diameter"":8,""measurement_noise_factor"":1,""noise_model"":""SD6_1"",""p"":0.0007250000000000001,""rounds"":8}",
      1600,         0,         0,   0.031,pymatching,0e3ad11261905908263cef4282a2afaff2a9fde7fbaedae0aadf314dae817b01,"{""code"":""double_measurement_surface_code"",""diameter"":8,""measurement_noise_factor"":1,""noise_model"":""SD6_1"",""p"":0.0005,""rounds"":8}",
     16800,         0,         0,   0.242,pymatching,0e3ad11261905908263cef4282a2afaff2a9fde7fbaedae0aadf314dae817b01,"{""code"":""double_measurement_surface_code"",""diameter"":8,""measurement_noise_factor"":1,""noise_model"":""SD6_1"",""p"":0.0005,""rounds"":8}",
     13600,         0,         0,   0.211,pymatching,d5a3d785626b26255c7dbc1901ca2df3bd83e91d3c4918e77e5ab1751b3c7bc7,"{""code"":""double_measurement_surface_code"",""diameter"":8,""measurement_noise_factor"":1,""noise_model"":""SD6_1"",""p"":0.0007250000000000001,""rounds"":8}",
     21600,         0,         0,   0.283,pymatching,0e3ad11261905908263cef4282a2afaff2a9fde7fbaedae0aadf314dae817b01,"{""code"":""double_measurement_surface_code"",""diameter"":8,""measurement_noise_factor"":1,""noise_model"":""SD6_1"",""p"":0.0005,""rounds"":8}",
     22400,         0,         0,   0.309,pymatching,0e3ad11261905908263cef4282a2afaff2a9fde7fbaedae0aadf314dae817b01,"{""code"":""double_measurement_surface_code"",""diameter"":8,""measurement_noise_factor"":1,""noise_model"":""SD6_1"",""p"":0.0005,""rounds"":8}",
     19200,         1,         0,   0.279,pymatching,d5a3d785626b26255c7dbc1901ca2df3bd83e91d3c4918e77e5ab1751b3c7bc7,"{""code"":""double_measurement_surface_code"",""diameter"":8,""measurement_noise_factor"":1,""noise_model"":""SD6_1"",""p"":0.0007250000000000001,""rounds"":8}",
      9600,         0,         0,   0.140,pymatching,0e3ad11261905908263cef4282a2afaff2a9fde7fbaedae0aadf314dae817b01,"{""code"":""double_measurement_surface_code"",""diameter"":8,""measurement_noise_factor"":1,""noise_model"":""SD6_1"",""p"":0.0005,""rounds"":8}",
     28800,         0,         0,   0.361,pymatching,d5a3d785626b26255c7dbc1901ca2df3bd83e91d3c4918e77e5ab1751b3c7bc7,"{""code"":""double_measurement_surface_code"",""diameter"":8,""measurement_noise_factor"":1,""noise_model"":""SD6_1"",""p"":0.0007250000000000001,""rounds"":8}",
     36000,         0,         0,   0.483,pymatching,0e3ad11261905908263cef4282a2afaff2a9fde7fbaedae0aadf314dae817b01,"{""code"":""double_measurement_surface_code"",""diameter"":8,""measurement_noise_factor"":1,""noise_model"":""SD6_1"",""p"":0.0005,""rounds"":8}",
     43200,         0,         0,   0.578,pymatching,d5a3d785626b26255c7dbc1901ca2df3bd83e91d3c4918e77e5ab1751b3c7bc7,"{""code"":""double_measurement_surface_code"",""diameter"":8,""measurement_noise_factor"":1,""noise_model"":""SD6_1"",""p"":0.0007250000000000001,""rounds"":8}",
     65600,         0,         0,   0.926,pymatching,0e3ad11261905908263cef4282a2afaff2a9fde7fbaedae0aadf314dae817b01,"{""code"":""double_measurement_surface_code"",""diameter"":8,""measurement_noise_factor"":1,""noise_model"":""SD6_1"",""p"":0.0005,""rounds"":8}",
     57600,         0,         0,   0.743,pymatching,0e3ad11261905908263cef4282a2afaff2a9fde7fbaedae0aadf314dae817b01,"{""code"":""double_measurement_surface_code"",""diameter"":8,""measurement_noise_factor"":1,""noise_model"":""SD6_1"",""p"":0.0005,""rounds"":8}",
     76800,         0,         0,    1.14,pymatching,d5a3d785626b26255c7dbc1901ca2df3bd83e91d3c4918e77e5ab1751b3c7bc7,"{""code"":""double_measurement_surface_code"",""diameter"":8,""measurement_noise_factor"":1,""noise_model"":""SD6_1"",""p"":0.0007250000000000001,""rounds"":8}",
    100800,         0,         0,    1.23,pymatching,0e3ad11261905908263cef4282a2afaff2a9fde7fbaedae0aadf314dae817b01,"{""code"":""double_measurement_surface_code"",""diameter"":8,""measurement_noise_factor"":1,""noise_model"":""SD6_1"",""p"":0.0005,""rounds"":8}",
    115200,         0,         0,    1.55,pymatching,d5a3d785626b26255c7dbc1901ca2df3bd83e91d3c4918e77e5ab1751b3c7bc7,"{""code"":""double_measurement_surface_code"",""diameter"":8,""measurement_noise_factor"":1,""noise_model"":""SD6_1"",""p"":0.0007250000000000001,""rounds"":8}",
    129600,         0,         0,    1.59,pymatching,0e3ad11261905908263cef4282a2afaff2a9fde7fbaedae0aadf314dae817b01,"{""code"":""double_measurement_surface_code"",""diameter"":8,""measurement_noise_factor"":1,""noise_model"":""SD6_1"",""p"":0.0005,""rounds"":8}",
    134400,         0,         0,    1.69,pymatching,0e3ad11261905908263cef4282a2afaff2a9fde7fbaedae0aadf314dae817b01,"{""code"":""double_measurement_surface_code"",""diameter"":8,""measurement_noise_factor"":1,""noise_model"":""SD6_1"",""p"":0.0005,""rounds"":8}",
    172800,         1,         0,    2.39,pymatching,d5a3d785626b26255c7dbc1901ca2df3bd83e91d3c4918e77e5ab1751b3c7bc7,"{""code"":""double_measurement_surface_code"",""diameter"":8,""measurement_noise_factor"":1,""noise_model"":""SD6_1"",""p"":0.0007250000000000001,""rounds"":8}",
    216000,         0,         0,    2.75,pymatching,0e3ad11261905908263cef4282a2afaff2a9fde7fbaedae0aadf314dae817b01,"{""code"":""double_measurement_surface_code"",""diameter"":8,""measurement_noise_factor"":1,""noise_model"":""SD6_1"",""p"":0.0005,""rounds"":8}",
    259200,         0,         0,    3.54,pymatching,d5a3d785626b26255c7dbc1901ca2df3bd83e91d3c4918e77e5ab1751b3c7bc7,"{""code"":""double_measurement_surface_code"",""diameter"":8,""measurement_noise_factor"":1,""noise_model"":""SD6_1"",""p"":0.0007250000000000001,""rounds"":8}",
    345600,         1,         0,    4.28,pymatching,0e3ad11261905908263cef4282a2afaff2a9fde7fbaedae0aadf314dae817b01,"{""code"":""double_measurement_surface_code"",""diameter"":8,""measurement_noise_factor"":1,""noise_model"":""SD6_1"",""p"":0.0005,""rounds"":8}",
    393600,         0,         0,    4.89,pymatching,0e3ad11261905908263cef4282a2afaff2a9fde7fbaedae0aadf314dae817b01,"{""code"":""double_measurement_surface_code"",""diameter"":8,""measurement_noise_factor"":1,""noise_model"":""SD6_1"",""p"":0.0005,""rounds"":8}",
    412800,         0,         0,    5.62,pymatching,d5a3d785626b26255c7dbc1901ca2df3bd83e91d3c4918e77e5ab1751b3c7bc7,"{""code"":""double_measurement_surface_code"",""diameter"":8,""measurement_noise_factor"":1,""noise_model"":""SD6_1"",""p"":0.0007250000000000001,""rounds"":8}",
    604800,         0,         0,    7.37,pymatching,0e3ad11261905908263cef4282a2afaff2a9fde7fbaedae0aadf314dae817b01,"{""code"":""double_measurement_surface_code"",""diameter"":8,""measurement_noise_factor"":1,""noise_model"":""SD6_1"",""p"":0.0005,""rounds"":8}",
    643200,         0,         0,    8.38,pymatching,d5a3d785626b26255c7dbc1901ca2df3bd83e91d3c4918e77e5ab1751b3c7bc7,"{""code"":""double_measurement_surface_code"",""diameter"":8,""measurement_noise_factor"":1,""noise_model"":""SD6_1"",""p"":0.0007250000000000001,""rounds"":8}",
    777600,         0,         0,    9.33,pymatching,0e3ad11261905908263cef4282a2afaff2a9fde7fbaedae0aadf314dae817b01,"{""code"":""double_measurement_surface_code"",""diameter"":8,""measurement_noise_factor"":1,""noise_model"":""SD6_1"",""p"":0.0005,""rounds"":8}",
     18000,         1,         0,   0.265,pymatching,aecfdbc5a4e50bed9727b2a62a254dfc371fa9acb92294c3b7d4fbee177722b2,"{""code"":""double_measurement_surface_code"",""diameter"":8,""measurement_noise_factor"":1,""noise_model"":""SD6_1"",""p"":0.0009500000000000001,""rounds"":8}",
    806400,         0,         0,    9.76,pymatching,0e3ad11261905908263cef4282a2afaff2a9fde7fbaedae0aadf314dae817b01,"{""code"":""double_measurement_surface_code"",""diameter"":8,""measurement_noise_factor"":1,""noise_model"":""SD6_1"",""p"":0.0005,""rounds"":8}",
     54000,         0,         0,   0.809,pymatching,aecfdbc5a4e50bed9727b2a62a254dfc371fa9acb92294c3b7d4fbee177722b2,"{""code"":""double_measurement_surface_code"",""diameter"":8,""measurement_noise_factor"":1,""noise_model"":""SD6_1"",""p"":0.0009500000000000001,""rounds"":8}",
     54000,         1,         0,   0.785,pymatching,aecfdbc5a4e50bed9727b2a62a254dfc371fa9acb92294c3b7d4fbee177722b2,"{""code"":""double_measurement_surface_code"",""diameter"":8,""measurement_noise_factor"":1,""noise_model"":""SD6_1"",""p"":0.0009500000000000001,""rounds"":8}",
    162000,         3,         0,    2.35,pymatching,aecfdbc5a4e50bed9727b2a62a254dfc371fa9acb92294c3b7d4fbee177722b2,"{""code"":""double_measurement_surface_code"",""diameter"":8,""measurement_noise_factor"":1,""noise_model"":""SD6_1"",""p"":0.0009500000000000001,""rounds"":8}",
    496000,         3,         0,    5.88,pymatching,0e3ad11261905908263cef4282a2afaff2a9fde7fbaedae0aadf314dae817b01,"{""code"":""double_measurement_surface_code"",""diameter"":8,""measurement_noise_factor"":1,""noise_model"":""SD6_1"",""p"":0.0005,""rounds"":8}",
    988800,         5,         0,    12.9,pymatching,d5a3d785626b26255c7dbc1901ca2df3bd83e91d3c4918e77e5ab1751b3c7bc7,"{""code"":""double_measurement_surface_code"",""diameter"":8,""measurement_noise_factor"":1,""noise_model"":""SD6_1"",""p"":0.0007250000000000001,""rounds"":8}",
     27000,         0,         0,   0.398,pymatching,aecfdbc5a4e50bed9727b2a62a254dfc371fa9acb92294c3b7d4fbee177722b2,"{""code"":""double_measurement_surface_code"",""diameter"":8,""measurement_noise_factor"":1,""noise_model"":""SD6_1"",""p"":0.0009500000000000001,""rounds"":8}",
    270000,         5,         0,    3.89,pymatching,aecfdbc5a4e50bed9727b2a62a254dfc371fa9acb92294c3b7d4fbee177722b2,"{""code"":""double_measurement_surface_code"",""diameter"":8,""measurement_noise_factor"":1,""noise_model"":""SD6_1"",""p"":0.0009500000000000001,""rounds"":8}",
    162000,         1,         0,    2.36,pymatching,aecfdbc5a4e50bed9727b2a62a254dfc371fa9acb92294c3b7d4fbee177722b2,"{""code"":""double_measurement_surface_code"",""diameter"":8,""measurement_noise_factor"":1,""noise_model"":""SD6_1"",""p"":0.0009500000000000001,""rounds"":8}",
   1296000,         0,         0,    15.4,pymatching,0e3ad11261905908263cef4282a2afaff2a9fde7fbaedae0aadf314dae817b01,"{""code"":""double_measurement_surface_code"",""diameter"":8,""measurement_noise_factor"":1,""noise_model"":""SD6_1"",""p"":0.0005,""rounds"":8}",
       200,         0,         0,   0.015,pymatching,538259514d9b0057ac40bb2dc46b27cc9aaa317a9b0d23e835da9bb76909d3e7,"{""code"":""double_measurement_surface_code"",""diameter"":8,""measurement_noise_factor"":1,""noise_model"":""SD6_1"",""p"":0.001175,""rounds"":8}",
       600,         0,         0,   0.018,pymatching,538259514d9b0057ac40bb2dc46b27cc9aaa317a9b0d23e835da9bb76909d3e7,"{""code"":""double_measurement_surface_code"",""diameter"":8,""measurement_noise_factor"":1,""noise_model"":""SD6_1"",""p"":0.001175,""rounds"":8}",
      1800,         0,         0,   0.041,pymatching,538259514d9b0057ac40bb2dc46b27cc9aaa317a9b0d23e835da9bb76909d3e7,"{""code"":""double_measurement_surface_code"",""diameter"":8,""measurement_noise_factor"":1,""noise_model"":""SD6_1"",""p"":0.001175,""rounds"":8}",
      5400,         0,         0,   0.090,pymatching,538259514d9b0057ac40bb2dc46b27cc9aaa317a9b0d23e835da9bb76909d3e7,"{""code"":""double_measurement_surface_code"",""diameter"":8,""measurement_noise_factor"":1,""noise_model"":""SD6_1"",""p"":0.001175,""rounds"":8}",
     16200,         0,         0,   0.267,pymatching,538259514d9b0057ac40bb2dc46b27cc9aaa317a9b0d23e835da9bb76909d3e7,"{""code"":""double_measurement_surface_code"",""diameter"":8,""measurement_noise_factor"":1,""noise_model"":""SD6_1"",""p"":0.001175,""rounds"":8}",
     48600,         1,         0,   0.772,pymatching,538259514d9b0057ac40bb2dc46b27cc9aaa317a9b0d23e835da9bb76909d3e7,"{""code"":""double_measurement_surface_code"",""diameter"":8,""measurement_noise_factor"":1,""noise_model"":""SD6_1"",""p"":0.001175,""rounds"":8}",
    145800,         4,         0,    2.31,pymatching,538259514d9b0057ac40bb2dc46b27cc9aaa317a9b0d23e835da9bb76909d3e7,"{""code"":""double_measurement_surface_code"",""diameter"":8,""measurement_noise_factor"":1,""noise_model"":""SD6_1"",""p"":0.001175,""rounds"":8}",
    594000,         8,         0,    8.46,pymatching,aecfdbc5a4e50bed9727b2a62a254dfc371fa9acb92294c3b7d4fbee177722b2,"{""code"":""double_measurement_surface_code"",""diameter"":8,""measurement_noise_factor"":1,""noise_model"":""SD6_1"",""p"":0.0009500000000000001,""rounds"":8}",
    594000,         6,         0,    8.57,pymatching,aecfdbc5a4e50bed9727b2a62a254dfc371fa9acb92294c3b7d4fbee177722b2,"{""code"":""double_measurement_surface_code"",""diameter"":8,""measurement_noise_factor"":1,""noise_model"":""SD6_1"",""p"":0.0009500000000000001,""rounds"":8}",
   1507200,         2,         0,    19.7,pymatching,d5a3d785626b26255c7dbc1901ca2df3bd83e91d3c4918e77e5ab1751b3c7bc7,"{""code"":""double_measurement_surface_code"",""diameter"":8,""measurement_noise_factor"":1,""noise_model"":""SD6_1"",""p"":0.0007250000000000001,""rounds"":8}",
    437400,        12,         0,    6.92,pymatching,538259514d9b0057ac40bb2dc46b27cc9aaa317a9b0d23e835da9bb76909d3e7,"{""code"":""double_measurement_surface_code"",""diameter"":8,""measurement_noise_factor"":1,""noise_model"":""SD6_1"",""p"":0.001175,""rounds"":8}",
   2073600,         2,         0,    24.6,pymatching,0e3ad11261905908263cef4282a2afaff2a9fde7fbaedae0aadf314dae817b01,"{""code"":""double_measurement_surface_code"",""diameter"":8,""measurement_noise_factor"":1,""noise_model"":""SD6_1"",""p"":0.0005,""rounds"":8}",
    437400,         9,         0,    6.97,pymatching,538259514d9b0057ac40bb2dc46b27cc9aaa317a9b0d23e835da9bb76909d3e7,"{""code"":""double_measurement_surface_code"",""diameter"":8,""measurement_noise_factor"":1,""noise_model"":""SD6_1"",""p"":0.001175,""rounds"":8}",
   1188000,        12,         0,    17.0,pymatching,aecfdbc5a4e50bed9727b2a62a254dfc371fa9acb92294c3b7d4fbee177722b2,"{""code"":""double_measurement_surface_code"",""diameter"":8,""measurement_noise_factor"":1,""noise_model"":""SD6_1"",""p"":0.0009500000000000001,""rounds"":8}",
   2361600,         0,         0,    28.1,pymatching,0e3ad11261905908263cef4282a2afaff2a9fde7fbaedae0aadf314dae817b01,"{""code"":""double_measurement_surface_code"",""diameter"":8,""measurement_noise_factor"":1,""noise_model"":""SD6_1"",""p"":0.0005,""rounds"":8}",
       200,         0,         0,   0.016,pymatching,81afb0d04cc5ccf6d881d870511920e06d0d2be5ee4b14e860e46a73c2dc005c,"{""code"":""double_measurement_surface_code"",""diameter"":8,""measurement_noise_factor"":1,""noise_model"":""SD6_1"",""p"":0.0014000000000000002,""rounds"":8}",
       600,         0,         0,   0.024,pymatching,81afb0d04cc5ccf6d881d870511920e06d0d2be5ee4b14e860e46a73c2dc005c,"{""code"":""double_measurement_surface_code"",""diameter"":8,""measurement_noise_factor"":1,""noise_model"":""SD6_1"",""p"":0.0014000000000000002,""rounds"":8}",
      1800,         1,         0,   0.040,pymatching,81afb0d04cc5ccf6d881d870511920e06d0d2be5ee4b14e860e46a73c2dc005c,"{""code"":""double_measurement_surface_code"",""diameter"":8,""measurement_noise_factor"":1,""noise_model"":""SD6_1"",""p"":0.0014000000000000002,""rounds"":8}",
      5400,         0,         0,   0.106,pymatching,81afb0d04cc5ccf6d881d870511920e06d0d2be5ee4b14e860e46a73c2dc005c,"{""code"":""double_measurement_surface_code"",""diameter"":8,""measurement_noise_factor"":1,""noise_model"":""SD6_1"",""p"":0.0014000000000000002,""rounds"":8}",
     16200,         0,         0,   0.324,pymatching,81afb0d04cc5ccf6d881d870511920e06d0d2be5ee4b14e860e46a73c2dc005c,"{""code"":""double_measurement_surface_code"",""diameter"":8,""measurement_noise_factor"":1,""noise_model"":""SD6_1"",""p"":0.0014000000000000002,""rounds"":8}",
     48600,        11,         0,   0.869,pymatching,81afb0d04cc5ccf6d881d870511920e06d0d2be5ee4b14e860e46a73c2dc005c,"{""code"":""double_measurement_surface_code"",""diameter"":8,""measurement_noise_factor"":1,""noise_model"":""SD6_1"",""p"":0.0014000000000000002,""rounds"":8}",
   2332800,         6,         0,    30.5,pymatching,d5a3d785626b26255c7dbc1901ca2df3bd83e91d3c4918e77e5ab1751b3c7bc7,"{""code"":""double_measurement_surface_code"",""diameter"":8,""measurement_noise_factor"":1,""noise_model"":""SD6_1"",""p"":0.0007250000000000001,""rounds"":8}",
    145800,         9,         0,    2.60,pymatching,81afb0d04cc5ccf6d881d870511920e06d0d2be5ee4b14e860e46a73c2dc005c,"{""code"":""double_measurement_surface_code"",""diameter"":8,""measurement_noise_factor"":1,""noise_model"":""SD6_1"",""p"":0.0014000000000000002,""rounds"":8}",
   1404000,        10,         0,    20.4,pymatching,aecfdbc5a4e50bed9727b2a62a254dfc371fa9acb92294c3b7d4fbee177722b2,"{""code"":""double_measurement_surface_code"",""diameter"":8,""measurement_noise_factor"":1,""noise_model"":""SD6_1"",""p"":0.0009500000000000001,""rounds"":8}",
    145800,        13,         0,    2.51,pymatching,81afb0d04cc5ccf6d881d870511920e06d0d2be5ee4b14e860e46a73c2dc005c,"{""code"":""double_measurement_surface_code"",""diameter"":8,""measurement_noise_factor"":1,""noise_model"":""SD6_1"",""p"":0.0014000000000000002,""rounds"":8}",
    656100,        27,         0,    10.4,pymatching,538259514d9b0057ac40bb2dc46b27cc9aaa317a9b0d23e835da9bb76909d3e7,"{""code"":""double_measurement_surface_code"",""diameter"":8,""measurement_noise_factor"":1,""noise_model"":""SD6_1"",""p"":0.001175,""rounds"":8}",
    437400,        30,         0,    7.57,pymatching,81afb0d04cc5ccf6d881d870511920e06d0d2be5ee4b14e860e46a73c2dc005c,"{""code"":""double_measurement_surface_code"",""diameter"":8,""measurement_noise_factor"":1,""noise_model"":""SD6_1"",""p"":0.0014000000000000002,""rounds"":8}",
    437400,        19,         0,    7.56,pymatching,81afb0d04cc5ccf6d881d870511920e06d0d2be5ee4b14e860e46a73c2dc005c,"{""code"":""double_measurement_surface_code"",""diameter"":8,""measurement_noise_factor"":1,""noise_model"":""SD6_1"",""p"":0.0014000000000000002,""rounds"":8}",
   1312200,        46,         0,    20.8,pymatching,538259514d9b0057ac40bb2dc46b27cc9aaa317a9b0d23e835da9bb76909d3e7,"{""code"":""double_measurement_surface_code"",""diameter"":8,""measurement_noise_factor"":1,""noise_model"":""SD6_1"",""p"":0.001175,""rounds"":8}",
   1312200,        34,         0,    20.8,pymatching,538259514d9b0057ac40bb2dc46b27cc9aaa317a9b0d23e835da9bb76909d3e7,"{""code"":""double_measurement_surface_code"",""diameter"":8,""measurement_noise_factor"":1,""noise_model"":""SD6_1"",""p"":0.001175,""rounds"":8}",
       200,         0,         0,   0.016,pymatching,f2d6ea4a4e3b2daeb3fdbf00824d503c11a36f08e2e0f1a18ec96ad2ca1750eb,"{""code"":""double_measurement_surface_code"",""diameter"":8,""measurement_noise_factor"":1,""noise_model"":""SD6_1"",""p"":0.0016250000000000001,""rounds"":8}",
       600,         0,         0,   0.025,pymatching,f2d6ea4a4e3b2daeb3fdbf00824d503c11a36f08e2e0f1a18ec96ad2ca1750eb,"{""code"":""double_measurement_surface_code"",""diameter"":8,""measurement_noise_factor"":1,""noise_model"":""SD6_1"",""p"":0.0016250000000000001,""rounds"":8}",
      1800,         0,         0,   0.041,pymatching,f2d6ea4a4e3b2daeb3fdbf00824d503c11a36f08e2e0f1a18ec96ad2ca1750eb,"{""code"":""double_measurement_surface_code"",""diameter"":8,""measurement_noise_factor"":1,""noise_model"":""SD6_1"",""p"":0.0016250000000000001,""rounds"":8}",
      5400,         1,         0,   0.115,pymatching,f2d6ea4a4e3b2daeb3fdbf00824d503c11a36f08e2e0f1a18ec96ad2ca1750eb,"{""code"":""double_measurement_surface_code"",""diameter"":8,""measurement_noise_factor"":1,""noise_model"":""SD6_1"",""p"":0.0016250000000000001,""rounds"":8}",
     16200,         3,         0,   0.322,pymatching,f2d6ea4a4e3b2daeb3fdbf00824d503c11a36f08e2e0f1a18ec96ad2ca1750eb,"{""code"":""double_measurement_surface_code"",""diameter"":8,""measurement_noise_factor"":1,""noise_model"":""SD6_1"",""p"":0.0016250000000000001,""rounds"":8}",
     48600,         6,         0,   0.946,pymatching,f2d6ea4a4e3b2daeb3fdbf00824d503c11a36f08e2e0f1a18ec96ad2ca1750eb,"{""code"":""double_measurement_surface_code"",""diameter"":8,""measurement_noise_factor"":1,""noise_model"":""SD6_1"",""p"":0.0016250000000000001,""rounds"":8}",
    729000,        51,         0,    12.6,pymatching,81afb0d04cc5ccf6d881d870511920e06d0d2be5ee4b14e860e46a73c2dc005c,"{""code"":""double_measurement_surface_code"",""diameter"":8,""measurement_noise_factor"":1,""noise_model"":""SD6_1"",""p"":0.0014000000000000002,""rounds"":8}",
   3361600,        16,         0,    43.9,pymatching,d5a3d785626b26255c7dbc1901ca2df3bd83e91d3c4918e77e5ab1751b3c7bc7,"{""code"":""double_measurement_surface_code"",""diameter"":8,""measurement_noise_factor"":1,""noise_model"":""SD6_1"",""p"":0.0007250000000000001,""rounds"":8}",
    145800,        19,         0,    3.07,pymatching,f2d6ea4a4e3b2daeb3fdbf00824d503c11a36f08e2e0f1a18ec96ad2ca1750eb,"{""code"":""double_measurement_surface_code"",""diameter"":8,""measurement_noise_factor"":1,""noise_model"":""SD6_1"",""p"":0.0016250000000000001,""rounds"":8}",
    145800,        23,         0,    3.16,pymatching,f2d6ea4a4e3b2daeb3fdbf00824d503c11a36f08e2e0f1a18ec96ad2ca1750eb,"{""code"":""double_measurement_surface_code"",""diameter"":8,""measurement_noise_factor"":1,""noise_model"":""SD6_1"",""p"":0.0016250000000000001,""rounds"":8}",
   2700000,        27,         0,    39.5,pymatching,aecfdbc5a4e50bed9727b2a62a254dfc371fa9acb92294c3b7d4fbee177722b2,"{""code"":""double_measurement_surface_code"",""diameter"":8,""measurement_noise_factor"":1,""noise_model"":""SD6_1"",""p"":0.0009500000000000001,""rounds"":8}",
   2764000,        37,         0,    40.5,pymatching,aecfdbc5a4e50bed9727b2a62a254dfc371fa9acb92294c3b7d4fbee177722b2,"{""code"":""double_measurement_surface_code"",""diameter"":8,""measurement_noise_factor"":1,""noise_model"":""SD6_1"",""p"":0.0009500000000000001,""rounds"":8}",
       200,         0,         0,   0.025,pymatching,02868fea17d2cd61315184b1934390e49d6a87350a02dd5ea77182c014fbda26,"{""code"":""double_measurement_surface_code"",""diameter"":8,""measurement_noise_factor"":1,""noise_model"":""SD6_1"",""p"":0.00185,""rounds"":8}",
       600,         0,         0,   0.020,pymatching,02868fea17d2cd61315184b1934390e49d6a87350a02dd5ea77182c014fbda26,"{""code"":""double_measurement_surface_code"",""diameter"":8,""measurement_noise_factor"":1,""noise_model"":""SD6_1"",""p"":0.00185,""rounds"":8}",
      1800,         1,         0,   0.050,pymatching,02868fea17d2cd61315184b1934390e49d6a87350a02dd5ea77182c014fbda26,"{""code"":""double_measurement_surface_code"",""diameter"":8,""measurement_noise_factor"":1,""noise_model"":""SD6_1"",""p"":0.00185,""rounds"":8}",
    437400,        68,         0,    8.47,pymatching,f2d6ea4a4e3b2daeb3fdbf00824d503c11a36f08e2e0f1a18ec96ad2ca1750eb,"{""code"":""double_measurement_surface_code"",""diameter"":8,""measurement_noise_factor"":1,""noise_model"":""SD6_1"",""p"":0.0016250000000000001,""rounds"":8}",
      5400,         2,         0,   0.123,pymatching,02868fea17d2cd61315184b1934390e49d6a87350a02dd5ea77182c014fbda26,"{""code"":""double_measurement_surface_code"",""diameter"":8,""measurement_noise_factor"":1,""noise_model"":""SD6_1"",""p"":0.00185,""rounds"":8}",
   2187000,        73,         0,    35.2,pymatching,538259514d9b0057ac40bb2dc46b27cc9aaa317a9b0d23e835da9bb76909d3e7,"{""code"":""double_measurement_surface_code"",""diameter"":8,""measurement_noise_factor"":1,""noise_model"":""SD6_1"",""p"":0.001175,""rounds"":8}",
     16200,         6,         0,   0.344,pymatching,02868fea17d2cd61315184b1934390e49d6a87350a02dd5ea77182c014fbda26,"{""code"":""double_measurement_surface_code"",""diameter"":8,""measurement_noise_factor"":1,""noise_model"":""SD6_1"",""p"":0.00185,""rounds"":8}",
     48600,        10,         0,   0.964,pymatching,02868fea17d2cd61315184b1934390e49d6a87350a02dd5ea77182c014fbda26,"{""code"":""double_measurement_surface_code"",""diameter"":8,""measurement_noise_factor"":1,""noise_model"":""SD6_1"",""p"":0.00185,""rounds"":8}",
    145800,        44,         0,    3.02,pymatching,02868fea17d2cd61315184b1934390e49d6a87350a02dd5ea77182c014fbda26,"{""code"":""double_measurement_surface_code"",""diameter"":8,""measurement_noise_factor"":1,""noise_model"":""SD6_1"",""p"":0.00185,""rounds"":8}",
    729000,       124,         0,    13.8,pymatching,f2d6ea4a4e3b2daeb3fdbf00824d503c11a36f08e2e0f1a18ec96ad2ca1750eb,"{""code"":""double_measurement_surface_code"",""diameter"":8,""measurement_noise_factor"":1,""noise_model"":""SD6_1"",""p"":0.0016250000000000001,""rounds"":8}",
